<?xml version="1.0" encoding="UTF-8" standalone="no"?><!-- Generated by nmsadm --><!-- Generated on Thu Oct 28 14:37:17 BST 2010 --><!-- Generated from configuration valid --><!-- Query - Base MO SubNetwork=ONRM_RootMo_R,MeContext=LTE03ERBS00023; Scope 8 --><model>
  <mo fdn="SubNetwork=ONRM_RootMo_R,MeContext=LTE03ERBS00023" lastModified="1287519753153" mimName="ERBS_NODE_MODEL" mimVersion="A.9.50.J.9.1">
    <attr name="MeContextId">LTE03ERBS00023</attr>
    <attr name="neMIMversion">vA.9.40</attr>
    <attr name="siteRef">SubNetwork=ONRM_RootMo_R,Site=LTE03ERBS00023</attr>
    <attr name="userLabel">LTE03ERBS00023</attr>
  </mo>
  <mo fdn="SubNetwork=ONRM_RootMo_R,MeContext=LTE03ERBS00023,ManagedElement=1,ENodeBFunction=1" lastModified="1287501933904" mimName="ERBS_NODE_MODEL" mimVersion="A.9.50.J.9.1">
    <attr name="eNodeBPlmnId">
      <struct>
        <attr name="mcc">311</attr>
        <attr name="mnc">480</attr>
        <attr name="mncLength">2</attr>
      </struct>
    </attr>
    <attr name="eNBId">191404</attr>
  </mo>
  <mo fdn="SubNetwork=ONRM_RootMo_R,MeContext=LTE03ERBS00023,ManagedElement=1,ENodeBFunction=1,EUtranCellFDD=LTE03ERBS00023-1" lastModified="1287519715383" mimName="ERBS_NODE_MODEL" mimVersion="A.9.50.J.9.1">
    <attr name="EUtranCellFDDId">LTE03ERBS00023-1</attr>
    <attr name="earfcnul">18000</attr>
    <attr name="cellId">1</attr>
    <attr name="tac">48906</attr>
    <attr name="bPlmnList">
      <seq count="1">
        <item>
          <struct>
            <attr name="mcc">311</attr>
            <attr name="mnc">480</attr>
            <attr name="mncLength">2</attr>
          </struct>
        </item>
      </seq>
    </attr>
    <attr name="earfcndl">0</attr>
    <attr name="userLabel">LTE03ERBS00023-1</attr>
  </mo>
  <mo fdn="SubNetwork=ONRM_RootMo_R,MeContext=LTE03ERBS00023,ManagedElement=1,ENodeBFunction=1,EUtranCellFDD=LTE03ERBS00023-1,EUtranFreqRelation=1,EUtranCellRelation=1" lastModified="1287501930372" mimName="ERBS_NODE_MODEL" mimVersion="A.9.50.J.9.1">
    <attr name="isRemoveAllowed">false</attr>
    <attr name="neighborCellRef">SubNetwork=ONRM_RootMo_R,MeContext=LTE03ERBS00023,ManagedElement=1,ENodeBFunction=1,EUtranCellFDD=LTE03ERBS00023-2</attr>
    <attr name="anrCreated">false</attr>
    <attr name="isHoAllowed">true</attr>
  </mo>
  <mo fdn="SubNetwork=ONRM_RootMo_R,MeContext=LTE03ERBS00023,ManagedElement=1,ENodeBFunction=1,EUtranCellFDD=LTE03ERBS00023-1,EUtranFreqRelation=1,EUtranCellRelation=12" lastModified="1287507106268" mimName="ERBS_NODE_MODEL" mimVersion="A.9.50.J.9.1">
    <attr name="isRemoveAllowed">false</attr>
    <attr name="neighborCellRef">SubNetwork=ONRM_RootMo_R,MeContext=LTE03ERBS00023,ManagedElement=1,ENodeBFunction=1,EUtraNetwork=1,ExternalENodeBFunction=341,ExternalEUtranCellFDD=1</attr>
    <attr name="anrCreated">false</attr>
    <attr name="isHoAllowed">true</attr>
  </mo>
  <mo fdn="SubNetwork=ONRM_RootMo_R,MeContext=LTE03ERBS00023,ManagedElement=1,ENodeBFunction=1,EUtranCellFDD=LTE03ERBS00023-1,EUtranFreqRelation=1,EUtranCellRelation=13" lastModified="1287507106264" mimName="ERBS_NODE_MODEL" mimVersion="A.9.50.J.9.1">
    <attr name="isRemoveAllowed">false</attr>
    <attr name="neighborCellRef">SubNetwork=ONRM_RootMo_R,MeContext=LTE03ERBS00023,ManagedElement=1,ENodeBFunction=1,EUtraNetwork=1,ExternalENodeBFunction=341,ExternalEUtranCellFDD=2</attr>
    <attr name="anrCreated">false</attr>
    <attr name="isHoAllowed">true</attr>
  </mo>
  <mo fdn="SubNetwork=ONRM_RootMo_R,MeContext=LTE03ERBS00023,ManagedElement=1,ENodeBFunction=1,EUtranCellFDD=LTE03ERBS00023-1,EUtranFreqRelation=1,EUtranCellRelation=18" lastModified="1287512207961" mimName="ERBS_NODE_MODEL" mimVersion="A.9.50.J.9.1">
    <attr name="isRemoveAllowed">false</attr>
    <attr name="neighborCellRef">SubNetwork=ONRM_RootMo_R,MeContext=LTE03ERBS00023,ManagedElement=1,ENodeBFunction=1,EUtraNetwork=1,ExternalENodeBFunction=345,ExternalEUtranCellFDD=1</attr>
    <attr name="anrCreated">false</attr>
    <attr name="isHoAllowed">true</attr>
  </mo>
  <mo fdn="SubNetwork=ONRM_RootMo_R,MeContext=LTE03ERBS00023,ManagedElement=1,ENodeBFunction=1,EUtranCellFDD=LTE03ERBS00023-1,EUtranFreqRelation=1,EUtranCellRelation=19" lastModified="1287512207958" mimName="ERBS_NODE_MODEL" mimVersion="A.9.50.J.9.1">
    <attr name="isRemoveAllowed">false</attr>
    <attr name="neighborCellRef">SubNetwork=ONRM_RootMo_R,MeContext=LTE03ERBS00023,ManagedElement=1,ENodeBFunction=1,EUtraNetwork=1,ExternalENodeBFunction=345,ExternalEUtranCellFDD=2</attr>
    <attr name="anrCreated">false</attr>
    <attr name="isHoAllowed">true</attr>
  </mo>
  <mo fdn="SubNetwork=ONRM_RootMo_R,MeContext=LTE03ERBS00023,ManagedElement=1,ENodeBFunction=1,EUtranCellFDD=LTE03ERBS00023-1,EUtranFreqRelation=1,EUtranCellRelation=2" lastModified="1287501930370" mimName="ERBS_NODE_MODEL" mimVersion="A.9.50.J.9.1">
    <attr name="isRemoveAllowed">false</attr>
    <attr name="neighborCellRef">SubNetwork=ONRM_RootMo_R,MeContext=LTE03ERBS00023,ManagedElement=1,ENodeBFunction=1,EUtranCellFDD=LTE03ERBS00023-3</attr>
    <attr name="anrCreated">false</attr>
    <attr name="isHoAllowed">true</attr>
  </mo>
  <mo fdn="SubNetwork=ONRM_RootMo_R,MeContext=LTE03ERBS00023,ManagedElement=1,ENodeBFunction=1,EUtranCellFDD=LTE03ERBS00023-1,EUtranFreqRelation=1,EUtranCellRelation=22" lastModified="1287512207955" mimName="ERBS_NODE_MODEL" mimVersion="A.9.50.J.9.1">
    <attr name="isRemoveAllowed">false</attr>
    <attr name="neighborCellRef">SubNetwork=ONRM_RootMo_R,MeContext=LTE03ERBS00023,ManagedElement=1,ENodeBFunction=1,EUtraNetwork=1,ExternalENodeBFunction=347,ExternalEUtranCellFDD=1</attr>
    <attr name="anrCreated">false</attr>
    <attr name="isHoAllowed">true</attr>
  </mo>
  <mo fdn="SubNetwork=ONRM_RootMo_R,MeContext=LTE03ERBS00023,ManagedElement=1,ENodeBFunction=1,EUtranCellFDD=LTE03ERBS00023-1,EUtranFreqRelation=1,EUtranCellRelation=23" lastModified="1287512207953" mimName="ERBS_NODE_MODEL" mimVersion="A.9.50.J.9.1">
    <attr name="isRemoveAllowed">false</attr>
    <attr name="neighborCellRef">SubNetwork=ONRM_RootMo_R,MeContext=LTE03ERBS00023,ManagedElement=1,ENodeBFunction=1,EUtraNetwork=1,ExternalENodeBFunction=347,ExternalEUtranCellFDD=2</attr>
    <attr name="anrCreated">false</attr>
    <attr name="isHoAllowed">true</attr>
  </mo>
  <mo fdn="SubNetwork=ONRM_RootMo_R,MeContext=LTE03ERBS00023,ManagedElement=1,ENodeBFunction=1,EUtranCellFDD=LTE03ERBS00023-1,EUtranFreqRelation=1,EUtranCellRelation=26" lastModified="1287507106273" mimName="ERBS_NODE_MODEL" mimVersion="A.9.50.J.9.1">
    <attr name="isRemoveAllowed">false</attr>
    <attr name="neighborCellRef">SubNetwork=ONRM_RootMo_R,MeContext=LTE03ERBS00023,ManagedElement=1,ENodeBFunction=1,EUtraNetwork=1,ExternalENodeBFunction=349,ExternalEUtranCellFDD=1</attr>
    <attr name="anrCreated">false</attr>
    <attr name="isHoAllowed">true</attr>
  </mo>
  <mo fdn="SubNetwork=ONRM_RootMo_R,MeContext=LTE03ERBS00023,ManagedElement=1,ENodeBFunction=1,EUtranCellFDD=LTE03ERBS00023-1,EUtranFreqRelation=1,EUtranCellRelation=27" lastModified="1287507106272" mimName="ERBS_NODE_MODEL" mimVersion="A.9.50.J.9.1">
    <attr name="isRemoveAllowed">false</attr>
    <attr name="neighborCellRef">SubNetwork=ONRM_RootMo_R,MeContext=LTE03ERBS00023,ManagedElement=1,ENodeBFunction=1,EUtraNetwork=1,ExternalENodeBFunction=349,ExternalEUtranCellFDD=2</attr>
    <attr name="anrCreated">false</attr>
    <attr name="isHoAllowed">true</attr>
  </mo>
  <mo fdn="SubNetwork=ONRM_RootMo_R,MeContext=LTE03ERBS00023,ManagedElement=1,ENodeBFunction=1,EUtranCellFDD=LTE03ERBS00023-1,EUtranFreqRelation=1,EUtranCellRelation=3" lastModified="1287501930367" mimName="ERBS_NODE_MODEL" mimVersion="A.9.50.J.9.1">
    <attr name="isRemoveAllowed">false</attr>
    <attr name="neighborCellRef">SubNetwork=ONRM_RootMo_R,MeContext=LTE03ERBS00023,ManagedElement=1,ENodeBFunction=1,EUtranCellFDD=LTE03ERBS00023-4</attr>
    <attr name="anrCreated">false</attr>
    <attr name="isHoAllowed">true</attr>
  </mo>
  <mo fdn="SubNetwork=ONRM_RootMo_R,MeContext=LTE03ERBS00023,ManagedElement=1,ENodeBFunction=1,EUtranCellFDD=LTE03ERBS00023-1,EUtranFreqRelation=1,EUtranCellRelation=30" lastModified="1287507106267" mimName="ERBS_NODE_MODEL" mimVersion="A.9.50.J.9.1">
    <attr name="isRemoveAllowed">false</attr>
    <attr name="neighborCellRef">SubNetwork=ONRM_RootMo_R,MeContext=LTE03ERBS00023,ManagedElement=1,ENodeBFunction=1,EUtraNetwork=1,ExternalENodeBFunction=351,ExternalEUtranCellFDD=1</attr>
    <attr name="anrCreated">false</attr>
    <attr name="isHoAllowed">true</attr>
  </mo>
  <mo fdn="SubNetwork=ONRM_RootMo_R,MeContext=LTE03ERBS00023,ManagedElement=1,ENodeBFunction=1,EUtranCellFDD=LTE03ERBS00023-1,EUtranFreqRelation=1,EUtranCellRelation=31" lastModified="1287507106261" mimName="ERBS_NODE_MODEL" mimVersion="A.9.50.J.9.1">
    <attr name="isRemoveAllowed">false</attr>
    <attr name="neighborCellRef">SubNetwork=ONRM_RootMo_R,MeContext=LTE03ERBS00023,ManagedElement=1,ENodeBFunction=1,EUtraNetwork=1,ExternalENodeBFunction=351,ExternalEUtranCellFDD=2</attr>
    <attr name="anrCreated">false</attr>
    <attr name="isHoAllowed">true</attr>
  </mo>
  <mo fdn="SubNetwork=ONRM_RootMo_R,MeContext=LTE03ERBS00023,ManagedElement=1,ENodeBFunction=1,EUtranCellFDD=LTE03ERBS00023-1,EUtranFreqRelation=1,EUtranCellRelation=4" lastModified="1287507106274" mimName="ERBS_NODE_MODEL" mimVersion="A.9.50.J.9.1">
    <attr name="isRemoveAllowed">false</attr>
    <attr name="neighborCellRef">SubNetwork=ONRM_RootMo_R,MeContext=LTE03ERBS00023,ManagedElement=1,ENodeBFunction=1,EUtraNetwork=1,ExternalENodeBFunction=337,ExternalEUtranCellFDD=1</attr>
    <attr name="anrCreated">false</attr>
    <attr name="isHoAllowed">true</attr>
  </mo>
  <mo fdn="SubNetwork=ONRM_RootMo_R,MeContext=LTE03ERBS00023,ManagedElement=1,ENodeBFunction=1,EUtranCellFDD=LTE03ERBS00023-1,EUtranFreqRelation=1,EUtranCellRelation=5" lastModified="1287507106275" mimName="ERBS_NODE_MODEL" mimVersion="A.9.50.J.9.1">
    <attr name="isRemoveAllowed">false</attr>
    <attr name="neighborCellRef">SubNetwork=ONRM_RootMo_R,MeContext=LTE03ERBS00023,ManagedElement=1,ENodeBFunction=1,EUtraNetwork=1,ExternalENodeBFunction=337,ExternalEUtranCellFDD=2</attr>
    <attr name="anrCreated">false</attr>
    <attr name="isHoAllowed">true</attr>
  </mo>
  <mo fdn="SubNetwork=ONRM_RootMo_R,MeContext=LTE03ERBS00023,ManagedElement=1,ENodeBFunction=1,EUtranCellFDD=LTE03ERBS00023-1,EUtranFreqRelation=1,EUtranCellRelation=8" lastModified="1287507106270" mimName="ERBS_NODE_MODEL" mimVersion="A.9.50.J.9.1">
    <attr name="isRemoveAllowed">false</attr>
    <attr name="neighborCellRef">SubNetwork=ONRM_RootMo_R,MeContext=LTE03ERBS00023,ManagedElement=1,ENodeBFunction=1,EUtraNetwork=1,ExternalENodeBFunction=339,ExternalEUtranCellFDD=1</attr>
    <attr name="anrCreated">false</attr>
    <attr name="isHoAllowed">true</attr>
  </mo>
  <mo fdn="SubNetwork=ONRM_RootMo_R,MeContext=LTE03ERBS00023,ManagedElement=1,ENodeBFunction=1,EUtranCellFDD=LTE03ERBS00023-1,EUtranFreqRelation=1,EUtranCellRelation=9" lastModified="1287507106271" mimName="ERBS_NODE_MODEL" mimVersion="A.9.50.J.9.1">
    <attr name="isRemoveAllowed">false</attr>
    <attr name="neighborCellRef">SubNetwork=ONRM_RootMo_R,MeContext=LTE03ERBS00023,ManagedElement=1,ENodeBFunction=1,EUtraNetwork=1,ExternalENodeBFunction=339,ExternalEUtranCellFDD=2</attr>
    <attr name="anrCreated">false</attr>
    <attr name="isHoAllowed">true</attr>
  </mo>
  <mo fdn="SubNetwork=ONRM_RootMo_R,MeContext=LTE03ERBS00023,ManagedElement=1,ENodeBFunction=1,EUtranCellFDD=LTE03ERBS00023-1,EUtranFreqRelation=2,EUtranCellRelation=10" lastModified="1287512207945" mimName="ERBS_NODE_MODEL" mimVersion="A.9.50.J.9.1">
    <attr name="isRemoveAllowed">false</attr>
    <attr name="neighborCellRef">SubNetwork=ONRM_RootMo_R,MeContext=LTE03ERBS00023,ManagedElement=1,ENodeBFunction=1,EUtraNetwork=1,ExternalENodeBFunction=340,ExternalEUtranCellFDD=1</attr>
    <attr name="anrCreated">false</attr>
    <attr name="isHoAllowed">true</attr>
  </mo>
  <mo fdn="SubNetwork=ONRM_RootMo_R,MeContext=LTE03ERBS00023,ManagedElement=1,ENodeBFunction=1,EUtranCellFDD=LTE03ERBS00023-1,EUtranFreqRelation=2,EUtranCellRelation=11" lastModified="1287512207941" mimName="ERBS_NODE_MODEL" mimVersion="A.9.50.J.9.1">
    <attr name="isRemoveAllowed">false</attr>
    <attr name="neighborCellRef">SubNetwork=ONRM_RootMo_R,MeContext=LTE03ERBS00023,ManagedElement=1,ENodeBFunction=1,EUtraNetwork=1,ExternalENodeBFunction=340,ExternalEUtranCellFDD=2</attr>
    <attr name="anrCreated">false</attr>
    <attr name="isHoAllowed">true</attr>
  </mo>
  <mo fdn="SubNetwork=ONRM_RootMo_R,MeContext=LTE03ERBS00023,ManagedElement=1,ENodeBFunction=1,EUtranCellFDD=LTE03ERBS00023-1,EUtranFreqRelation=2,EUtranCellRelation=14" lastModified="1287507106249" mimName="ERBS_NODE_MODEL" mimVersion="A.9.50.J.9.1">
    <attr name="isRemoveAllowed">false</attr>
    <attr name="neighborCellRef">SubNetwork=ONRM_RootMo_R,MeContext=LTE03ERBS00023,ManagedElement=1,ENodeBFunction=1,EUtraNetwork=1,ExternalENodeBFunction=342,ExternalEUtranCellFDD=1</attr>
    <attr name="anrCreated">false</attr>
    <attr name="isHoAllowed">true</attr>
  </mo>
  <mo fdn="SubNetwork=ONRM_RootMo_R,MeContext=LTE03ERBS00023,ManagedElement=1,ENodeBFunction=1,EUtranCellFDD=LTE03ERBS00023-1,EUtranFreqRelation=2,EUtranCellRelation=15" lastModified="1287507106258" mimName="ERBS_NODE_MODEL" mimVersion="A.9.50.J.9.1">
    <attr name="isRemoveAllowed">false</attr>
    <attr name="neighborCellRef">SubNetwork=ONRM_RootMo_R,MeContext=LTE03ERBS00023,ManagedElement=1,ENodeBFunction=1,EUtraNetwork=1,ExternalENodeBFunction=342,ExternalEUtranCellFDD=2</attr>
    <attr name="anrCreated">false</attr>
    <attr name="isHoAllowed">true</attr>
  </mo>
  <mo fdn="SubNetwork=ONRM_RootMo_R,MeContext=LTE03ERBS00023,ManagedElement=1,ENodeBFunction=1,EUtranCellFDD=LTE03ERBS00023-1,EUtranFreqRelation=2,EUtranCellRelation=16" lastModified="1287512207950" mimName="ERBS_NODE_MODEL" mimVersion="A.9.50.J.9.1">
    <attr name="isRemoveAllowed">false</attr>
    <attr name="neighborCellRef">SubNetwork=ONRM_RootMo_R,MeContext=LTE03ERBS00023,ManagedElement=1,ENodeBFunction=1,EUtraNetwork=1,ExternalENodeBFunction=344,ExternalEUtranCellFDD=1</attr>
    <attr name="anrCreated">false</attr>
    <attr name="isHoAllowed">true</attr>
  </mo>
  <mo fdn="SubNetwork=ONRM_RootMo_R,MeContext=LTE03ERBS00023,ManagedElement=1,ENodeBFunction=1,EUtranCellFDD=LTE03ERBS00023-1,EUtranFreqRelation=2,EUtranCellRelation=17" lastModified="1287512207948" mimName="ERBS_NODE_MODEL" mimVersion="A.9.50.J.9.1">
    <attr name="isRemoveAllowed">false</attr>
    <attr name="neighborCellRef">SubNetwork=ONRM_RootMo_R,MeContext=LTE03ERBS00023,ManagedElement=1,ENodeBFunction=1,EUtraNetwork=1,ExternalENodeBFunction=344,ExternalEUtranCellFDD=2</attr>
    <attr name="anrCreated">false</attr>
    <attr name="isHoAllowed">true</attr>
  </mo>
  <mo fdn="SubNetwork=ONRM_RootMo_R,MeContext=LTE03ERBS00023,ManagedElement=1,ENodeBFunction=1,EUtranCellFDD=LTE03ERBS00023-1,EUtranFreqRelation=2,EUtranCellRelation=20" lastModified="1287512207947" mimName="ERBS_NODE_MODEL" mimVersion="A.9.50.J.9.1">
    <attr name="isRemoveAllowed">false</attr>
    <attr name="neighborCellRef">SubNetwork=ONRM_RootMo_R,MeContext=LTE03ERBS00023,ManagedElement=1,ENodeBFunction=1,EUtraNetwork=1,ExternalENodeBFunction=346,ExternalEUtranCellFDD=1</attr>
    <attr name="anrCreated">false</attr>
    <attr name="isHoAllowed">true</attr>
  </mo>
  <mo fdn="SubNetwork=ONRM_RootMo_R,MeContext=LTE03ERBS00023,ManagedElement=1,ENodeBFunction=1,EUtranCellFDD=LTE03ERBS00023-1,EUtranFreqRelation=2,EUtranCellRelation=21" lastModified="1287512207946" mimName="ERBS_NODE_MODEL" mimVersion="A.9.50.J.9.1">
    <attr name="isRemoveAllowed">false</attr>
    <attr name="neighborCellRef">SubNetwork=ONRM_RootMo_R,MeContext=LTE03ERBS00023,ManagedElement=1,ENodeBFunction=1,EUtraNetwork=1,ExternalENodeBFunction=346,ExternalEUtranCellFDD=2</attr>
    <attr name="anrCreated">false</attr>
    <attr name="isHoAllowed">true</attr>
  </mo>
  <mo fdn="SubNetwork=ONRM_RootMo_R,MeContext=LTE03ERBS00023,ManagedElement=1,ENodeBFunction=1,EUtranCellFDD=LTE03ERBS00023-1,EUtranFreqRelation=2,EUtranCellRelation=24" lastModified="1287512207944" mimName="ERBS_NODE_MODEL" mimVersion="A.9.50.J.9.1">
    <attr name="isRemoveAllowed">false</attr>
    <attr name="neighborCellRef">SubNetwork=ONRM_RootMo_R,MeContext=LTE03ERBS00023,ManagedElement=1,ENodeBFunction=1,EUtraNetwork=1,ExternalENodeBFunction=348,ExternalEUtranCellFDD=1</attr>
    <attr name="anrCreated">false</attr>
    <attr name="isHoAllowed">true</attr>
  </mo>
  <mo fdn="SubNetwork=ONRM_RootMo_R,MeContext=LTE03ERBS00023,ManagedElement=1,ENodeBFunction=1,EUtranCellFDD=LTE03ERBS00023-1,EUtranFreqRelation=2,EUtranCellRelation=25" lastModified="1287512207928" mimName="ERBS_NODE_MODEL" mimVersion="A.9.50.J.9.1">
    <attr name="isRemoveAllowed">false</attr>
    <attr name="neighborCellRef">SubNetwork=ONRM_RootMo_R,MeContext=LTE03ERBS00023,ManagedElement=1,ENodeBFunction=1,EUtraNetwork=1,ExternalENodeBFunction=348,ExternalEUtranCellFDD=2</attr>
    <attr name="anrCreated">false</attr>
    <attr name="isHoAllowed">true</attr>
  </mo>
  <mo fdn="SubNetwork=ONRM_RootMo_R,MeContext=LTE03ERBS00023,ManagedElement=1,ENodeBFunction=1,EUtranCellFDD=LTE03ERBS00023-1,EUtranFreqRelation=2,EUtranCellRelation=28" lastModified="1287507106257" mimName="ERBS_NODE_MODEL" mimVersion="A.9.50.J.9.1">
    <attr name="isRemoveAllowed">false</attr>
    <attr name="neighborCellRef">SubNetwork=ONRM_RootMo_R,MeContext=LTE03ERBS00023,ManagedElement=1,ENodeBFunction=1,EUtraNetwork=1,ExternalENodeBFunction=350,ExternalEUtranCellFDD=1</attr>
    <attr name="anrCreated">false</attr>
    <attr name="isHoAllowed">true</attr>
  </mo>
  <mo fdn="SubNetwork=ONRM_RootMo_R,MeContext=LTE03ERBS00023,ManagedElement=1,ENodeBFunction=1,EUtranCellFDD=LTE03ERBS00023-1,EUtranFreqRelation=2,EUtranCellRelation=29" lastModified="1287507106256" mimName="ERBS_NODE_MODEL" mimVersion="A.9.50.J.9.1">
    <attr name="isRemoveAllowed">false</attr>
    <attr name="neighborCellRef">SubNetwork=ONRM_RootMo_R,MeContext=LTE03ERBS00023,ManagedElement=1,ENodeBFunction=1,EUtraNetwork=1,ExternalENodeBFunction=350,ExternalEUtranCellFDD=2</attr>
    <attr name="anrCreated">false</attr>
    <attr name="isHoAllowed">true</attr>
  </mo>
  <mo fdn="SubNetwork=ONRM_RootMo_R,MeContext=LTE03ERBS00023,ManagedElement=1,ENodeBFunction=1,EUtranCellFDD=LTE03ERBS00023-1,EUtranFreqRelation=2,EUtranCellRelation=32" lastModified="1287507106250" mimName="ERBS_NODE_MODEL" mimVersion="A.9.50.J.9.1">
    <attr name="isRemoveAllowed">false</attr>
    <attr name="neighborCellRef">SubNetwork=ONRM_RootMo_R,MeContext=LTE03ERBS00023,ManagedElement=1,ENodeBFunction=1,EUtraNetwork=1,ExternalENodeBFunction=352,ExternalEUtranCellFDD=1</attr>
    <attr name="anrCreated">false</attr>
    <attr name="isHoAllowed">true</attr>
  </mo>
  <mo fdn="SubNetwork=ONRM_RootMo_R,MeContext=LTE03ERBS00023,ManagedElement=1,ENodeBFunction=1,EUtranCellFDD=LTE03ERBS00023-1,EUtranFreqRelation=2,EUtranCellRelation=33" lastModified="1287507106252" mimName="ERBS_NODE_MODEL" mimVersion="A.9.50.J.9.1">
    <attr name="isRemoveAllowed">false</attr>
    <attr name="neighborCellRef">SubNetwork=ONRM_RootMo_R,MeContext=LTE03ERBS00023,ManagedElement=1,ENodeBFunction=1,EUtraNetwork=1,ExternalENodeBFunction=352,ExternalEUtranCellFDD=2</attr>
    <attr name="anrCreated">false</attr>
    <attr name="isHoAllowed">true</attr>
  </mo>
  <mo fdn="SubNetwork=ONRM_RootMo_R,MeContext=LTE03ERBS00023,ManagedElement=1,ENodeBFunction=1,EUtranCellFDD=LTE03ERBS00023-1,EUtranFreqRelation=2,EUtranCellRelation=6" lastModified="1287507106254" mimName="ERBS_NODE_MODEL" mimVersion="A.9.50.J.9.1">
    <attr name="isRemoveAllowed">false</attr>
    <attr name="neighborCellRef">SubNetwork=ONRM_RootMo_R,MeContext=LTE03ERBS00023,ManagedElement=1,ENodeBFunction=1,EUtraNetwork=1,ExternalENodeBFunction=338,ExternalEUtranCellFDD=1</attr>
    <attr name="anrCreated">false</attr>
    <attr name="isHoAllowed">true</attr>
  </mo>
  <mo fdn="SubNetwork=ONRM_RootMo_R,MeContext=LTE03ERBS00023,ManagedElement=1,ENodeBFunction=1,EUtranCellFDD=LTE03ERBS00023-1,EUtranFreqRelation=2,EUtranCellRelation=7" lastModified="1287507106254" mimName="ERBS_NODE_MODEL" mimVersion="A.9.50.J.9.1">
    <attr name="isRemoveAllowed">false</attr>
    <attr name="neighborCellRef">SubNetwork=ONRM_RootMo_R,MeContext=LTE03ERBS00023,ManagedElement=1,ENodeBFunction=1,EUtraNetwork=1,ExternalENodeBFunction=338,ExternalEUtranCellFDD=2</attr>
    <attr name="anrCreated">false</attr>
    <attr name="isHoAllowed">true</attr>
  </mo>
  <mo fdn="SubNetwork=ONRM_RootMo_R,MeContext=LTE03ERBS00023,ManagedElement=1,ENodeBFunction=1,EUtranCellFDD=LTE03ERBS00023-2" lastModified="1287519715815" mimName="ERBS_NODE_MODEL" mimVersion="A.9.50.J.9.1">
    <attr name="EUtranCellFDDId">LTE03ERBS00023-2</attr>
    <attr name="earfcnul">18000</attr>
    <attr name="cellId">2</attr>
    <attr name="tac">48906</attr>
    <attr name="bPlmnList">
      <seq count="1">
        <item>
          <struct>
            <attr name="mcc">311</attr>
            <attr name="mnc">480</attr>
            <attr name="mncLength">2</attr>
          </struct>
        </item>
      </seq>
    </attr>
    <attr name="earfcndl">0</attr>
    <attr name="userLabel">LTE03ERBS00023-2</attr>
  </mo>
  <mo fdn="SubNetwork=ONRM_RootMo_R,MeContext=LTE03ERBS00023,ManagedElement=1,ENodeBFunction=1,EUtranCellFDD=LTE03ERBS00023-2,EUtranFreqRelation=1,EUtranCellRelation=1" lastModified="1287501929047" mimName="ERBS_NODE_MODEL" mimVersion="A.9.50.J.9.1">
    <attr name="isRemoveAllowed">false</attr>
    <attr name="neighborCellRef">SubNetwork=ONRM_RootMo_R,MeContext=LTE03ERBS00023,ManagedElement=1,ENodeBFunction=1,EUtranCellFDD=LTE03ERBS00023-1</attr>
    <attr name="anrCreated">false</attr>
    <attr name="isHoAllowed">true</attr>
  </mo>
  <mo fdn="SubNetwork=ONRM_RootMo_R,MeContext=LTE03ERBS00023,ManagedElement=1,ENodeBFunction=1,EUtranCellFDD=LTE03ERBS00023-2,EUtranFreqRelation=1,EUtranCellRelation=12" lastModified="1287507106003" mimName="ERBS_NODE_MODEL" mimVersion="A.9.50.J.9.1">
    <attr name="isRemoveAllowed">false</attr>
    <attr name="neighborCellRef">SubNetwork=ONRM_RootMo_R,MeContext=LTE03ERBS00023,ManagedElement=1,ENodeBFunction=1,EUtraNetwork=1,ExternalENodeBFunction=341,ExternalEUtranCellFDD=1</attr>
    <attr name="anrCreated">false</attr>
    <attr name="isHoAllowed">true</attr>
  </mo>
  <mo fdn="SubNetwork=ONRM_RootMo_R,MeContext=LTE03ERBS00023,ManagedElement=1,ENodeBFunction=1,EUtranCellFDD=LTE03ERBS00023-2,EUtranFreqRelation=1,EUtranCellRelation=13" lastModified="1287507106000" mimName="ERBS_NODE_MODEL" mimVersion="A.9.50.J.9.1">
    <attr name="isRemoveAllowed">false</attr>
    <attr name="neighborCellRef">SubNetwork=ONRM_RootMo_R,MeContext=LTE03ERBS00023,ManagedElement=1,ENodeBFunction=1,EUtraNetwork=1,ExternalENodeBFunction=341,ExternalEUtranCellFDD=2</attr>
    <attr name="anrCreated">false</attr>
    <attr name="isHoAllowed">true</attr>
  </mo>
  <mo fdn="SubNetwork=ONRM_RootMo_R,MeContext=LTE03ERBS00023,ManagedElement=1,ENodeBFunction=1,EUtranCellFDD=LTE03ERBS00023-2,EUtranFreqRelation=1,EUtranCellRelation=18" lastModified="1287512208950" mimName="ERBS_NODE_MODEL" mimVersion="A.9.50.J.9.1">
    <attr name="isRemoveAllowed">false</attr>
    <attr name="neighborCellRef">SubNetwork=ONRM_RootMo_R,MeContext=LTE03ERBS00023,ManagedElement=1,ENodeBFunction=1,EUtraNetwork=1,ExternalENodeBFunction=345,ExternalEUtranCellFDD=1</attr>
    <attr name="anrCreated">false</attr>
    <attr name="isHoAllowed">true</attr>
  </mo>
  <mo fdn="SubNetwork=ONRM_RootMo_R,MeContext=LTE03ERBS00023,ManagedElement=1,ENodeBFunction=1,EUtranCellFDD=LTE03ERBS00023-2,EUtranFreqRelation=1,EUtranCellRelation=19" lastModified="1287512208949" mimName="ERBS_NODE_MODEL" mimVersion="A.9.50.J.9.1">
    <attr name="isRemoveAllowed">false</attr>
    <attr name="neighborCellRef">SubNetwork=ONRM_RootMo_R,MeContext=LTE03ERBS00023,ManagedElement=1,ENodeBFunction=1,EUtraNetwork=1,ExternalENodeBFunction=345,ExternalEUtranCellFDD=2</attr>
    <attr name="anrCreated">false</attr>
    <attr name="isHoAllowed">true</attr>
  </mo>
  <mo fdn="SubNetwork=ONRM_RootMo_R,MeContext=LTE03ERBS00023,ManagedElement=1,ENodeBFunction=1,EUtranCellFDD=LTE03ERBS00023-2,EUtranFreqRelation=1,EUtranCellRelation=2" lastModified="1287501929045" mimName="ERBS_NODE_MODEL" mimVersion="A.9.50.J.9.1">
    <attr name="isRemoveAllowed">false</attr>
    <attr name="neighborCellRef">SubNetwork=ONRM_RootMo_R,MeContext=LTE03ERBS00023,ManagedElement=1,ENodeBFunction=1,EUtranCellFDD=LTE03ERBS00023-3</attr>
    <attr name="anrCreated">false</attr>
    <attr name="isHoAllowed">true</attr>
  </mo>
  <mo fdn="SubNetwork=ONRM_RootMo_R,MeContext=LTE03ERBS00023,ManagedElement=1,ENodeBFunction=1,EUtranCellFDD=LTE03ERBS00023-2,EUtranFreqRelation=1,EUtranCellRelation=22" lastModified="1287512208947" mimName="ERBS_NODE_MODEL" mimVersion="A.9.50.J.9.1">
    <attr name="isRemoveAllowed">false</attr>
    <attr name="neighborCellRef">SubNetwork=ONRM_RootMo_R,MeContext=LTE03ERBS00023,ManagedElement=1,ENodeBFunction=1,EUtraNetwork=1,ExternalENodeBFunction=347,ExternalEUtranCellFDD=1</attr>
    <attr name="anrCreated">false</attr>
    <attr name="isHoAllowed">true</attr>
  </mo>
  <mo fdn="SubNetwork=ONRM_RootMo_R,MeContext=LTE03ERBS00023,ManagedElement=1,ENodeBFunction=1,EUtranCellFDD=LTE03ERBS00023-2,EUtranFreqRelation=1,EUtranCellRelation=23" lastModified="1287512208946" mimName="ERBS_NODE_MODEL" mimVersion="A.9.50.J.9.1">
    <attr name="isRemoveAllowed">false</attr>
    <attr name="neighborCellRef">SubNetwork=ONRM_RootMo_R,MeContext=LTE03ERBS00023,ManagedElement=1,ENodeBFunction=1,EUtraNetwork=1,ExternalENodeBFunction=347,ExternalEUtranCellFDD=2</attr>
    <attr name="anrCreated">false</attr>
    <attr name="isHoAllowed">true</attr>
  </mo>
  <mo fdn="SubNetwork=ONRM_RootMo_R,MeContext=LTE03ERBS00023,ManagedElement=1,ENodeBFunction=1,EUtranCellFDD=LTE03ERBS00023-2,EUtranFreqRelation=1,EUtranCellRelation=26" lastModified="1287507106007" mimName="ERBS_NODE_MODEL" mimVersion="A.9.50.J.9.1">
    <attr name="isRemoveAllowed">false</attr>
    <attr name="neighborCellRef">SubNetwork=ONRM_RootMo_R,MeContext=LTE03ERBS00023,ManagedElement=1,ENodeBFunction=1,EUtraNetwork=1,ExternalENodeBFunction=349,ExternalEUtranCellFDD=1</attr>
    <attr name="anrCreated">false</attr>
    <attr name="isHoAllowed">true</attr>
  </mo>
  <mo fdn="SubNetwork=ONRM_RootMo_R,MeContext=LTE03ERBS00023,ManagedElement=1,ENodeBFunction=1,EUtranCellFDD=LTE03ERBS00023-2,EUtranFreqRelation=1,EUtranCellRelation=27" lastModified="1287507106006" mimName="ERBS_NODE_MODEL" mimVersion="A.9.50.J.9.1">
    <attr name="isRemoveAllowed">false</attr>
    <attr name="neighborCellRef">SubNetwork=ONRM_RootMo_R,MeContext=LTE03ERBS00023,ManagedElement=1,ENodeBFunction=1,EUtraNetwork=1,ExternalENodeBFunction=349,ExternalEUtranCellFDD=2</attr>
    <attr name="anrCreated">false</attr>
    <attr name="isHoAllowed">true</attr>
  </mo>
  <mo fdn="SubNetwork=ONRM_RootMo_R,MeContext=LTE03ERBS00023,ManagedElement=1,ENodeBFunction=1,EUtranCellFDD=LTE03ERBS00023-2,EUtranFreqRelation=1,EUtranCellRelation=3" lastModified="1287501929042" mimName="ERBS_NODE_MODEL" mimVersion="A.9.50.J.9.1">
    <attr name="isRemoveAllowed">false</attr>
    <attr name="neighborCellRef">SubNetwork=ONRM_RootMo_R,MeContext=LTE03ERBS00023,ManagedElement=1,ENodeBFunction=1,EUtranCellFDD=LTE03ERBS00023-4</attr>
    <attr name="anrCreated">false</attr>
    <attr name="isHoAllowed">true</attr>
  </mo>
  <mo fdn="SubNetwork=ONRM_RootMo_R,MeContext=LTE03ERBS00023,ManagedElement=1,ENodeBFunction=1,EUtranCellFDD=LTE03ERBS00023-2,EUtranFreqRelation=1,EUtranCellRelation=30" lastModified="1287507106001" mimName="ERBS_NODE_MODEL" mimVersion="A.9.50.J.9.1">
    <attr name="isRemoveAllowed">false</attr>
    <attr name="neighborCellRef">SubNetwork=ONRM_RootMo_R,MeContext=LTE03ERBS00023,ManagedElement=1,ENodeBFunction=1,EUtraNetwork=1,ExternalENodeBFunction=351,ExternalEUtranCellFDD=1</attr>
    <attr name="anrCreated">false</attr>
    <attr name="isHoAllowed">true</attr>
  </mo>
  <mo fdn="SubNetwork=ONRM_RootMo_R,MeContext=LTE03ERBS00023,ManagedElement=1,ENodeBFunction=1,EUtranCellFDD=LTE03ERBS00023-2,EUtranFreqRelation=1,EUtranCellRelation=31" lastModified="1287507105999" mimName="ERBS_NODE_MODEL" mimVersion="A.9.50.J.9.1">
    <attr name="isRemoveAllowed">false</attr>
    <attr name="neighborCellRef">SubNetwork=ONRM_RootMo_R,MeContext=LTE03ERBS00023,ManagedElement=1,ENodeBFunction=1,EUtraNetwork=1,ExternalENodeBFunction=351,ExternalEUtranCellFDD=2</attr>
    <attr name="anrCreated">false</attr>
    <attr name="isHoAllowed">true</attr>
  </mo>
  <mo fdn="SubNetwork=ONRM_RootMo_R,MeContext=LTE03ERBS00023,ManagedElement=1,ENodeBFunction=1,EUtranCellFDD=LTE03ERBS00023-2,EUtranFreqRelation=1,EUtranCellRelation=4" lastModified="1287507106008" mimName="ERBS_NODE_MODEL" mimVersion="A.9.50.J.9.1">
    <attr name="isRemoveAllowed">false</attr>
    <attr name="neighborCellRef">SubNetwork=ONRM_RootMo_R,MeContext=LTE03ERBS00023,ManagedElement=1,ENodeBFunction=1,EUtraNetwork=1,ExternalENodeBFunction=337,ExternalEUtranCellFDD=1</attr>
    <attr name="anrCreated">false</attr>
    <attr name="isHoAllowed">true</attr>
  </mo>
  <mo fdn="SubNetwork=ONRM_RootMo_R,MeContext=LTE03ERBS00023,ManagedElement=1,ENodeBFunction=1,EUtranCellFDD=LTE03ERBS00023-2,EUtranFreqRelation=1,EUtranCellRelation=5" lastModified="1287507106009" mimName="ERBS_NODE_MODEL" mimVersion="A.9.50.J.9.1">
    <attr name="isRemoveAllowed">false</attr>
    <attr name="neighborCellRef">SubNetwork=ONRM_RootMo_R,MeContext=LTE03ERBS00023,ManagedElement=1,ENodeBFunction=1,EUtraNetwork=1,ExternalENodeBFunction=337,ExternalEUtranCellFDD=2</attr>
    <attr name="anrCreated">false</attr>
    <attr name="isHoAllowed">true</attr>
  </mo>
  <mo fdn="SubNetwork=ONRM_RootMo_R,MeContext=LTE03ERBS00023,ManagedElement=1,ENodeBFunction=1,EUtranCellFDD=LTE03ERBS00023-2,EUtranFreqRelation=1,EUtranCellRelation=8" lastModified="1287507106004" mimName="ERBS_NODE_MODEL" mimVersion="A.9.50.J.9.1">
    <attr name="isRemoveAllowed">false</attr>
    <attr name="neighborCellRef">SubNetwork=ONRM_RootMo_R,MeContext=LTE03ERBS00023,ManagedElement=1,ENodeBFunction=1,EUtraNetwork=1,ExternalENodeBFunction=339,ExternalEUtranCellFDD=1</attr>
    <attr name="anrCreated">false</attr>
    <attr name="isHoAllowed">true</attr>
  </mo>
  <mo fdn="SubNetwork=ONRM_RootMo_R,MeContext=LTE03ERBS00023,ManagedElement=1,ENodeBFunction=1,EUtranCellFDD=LTE03ERBS00023-2,EUtranFreqRelation=1,EUtranCellRelation=9" lastModified="1287507106005" mimName="ERBS_NODE_MODEL" mimVersion="A.9.50.J.9.1">
    <attr name="isRemoveAllowed">false</attr>
    <attr name="neighborCellRef">SubNetwork=ONRM_RootMo_R,MeContext=LTE03ERBS00023,ManagedElement=1,ENodeBFunction=1,EUtraNetwork=1,ExternalENodeBFunction=339,ExternalEUtranCellFDD=2</attr>
    <attr name="anrCreated">false</attr>
    <attr name="isHoAllowed">true</attr>
  </mo>
  <mo fdn="SubNetwork=ONRM_RootMo_R,MeContext=LTE03ERBS00023,ManagedElement=1,ENodeBFunction=1,EUtranCellFDD=LTE03ERBS00023-2,EUtranFreqRelation=2,EUtranCellRelation=10" lastModified="1287512208937" mimName="ERBS_NODE_MODEL" mimVersion="A.9.50.J.9.1">
    <attr name="isRemoveAllowed">false</attr>
    <attr name="neighborCellRef">SubNetwork=ONRM_RootMo_R,MeContext=LTE03ERBS00023,ManagedElement=1,ENodeBFunction=1,EUtraNetwork=1,ExternalENodeBFunction=340,ExternalEUtranCellFDD=1</attr>
    <attr name="anrCreated">false</attr>
    <attr name="isHoAllowed">true</attr>
  </mo>
  <mo fdn="SubNetwork=ONRM_RootMo_R,MeContext=LTE03ERBS00023,ManagedElement=1,ENodeBFunction=1,EUtranCellFDD=LTE03ERBS00023-2,EUtranFreqRelation=2,EUtranCellRelation=11" lastModified="1287512208935" mimName="ERBS_NODE_MODEL" mimVersion="A.9.50.J.9.1">
    <attr name="isRemoveAllowed">false</attr>
    <attr name="neighborCellRef">SubNetwork=ONRM_RootMo_R,MeContext=LTE03ERBS00023,ManagedElement=1,ENodeBFunction=1,EUtraNetwork=1,ExternalENodeBFunction=340,ExternalEUtranCellFDD=2</attr>
    <attr name="anrCreated">false</attr>
    <attr name="isHoAllowed">true</attr>
  </mo>
  <mo fdn="SubNetwork=ONRM_RootMo_R,MeContext=LTE03ERBS00023,ManagedElement=1,ENodeBFunction=1,EUtranCellFDD=LTE03ERBS00023-2,EUtranFreqRelation=2,EUtranCellRelation=14" lastModified="1287507105989" mimName="ERBS_NODE_MODEL" mimVersion="A.9.50.J.9.1">
    <attr name="isRemoveAllowed">false</attr>
    <attr name="neighborCellRef">SubNetwork=ONRM_RootMo_R,MeContext=LTE03ERBS00023,ManagedElement=1,ENodeBFunction=1,EUtraNetwork=1,ExternalENodeBFunction=342,ExternalEUtranCellFDD=1</attr>
    <attr name="anrCreated">false</attr>
    <attr name="isHoAllowed">true</attr>
  </mo>
  <mo fdn="SubNetwork=ONRM_RootMo_R,MeContext=LTE03ERBS00023,ManagedElement=1,ENodeBFunction=1,EUtranCellFDD=LTE03ERBS00023-2,EUtranFreqRelation=2,EUtranCellRelation=15" lastModified="1287507105997" mimName="ERBS_NODE_MODEL" mimVersion="A.9.50.J.9.1">
    <attr name="isRemoveAllowed">false</attr>
    <attr name="neighborCellRef">SubNetwork=ONRM_RootMo_R,MeContext=LTE03ERBS00023,ManagedElement=1,ENodeBFunction=1,EUtraNetwork=1,ExternalENodeBFunction=342,ExternalEUtranCellFDD=2</attr>
    <attr name="anrCreated">false</attr>
    <attr name="isHoAllowed">true</attr>
  </mo>
  <mo fdn="SubNetwork=ONRM_RootMo_R,MeContext=LTE03ERBS00023,ManagedElement=1,ENodeBFunction=1,EUtranCellFDD=LTE03ERBS00023-2,EUtranFreqRelation=2,EUtranCellRelation=16" lastModified="1287512208943" mimName="ERBS_NODE_MODEL" mimVersion="A.9.50.J.9.1">
    <attr name="isRemoveAllowed">false</attr>
    <attr name="neighborCellRef">SubNetwork=ONRM_RootMo_R,MeContext=LTE03ERBS00023,ManagedElement=1,ENodeBFunction=1,EUtraNetwork=1,ExternalENodeBFunction=344,ExternalEUtranCellFDD=1</attr>
    <attr name="anrCreated">false</attr>
    <attr name="isHoAllowed">true</attr>
  </mo>
  <mo fdn="SubNetwork=ONRM_RootMo_R,MeContext=LTE03ERBS00023,ManagedElement=1,ENodeBFunction=1,EUtranCellFDD=LTE03ERBS00023-2,EUtranFreqRelation=2,EUtranCellRelation=17" lastModified="1287512208942" mimName="ERBS_NODE_MODEL" mimVersion="A.9.50.J.9.1">
    <attr name="isRemoveAllowed">false</attr>
    <attr name="neighborCellRef">SubNetwork=ONRM_RootMo_R,MeContext=LTE03ERBS00023,ManagedElement=1,ENodeBFunction=1,EUtraNetwork=1,ExternalENodeBFunction=344,ExternalEUtranCellFDD=2</attr>
    <attr name="anrCreated">false</attr>
    <attr name="isHoAllowed">true</attr>
  </mo>
  <mo fdn="SubNetwork=ONRM_RootMo_R,MeContext=LTE03ERBS00023,ManagedElement=1,ENodeBFunction=1,EUtranCellFDD=LTE03ERBS00023-2,EUtranFreqRelation=2,EUtranCellRelation=20" lastModified="1287512208940" mimName="ERBS_NODE_MODEL" mimVersion="A.9.50.J.9.1">
    <attr name="isRemoveAllowed">false</attr>
    <attr name="neighborCellRef">SubNetwork=ONRM_RootMo_R,MeContext=LTE03ERBS00023,ManagedElement=1,ENodeBFunction=1,EUtraNetwork=1,ExternalENodeBFunction=346,ExternalEUtranCellFDD=1</attr>
    <attr name="anrCreated">false</attr>
    <attr name="isHoAllowed">true</attr>
  </mo>
  <mo fdn="SubNetwork=ONRM_RootMo_R,MeContext=LTE03ERBS00023,ManagedElement=1,ENodeBFunction=1,EUtranCellFDD=LTE03ERBS00023-2,EUtranFreqRelation=2,EUtranCellRelation=21" lastModified="1287512208939" mimName="ERBS_NODE_MODEL" mimVersion="A.9.50.J.9.1">
    <attr name="isRemoveAllowed">false</attr>
    <attr name="neighborCellRef">SubNetwork=ONRM_RootMo_R,MeContext=LTE03ERBS00023,ManagedElement=1,ENodeBFunction=1,EUtraNetwork=1,ExternalENodeBFunction=346,ExternalEUtranCellFDD=2</attr>
    <attr name="anrCreated">false</attr>
    <attr name="isHoAllowed">true</attr>
  </mo>
  <mo fdn="SubNetwork=ONRM_RootMo_R,MeContext=LTE03ERBS00023,ManagedElement=1,ENodeBFunction=1,EUtranCellFDD=LTE03ERBS00023-2,EUtranFreqRelation=2,EUtranCellRelation=24" lastModified="1287512208936" mimName="ERBS_NODE_MODEL" mimVersion="A.9.50.J.9.1">
    <attr name="isRemoveAllowed">false</attr>
    <attr name="neighborCellRef">SubNetwork=ONRM_RootMo_R,MeContext=LTE03ERBS00023,ManagedElement=1,ENodeBFunction=1,EUtraNetwork=1,ExternalENodeBFunction=348,ExternalEUtranCellFDD=1</attr>
    <attr name="anrCreated">false</attr>
    <attr name="isHoAllowed">true</attr>
  </mo>
  <mo fdn="SubNetwork=ONRM_RootMo_R,MeContext=LTE03ERBS00023,ManagedElement=1,ENodeBFunction=1,EUtranCellFDD=LTE03ERBS00023-2,EUtranFreqRelation=2,EUtranCellRelation=25" lastModified="1287512208921" mimName="ERBS_NODE_MODEL" mimVersion="A.9.50.J.9.1">
    <attr name="isRemoveAllowed">false</attr>
    <attr name="neighborCellRef">SubNetwork=ONRM_RootMo_R,MeContext=LTE03ERBS00023,ManagedElement=1,ENodeBFunction=1,EUtraNetwork=1,ExternalENodeBFunction=348,ExternalEUtranCellFDD=2</attr>
    <attr name="anrCreated">false</attr>
    <attr name="isHoAllowed">true</attr>
  </mo>
  <mo fdn="SubNetwork=ONRM_RootMo_R,MeContext=LTE03ERBS00023,ManagedElement=1,ENodeBFunction=1,EUtranCellFDD=LTE03ERBS00023-2,EUtranFreqRelation=2,EUtranCellRelation=28" lastModified="1287507105996" mimName="ERBS_NODE_MODEL" mimVersion="A.9.50.J.9.1">
    <attr name="isRemoveAllowed">false</attr>
    <attr name="neighborCellRef">SubNetwork=ONRM_RootMo_R,MeContext=LTE03ERBS00023,ManagedElement=1,ENodeBFunction=1,EUtraNetwork=1,ExternalENodeBFunction=350,ExternalEUtranCellFDD=1</attr>
    <attr name="anrCreated">false</attr>
    <attr name="isHoAllowed">true</attr>
  </mo>
  <mo fdn="SubNetwork=ONRM_RootMo_R,MeContext=LTE03ERBS00023,ManagedElement=1,ENodeBFunction=1,EUtranCellFDD=LTE03ERBS00023-2,EUtranFreqRelation=2,EUtranCellRelation=29" lastModified="1287507105995" mimName="ERBS_NODE_MODEL" mimVersion="A.9.50.J.9.1">
    <attr name="isRemoveAllowed">false</attr>
    <attr name="neighborCellRef">SubNetwork=ONRM_RootMo_R,MeContext=LTE03ERBS00023,ManagedElement=1,ENodeBFunction=1,EUtraNetwork=1,ExternalENodeBFunction=350,ExternalEUtranCellFDD=2</attr>
    <attr name="anrCreated">false</attr>
    <attr name="isHoAllowed">true</attr>
  </mo>
  <mo fdn="SubNetwork=ONRM_RootMo_R,MeContext=LTE03ERBS00023,ManagedElement=1,ENodeBFunction=1,EUtranCellFDD=LTE03ERBS00023-2,EUtranFreqRelation=2,EUtranCellRelation=32" lastModified="1287507105990" mimName="ERBS_NODE_MODEL" mimVersion="A.9.50.J.9.1">
    <attr name="isRemoveAllowed">false</attr>
    <attr name="neighborCellRef">SubNetwork=ONRM_RootMo_R,MeContext=LTE03ERBS00023,ManagedElement=1,ENodeBFunction=1,EUtraNetwork=1,ExternalENodeBFunction=352,ExternalEUtranCellFDD=1</attr>
    <attr name="anrCreated">false</attr>
    <attr name="isHoAllowed">true</attr>
  </mo>
  <mo fdn="SubNetwork=ONRM_RootMo_R,MeContext=LTE03ERBS00023,ManagedElement=1,ENodeBFunction=1,EUtranCellFDD=LTE03ERBS00023-2,EUtranFreqRelation=2,EUtranCellRelation=33" lastModified="1287507105992" mimName="ERBS_NODE_MODEL" mimVersion="A.9.50.J.9.1">
    <attr name="isRemoveAllowed">false</attr>
    <attr name="neighborCellRef">SubNetwork=ONRM_RootMo_R,MeContext=LTE03ERBS00023,ManagedElement=1,ENodeBFunction=1,EUtraNetwork=1,ExternalENodeBFunction=352,ExternalEUtranCellFDD=2</attr>
    <attr name="anrCreated">false</attr>
    <attr name="isHoAllowed">true</attr>
  </mo>
  <mo fdn="SubNetwork=ONRM_RootMo_R,MeContext=LTE03ERBS00023,ManagedElement=1,ENodeBFunction=1,EUtranCellFDD=LTE03ERBS00023-2,EUtranFreqRelation=2,EUtranCellRelation=6" lastModified="1287507105993" mimName="ERBS_NODE_MODEL" mimVersion="A.9.50.J.9.1">
    <attr name="isRemoveAllowed">false</attr>
    <attr name="neighborCellRef">SubNetwork=ONRM_RootMo_R,MeContext=LTE03ERBS00023,ManagedElement=1,ENodeBFunction=1,EUtraNetwork=1,ExternalENodeBFunction=338,ExternalEUtranCellFDD=1</attr>
    <attr name="anrCreated">false</attr>
    <attr name="isHoAllowed">true</attr>
  </mo>
  <mo fdn="SubNetwork=ONRM_RootMo_R,MeContext=LTE03ERBS00023,ManagedElement=1,ENodeBFunction=1,EUtranCellFDD=LTE03ERBS00023-2,EUtranFreqRelation=2,EUtranCellRelation=7" lastModified="1287507105994" mimName="ERBS_NODE_MODEL" mimVersion="A.9.50.J.9.1">
    <attr name="isRemoveAllowed">false</attr>
    <attr name="neighborCellRef">SubNetwork=ONRM_RootMo_R,MeContext=LTE03ERBS00023,ManagedElement=1,ENodeBFunction=1,EUtraNetwork=1,ExternalENodeBFunction=338,ExternalEUtranCellFDD=2</attr>
    <attr name="anrCreated">false</attr>
    <attr name="isHoAllowed">true</attr>
  </mo>
  <mo fdn="SubNetwork=ONRM_RootMo_R,MeContext=LTE03ERBS00023,ManagedElement=1,ENodeBFunction=1,EUtranCellFDD=LTE03ERBS00023-3" lastModified="1287519718137" mimName="ERBS_NODE_MODEL" mimVersion="A.9.50.J.9.1">
    <attr name="EUtranCellFDDId">LTE03ERBS00023-3</attr>
    <attr name="earfcnul">18000</attr>
    <attr name="cellId">3</attr>
    <attr name="tac">48906</attr>
    <attr name="bPlmnList">
      <seq count="1">
        <item>
          <struct>
            <attr name="mcc">311</attr>
            <attr name="mnc">480</attr>
            <attr name="mncLength">2</attr>
          </struct>
        </item>
      </seq>
    </attr>
    <attr name="earfcndl">0</attr>
    <attr name="userLabel">LTE03ERBS00023-3</attr>
  </mo>
  <mo fdn="SubNetwork=ONRM_RootMo_R,MeContext=LTE03ERBS00023,ManagedElement=1,ENodeBFunction=1,EUtranCellFDD=LTE03ERBS00023-3,EUtranFreqRelation=1,EUtranCellRelation=1" lastModified="1287501929009" mimName="ERBS_NODE_MODEL" mimVersion="A.9.50.J.9.1">
    <attr name="isRemoveAllowed">false</attr>
    <attr name="neighborCellRef">SubNetwork=ONRM_RootMo_R,MeContext=LTE03ERBS00023,ManagedElement=1,ENodeBFunction=1,EUtranCellFDD=LTE03ERBS00023-1</attr>
    <attr name="anrCreated">false</attr>
    <attr name="isHoAllowed">true</attr>
  </mo>
  <mo fdn="SubNetwork=ONRM_RootMo_R,MeContext=LTE03ERBS00023,ManagedElement=1,ENodeBFunction=1,EUtranCellFDD=LTE03ERBS00023-3,EUtranFreqRelation=1,EUtranCellRelation=12" lastModified="1287507105759" mimName="ERBS_NODE_MODEL" mimVersion="A.9.50.J.9.1">
    <attr name="isRemoveAllowed">false</attr>
    <attr name="neighborCellRef">SubNetwork=ONRM_RootMo_R,MeContext=LTE03ERBS00023,ManagedElement=1,ENodeBFunction=1,EUtraNetwork=1,ExternalENodeBFunction=341,ExternalEUtranCellFDD=3</attr>
    <attr name="anrCreated">false</attr>
    <attr name="isHoAllowed">true</attr>
  </mo>
  <mo fdn="SubNetwork=ONRM_RootMo_R,MeContext=LTE03ERBS00023,ManagedElement=1,ENodeBFunction=1,EUtranCellFDD=LTE03ERBS00023-3,EUtranFreqRelation=1,EUtranCellRelation=13" lastModified="1287507105757" mimName="ERBS_NODE_MODEL" mimVersion="A.9.50.J.9.1">
    <attr name="isRemoveAllowed">false</attr>
    <attr name="neighborCellRef">SubNetwork=ONRM_RootMo_R,MeContext=LTE03ERBS00023,ManagedElement=1,ENodeBFunction=1,EUtraNetwork=1,ExternalENodeBFunction=341,ExternalEUtranCellFDD=4</attr>
    <attr name="anrCreated">false</attr>
    <attr name="isHoAllowed">true</attr>
  </mo>
  <mo fdn="SubNetwork=ONRM_RootMo_R,MeContext=LTE03ERBS00023,ManagedElement=1,ENodeBFunction=1,EUtranCellFDD=LTE03ERBS00023-3,EUtranFreqRelation=1,EUtranCellRelation=18" lastModified="1287512213610" mimName="ERBS_NODE_MODEL" mimVersion="A.9.50.J.9.1">
    <attr name="isRemoveAllowed">false</attr>
    <attr name="neighborCellRef">SubNetwork=ONRM_RootMo_R,MeContext=LTE03ERBS00023,ManagedElement=1,ENodeBFunction=1,EUtraNetwork=1,ExternalENodeBFunction=345,ExternalEUtranCellFDD=3</attr>
    <attr name="anrCreated">false</attr>
    <attr name="isHoAllowed">true</attr>
  </mo>
  <mo fdn="SubNetwork=ONRM_RootMo_R,MeContext=LTE03ERBS00023,ManagedElement=1,ENodeBFunction=1,EUtranCellFDD=LTE03ERBS00023-3,EUtranFreqRelation=1,EUtranCellRelation=19" lastModified="1287512213608" mimName="ERBS_NODE_MODEL" mimVersion="A.9.50.J.9.1">
    <attr name="isRemoveAllowed">false</attr>
    <attr name="neighborCellRef">SubNetwork=ONRM_RootMo_R,MeContext=LTE03ERBS00023,ManagedElement=1,ENodeBFunction=1,EUtraNetwork=1,ExternalENodeBFunction=345,ExternalEUtranCellFDD=4</attr>
    <attr name="anrCreated">false</attr>
    <attr name="isHoAllowed">true</attr>
  </mo>
  <mo fdn="SubNetwork=ONRM_RootMo_R,MeContext=LTE03ERBS00023,ManagedElement=1,ENodeBFunction=1,EUtranCellFDD=LTE03ERBS00023-3,EUtranFreqRelation=1,EUtranCellRelation=2" lastModified="1287501928993" mimName="ERBS_NODE_MODEL" mimVersion="A.9.50.J.9.1">
    <attr name="isRemoveAllowed">false</attr>
    <attr name="neighborCellRef">SubNetwork=ONRM_RootMo_R,MeContext=LTE03ERBS00023,ManagedElement=1,ENodeBFunction=1,EUtranCellFDD=LTE03ERBS00023-2</attr>
    <attr name="anrCreated">false</attr>
    <attr name="isHoAllowed">true</attr>
  </mo>
  <mo fdn="SubNetwork=ONRM_RootMo_R,MeContext=LTE03ERBS00023,ManagedElement=1,ENodeBFunction=1,EUtranCellFDD=LTE03ERBS00023-3,EUtranFreqRelation=1,EUtranCellRelation=22" lastModified="1287512213605" mimName="ERBS_NODE_MODEL" mimVersion="A.9.50.J.9.1">
    <attr name="isRemoveAllowed">false</attr>
    <attr name="neighborCellRef">SubNetwork=ONRM_RootMo_R,MeContext=LTE03ERBS00023,ManagedElement=1,ENodeBFunction=1,EUtraNetwork=1,ExternalENodeBFunction=347,ExternalEUtranCellFDD=3</attr>
    <attr name="anrCreated">false</attr>
    <attr name="isHoAllowed">true</attr>
  </mo>
  <mo fdn="SubNetwork=ONRM_RootMo_R,MeContext=LTE03ERBS00023,ManagedElement=1,ENodeBFunction=1,EUtranCellFDD=LTE03ERBS00023-3,EUtranFreqRelation=1,EUtranCellRelation=23" lastModified="1287512213602" mimName="ERBS_NODE_MODEL" mimVersion="A.9.50.J.9.1">
    <attr name="isRemoveAllowed">false</attr>
    <attr name="neighborCellRef">SubNetwork=ONRM_RootMo_R,MeContext=LTE03ERBS00023,ManagedElement=1,ENodeBFunction=1,EUtraNetwork=1,ExternalENodeBFunction=347,ExternalEUtranCellFDD=4</attr>
    <attr name="anrCreated">false</attr>
    <attr name="isHoAllowed">true</attr>
  </mo>
  <mo fdn="SubNetwork=ONRM_RootMo_R,MeContext=LTE03ERBS00023,ManagedElement=1,ENodeBFunction=1,EUtranCellFDD=LTE03ERBS00023-3,EUtranFreqRelation=1,EUtranCellRelation=26" lastModified="1287507105764" mimName="ERBS_NODE_MODEL" mimVersion="A.9.50.J.9.1">
    <attr name="isRemoveAllowed">false</attr>
    <attr name="neighborCellRef">SubNetwork=ONRM_RootMo_R,MeContext=LTE03ERBS00023,ManagedElement=1,ENodeBFunction=1,EUtraNetwork=1,ExternalENodeBFunction=349,ExternalEUtranCellFDD=3</attr>
    <attr name="anrCreated">false</attr>
    <attr name="isHoAllowed">true</attr>
  </mo>
  <mo fdn="SubNetwork=ONRM_RootMo_R,MeContext=LTE03ERBS00023,ManagedElement=1,ENodeBFunction=1,EUtranCellFDD=LTE03ERBS00023-3,EUtranFreqRelation=1,EUtranCellRelation=27" lastModified="1287507105763" mimName="ERBS_NODE_MODEL" mimVersion="A.9.50.J.9.1">
    <attr name="isRemoveAllowed">false</attr>
    <attr name="neighborCellRef">SubNetwork=ONRM_RootMo_R,MeContext=LTE03ERBS00023,ManagedElement=1,ENodeBFunction=1,EUtraNetwork=1,ExternalENodeBFunction=349,ExternalEUtranCellFDD=4</attr>
    <attr name="anrCreated">false</attr>
    <attr name="isHoAllowed">true</attr>
  </mo>
  <mo fdn="SubNetwork=ONRM_RootMo_R,MeContext=LTE03ERBS00023,ManagedElement=1,ENodeBFunction=1,EUtranCellFDD=LTE03ERBS00023-3,EUtranFreqRelation=1,EUtranCellRelation=3" lastModified="1287501928978" mimName="ERBS_NODE_MODEL" mimVersion="A.9.50.J.9.1">
    <attr name="isRemoveAllowed">false</attr>
    <attr name="neighborCellRef">SubNetwork=ONRM_RootMo_R,MeContext=LTE03ERBS00023,ManagedElement=1,ENodeBFunction=1,EUtranCellFDD=LTE03ERBS00023-4</attr>
    <attr name="anrCreated">false</attr>
    <attr name="isHoAllowed">true</attr>
  </mo>
  <mo fdn="SubNetwork=ONRM_RootMo_R,MeContext=LTE03ERBS00023,ManagedElement=1,ENodeBFunction=1,EUtranCellFDD=LTE03ERBS00023-3,EUtranFreqRelation=1,EUtranCellRelation=30" lastModified="1287507105758" mimName="ERBS_NODE_MODEL" mimVersion="A.9.50.J.9.1">
    <attr name="isRemoveAllowed">false</attr>
    <attr name="neighborCellRef">SubNetwork=ONRM_RootMo_R,MeContext=LTE03ERBS00023,ManagedElement=1,ENodeBFunction=1,EUtraNetwork=1,ExternalENodeBFunction=351,ExternalEUtranCellFDD=3</attr>
    <attr name="anrCreated">false</attr>
    <attr name="isHoAllowed">true</attr>
  </mo>
  <mo fdn="SubNetwork=ONRM_RootMo_R,MeContext=LTE03ERBS00023,ManagedElement=1,ENodeBFunction=1,EUtranCellFDD=LTE03ERBS00023-3,EUtranFreqRelation=1,EUtranCellRelation=31" lastModified="1287507105756" mimName="ERBS_NODE_MODEL" mimVersion="A.9.50.J.9.1">
    <attr name="isRemoveAllowed">false</attr>
    <attr name="neighborCellRef">SubNetwork=ONRM_RootMo_R,MeContext=LTE03ERBS00023,ManagedElement=1,ENodeBFunction=1,EUtraNetwork=1,ExternalENodeBFunction=351,ExternalEUtranCellFDD=4</attr>
    <attr name="anrCreated">false</attr>
    <attr name="isHoAllowed">true</attr>
  </mo>
  <mo fdn="SubNetwork=ONRM_RootMo_R,MeContext=LTE03ERBS00023,ManagedElement=1,ENodeBFunction=1,EUtranCellFDD=LTE03ERBS00023-3,EUtranFreqRelation=1,EUtranCellRelation=4" lastModified="1287507105765" mimName="ERBS_NODE_MODEL" mimVersion="A.9.50.J.9.1">
    <attr name="isRemoveAllowed">false</attr>
    <attr name="neighborCellRef">SubNetwork=ONRM_RootMo_R,MeContext=LTE03ERBS00023,ManagedElement=1,ENodeBFunction=1,EUtraNetwork=1,ExternalENodeBFunction=337,ExternalEUtranCellFDD=3</attr>
    <attr name="anrCreated">false</attr>
    <attr name="isHoAllowed">true</attr>
  </mo>
  <mo fdn="SubNetwork=ONRM_RootMo_R,MeContext=LTE03ERBS00023,ManagedElement=1,ENodeBFunction=1,EUtranCellFDD=LTE03ERBS00023-3,EUtranFreqRelation=1,EUtranCellRelation=5" lastModified="1287507105766" mimName="ERBS_NODE_MODEL" mimVersion="A.9.50.J.9.1">
    <attr name="isRemoveAllowed">false</attr>
    <attr name="neighborCellRef">SubNetwork=ONRM_RootMo_R,MeContext=LTE03ERBS00023,ManagedElement=1,ENodeBFunction=1,EUtraNetwork=1,ExternalENodeBFunction=337,ExternalEUtranCellFDD=4</attr>
    <attr name="anrCreated">false</attr>
    <attr name="isHoAllowed">true</attr>
  </mo>
  <mo fdn="SubNetwork=ONRM_RootMo_R,MeContext=LTE03ERBS00023,ManagedElement=1,ENodeBFunction=1,EUtranCellFDD=LTE03ERBS00023-3,EUtranFreqRelation=1,EUtranCellRelation=8" lastModified="1287507105760" mimName="ERBS_NODE_MODEL" mimVersion="A.9.50.J.9.1">
    <attr name="isRemoveAllowed">false</attr>
    <attr name="neighborCellRef">SubNetwork=ONRM_RootMo_R,MeContext=LTE03ERBS00023,ManagedElement=1,ENodeBFunction=1,EUtraNetwork=1,ExternalENodeBFunction=339,ExternalEUtranCellFDD=3</attr>
    <attr name="anrCreated">false</attr>
    <attr name="isHoAllowed">true</attr>
  </mo>
  <mo fdn="SubNetwork=ONRM_RootMo_R,MeContext=LTE03ERBS00023,ManagedElement=1,ENodeBFunction=1,EUtranCellFDD=LTE03ERBS00023-3,EUtranFreqRelation=1,EUtranCellRelation=9" lastModified="1287507105761" mimName="ERBS_NODE_MODEL" mimVersion="A.9.50.J.9.1">
    <attr name="isRemoveAllowed">false</attr>
    <attr name="neighborCellRef">SubNetwork=ONRM_RootMo_R,MeContext=LTE03ERBS00023,ManagedElement=1,ENodeBFunction=1,EUtraNetwork=1,ExternalENodeBFunction=339,ExternalEUtranCellFDD=4</attr>
    <attr name="anrCreated">false</attr>
    <attr name="isHoAllowed">true</attr>
  </mo>
  <mo fdn="SubNetwork=ONRM_RootMo_R,MeContext=LTE03ERBS00023,ManagedElement=1,ENodeBFunction=1,EUtranCellFDD=LTE03ERBS00023-3,EUtranFreqRelation=2,EUtranCellRelation=10" lastModified="1287512213593" mimName="ERBS_NODE_MODEL" mimVersion="A.9.50.J.9.1">
    <attr name="isRemoveAllowed">false</attr>
    <attr name="neighborCellRef">SubNetwork=ONRM_RootMo_R,MeContext=LTE03ERBS00023,ManagedElement=1,ENodeBFunction=1,EUtraNetwork=1,ExternalENodeBFunction=340,ExternalEUtranCellFDD=3</attr>
    <attr name="anrCreated">false</attr>
    <attr name="isHoAllowed">true</attr>
  </mo>
  <mo fdn="SubNetwork=ONRM_RootMo_R,MeContext=LTE03ERBS00023,ManagedElement=1,ENodeBFunction=1,EUtranCellFDD=LTE03ERBS00023-3,EUtranFreqRelation=2,EUtranCellRelation=11" lastModified="1287512213591" mimName="ERBS_NODE_MODEL" mimVersion="A.9.50.J.9.1">
    <attr name="isRemoveAllowed">false</attr>
    <attr name="neighborCellRef">SubNetwork=ONRM_RootMo_R,MeContext=LTE03ERBS00023,ManagedElement=1,ENodeBFunction=1,EUtraNetwork=1,ExternalENodeBFunction=340,ExternalEUtranCellFDD=4</attr>
    <attr name="anrCreated">false</attr>
    <attr name="isHoAllowed">true</attr>
  </mo>
  <mo fdn="SubNetwork=ONRM_RootMo_R,MeContext=LTE03ERBS00023,ManagedElement=1,ENodeBFunction=1,EUtranCellFDD=LTE03ERBS00023-3,EUtranFreqRelation=2,EUtranCellRelation=14" lastModified="1287507105742" mimName="ERBS_NODE_MODEL" mimVersion="A.9.50.J.9.1">
    <attr name="isRemoveAllowed">false</attr>
    <attr name="neighborCellRef">SubNetwork=ONRM_RootMo_R,MeContext=LTE03ERBS00023,ManagedElement=1,ENodeBFunction=1,EUtraNetwork=1,ExternalENodeBFunction=342,ExternalEUtranCellFDD=3</attr>
    <attr name="anrCreated">false</attr>
    <attr name="isHoAllowed">true</attr>
  </mo>
  <mo fdn="SubNetwork=ONRM_RootMo_R,MeContext=LTE03ERBS00023,ManagedElement=1,ENodeBFunction=1,EUtranCellFDD=LTE03ERBS00023-3,EUtranFreqRelation=2,EUtranCellRelation=15" lastModified="1287507105752" mimName="ERBS_NODE_MODEL" mimVersion="A.9.50.J.9.1">
    <attr name="isRemoveAllowed">false</attr>
    <attr name="neighborCellRef">SubNetwork=ONRM_RootMo_R,MeContext=LTE03ERBS00023,ManagedElement=1,ENodeBFunction=1,EUtraNetwork=1,ExternalENodeBFunction=342,ExternalEUtranCellFDD=4</attr>
    <attr name="anrCreated">false</attr>
    <attr name="isHoAllowed">true</attr>
  </mo>
  <mo fdn="SubNetwork=ONRM_RootMo_R,MeContext=LTE03ERBS00023,ManagedElement=1,ENodeBFunction=1,EUtranCellFDD=LTE03ERBS00023-3,EUtranFreqRelation=2,EUtranCellRelation=16" lastModified="1287512213599" mimName="ERBS_NODE_MODEL" mimVersion="A.9.50.J.9.1">
    <attr name="isRemoveAllowed">false</attr>
    <attr name="neighborCellRef">SubNetwork=ONRM_RootMo_R,MeContext=LTE03ERBS00023,ManagedElement=1,ENodeBFunction=1,EUtraNetwork=1,ExternalENodeBFunction=344,ExternalEUtranCellFDD=3</attr>
    <attr name="anrCreated">false</attr>
    <attr name="isHoAllowed">true</attr>
  </mo>
  <mo fdn="SubNetwork=ONRM_RootMo_R,MeContext=LTE03ERBS00023,ManagedElement=1,ENodeBFunction=1,EUtranCellFDD=LTE03ERBS00023-3,EUtranFreqRelation=2,EUtranCellRelation=17" lastModified="1287512213597" mimName="ERBS_NODE_MODEL" mimVersion="A.9.50.J.9.1">
    <attr name="isRemoveAllowed">false</attr>
    <attr name="neighborCellRef">SubNetwork=ONRM_RootMo_R,MeContext=LTE03ERBS00023,ManagedElement=1,ENodeBFunction=1,EUtraNetwork=1,ExternalENodeBFunction=344,ExternalEUtranCellFDD=4</attr>
    <attr name="anrCreated">false</attr>
    <attr name="isHoAllowed">true</attr>
  </mo>
  <mo fdn="SubNetwork=ONRM_RootMo_R,MeContext=LTE03ERBS00023,ManagedElement=1,ENodeBFunction=1,EUtranCellFDD=LTE03ERBS00023-3,EUtranFreqRelation=2,EUtranCellRelation=20" lastModified="1287512213596" mimName="ERBS_NODE_MODEL" mimVersion="A.9.50.J.9.1">
    <attr name="isRemoveAllowed">false</attr>
    <attr name="neighborCellRef">SubNetwork=ONRM_RootMo_R,MeContext=LTE03ERBS00023,ManagedElement=1,ENodeBFunction=1,EUtraNetwork=1,ExternalENodeBFunction=346,ExternalEUtranCellFDD=3</attr>
    <attr name="anrCreated">false</attr>
    <attr name="isHoAllowed">true</attr>
  </mo>
  <mo fdn="SubNetwork=ONRM_RootMo_R,MeContext=LTE03ERBS00023,ManagedElement=1,ENodeBFunction=1,EUtranCellFDD=LTE03ERBS00023-3,EUtranFreqRelation=2,EUtranCellRelation=21" lastModified="1287512213594" mimName="ERBS_NODE_MODEL" mimVersion="A.9.50.J.9.1">
    <attr name="isRemoveAllowed">false</attr>
    <attr name="neighborCellRef">SubNetwork=ONRM_RootMo_R,MeContext=LTE03ERBS00023,ManagedElement=1,ENodeBFunction=1,EUtraNetwork=1,ExternalENodeBFunction=346,ExternalEUtranCellFDD=4</attr>
    <attr name="anrCreated">false</attr>
    <attr name="isHoAllowed">true</attr>
  </mo>
  <mo fdn="SubNetwork=ONRM_RootMo_R,MeContext=LTE03ERBS00023,ManagedElement=1,ENodeBFunction=1,EUtranCellFDD=LTE03ERBS00023-3,EUtranFreqRelation=2,EUtranCellRelation=24" lastModified="1287512213592" mimName="ERBS_NODE_MODEL" mimVersion="A.9.50.J.9.1">
    <attr name="isRemoveAllowed">false</attr>
    <attr name="neighborCellRef">SubNetwork=ONRM_RootMo_R,MeContext=LTE03ERBS00023,ManagedElement=1,ENodeBFunction=1,EUtraNetwork=1,ExternalENodeBFunction=348,ExternalEUtranCellFDD=3</attr>
    <attr name="anrCreated">false</attr>
    <attr name="isHoAllowed">true</attr>
  </mo>
  <mo fdn="SubNetwork=ONRM_RootMo_R,MeContext=LTE03ERBS00023,ManagedElement=1,ENodeBFunction=1,EUtranCellFDD=LTE03ERBS00023-3,EUtranFreqRelation=2,EUtranCellRelation=25" lastModified="1287512213579" mimName="ERBS_NODE_MODEL" mimVersion="A.9.50.J.9.1">
    <attr name="isRemoveAllowed">false</attr>
    <attr name="neighborCellRef">SubNetwork=ONRM_RootMo_R,MeContext=LTE03ERBS00023,ManagedElement=1,ENodeBFunction=1,EUtraNetwork=1,ExternalENodeBFunction=348,ExternalEUtranCellFDD=4</attr>
    <attr name="anrCreated">false</attr>
    <attr name="isHoAllowed">true</attr>
  </mo>
  <mo fdn="SubNetwork=ONRM_RootMo_R,MeContext=LTE03ERBS00023,ManagedElement=1,ENodeBFunction=1,EUtranCellFDD=LTE03ERBS00023-3,EUtranFreqRelation=2,EUtranCellRelation=28" lastModified="1287507105751" mimName="ERBS_NODE_MODEL" mimVersion="A.9.50.J.9.1">
    <attr name="isRemoveAllowed">false</attr>
    <attr name="neighborCellRef">SubNetwork=ONRM_RootMo_R,MeContext=LTE03ERBS00023,ManagedElement=1,ENodeBFunction=1,EUtraNetwork=1,ExternalENodeBFunction=350,ExternalEUtranCellFDD=3</attr>
    <attr name="anrCreated">false</attr>
    <attr name="isHoAllowed">true</attr>
  </mo>
  <mo fdn="SubNetwork=ONRM_RootMo_R,MeContext=LTE03ERBS00023,ManagedElement=1,ENodeBFunction=1,EUtranCellFDD=LTE03ERBS00023-3,EUtranFreqRelation=2,EUtranCellRelation=29" lastModified="1287507105750" mimName="ERBS_NODE_MODEL" mimVersion="A.9.50.J.9.1">
    <attr name="isRemoveAllowed">false</attr>
    <attr name="neighborCellRef">SubNetwork=ONRM_RootMo_R,MeContext=LTE03ERBS00023,ManagedElement=1,ENodeBFunction=1,EUtraNetwork=1,ExternalENodeBFunction=350,ExternalEUtranCellFDD=4</attr>
    <attr name="anrCreated">false</attr>
    <attr name="isHoAllowed">true</attr>
  </mo>
  <mo fdn="SubNetwork=ONRM_RootMo_R,MeContext=LTE03ERBS00023,ManagedElement=1,ENodeBFunction=1,EUtranCellFDD=LTE03ERBS00023-3,EUtranFreqRelation=2,EUtranCellRelation=32" lastModified="1287507105744" mimName="ERBS_NODE_MODEL" mimVersion="A.9.50.J.9.1">
    <attr name="isRemoveAllowed">false</attr>
    <attr name="neighborCellRef">SubNetwork=ONRM_RootMo_R,MeContext=LTE03ERBS00023,ManagedElement=1,ENodeBFunction=1,EUtraNetwork=1,ExternalENodeBFunction=352,ExternalEUtranCellFDD=3</attr>
    <attr name="anrCreated">false</attr>
    <attr name="isHoAllowed">true</attr>
  </mo>
  <mo fdn="SubNetwork=ONRM_RootMo_R,MeContext=LTE03ERBS00023,ManagedElement=1,ENodeBFunction=1,EUtranCellFDD=LTE03ERBS00023-3,EUtranFreqRelation=2,EUtranCellRelation=33" lastModified="1287507105746" mimName="ERBS_NODE_MODEL" mimVersion="A.9.50.J.9.1">
    <attr name="isRemoveAllowed">false</attr>
    <attr name="neighborCellRef">SubNetwork=ONRM_RootMo_R,MeContext=LTE03ERBS00023,ManagedElement=1,ENodeBFunction=1,EUtraNetwork=1,ExternalENodeBFunction=352,ExternalEUtranCellFDD=4</attr>
    <attr name="anrCreated">false</attr>
    <attr name="isHoAllowed">true</attr>
  </mo>
  <mo fdn="SubNetwork=ONRM_RootMo_R,MeContext=LTE03ERBS00023,ManagedElement=1,ENodeBFunction=1,EUtranCellFDD=LTE03ERBS00023-3,EUtranFreqRelation=2,EUtranCellRelation=6" lastModified="1287507105747" mimName="ERBS_NODE_MODEL" mimVersion="A.9.50.J.9.1">
    <attr name="isRemoveAllowed">false</attr>
    <attr name="neighborCellRef">SubNetwork=ONRM_RootMo_R,MeContext=LTE03ERBS00023,ManagedElement=1,ENodeBFunction=1,EUtraNetwork=1,ExternalENodeBFunction=338,ExternalEUtranCellFDD=3</attr>
    <attr name="anrCreated">false</attr>
    <attr name="isHoAllowed">true</attr>
  </mo>
  <mo fdn="SubNetwork=ONRM_RootMo_R,MeContext=LTE03ERBS00023,ManagedElement=1,ENodeBFunction=1,EUtranCellFDD=LTE03ERBS00023-3,EUtranFreqRelation=2,EUtranCellRelation=7" lastModified="1287507105748" mimName="ERBS_NODE_MODEL" mimVersion="A.9.50.J.9.1">
    <attr name="isRemoveAllowed">false</attr>
    <attr name="neighborCellRef">SubNetwork=ONRM_RootMo_R,MeContext=LTE03ERBS00023,ManagedElement=1,ENodeBFunction=1,EUtraNetwork=1,ExternalENodeBFunction=338,ExternalEUtranCellFDD=4</attr>
    <attr name="anrCreated">false</attr>
    <attr name="isHoAllowed">true</attr>
  </mo>
  <mo fdn="SubNetwork=ONRM_RootMo_R,MeContext=LTE03ERBS00023,ManagedElement=1,ENodeBFunction=1,EUtranCellFDD=LTE03ERBS00023-4" lastModified="1287519718766" mimName="ERBS_NODE_MODEL" mimVersion="A.9.50.J.9.1">
    <attr name="EUtranCellFDDId">LTE03ERBS00023-4</attr>
    <attr name="earfcnul">18000</attr>
    <attr name="cellId">4</attr>
    <attr name="tac">1</attr>
    <attr name="bPlmnList">
      <seq count="1">
        <item>
          <struct>
            <attr name="mcc">311</attr>
            <attr name="mnc">480</attr>
            <attr name="mncLength">2</attr>
          </struct>
        </item>
      </seq>
    </attr>
    <attr name="earfcndl">0</attr>
    <attr name="userLabel">LTE03ERBS00023-4</attr>
  </mo>
  <mo fdn="SubNetwork=ONRM_RootMo_R,MeContext=LTE03ERBS00023,ManagedElement=1,ENodeBFunction=1,EUtranCellFDD=LTE03ERBS00023-4,EUtranFreqRelation=1,EUtranCellRelation=1" lastModified="1287501925636" mimName="ERBS_NODE_MODEL" mimVersion="A.9.50.J.9.1">
    <attr name="isRemoveAllowed">false</attr>
    <attr name="neighborCellRef">SubNetwork=ONRM_RootMo_R,MeContext=LTE03ERBS00023,ManagedElement=1,ENodeBFunction=1,EUtranCellFDD=LTE03ERBS00023-1</attr>
    <attr name="anrCreated">false</attr>
    <attr name="isHoAllowed">true</attr>
  </mo>
  <mo fdn="SubNetwork=ONRM_RootMo_R,MeContext=LTE03ERBS00023,ManagedElement=1,ENodeBFunction=1,EUtranCellFDD=LTE03ERBS00023-4,EUtranFreqRelation=1,EUtranCellRelation=12" lastModified="1287507105533" mimName="ERBS_NODE_MODEL" mimVersion="A.9.50.J.9.1">
    <attr name="isRemoveAllowed">false</attr>
    <attr name="neighborCellRef">SubNetwork=ONRM_RootMo_R,MeContext=LTE03ERBS00023,ManagedElement=1,ENodeBFunction=1,EUtraNetwork=1,ExternalENodeBFunction=341,ExternalEUtranCellFDD=3</attr>
    <attr name="anrCreated">false</attr>
    <attr name="isHoAllowed">true</attr>
  </mo>
  <mo fdn="SubNetwork=ONRM_RootMo_R,MeContext=LTE03ERBS00023,ManagedElement=1,ENodeBFunction=1,EUtranCellFDD=LTE03ERBS00023-4,EUtranFreqRelation=1,EUtranCellRelation=13" lastModified="1287507105531" mimName="ERBS_NODE_MODEL" mimVersion="A.9.50.J.9.1">
    <attr name="isRemoveAllowed">false</attr>
    <attr name="neighborCellRef">SubNetwork=ONRM_RootMo_R,MeContext=LTE03ERBS00023,ManagedElement=1,ENodeBFunction=1,EUtraNetwork=1,ExternalENodeBFunction=341,ExternalEUtranCellFDD=4</attr>
    <attr name="anrCreated">false</attr>
    <attr name="isHoAllowed">true</attr>
  </mo>
  <mo fdn="SubNetwork=ONRM_RootMo_R,MeContext=LTE03ERBS00023,ManagedElement=1,ENodeBFunction=1,EUtranCellFDD=LTE03ERBS00023-4,EUtranFreqRelation=1,EUtranCellRelation=18" lastModified="1287512214360" mimName="ERBS_NODE_MODEL" mimVersion="A.9.50.J.9.1">
    <attr name="isRemoveAllowed">false</attr>
    <attr name="neighborCellRef">SubNetwork=ONRM_RootMo_R,MeContext=LTE03ERBS00023,ManagedElement=1,ENodeBFunction=1,EUtraNetwork=1,ExternalENodeBFunction=345,ExternalEUtranCellFDD=3</attr>
    <attr name="anrCreated">false</attr>
    <attr name="isHoAllowed">true</attr>
  </mo>
  <mo fdn="SubNetwork=ONRM_RootMo_R,MeContext=LTE03ERBS00023,ManagedElement=1,ENodeBFunction=1,EUtranCellFDD=LTE03ERBS00023-4,EUtranFreqRelation=1,EUtranCellRelation=19" lastModified="1287512214359" mimName="ERBS_NODE_MODEL" mimVersion="A.9.50.J.9.1">
    <attr name="isRemoveAllowed">false</attr>
    <attr name="neighborCellRef">SubNetwork=ONRM_RootMo_R,MeContext=LTE03ERBS00023,ManagedElement=1,ENodeBFunction=1,EUtraNetwork=1,ExternalENodeBFunction=345,ExternalEUtranCellFDD=4</attr>
    <attr name="anrCreated">false</attr>
    <attr name="isHoAllowed">true</attr>
  </mo>
  <mo fdn="SubNetwork=ONRM_RootMo_R,MeContext=LTE03ERBS00023,ManagedElement=1,ENodeBFunction=1,EUtranCellFDD=LTE03ERBS00023-4,EUtranFreqRelation=1,EUtranCellRelation=2" lastModified="1287501925627" mimName="ERBS_NODE_MODEL" mimVersion="A.9.50.J.9.1">
    <attr name="isRemoveAllowed">false</attr>
    <attr name="neighborCellRef">SubNetwork=ONRM_RootMo_R,MeContext=LTE03ERBS00023,ManagedElement=1,ENodeBFunction=1,EUtranCellFDD=LTE03ERBS00023-2</attr>
    <attr name="anrCreated">false</attr>
    <attr name="isHoAllowed">true</attr>
  </mo>
  <mo fdn="SubNetwork=ONRM_RootMo_R,MeContext=LTE03ERBS00023,ManagedElement=1,ENodeBFunction=1,EUtranCellFDD=LTE03ERBS00023-4,EUtranFreqRelation=1,EUtranCellRelation=22" lastModified="1287512214357" mimName="ERBS_NODE_MODEL" mimVersion="A.9.50.J.9.1">
    <attr name="isRemoveAllowed">false</attr>
    <attr name="neighborCellRef">SubNetwork=ONRM_RootMo_R,MeContext=LTE03ERBS00023,ManagedElement=1,ENodeBFunction=1,EUtraNetwork=1,ExternalENodeBFunction=347,ExternalEUtranCellFDD=3</attr>
    <attr name="anrCreated">false</attr>
    <attr name="isHoAllowed">true</attr>
  </mo>
  <mo fdn="SubNetwork=ONRM_RootMo_R,MeContext=LTE03ERBS00023,ManagedElement=1,ENodeBFunction=1,EUtranCellFDD=LTE03ERBS00023-4,EUtranFreqRelation=1,EUtranCellRelation=23" lastModified="1287512214356" mimName="ERBS_NODE_MODEL" mimVersion="A.9.50.J.9.1">
    <attr name="isRemoveAllowed">false</attr>
    <attr name="neighborCellRef">SubNetwork=ONRM_RootMo_R,MeContext=LTE03ERBS00023,ManagedElement=1,ENodeBFunction=1,EUtraNetwork=1,ExternalENodeBFunction=347,ExternalEUtranCellFDD=4</attr>
    <attr name="anrCreated">false</attr>
    <attr name="isHoAllowed">true</attr>
  </mo>
  <mo fdn="SubNetwork=ONRM_RootMo_R,MeContext=LTE03ERBS00023,ManagedElement=1,ENodeBFunction=1,EUtranCellFDD=LTE03ERBS00023-4,EUtranFreqRelation=1,EUtranCellRelation=26" lastModified="1287507105536" mimName="ERBS_NODE_MODEL" mimVersion="A.9.50.J.9.1">
    <attr name="isRemoveAllowed">false</attr>
    <attr name="neighborCellRef">SubNetwork=ONRM_RootMo_R,MeContext=LTE03ERBS00023,ManagedElement=1,ENodeBFunction=1,EUtraNetwork=1,ExternalENodeBFunction=349,ExternalEUtranCellFDD=3</attr>
    <attr name="anrCreated">false</attr>
    <attr name="isHoAllowed">true</attr>
  </mo>
  <mo fdn="SubNetwork=ONRM_RootMo_R,MeContext=LTE03ERBS00023,ManagedElement=1,ENodeBFunction=1,EUtranCellFDD=LTE03ERBS00023-4,EUtranFreqRelation=1,EUtranCellRelation=27" lastModified="1287507105535" mimName="ERBS_NODE_MODEL" mimVersion="A.9.50.J.9.1">
    <attr name="isRemoveAllowed">false</attr>
    <attr name="neighborCellRef">SubNetwork=ONRM_RootMo_R,MeContext=LTE03ERBS00023,ManagedElement=1,ENodeBFunction=1,EUtraNetwork=1,ExternalENodeBFunction=349,ExternalEUtranCellFDD=4</attr>
    <attr name="anrCreated">false</attr>
    <attr name="isHoAllowed">true</attr>
  </mo>
  <mo fdn="SubNetwork=ONRM_RootMo_R,MeContext=LTE03ERBS00023,ManagedElement=1,ENodeBFunction=1,EUtranCellFDD=LTE03ERBS00023-4,EUtranFreqRelation=1,EUtranCellRelation=3" lastModified="1287501925597" mimName="ERBS_NODE_MODEL" mimVersion="A.9.50.J.9.1">
    <attr name="isRemoveAllowed">false</attr>
    <attr name="neighborCellRef">SubNetwork=ONRM_RootMo_R,MeContext=LTE03ERBS00023,ManagedElement=1,ENodeBFunction=1,EUtranCellFDD=LTE03ERBS00023-3</attr>
    <attr name="anrCreated">false</attr>
    <attr name="isHoAllowed">true</attr>
  </mo>
  <mo fdn="SubNetwork=ONRM_RootMo_R,MeContext=LTE03ERBS00023,ManagedElement=1,ENodeBFunction=1,EUtranCellFDD=LTE03ERBS00023-4,EUtranFreqRelation=1,EUtranCellRelation=30" lastModified="1287507105532" mimName="ERBS_NODE_MODEL" mimVersion="A.9.50.J.9.1">
    <attr name="isRemoveAllowed">false</attr>
    <attr name="neighborCellRef">SubNetwork=ONRM_RootMo_R,MeContext=LTE03ERBS00023,ManagedElement=1,ENodeBFunction=1,EUtraNetwork=1,ExternalENodeBFunction=351,ExternalEUtranCellFDD=3</attr>
    <attr name="anrCreated">false</attr>
    <attr name="isHoAllowed">true</attr>
  </mo>
  <mo fdn="SubNetwork=ONRM_RootMo_R,MeContext=LTE03ERBS00023,ManagedElement=1,ENodeBFunction=1,EUtranCellFDD=LTE03ERBS00023-4,EUtranFreqRelation=1,EUtranCellRelation=31" lastModified="1287507105530" mimName="ERBS_NODE_MODEL" mimVersion="A.9.50.J.9.1">
    <attr name="isRemoveAllowed">false</attr>
    <attr name="neighborCellRef">SubNetwork=ONRM_RootMo_R,MeContext=LTE03ERBS00023,ManagedElement=1,ENodeBFunction=1,EUtraNetwork=1,ExternalENodeBFunction=351,ExternalEUtranCellFDD=4</attr>
    <attr name="anrCreated">false</attr>
    <attr name="isHoAllowed">true</attr>
  </mo>
  <mo fdn="SubNetwork=ONRM_RootMo_R,MeContext=LTE03ERBS00023,ManagedElement=1,ENodeBFunction=1,EUtranCellFDD=LTE03ERBS00023-4,EUtranFreqRelation=1,EUtranCellRelation=4" lastModified="1287507105537" mimName="ERBS_NODE_MODEL" mimVersion="A.9.50.J.9.1">
    <attr name="isRemoveAllowed">false</attr>
    <attr name="neighborCellRef">SubNetwork=ONRM_RootMo_R,MeContext=LTE03ERBS00023,ManagedElement=1,ENodeBFunction=1,EUtraNetwork=1,ExternalENodeBFunction=337,ExternalEUtranCellFDD=3</attr>
    <attr name="anrCreated">false</attr>
    <attr name="isHoAllowed">true</attr>
  </mo>
  <mo fdn="SubNetwork=ONRM_RootMo_R,MeContext=LTE03ERBS00023,ManagedElement=1,ENodeBFunction=1,EUtranCellFDD=LTE03ERBS00023-4,EUtranFreqRelation=1,EUtranCellRelation=5" lastModified="1287507105538" mimName="ERBS_NODE_MODEL" mimVersion="A.9.50.J.9.1">
    <attr name="isRemoveAllowed">false</attr>
    <attr name="neighborCellRef">SubNetwork=ONRM_RootMo_R,MeContext=LTE03ERBS00023,ManagedElement=1,ENodeBFunction=1,EUtraNetwork=1,ExternalENodeBFunction=337,ExternalEUtranCellFDD=4</attr>
    <attr name="anrCreated">false</attr>
    <attr name="isHoAllowed">true</attr>
  </mo>
  <mo fdn="SubNetwork=ONRM_RootMo_R,MeContext=LTE03ERBS00023,ManagedElement=1,ENodeBFunction=1,EUtranCellFDD=LTE03ERBS00023-4,EUtranFreqRelation=1,EUtranCellRelation=8" lastModified="1287507105534" mimName="ERBS_NODE_MODEL" mimVersion="A.9.50.J.9.1">
    <attr name="isRemoveAllowed">false</attr>
    <attr name="neighborCellRef">SubNetwork=ONRM_RootMo_R,MeContext=LTE03ERBS00023,ManagedElement=1,ENodeBFunction=1,EUtraNetwork=1,ExternalENodeBFunction=339,ExternalEUtranCellFDD=3</attr>
    <attr name="anrCreated">false</attr>
    <attr name="isHoAllowed">true</attr>
  </mo>
  <mo fdn="SubNetwork=ONRM_RootMo_R,MeContext=LTE03ERBS00023,ManagedElement=1,ENodeBFunction=1,EUtranCellFDD=LTE03ERBS00023-4,EUtranFreqRelation=1,EUtranCellRelation=9" lastModified="1287507105535" mimName="ERBS_NODE_MODEL" mimVersion="A.9.50.J.9.1">
    <attr name="isRemoveAllowed">false</attr>
    <attr name="neighborCellRef">SubNetwork=ONRM_RootMo_R,MeContext=LTE03ERBS00023,ManagedElement=1,ENodeBFunction=1,EUtraNetwork=1,ExternalENodeBFunction=339,ExternalEUtranCellFDD=4</attr>
    <attr name="anrCreated">false</attr>
    <attr name="isHoAllowed">true</attr>
  </mo>
  <mo fdn="SubNetwork=ONRM_RootMo_R,MeContext=LTE03ERBS00023,ManagedElement=1,ENodeBFunction=1,EUtranCellFDD=LTE03ERBS00023-4,EUtranFreqRelation=2,EUtranCellRelation=10" lastModified="1287512214348" mimName="ERBS_NODE_MODEL" mimVersion="A.9.50.J.9.1">
    <attr name="isRemoveAllowed">false</attr>
    <attr name="neighborCellRef">SubNetwork=ONRM_RootMo_R,MeContext=LTE03ERBS00023,ManagedElement=1,ENodeBFunction=1,EUtraNetwork=1,ExternalENodeBFunction=340,ExternalEUtranCellFDD=3</attr>
    <attr name="anrCreated">false</attr>
    <attr name="isHoAllowed">true</attr>
  </mo>
  <mo fdn="SubNetwork=ONRM_RootMo_R,MeContext=LTE03ERBS00023,ManagedElement=1,ENodeBFunction=1,EUtranCellFDD=LTE03ERBS00023-4,EUtranFreqRelation=2,EUtranCellRelation=11" lastModified="1287512214345" mimName="ERBS_NODE_MODEL" mimVersion="A.9.50.J.9.1">
    <attr name="isRemoveAllowed">false</attr>
    <attr name="neighborCellRef">SubNetwork=ONRM_RootMo_R,MeContext=LTE03ERBS00023,ManagedElement=1,ENodeBFunction=1,EUtraNetwork=1,ExternalENodeBFunction=340,ExternalEUtranCellFDD=4</attr>
    <attr name="anrCreated">false</attr>
    <attr name="isHoAllowed">true</attr>
  </mo>
  <mo fdn="SubNetwork=ONRM_RootMo_R,MeContext=LTE03ERBS00023,ManagedElement=1,ENodeBFunction=1,EUtranCellFDD=LTE03ERBS00023-4,EUtranFreqRelation=2,EUtranCellRelation=14" lastModified="1287507105516" mimName="ERBS_NODE_MODEL" mimVersion="A.9.50.J.9.1">
    <attr name="isRemoveAllowed">false</attr>
    <attr name="neighborCellRef">SubNetwork=ONRM_RootMo_R,MeContext=LTE03ERBS00023,ManagedElement=1,ENodeBFunction=1,EUtraNetwork=1,ExternalENodeBFunction=342,ExternalEUtranCellFDD=3</attr>
    <attr name="anrCreated">false</attr>
    <attr name="isHoAllowed">true</attr>
  </mo>
  <mo fdn="SubNetwork=ONRM_RootMo_R,MeContext=LTE03ERBS00023,ManagedElement=1,ENodeBFunction=1,EUtranCellFDD=LTE03ERBS00023-4,EUtranFreqRelation=2,EUtranCellRelation=15" lastModified="1287507105526" mimName="ERBS_NODE_MODEL" mimVersion="A.9.50.J.9.1">
    <attr name="isRemoveAllowed">false</attr>
    <attr name="neighborCellRef">SubNetwork=ONRM_RootMo_R,MeContext=LTE03ERBS00023,ManagedElement=1,ENodeBFunction=1,EUtraNetwork=1,ExternalENodeBFunction=342,ExternalEUtranCellFDD=4</attr>
    <attr name="anrCreated">false</attr>
    <attr name="isHoAllowed">true</attr>
  </mo>
  <mo fdn="SubNetwork=ONRM_RootMo_R,MeContext=LTE03ERBS00023,ManagedElement=1,ENodeBFunction=1,EUtranCellFDD=LTE03ERBS00023-4,EUtranFreqRelation=2,EUtranCellRelation=16" lastModified="1287512214352" mimName="ERBS_NODE_MODEL" mimVersion="A.9.50.J.9.1">
    <attr name="isRemoveAllowed">false</attr>
    <attr name="neighborCellRef">SubNetwork=ONRM_RootMo_R,MeContext=LTE03ERBS00023,ManagedElement=1,ENodeBFunction=1,EUtraNetwork=1,ExternalENodeBFunction=344,ExternalEUtranCellFDD=3</attr>
    <attr name="anrCreated">false</attr>
    <attr name="isHoAllowed">true</attr>
  </mo>
  <mo fdn="SubNetwork=ONRM_RootMo_R,MeContext=LTE03ERBS00023,ManagedElement=1,ENodeBFunction=1,EUtranCellFDD=LTE03ERBS00023-4,EUtranFreqRelation=2,EUtranCellRelation=17" lastModified="1287512214351" mimName="ERBS_NODE_MODEL" mimVersion="A.9.50.J.9.1">
    <attr name="isRemoveAllowed">false</attr>
    <attr name="neighborCellRef">SubNetwork=ONRM_RootMo_R,MeContext=LTE03ERBS00023,ManagedElement=1,ENodeBFunction=1,EUtraNetwork=1,ExternalENodeBFunction=344,ExternalEUtranCellFDD=4</attr>
    <attr name="anrCreated">false</attr>
    <attr name="isHoAllowed">true</attr>
  </mo>
  <mo fdn="SubNetwork=ONRM_RootMo_R,MeContext=LTE03ERBS00023,ManagedElement=1,ENodeBFunction=1,EUtranCellFDD=LTE03ERBS00023-4,EUtranFreqRelation=2,EUtranCellRelation=20" lastModified="1287512214350" mimName="ERBS_NODE_MODEL" mimVersion="A.9.50.J.9.1">
    <attr name="isRemoveAllowed">false</attr>
    <attr name="neighborCellRef">SubNetwork=ONRM_RootMo_R,MeContext=LTE03ERBS00023,ManagedElement=1,ENodeBFunction=1,EUtraNetwork=1,ExternalENodeBFunction=346,ExternalEUtranCellFDD=3</attr>
    <attr name="anrCreated">false</attr>
    <attr name="isHoAllowed">true</attr>
  </mo>
  <mo fdn="SubNetwork=ONRM_RootMo_R,MeContext=LTE03ERBS00023,ManagedElement=1,ENodeBFunction=1,EUtranCellFDD=LTE03ERBS00023-4,EUtranFreqRelation=2,EUtranCellRelation=21" lastModified="1287512214349" mimName="ERBS_NODE_MODEL" mimVersion="A.9.50.J.9.1">
    <attr name="isRemoveAllowed">false</attr>
    <attr name="neighborCellRef">SubNetwork=ONRM_RootMo_R,MeContext=LTE03ERBS00023,ManagedElement=1,ENodeBFunction=1,EUtraNetwork=1,ExternalENodeBFunction=346,ExternalEUtranCellFDD=4</attr>
    <attr name="anrCreated">false</attr>
    <attr name="isHoAllowed">true</attr>
  </mo>
  <mo fdn="SubNetwork=ONRM_RootMo_R,MeContext=LTE03ERBS00023,ManagedElement=1,ENodeBFunction=1,EUtranCellFDD=LTE03ERBS00023-4,EUtranFreqRelation=2,EUtranCellRelation=24" lastModified="1287512214347" mimName="ERBS_NODE_MODEL" mimVersion="A.9.50.J.9.1">
    <attr name="isRemoveAllowed">false</attr>
    <attr name="neighborCellRef">SubNetwork=ONRM_RootMo_R,MeContext=LTE03ERBS00023,ManagedElement=1,ENodeBFunction=1,EUtraNetwork=1,ExternalENodeBFunction=348,ExternalEUtranCellFDD=3</attr>
    <attr name="anrCreated">false</attr>
    <attr name="isHoAllowed">true</attr>
  </mo>
  <mo fdn="SubNetwork=ONRM_RootMo_R,MeContext=LTE03ERBS00023,ManagedElement=1,ENodeBFunction=1,EUtranCellFDD=LTE03ERBS00023-4,EUtranFreqRelation=2,EUtranCellRelation=25" lastModified="1287512214332" mimName="ERBS_NODE_MODEL" mimVersion="A.9.50.J.9.1">
    <attr name="isRemoveAllowed">false</attr>
    <attr name="neighborCellRef">SubNetwork=ONRM_RootMo_R,MeContext=LTE03ERBS00023,ManagedElement=1,ENodeBFunction=1,EUtraNetwork=1,ExternalENodeBFunction=348,ExternalEUtranCellFDD=4</attr>
    <attr name="anrCreated">false</attr>
    <attr name="isHoAllowed">true</attr>
  </mo>
  <mo fdn="SubNetwork=ONRM_RootMo_R,MeContext=LTE03ERBS00023,ManagedElement=1,ENodeBFunction=1,EUtranCellFDD=LTE03ERBS00023-4,EUtranFreqRelation=2,EUtranCellRelation=28" lastModified="1287507105525" mimName="ERBS_NODE_MODEL" mimVersion="A.9.50.J.9.1">
    <attr name="isRemoveAllowed">false</attr>
    <attr name="neighborCellRef">SubNetwork=ONRM_RootMo_R,MeContext=LTE03ERBS00023,ManagedElement=1,ENodeBFunction=1,EUtraNetwork=1,ExternalENodeBFunction=350,ExternalEUtranCellFDD=3</attr>
    <attr name="anrCreated">false</attr>
    <attr name="isHoAllowed">true</attr>
  </mo>
  <mo fdn="SubNetwork=ONRM_RootMo_R,MeContext=LTE03ERBS00023,ManagedElement=1,ENodeBFunction=1,EUtranCellFDD=LTE03ERBS00023-4,EUtranFreqRelation=2,EUtranCellRelation=29" lastModified="1287507105523" mimName="ERBS_NODE_MODEL" mimVersion="A.9.50.J.9.1">
    <attr name="isRemoveAllowed">false</attr>
    <attr name="neighborCellRef">SubNetwork=ONRM_RootMo_R,MeContext=LTE03ERBS00023,ManagedElement=1,ENodeBFunction=1,EUtraNetwork=1,ExternalENodeBFunction=350,ExternalEUtranCellFDD=4</attr>
    <attr name="anrCreated">false</attr>
    <attr name="isHoAllowed">true</attr>
  </mo>
  <mo fdn="SubNetwork=ONRM_RootMo_R,MeContext=LTE03ERBS00023,ManagedElement=1,ENodeBFunction=1,EUtranCellFDD=LTE03ERBS00023-4,EUtranFreqRelation=2,EUtranCellRelation=32" lastModified="1287507105517" mimName="ERBS_NODE_MODEL" mimVersion="A.9.50.J.9.1">
    <attr name="isRemoveAllowed">false</attr>
    <attr name="neighborCellRef">SubNetwork=ONRM_RootMo_R,MeContext=LTE03ERBS00023,ManagedElement=1,ENodeBFunction=1,EUtraNetwork=1,ExternalENodeBFunction=352,ExternalEUtranCellFDD=3</attr>
    <attr name="anrCreated">false</attr>
    <attr name="isHoAllowed">true</attr>
  </mo>
  <mo fdn="SubNetwork=ONRM_RootMo_R,MeContext=LTE03ERBS00023,ManagedElement=1,ENodeBFunction=1,EUtranCellFDD=LTE03ERBS00023-4,EUtranFreqRelation=2,EUtranCellRelation=33" lastModified="1287507105519" mimName="ERBS_NODE_MODEL" mimVersion="A.9.50.J.9.1">
    <attr name="isRemoveAllowed">false</attr>
    <attr name="neighborCellRef">SubNetwork=ONRM_RootMo_R,MeContext=LTE03ERBS00023,ManagedElement=1,ENodeBFunction=1,EUtraNetwork=1,ExternalENodeBFunction=352,ExternalEUtranCellFDD=4</attr>
    <attr name="anrCreated">false</attr>
    <attr name="isHoAllowed">true</attr>
  </mo>
  <mo fdn="SubNetwork=ONRM_RootMo_R,MeContext=LTE03ERBS00023,ManagedElement=1,ENodeBFunction=1,EUtranCellFDD=LTE03ERBS00023-4,EUtranFreqRelation=2,EUtranCellRelation=6" lastModified="1287507105520" mimName="ERBS_NODE_MODEL" mimVersion="A.9.50.J.9.1">
    <attr name="isRemoveAllowed">false</attr>
    <attr name="neighborCellRef">SubNetwork=ONRM_RootMo_R,MeContext=LTE03ERBS00023,ManagedElement=1,ENodeBFunction=1,EUtraNetwork=1,ExternalENodeBFunction=338,ExternalEUtranCellFDD=3</attr>
    <attr name="anrCreated">false</attr>
    <attr name="isHoAllowed">true</attr>
  </mo>
  <mo fdn="SubNetwork=ONRM_RootMo_R,MeContext=LTE03ERBS00023,ManagedElement=1,ENodeBFunction=1,EUtranCellFDD=LTE03ERBS00023-4,EUtranFreqRelation=2,EUtranCellRelation=7" lastModified="1287507105521" mimName="ERBS_NODE_MODEL" mimVersion="A.9.50.J.9.1">
    <attr name="isRemoveAllowed">false</attr>
    <attr name="neighborCellRef">SubNetwork=ONRM_RootMo_R,MeContext=LTE03ERBS00023,ManagedElement=1,ENodeBFunction=1,EUtraNetwork=1,ExternalENodeBFunction=338,ExternalEUtranCellFDD=4</attr>
    <attr name="anrCreated">false</attr>
    <attr name="isHoAllowed">true</attr>
  </mo>
</model>
