<?xml version="1.0" encoding="UTF-8" standalone="no"?><!-- Generated by nmsadm --><!-- Generated on Thu Oct 28 14:36:38 BST 2010 --><!-- Generated from configuration valid --><!-- Query - Base MO SubNetwork=ONRM_RootMo_R,MeContext=LTE02ERBS00040; Scope 8 --><model>
  <mo fdn="SubNetwork=ONRM_RootMo_R,MeContext=LTE02ERBS00040" lastModified="1287512127202" mimName="ERBS_NODE_MODEL" mimVersion="A.9.50.J.9.1">
    <attr name="MeContextId">LTE02ERBS00040</attr>
    <attr name="neMIMversion">vA.9.40</attr>
    <attr name="siteRef">SubNetwork=ONRM_RootMo_R,Site=LTE02ERBS00040</attr>
    <attr name="userLabel">LTE02ERBS00040</attr>
  </mo>
  <mo fdn="SubNetwork=ONRM_RootMo_R,MeContext=LTE02ERBS00040,ManagedElement=1,ENodeBFunction=1" lastModified="1287501478745" mimName="ERBS_NODE_MODEL" mimVersion="A.9.50.J.9.1">
    <attr name="eNodeBPlmnId">
      <struct>
        <attr name="mcc">311</attr>
        <attr name="mnc">480</attr>
        <attr name="mncLength">2</attr>
      </struct>
    </attr>
    <attr name="eNBId">190374</attr>
  </mo>
  <mo fdn="SubNetwork=ONRM_RootMo_R,MeContext=LTE02ERBS00040,ManagedElement=1,ENodeBFunction=1,EUtranCellFDD=LTE02ERBS00040-1" lastModified="1287512121527" mimName="ERBS_NODE_MODEL" mimVersion="A.9.50.J.9.1">
    <attr name="EUtranCellFDDId">LTE02ERBS00040-1</attr>
    <attr name="earfcnul">18000</attr>
    <attr name="cellId">1</attr>
    <attr name="tac">48650</attr>
    <attr name="bPlmnList">
      <seq count="1">
        <item>
          <struct>
            <attr name="mcc">311</attr>
            <attr name="mnc">480</attr>
            <attr name="mncLength">2</attr>
          </struct>
        </item>
      </seq>
    </attr>
    <attr name="earfcndl">0</attr>
    <attr name="userLabel">LTE02ERBS00040-1</attr>
  </mo>
  <mo fdn="SubNetwork=ONRM_RootMo_R,MeContext=LTE02ERBS00040,ManagedElement=1,ENodeBFunction=1,EUtranCellFDD=LTE02ERBS00040-1,EUtranFreqRelation=1,EUtranCellRelation=12" lastModified="1287504997284" mimName="ERBS_NODE_MODEL" mimVersion="A.9.50.J.9.1">
    <attr name="isRemoveAllowed">false</attr>
    <attr name="neighborCellRef">SubNetwork=ONRM_RootMo_R,MeContext=LTE02ERBS00040,ManagedElement=1,ENodeBFunction=1,EUtraNetwork=1,ExternalENodeBFunction=197,ExternalEUtranCellFDD=1</attr>
    <attr name="anrCreated">false</attr>
    <attr name="isHoAllowed">true</attr>
  </mo>
  <mo fdn="SubNetwork=ONRM_RootMo_R,MeContext=LTE02ERBS00040,ManagedElement=1,ENodeBFunction=1,EUtranCellFDD=LTE02ERBS00040-1,EUtranFreqRelation=1,EUtranCellRelation=13" lastModified="1287504997281" mimName="ERBS_NODE_MODEL" mimVersion="A.9.50.J.9.1">
    <attr name="isRemoveAllowed">false</attr>
    <attr name="neighborCellRef">SubNetwork=ONRM_RootMo_R,MeContext=LTE02ERBS00040,ManagedElement=1,ENodeBFunction=1,EUtraNetwork=1,ExternalENodeBFunction=197,ExternalEUtranCellFDD=2</attr>
    <attr name="anrCreated">false</attr>
    <attr name="isHoAllowed">true</attr>
  </mo>
  <mo fdn="SubNetwork=ONRM_RootMo_R,MeContext=LTE02ERBS00040,ManagedElement=1,ENodeBFunction=1,EUtranCellFDD=LTE02ERBS00040-1,EUtranFreqRelation=1,EUtranCellRelation=16" lastModified="1287504997294" mimName="ERBS_NODE_MODEL" mimVersion="A.9.50.J.9.1">
    <attr name="isRemoveAllowed">false</attr>
    <attr name="neighborCellRef">SubNetwork=ONRM_RootMo_R,MeContext=LTE02ERBS00040,ManagedElement=1,ENodeBFunction=1,EUtraNetwork=1,ExternalENodeBFunction=199,ExternalEUtranCellFDD=1</attr>
    <attr name="anrCreated">false</attr>
    <attr name="isHoAllowed">true</attr>
  </mo>
  <mo fdn="SubNetwork=ONRM_RootMo_R,MeContext=LTE02ERBS00040,ManagedElement=1,ENodeBFunction=1,EUtranCellFDD=LTE02ERBS00040-1,EUtranFreqRelation=1,EUtranCellRelation=17" lastModified="1287504997290" mimName="ERBS_NODE_MODEL" mimVersion="A.9.50.J.9.1">
    <attr name="isRemoveAllowed">false</attr>
    <attr name="neighborCellRef">SubNetwork=ONRM_RootMo_R,MeContext=LTE02ERBS00040,ManagedElement=1,ENodeBFunction=1,EUtraNetwork=1,ExternalENodeBFunction=199,ExternalEUtranCellFDD=2</attr>
    <attr name="anrCreated">false</attr>
    <attr name="isHoAllowed">true</attr>
  </mo>
  <mo fdn="SubNetwork=ONRM_RootMo_R,MeContext=LTE02ERBS00040,ManagedElement=1,ENodeBFunction=1,EUtranCellFDD=LTE02ERBS00040-1,EUtranFreqRelation=1,EUtranCellRelation=18" lastModified="1287504997288" mimName="ERBS_NODE_MODEL" mimVersion="A.9.50.J.9.1">
    <attr name="isRemoveAllowed">false</attr>
    <attr name="neighborCellRef">SubNetwork=ONRM_RootMo_R,MeContext=LTE02ERBS00040,ManagedElement=1,ENodeBFunction=1,EUtraNetwork=1,ExternalENodeBFunction=201,ExternalEUtranCellFDD=1</attr>
    <attr name="anrCreated">false</attr>
    <attr name="isHoAllowed">true</attr>
  </mo>
  <mo fdn="SubNetwork=ONRM_RootMo_R,MeContext=LTE02ERBS00040,ManagedElement=1,ENodeBFunction=1,EUtranCellFDD=LTE02ERBS00040-1,EUtranFreqRelation=1,EUtranCellRelation=19" lastModified="1287504997287" mimName="ERBS_NODE_MODEL" mimVersion="A.9.50.J.9.1">
    <attr name="isRemoveAllowed">false</attr>
    <attr name="neighborCellRef">SubNetwork=ONRM_RootMo_R,MeContext=LTE02ERBS00040,ManagedElement=1,ENodeBFunction=1,EUtraNetwork=1,ExternalENodeBFunction=201,ExternalEUtranCellFDD=2</attr>
    <attr name="anrCreated">false</attr>
    <attr name="isHoAllowed">true</attr>
  </mo>
  <mo fdn="SubNetwork=ONRM_RootMo_R,MeContext=LTE02ERBS00040,ManagedElement=1,ENodeBFunction=1,EUtranCellFDD=LTE02ERBS00040-1,EUtranFreqRelation=1,EUtranCellRelation=22" lastModified="1287504997282" mimName="ERBS_NODE_MODEL" mimVersion="A.9.50.J.9.1">
    <attr name="isRemoveAllowed">false</attr>
    <attr name="neighborCellRef">SubNetwork=ONRM_RootMo_R,MeContext=LTE02ERBS00040,ManagedElement=1,ENodeBFunction=1,EUtraNetwork=1,ExternalENodeBFunction=203,ExternalEUtranCellFDD=1</attr>
    <attr name="anrCreated">false</attr>
    <attr name="isHoAllowed">true</attr>
  </mo>
  <mo fdn="SubNetwork=ONRM_RootMo_R,MeContext=LTE02ERBS00040,ManagedElement=1,ENodeBFunction=1,EUtranCellFDD=LTE02ERBS00040-1,EUtranFreqRelation=1,EUtranCellRelation=23" lastModified="1287504997279" mimName="ERBS_NODE_MODEL" mimVersion="A.9.50.J.9.1">
    <attr name="isRemoveAllowed">false</attr>
    <attr name="neighborCellRef">SubNetwork=ONRM_RootMo_R,MeContext=LTE02ERBS00040,ManagedElement=1,ENodeBFunction=1,EUtraNetwork=1,ExternalENodeBFunction=203,ExternalEUtranCellFDD=2</attr>
    <attr name="anrCreated">false</attr>
    <attr name="isHoAllowed">true</attr>
  </mo>
  <mo fdn="SubNetwork=ONRM_RootMo_R,MeContext=LTE02ERBS00040,ManagedElement=1,ENodeBFunction=1,EUtranCellFDD=LTE02ERBS00040-1,EUtranFreqRelation=1,EUtranCellRelation=26" lastModified="1287504997291" mimName="ERBS_NODE_MODEL" mimVersion="A.9.50.J.9.1">
    <attr name="isRemoveAllowed">false</attr>
    <attr name="neighborCellRef">SubNetwork=ONRM_RootMo_R,MeContext=LTE02ERBS00040,ManagedElement=1,ENodeBFunction=1,EUtraNetwork=1,ExternalENodeBFunction=205,ExternalEUtranCellFDD=1</attr>
    <attr name="anrCreated">false</attr>
    <attr name="isHoAllowed">true</attr>
  </mo>
  <mo fdn="SubNetwork=ONRM_RootMo_R,MeContext=LTE02ERBS00040,ManagedElement=1,ENodeBFunction=1,EUtranCellFDD=LTE02ERBS00040-1,EUtranFreqRelation=1,EUtranCellRelation=27" lastModified="1287504997289" mimName="ERBS_NODE_MODEL" mimVersion="A.9.50.J.9.1">
    <attr name="isRemoveAllowed">false</attr>
    <attr name="neighborCellRef">SubNetwork=ONRM_RootMo_R,MeContext=LTE02ERBS00040,ManagedElement=1,ENodeBFunction=1,EUtraNetwork=1,ExternalENodeBFunction=205,ExternalEUtranCellFDD=2</attr>
    <attr name="anrCreated">false</attr>
    <attr name="isHoAllowed">true</attr>
  </mo>
  <mo fdn="SubNetwork=ONRM_RootMo_R,MeContext=LTE02ERBS00040,ManagedElement=1,ENodeBFunction=1,EUtranCellFDD=LTE02ERBS00040-1,EUtranFreqRelation=1,EUtranCellRelation=30" lastModified="1287504997284" mimName="ERBS_NODE_MODEL" mimVersion="A.9.50.J.9.1">
    <attr name="isRemoveAllowed">false</attr>
    <attr name="neighborCellRef">SubNetwork=ONRM_RootMo_R,MeContext=LTE02ERBS00040,ManagedElement=1,ENodeBFunction=1,EUtraNetwork=1,ExternalENodeBFunction=207,ExternalEUtranCellFDD=1</attr>
    <attr name="anrCreated">false</attr>
    <attr name="isHoAllowed">true</attr>
  </mo>
  <mo fdn="SubNetwork=ONRM_RootMo_R,MeContext=LTE02ERBS00040,ManagedElement=1,ENodeBFunction=1,EUtranCellFDD=LTE02ERBS00040-1,EUtranFreqRelation=1,EUtranCellRelation=31" lastModified="1287504997283" mimName="ERBS_NODE_MODEL" mimVersion="A.9.50.J.9.1">
    <attr name="isRemoveAllowed">false</attr>
    <attr name="neighborCellRef">SubNetwork=ONRM_RootMo_R,MeContext=LTE02ERBS00040,ManagedElement=1,ENodeBFunction=1,EUtraNetwork=1,ExternalENodeBFunction=207,ExternalEUtranCellFDD=2</attr>
    <attr name="anrCreated">false</attr>
    <attr name="isHoAllowed">true</attr>
  </mo>
  <mo fdn="SubNetwork=ONRM_RootMo_R,MeContext=LTE02ERBS00040,ManagedElement=1,ENodeBFunction=1,EUtranCellFDD=LTE02ERBS00040-1,EUtranFreqRelation=1,EUtranCellRelation=4" lastModified="1287504997293" mimName="ERBS_NODE_MODEL" mimVersion="A.9.50.J.9.1">
    <attr name="isRemoveAllowed">false</attr>
    <attr name="neighborCellRef">SubNetwork=ONRM_RootMo_R,MeContext=LTE02ERBS00040,ManagedElement=1,ENodeBFunction=1,EUtraNetwork=1,ExternalENodeBFunction=193,ExternalEUtranCellFDD=1</attr>
    <attr name="anrCreated">false</attr>
    <attr name="isHoAllowed">true</attr>
  </mo>
  <mo fdn="SubNetwork=ONRM_RootMo_R,MeContext=LTE02ERBS00040,ManagedElement=1,ENodeBFunction=1,EUtranCellFDD=LTE02ERBS00040-1,EUtranFreqRelation=1,EUtranCellRelation=5" lastModified="1287504997295" mimName="ERBS_NODE_MODEL" mimVersion="A.9.50.J.9.1">
    <attr name="isRemoveAllowed">false</attr>
    <attr name="neighborCellRef">SubNetwork=ONRM_RootMo_R,MeContext=LTE02ERBS00040,ManagedElement=1,ENodeBFunction=1,EUtraNetwork=1,ExternalENodeBFunction=193,ExternalEUtranCellFDD=2</attr>
    <attr name="anrCreated">false</attr>
    <attr name="isHoAllowed">true</attr>
  </mo>
  <mo fdn="SubNetwork=ONRM_RootMo_R,MeContext=LTE02ERBS00040,ManagedElement=1,ENodeBFunction=1,EUtranCellFDD=LTE02ERBS00040-1,EUtranFreqRelation=1,EUtranCellRelation=8" lastModified="1287504997285" mimName="ERBS_NODE_MODEL" mimVersion="A.9.50.J.9.1">
    <attr name="isRemoveAllowed">false</attr>
    <attr name="neighborCellRef">SubNetwork=ONRM_RootMo_R,MeContext=LTE02ERBS00040,ManagedElement=1,ENodeBFunction=1,EUtraNetwork=1,ExternalENodeBFunction=195,ExternalEUtranCellFDD=1</attr>
    <attr name="anrCreated">false</attr>
    <attr name="isHoAllowed">true</attr>
  </mo>
  <mo fdn="SubNetwork=ONRM_RootMo_R,MeContext=LTE02ERBS00040,ManagedElement=1,ENodeBFunction=1,EUtranCellFDD=LTE02ERBS00040-1,EUtranFreqRelation=1,EUtranCellRelation=9" lastModified="1287504997286" mimName="ERBS_NODE_MODEL" mimVersion="A.9.50.J.9.1">
    <attr name="isRemoveAllowed">false</attr>
    <attr name="neighborCellRef">SubNetwork=ONRM_RootMo_R,MeContext=LTE02ERBS00040,ManagedElement=1,ENodeBFunction=1,EUtraNetwork=1,ExternalENodeBFunction=195,ExternalEUtranCellFDD=2</attr>
    <attr name="anrCreated">false</attr>
    <attr name="isHoAllowed">true</attr>
  </mo>
  <mo fdn="SubNetwork=ONRM_RootMo_R,MeContext=LTE02ERBS00040,ManagedElement=1,ENodeBFunction=1,EUtranCellFDD=LTE02ERBS00040-1,EUtranFreqRelation=2,EUtranCellRelation=1" lastModified="1287501477579" mimName="ERBS_NODE_MODEL" mimVersion="A.9.50.J.9.1">
    <attr name="isRemoveAllowed">false</attr>
    <attr name="neighborCellRef">SubNetwork=ONRM_RootMo_R,MeContext=LTE02ERBS00040,ManagedElement=1,ENodeBFunction=1,EUtranCellFDD=LTE02ERBS00040-2</attr>
    <attr name="anrCreated">false</attr>
    <attr name="isHoAllowed">true</attr>
  </mo>
  <mo fdn="SubNetwork=ONRM_RootMo_R,MeContext=LTE02ERBS00040,ManagedElement=1,ENodeBFunction=1,EUtranCellFDD=LTE02ERBS00040-1,EUtranFreqRelation=2,EUtranCellRelation=10" lastModified="1287504997262" mimName="ERBS_NODE_MODEL" mimVersion="A.9.50.J.9.1">
    <attr name="isRemoveAllowed">false</attr>
    <attr name="neighborCellRef">SubNetwork=ONRM_RootMo_R,MeContext=LTE02ERBS00040,ManagedElement=1,ENodeBFunction=1,EUtraNetwork=1,ExternalENodeBFunction=196,ExternalEUtranCellFDD=1</attr>
    <attr name="anrCreated">false</attr>
    <attr name="isHoAllowed">true</attr>
  </mo>
  <mo fdn="SubNetwork=ONRM_RootMo_R,MeContext=LTE02ERBS00040,ManagedElement=1,ENodeBFunction=1,EUtranCellFDD=LTE02ERBS00040-1,EUtranFreqRelation=2,EUtranCellRelation=11" lastModified="1287504997261" mimName="ERBS_NODE_MODEL" mimVersion="A.9.50.J.9.1">
    <attr name="isRemoveAllowed">false</attr>
    <attr name="neighborCellRef">SubNetwork=ONRM_RootMo_R,MeContext=LTE02ERBS00040,ManagedElement=1,ENodeBFunction=1,EUtraNetwork=1,ExternalENodeBFunction=196,ExternalEUtranCellFDD=2</attr>
    <attr name="anrCreated">false</attr>
    <attr name="isHoAllowed">true</attr>
  </mo>
  <mo fdn="SubNetwork=ONRM_RootMo_R,MeContext=LTE02ERBS00040,ManagedElement=1,ENodeBFunction=1,EUtranCellFDD=LTE02ERBS00040-1,EUtranFreqRelation=2,EUtranCellRelation=14" lastModified="1287504997255" mimName="ERBS_NODE_MODEL" mimVersion="A.9.50.J.9.1">
    <attr name="isRemoveAllowed">false</attr>
    <attr name="neighborCellRef">SubNetwork=ONRM_RootMo_R,MeContext=LTE02ERBS00040,ManagedElement=1,ENodeBFunction=1,EUtraNetwork=1,ExternalENodeBFunction=198,ExternalEUtranCellFDD=1</attr>
    <attr name="anrCreated">false</attr>
    <attr name="isHoAllowed">true</attr>
  </mo>
  <mo fdn="SubNetwork=ONRM_RootMo_R,MeContext=LTE02ERBS00040,ManagedElement=1,ENodeBFunction=1,EUtranCellFDD=LTE02ERBS00040-1,EUtranFreqRelation=2,EUtranCellRelation=15" lastModified="1287504997276" mimName="ERBS_NODE_MODEL" mimVersion="A.9.50.J.9.1">
    <attr name="isRemoveAllowed">false</attr>
    <attr name="neighborCellRef">SubNetwork=ONRM_RootMo_R,MeContext=LTE02ERBS00040,ManagedElement=1,ENodeBFunction=1,EUtraNetwork=1,ExternalENodeBFunction=198,ExternalEUtranCellFDD=2</attr>
    <attr name="anrCreated">false</attr>
    <attr name="isHoAllowed">true</attr>
  </mo>
  <mo fdn="SubNetwork=ONRM_RootMo_R,MeContext=LTE02ERBS00040,ManagedElement=1,ENodeBFunction=1,EUtranCellFDD=LTE02ERBS00040-1,EUtranFreqRelation=2,EUtranCellRelation=2" lastModified="1287501477575" mimName="ERBS_NODE_MODEL" mimVersion="A.9.50.J.9.1">
    <attr name="isRemoveAllowed">false</attr>
    <attr name="neighborCellRef">SubNetwork=ONRM_RootMo_R,MeContext=LTE02ERBS00040,ManagedElement=1,ENodeBFunction=1,EUtranCellFDD=LTE02ERBS00040-3</attr>
    <attr name="anrCreated">false</attr>
    <attr name="isHoAllowed">true</attr>
  </mo>
  <mo fdn="SubNetwork=ONRM_RootMo_R,MeContext=LTE02ERBS00040,ManagedElement=1,ENodeBFunction=1,EUtranCellFDD=LTE02ERBS00040-1,EUtranFreqRelation=2,EUtranCellRelation=20" lastModified="1287504997266" mimName="ERBS_NODE_MODEL" mimVersion="A.9.50.J.9.1">
    <attr name="isRemoveAllowed">false</attr>
    <attr name="neighborCellRef">SubNetwork=ONRM_RootMo_R,MeContext=LTE02ERBS00040,ManagedElement=1,ENodeBFunction=1,EUtraNetwork=1,ExternalENodeBFunction=202,ExternalEUtranCellFDD=1</attr>
    <attr name="anrCreated">false</attr>
    <attr name="isHoAllowed">true</attr>
  </mo>
  <mo fdn="SubNetwork=ONRM_RootMo_R,MeContext=LTE02ERBS00040,ManagedElement=1,ENodeBFunction=1,EUtranCellFDD=LTE02ERBS00040-1,EUtranFreqRelation=2,EUtranCellRelation=21" lastModified="1287504997264" mimName="ERBS_NODE_MODEL" mimVersion="A.9.50.J.9.1">
    <attr name="isRemoveAllowed">false</attr>
    <attr name="neighborCellRef">SubNetwork=ONRM_RootMo_R,MeContext=LTE02ERBS00040,ManagedElement=1,ENodeBFunction=1,EUtraNetwork=1,ExternalENodeBFunction=202,ExternalEUtranCellFDD=2</attr>
    <attr name="anrCreated">false</attr>
    <attr name="isHoAllowed">true</attr>
  </mo>
  <mo fdn="SubNetwork=ONRM_RootMo_R,MeContext=LTE02ERBS00040,ManagedElement=1,ENodeBFunction=1,EUtranCellFDD=LTE02ERBS00040-1,EUtranFreqRelation=2,EUtranCellRelation=24" lastModified="1287504997260" mimName="ERBS_NODE_MODEL" mimVersion="A.9.50.J.9.1">
    <attr name="isRemoveAllowed">false</attr>
    <attr name="neighborCellRef">SubNetwork=ONRM_RootMo_R,MeContext=LTE02ERBS00040,ManagedElement=1,ENodeBFunction=1,EUtraNetwork=1,ExternalENodeBFunction=204,ExternalEUtranCellFDD=1</attr>
    <attr name="anrCreated">false</attr>
    <attr name="isHoAllowed">true</attr>
  </mo>
  <mo fdn="SubNetwork=ONRM_RootMo_R,MeContext=LTE02ERBS00040,ManagedElement=1,ENodeBFunction=1,EUtranCellFDD=LTE02ERBS00040-1,EUtranFreqRelation=2,EUtranCellRelation=25" lastModified="1287504997258" mimName="ERBS_NODE_MODEL" mimVersion="A.9.50.J.9.1">
    <attr name="isRemoveAllowed">false</attr>
    <attr name="neighborCellRef">SubNetwork=ONRM_RootMo_R,MeContext=LTE02ERBS00040,ManagedElement=1,ENodeBFunction=1,EUtraNetwork=1,ExternalENodeBFunction=204,ExternalEUtranCellFDD=2</attr>
    <attr name="anrCreated">false</attr>
    <attr name="isHoAllowed">true</attr>
  </mo>
  <mo fdn="SubNetwork=ONRM_RootMo_R,MeContext=LTE02ERBS00040,ManagedElement=1,ENodeBFunction=1,EUtranCellFDD=LTE02ERBS00040-1,EUtranFreqRelation=2,EUtranCellRelation=28" lastModified="1287504997275" mimName="ERBS_NODE_MODEL" mimVersion="A.9.50.J.9.1">
    <attr name="isRemoveAllowed">false</attr>
    <attr name="neighborCellRef">SubNetwork=ONRM_RootMo_R,MeContext=LTE02ERBS00040,ManagedElement=1,ENodeBFunction=1,EUtraNetwork=1,ExternalENodeBFunction=206,ExternalEUtranCellFDD=1</attr>
    <attr name="anrCreated">false</attr>
    <attr name="isHoAllowed">true</attr>
  </mo>
  <mo fdn="SubNetwork=ONRM_RootMo_R,MeContext=LTE02ERBS00040,ManagedElement=1,ENodeBFunction=1,EUtranCellFDD=LTE02ERBS00040-1,EUtranFreqRelation=2,EUtranCellRelation=29" lastModified="1287504997273" mimName="ERBS_NODE_MODEL" mimVersion="A.9.50.J.9.1">
    <attr name="isRemoveAllowed">false</attr>
    <attr name="neighborCellRef">SubNetwork=ONRM_RootMo_R,MeContext=LTE02ERBS00040,ManagedElement=1,ENodeBFunction=1,EUtraNetwork=1,ExternalENodeBFunction=206,ExternalEUtranCellFDD=2</attr>
    <attr name="anrCreated">false</attr>
    <attr name="isHoAllowed">true</attr>
  </mo>
  <mo fdn="SubNetwork=ONRM_RootMo_R,MeContext=LTE02ERBS00040,ManagedElement=1,ENodeBFunction=1,EUtranCellFDD=LTE02ERBS00040-1,EUtranFreqRelation=2,EUtranCellRelation=3" lastModified="1287501477569" mimName="ERBS_NODE_MODEL" mimVersion="A.9.50.J.9.1">
    <attr name="isRemoveAllowed">false</attr>
    <attr name="neighborCellRef">SubNetwork=ONRM_RootMo_R,MeContext=LTE02ERBS00040,ManagedElement=1,ENodeBFunction=1,EUtranCellFDD=LTE02ERBS00040-4</attr>
    <attr name="anrCreated">false</attr>
    <attr name="isHoAllowed">true</attr>
  </mo>
  <mo fdn="SubNetwork=ONRM_RootMo_R,MeContext=LTE02ERBS00040,ManagedElement=1,ENodeBFunction=1,EUtranCellFDD=LTE02ERBS00040-1,EUtranFreqRelation=2,EUtranCellRelation=32" lastModified="1287504997257" mimName="ERBS_NODE_MODEL" mimVersion="A.9.50.J.9.1">
    <attr name="isRemoveAllowed">false</attr>
    <attr name="neighborCellRef">SubNetwork=ONRM_RootMo_R,MeContext=LTE02ERBS00040,ManagedElement=1,ENodeBFunction=1,EUtraNetwork=1,ExternalENodeBFunction=208,ExternalEUtranCellFDD=1</attr>
    <attr name="anrCreated">false</attr>
    <attr name="isHoAllowed">true</attr>
  </mo>
  <mo fdn="SubNetwork=ONRM_RootMo_R,MeContext=LTE02ERBS00040,ManagedElement=1,ENodeBFunction=1,EUtranCellFDD=LTE02ERBS00040-1,EUtranFreqRelation=2,EUtranCellRelation=33" lastModified="1287504997267" mimName="ERBS_NODE_MODEL" mimVersion="A.9.50.J.9.1">
    <attr name="isRemoveAllowed">false</attr>
    <attr name="neighborCellRef">SubNetwork=ONRM_RootMo_R,MeContext=LTE02ERBS00040,ManagedElement=1,ENodeBFunction=1,EUtraNetwork=1,ExternalENodeBFunction=208,ExternalEUtranCellFDD=2</attr>
    <attr name="anrCreated">false</attr>
    <attr name="isHoAllowed">true</attr>
  </mo>
  <mo fdn="SubNetwork=ONRM_RootMo_R,MeContext=LTE02ERBS00040,ManagedElement=1,ENodeBFunction=1,EUtranCellFDD=LTE02ERBS00040-1,EUtranFreqRelation=2,EUtranCellRelation=6" lastModified="1287504997269" mimName="ERBS_NODE_MODEL" mimVersion="A.9.50.J.9.1">
    <attr name="isRemoveAllowed">false</attr>
    <attr name="neighborCellRef">SubNetwork=ONRM_RootMo_R,MeContext=LTE02ERBS00040,ManagedElement=1,ENodeBFunction=1,EUtraNetwork=1,ExternalENodeBFunction=194,ExternalEUtranCellFDD=1</attr>
    <attr name="anrCreated">false</attr>
    <attr name="isHoAllowed">true</attr>
  </mo>
  <mo fdn="SubNetwork=ONRM_RootMo_R,MeContext=LTE02ERBS00040,ManagedElement=1,ENodeBFunction=1,EUtranCellFDD=LTE02ERBS00040-1,EUtranFreqRelation=2,EUtranCellRelation=7" lastModified="1287504997271" mimName="ERBS_NODE_MODEL" mimVersion="A.9.50.J.9.1">
    <attr name="isRemoveAllowed">false</attr>
    <attr name="neighborCellRef">SubNetwork=ONRM_RootMo_R,MeContext=LTE02ERBS00040,ManagedElement=1,ENodeBFunction=1,EUtraNetwork=1,ExternalENodeBFunction=194,ExternalEUtranCellFDD=2</attr>
    <attr name="anrCreated">false</attr>
    <attr name="isHoAllowed">true</attr>
  </mo>
  <mo fdn="SubNetwork=ONRM_RootMo_R,MeContext=LTE02ERBS00040,ManagedElement=1,ENodeBFunction=1,EUtranCellFDD=LTE02ERBS00040-2" lastModified="1287512123822" mimName="ERBS_NODE_MODEL" mimVersion="A.9.50.J.9.1">
    <attr name="EUtranCellFDDId">LTE02ERBS00040-2</attr>
    <attr name="earfcnul">18000</attr>
    <attr name="cellId">2</attr>
    <attr name="tac">48650</attr>
    <attr name="bPlmnList">
      <seq count="1">
        <item>
          <struct>
            <attr name="mcc">311</attr>
            <attr name="mnc">480</attr>
            <attr name="mncLength">2</attr>
          </struct>
        </item>
      </seq>
    </attr>
    <attr name="earfcndl">0</attr>
    <attr name="userLabel">LTE02ERBS00040-2</attr>
  </mo>
  <mo fdn="SubNetwork=ONRM_RootMo_R,MeContext=LTE02ERBS00040,ManagedElement=1,ENodeBFunction=1,EUtranCellFDD=LTE02ERBS00040-2,EUtranFreqRelation=1,EUtranCellRelation=12" lastModified="1287505003934" mimName="ERBS_NODE_MODEL" mimVersion="A.9.50.J.9.1">
    <attr name="isRemoveAllowed">false</attr>
    <attr name="neighborCellRef">SubNetwork=ONRM_RootMo_R,MeContext=LTE02ERBS00040,ManagedElement=1,ENodeBFunction=1,EUtraNetwork=1,ExternalENodeBFunction=197,ExternalEUtranCellFDD=1</attr>
    <attr name="anrCreated">false</attr>
    <attr name="isHoAllowed">true</attr>
  </mo>
  <mo fdn="SubNetwork=ONRM_RootMo_R,MeContext=LTE02ERBS00040,ManagedElement=1,ENodeBFunction=1,EUtranCellFDD=LTE02ERBS00040-2,EUtranFreqRelation=1,EUtranCellRelation=13" lastModified="1287505003929" mimName="ERBS_NODE_MODEL" mimVersion="A.9.50.J.9.1">
    <attr name="isRemoveAllowed">false</attr>
    <attr name="neighborCellRef">SubNetwork=ONRM_RootMo_R,MeContext=LTE02ERBS00040,ManagedElement=1,ENodeBFunction=1,EUtraNetwork=1,ExternalENodeBFunction=197,ExternalEUtranCellFDD=2</attr>
    <attr name="anrCreated">false</attr>
    <attr name="isHoAllowed">true</attr>
  </mo>
  <mo fdn="SubNetwork=ONRM_RootMo_R,MeContext=LTE02ERBS00040,ManagedElement=1,ENodeBFunction=1,EUtranCellFDD=LTE02ERBS00040-2,EUtranFreqRelation=1,EUtranCellRelation=16" lastModified="1287505003945" mimName="ERBS_NODE_MODEL" mimVersion="A.9.50.J.9.1">
    <attr name="isRemoveAllowed">false</attr>
    <attr name="neighborCellRef">SubNetwork=ONRM_RootMo_R,MeContext=LTE02ERBS00040,ManagedElement=1,ENodeBFunction=1,EUtraNetwork=1,ExternalENodeBFunction=199,ExternalEUtranCellFDD=1</attr>
    <attr name="anrCreated">false</attr>
    <attr name="isHoAllowed">true</attr>
  </mo>
  <mo fdn="SubNetwork=ONRM_RootMo_R,MeContext=LTE02ERBS00040,ManagedElement=1,ENodeBFunction=1,EUtranCellFDD=LTE02ERBS00040-2,EUtranFreqRelation=1,EUtranCellRelation=17" lastModified="1287505003941" mimName="ERBS_NODE_MODEL" mimVersion="A.9.50.J.9.1">
    <attr name="isRemoveAllowed">false</attr>
    <attr name="neighborCellRef">SubNetwork=ONRM_RootMo_R,MeContext=LTE02ERBS00040,ManagedElement=1,ENodeBFunction=1,EUtraNetwork=1,ExternalENodeBFunction=199,ExternalEUtranCellFDD=2</attr>
    <attr name="anrCreated">false</attr>
    <attr name="isHoAllowed">true</attr>
  </mo>
  <mo fdn="SubNetwork=ONRM_RootMo_R,MeContext=LTE02ERBS00040,ManagedElement=1,ENodeBFunction=1,EUtranCellFDD=LTE02ERBS00040-2,EUtranFreqRelation=1,EUtranCellRelation=18" lastModified="1287505003940" mimName="ERBS_NODE_MODEL" mimVersion="A.9.50.J.9.1">
    <attr name="isRemoveAllowed">false</attr>
    <attr name="neighborCellRef">SubNetwork=ONRM_RootMo_R,MeContext=LTE02ERBS00040,ManagedElement=1,ENodeBFunction=1,EUtraNetwork=1,ExternalENodeBFunction=201,ExternalEUtranCellFDD=1</attr>
    <attr name="anrCreated">false</attr>
    <attr name="isHoAllowed">true</attr>
  </mo>
  <mo fdn="SubNetwork=ONRM_RootMo_R,MeContext=LTE02ERBS00040,ManagedElement=1,ENodeBFunction=1,EUtranCellFDD=LTE02ERBS00040-2,EUtranFreqRelation=1,EUtranCellRelation=19" lastModified="1287505003938" mimName="ERBS_NODE_MODEL" mimVersion="A.9.50.J.9.1">
    <attr name="isRemoveAllowed">false</attr>
    <attr name="neighborCellRef">SubNetwork=ONRM_RootMo_R,MeContext=LTE02ERBS00040,ManagedElement=1,ENodeBFunction=1,EUtraNetwork=1,ExternalENodeBFunction=201,ExternalEUtranCellFDD=2</attr>
    <attr name="anrCreated">false</attr>
    <attr name="isHoAllowed">true</attr>
  </mo>
  <mo fdn="SubNetwork=ONRM_RootMo_R,MeContext=LTE02ERBS00040,ManagedElement=1,ENodeBFunction=1,EUtranCellFDD=LTE02ERBS00040-2,EUtranFreqRelation=1,EUtranCellRelation=22" lastModified="1287505003930" mimName="ERBS_NODE_MODEL" mimVersion="A.9.50.J.9.1">
    <attr name="isRemoveAllowed">false</attr>
    <attr name="neighborCellRef">SubNetwork=ONRM_RootMo_R,MeContext=LTE02ERBS00040,ManagedElement=1,ENodeBFunction=1,EUtraNetwork=1,ExternalENodeBFunction=203,ExternalEUtranCellFDD=1</attr>
    <attr name="anrCreated">false</attr>
    <attr name="isHoAllowed">true</attr>
  </mo>
  <mo fdn="SubNetwork=ONRM_RootMo_R,MeContext=LTE02ERBS00040,ManagedElement=1,ENodeBFunction=1,EUtranCellFDD=LTE02ERBS00040-2,EUtranFreqRelation=1,EUtranCellRelation=23" lastModified="1287505003927" mimName="ERBS_NODE_MODEL" mimVersion="A.9.50.J.9.1">
    <attr name="isRemoveAllowed">false</attr>
    <attr name="neighborCellRef">SubNetwork=ONRM_RootMo_R,MeContext=LTE02ERBS00040,ManagedElement=1,ENodeBFunction=1,EUtraNetwork=1,ExternalENodeBFunction=203,ExternalEUtranCellFDD=2</attr>
    <attr name="anrCreated">false</attr>
    <attr name="isHoAllowed">true</attr>
  </mo>
  <mo fdn="SubNetwork=ONRM_RootMo_R,MeContext=LTE02ERBS00040,ManagedElement=1,ENodeBFunction=1,EUtranCellFDD=LTE02ERBS00040-2,EUtranFreqRelation=1,EUtranCellRelation=26" lastModified="1287505003942" mimName="ERBS_NODE_MODEL" mimVersion="A.9.50.J.9.1">
    <attr name="isRemoveAllowed">false</attr>
    <attr name="neighborCellRef">SubNetwork=ONRM_RootMo_R,MeContext=LTE02ERBS00040,ManagedElement=1,ENodeBFunction=1,EUtraNetwork=1,ExternalENodeBFunction=205,ExternalEUtranCellFDD=1</attr>
    <attr name="anrCreated">false</attr>
    <attr name="isHoAllowed">true</attr>
  </mo>
  <mo fdn="SubNetwork=ONRM_RootMo_R,MeContext=LTE02ERBS00040,ManagedElement=1,ENodeBFunction=1,EUtranCellFDD=LTE02ERBS00040-2,EUtranFreqRelation=1,EUtranCellRelation=27" lastModified="1287505003940" mimName="ERBS_NODE_MODEL" mimVersion="A.9.50.J.9.1">
    <attr name="isRemoveAllowed">false</attr>
    <attr name="neighborCellRef">SubNetwork=ONRM_RootMo_R,MeContext=LTE02ERBS00040,ManagedElement=1,ENodeBFunction=1,EUtraNetwork=1,ExternalENodeBFunction=205,ExternalEUtranCellFDD=2</attr>
    <attr name="anrCreated">false</attr>
    <attr name="isHoAllowed">true</attr>
  </mo>
  <mo fdn="SubNetwork=ONRM_RootMo_R,MeContext=LTE02ERBS00040,ManagedElement=1,ENodeBFunction=1,EUtranCellFDD=LTE02ERBS00040-2,EUtranFreqRelation=1,EUtranCellRelation=30" lastModified="1287505003935" mimName="ERBS_NODE_MODEL" mimVersion="A.9.50.J.9.1">
    <attr name="isRemoveAllowed">false</attr>
    <attr name="neighborCellRef">SubNetwork=ONRM_RootMo_R,MeContext=LTE02ERBS00040,ManagedElement=1,ENodeBFunction=1,EUtraNetwork=1,ExternalENodeBFunction=207,ExternalEUtranCellFDD=1</attr>
    <attr name="anrCreated">false</attr>
    <attr name="isHoAllowed">true</attr>
  </mo>
  <mo fdn="SubNetwork=ONRM_RootMo_R,MeContext=LTE02ERBS00040,ManagedElement=1,ENodeBFunction=1,EUtranCellFDD=LTE02ERBS00040-2,EUtranFreqRelation=1,EUtranCellRelation=31" lastModified="1287505003932" mimName="ERBS_NODE_MODEL" mimVersion="A.9.50.J.9.1">
    <attr name="isRemoveAllowed">false</attr>
    <attr name="neighborCellRef">SubNetwork=ONRM_RootMo_R,MeContext=LTE02ERBS00040,ManagedElement=1,ENodeBFunction=1,EUtraNetwork=1,ExternalENodeBFunction=207,ExternalEUtranCellFDD=2</attr>
    <attr name="anrCreated">false</attr>
    <attr name="isHoAllowed">true</attr>
  </mo>
  <mo fdn="SubNetwork=ONRM_RootMo_R,MeContext=LTE02ERBS00040,ManagedElement=1,ENodeBFunction=1,EUtranCellFDD=LTE02ERBS00040-2,EUtranFreqRelation=1,EUtranCellRelation=4" lastModified="1287505003944" mimName="ERBS_NODE_MODEL" mimVersion="A.9.50.J.9.1">
    <attr name="isRemoveAllowed">false</attr>
    <attr name="neighborCellRef">SubNetwork=ONRM_RootMo_R,MeContext=LTE02ERBS00040,ManagedElement=1,ENodeBFunction=1,EUtraNetwork=1,ExternalENodeBFunction=193,ExternalEUtranCellFDD=1</attr>
    <attr name="anrCreated">false</attr>
    <attr name="isHoAllowed">true</attr>
  </mo>
  <mo fdn="SubNetwork=ONRM_RootMo_R,MeContext=LTE02ERBS00040,ManagedElement=1,ENodeBFunction=1,EUtranCellFDD=LTE02ERBS00040-2,EUtranFreqRelation=1,EUtranCellRelation=5" lastModified="1287505003945" mimName="ERBS_NODE_MODEL" mimVersion="A.9.50.J.9.1">
    <attr name="isRemoveAllowed">false</attr>
    <attr name="neighborCellRef">SubNetwork=ONRM_RootMo_R,MeContext=LTE02ERBS00040,ManagedElement=1,ENodeBFunction=1,EUtraNetwork=1,ExternalENodeBFunction=193,ExternalEUtranCellFDD=2</attr>
    <attr name="anrCreated">false</attr>
    <attr name="isHoAllowed">true</attr>
  </mo>
  <mo fdn="SubNetwork=ONRM_RootMo_R,MeContext=LTE02ERBS00040,ManagedElement=1,ENodeBFunction=1,EUtranCellFDD=LTE02ERBS00040-2,EUtranFreqRelation=1,EUtranCellRelation=8" lastModified="1287505003936" mimName="ERBS_NODE_MODEL" mimVersion="A.9.50.J.9.1">
    <attr name="isRemoveAllowed">false</attr>
    <attr name="neighborCellRef">SubNetwork=ONRM_RootMo_R,MeContext=LTE02ERBS00040,ManagedElement=1,ENodeBFunction=1,EUtraNetwork=1,ExternalENodeBFunction=195,ExternalEUtranCellFDD=1</attr>
    <attr name="anrCreated">false</attr>
    <attr name="isHoAllowed">true</attr>
  </mo>
  <mo fdn="SubNetwork=ONRM_RootMo_R,MeContext=LTE02ERBS00040,ManagedElement=1,ENodeBFunction=1,EUtranCellFDD=LTE02ERBS00040-2,EUtranFreqRelation=1,EUtranCellRelation=9" lastModified="1287505003937" mimName="ERBS_NODE_MODEL" mimVersion="A.9.50.J.9.1">
    <attr name="isRemoveAllowed">false</attr>
    <attr name="neighborCellRef">SubNetwork=ONRM_RootMo_R,MeContext=LTE02ERBS00040,ManagedElement=1,ENodeBFunction=1,EUtraNetwork=1,ExternalENodeBFunction=195,ExternalEUtranCellFDD=2</attr>
    <attr name="anrCreated">false</attr>
    <attr name="isHoAllowed">true</attr>
  </mo>
  <mo fdn="SubNetwork=ONRM_RootMo_R,MeContext=LTE02ERBS00040,ManagedElement=1,ENodeBFunction=1,EUtranCellFDD=LTE02ERBS00040-2,EUtranFreqRelation=2,EUtranCellRelation=1" lastModified="1287501478293" mimName="ERBS_NODE_MODEL" mimVersion="A.9.50.J.9.1">
    <attr name="isRemoveAllowed">false</attr>
    <attr name="neighborCellRef">SubNetwork=ONRM_RootMo_R,MeContext=LTE02ERBS00040,ManagedElement=1,ENodeBFunction=1,EUtranCellFDD=LTE02ERBS00040-1</attr>
    <attr name="anrCreated">false</attr>
    <attr name="isHoAllowed">true</attr>
  </mo>
  <mo fdn="SubNetwork=ONRM_RootMo_R,MeContext=LTE02ERBS00040,ManagedElement=1,ENodeBFunction=1,EUtranCellFDD=LTE02ERBS00040-2,EUtranFreqRelation=2,EUtranCellRelation=10" lastModified="1287505003910" mimName="ERBS_NODE_MODEL" mimVersion="A.9.50.J.9.1">
    <attr name="isRemoveAllowed">false</attr>
    <attr name="neighborCellRef">SubNetwork=ONRM_RootMo_R,MeContext=LTE02ERBS00040,ManagedElement=1,ENodeBFunction=1,EUtraNetwork=1,ExternalENodeBFunction=196,ExternalEUtranCellFDD=1</attr>
    <attr name="anrCreated">false</attr>
    <attr name="isHoAllowed">true</attr>
  </mo>
  <mo fdn="SubNetwork=ONRM_RootMo_R,MeContext=LTE02ERBS00040,ManagedElement=1,ENodeBFunction=1,EUtranCellFDD=LTE02ERBS00040-2,EUtranFreqRelation=2,EUtranCellRelation=11" lastModified="1287505003908" mimName="ERBS_NODE_MODEL" mimVersion="A.9.50.J.9.1">
    <attr name="isRemoveAllowed">false</attr>
    <attr name="neighborCellRef">SubNetwork=ONRM_RootMo_R,MeContext=LTE02ERBS00040,ManagedElement=1,ENodeBFunction=1,EUtraNetwork=1,ExternalENodeBFunction=196,ExternalEUtranCellFDD=2</attr>
    <attr name="anrCreated">false</attr>
    <attr name="isHoAllowed">true</attr>
  </mo>
  <mo fdn="SubNetwork=ONRM_RootMo_R,MeContext=LTE02ERBS00040,ManagedElement=1,ENodeBFunction=1,EUtranCellFDD=LTE02ERBS00040-2,EUtranFreqRelation=2,EUtranCellRelation=14" lastModified="1287505003902" mimName="ERBS_NODE_MODEL" mimVersion="A.9.50.J.9.1">
    <attr name="isRemoveAllowed">false</attr>
    <attr name="neighborCellRef">SubNetwork=ONRM_RootMo_R,MeContext=LTE02ERBS00040,ManagedElement=1,ENodeBFunction=1,EUtraNetwork=1,ExternalENodeBFunction=198,ExternalEUtranCellFDD=1</attr>
    <attr name="anrCreated">false</attr>
    <attr name="isHoAllowed">true</attr>
  </mo>
  <mo fdn="SubNetwork=ONRM_RootMo_R,MeContext=LTE02ERBS00040,ManagedElement=1,ENodeBFunction=1,EUtranCellFDD=LTE02ERBS00040-2,EUtranFreqRelation=2,EUtranCellRelation=15" lastModified="1287505003923" mimName="ERBS_NODE_MODEL" mimVersion="A.9.50.J.9.1">
    <attr name="isRemoveAllowed">false</attr>
    <attr name="neighborCellRef">SubNetwork=ONRM_RootMo_R,MeContext=LTE02ERBS00040,ManagedElement=1,ENodeBFunction=1,EUtraNetwork=1,ExternalENodeBFunction=198,ExternalEUtranCellFDD=2</attr>
    <attr name="anrCreated">false</attr>
    <attr name="isHoAllowed">true</attr>
  </mo>
  <mo fdn="SubNetwork=ONRM_RootMo_R,MeContext=LTE02ERBS00040,ManagedElement=1,ENodeBFunction=1,EUtranCellFDD=LTE02ERBS00040-2,EUtranFreqRelation=2,EUtranCellRelation=2" lastModified="1287501478289" mimName="ERBS_NODE_MODEL" mimVersion="A.9.50.J.9.1">
    <attr name="isRemoveAllowed">false</attr>
    <attr name="neighborCellRef">SubNetwork=ONRM_RootMo_R,MeContext=LTE02ERBS00040,ManagedElement=1,ENodeBFunction=1,EUtranCellFDD=LTE02ERBS00040-3</attr>
    <attr name="anrCreated">false</attr>
    <attr name="isHoAllowed">true</attr>
  </mo>
  <mo fdn="SubNetwork=ONRM_RootMo_R,MeContext=LTE02ERBS00040,ManagedElement=1,ENodeBFunction=1,EUtranCellFDD=LTE02ERBS00040-2,EUtranFreqRelation=2,EUtranCellRelation=20" lastModified="1287505003914" mimName="ERBS_NODE_MODEL" mimVersion="A.9.50.J.9.1">
    <attr name="isRemoveAllowed">false</attr>
    <attr name="neighborCellRef">SubNetwork=ONRM_RootMo_R,MeContext=LTE02ERBS00040,ManagedElement=1,ENodeBFunction=1,EUtraNetwork=1,ExternalENodeBFunction=202,ExternalEUtranCellFDD=1</attr>
    <attr name="anrCreated">false</attr>
    <attr name="isHoAllowed">true</attr>
  </mo>
  <mo fdn="SubNetwork=ONRM_RootMo_R,MeContext=LTE02ERBS00040,ManagedElement=1,ENodeBFunction=1,EUtranCellFDD=LTE02ERBS00040-2,EUtranFreqRelation=2,EUtranCellRelation=21" lastModified="1287505003911" mimName="ERBS_NODE_MODEL" mimVersion="A.9.50.J.9.1">
    <attr name="isRemoveAllowed">false</attr>
    <attr name="neighborCellRef">SubNetwork=ONRM_RootMo_R,MeContext=LTE02ERBS00040,ManagedElement=1,ENodeBFunction=1,EUtraNetwork=1,ExternalENodeBFunction=202,ExternalEUtranCellFDD=2</attr>
    <attr name="anrCreated">false</attr>
    <attr name="isHoAllowed">true</attr>
  </mo>
  <mo fdn="SubNetwork=ONRM_RootMo_R,MeContext=LTE02ERBS00040,ManagedElement=1,ENodeBFunction=1,EUtranCellFDD=LTE02ERBS00040-2,EUtranFreqRelation=2,EUtranCellRelation=24" lastModified="1287505003907" mimName="ERBS_NODE_MODEL" mimVersion="A.9.50.J.9.1">
    <attr name="isRemoveAllowed">false</attr>
    <attr name="neighborCellRef">SubNetwork=ONRM_RootMo_R,MeContext=LTE02ERBS00040,ManagedElement=1,ENodeBFunction=1,EUtraNetwork=1,ExternalENodeBFunction=204,ExternalEUtranCellFDD=1</attr>
    <attr name="anrCreated">false</attr>
    <attr name="isHoAllowed">true</attr>
  </mo>
  <mo fdn="SubNetwork=ONRM_RootMo_R,MeContext=LTE02ERBS00040,ManagedElement=1,ENodeBFunction=1,EUtranCellFDD=LTE02ERBS00040-2,EUtranFreqRelation=2,EUtranCellRelation=25" lastModified="1287505003905" mimName="ERBS_NODE_MODEL" mimVersion="A.9.50.J.9.1">
    <attr name="isRemoveAllowed">false</attr>
    <attr name="neighborCellRef">SubNetwork=ONRM_RootMo_R,MeContext=LTE02ERBS00040,ManagedElement=1,ENodeBFunction=1,EUtraNetwork=1,ExternalENodeBFunction=204,ExternalEUtranCellFDD=2</attr>
    <attr name="anrCreated">false</attr>
    <attr name="isHoAllowed">true</attr>
  </mo>
  <mo fdn="SubNetwork=ONRM_RootMo_R,MeContext=LTE02ERBS00040,ManagedElement=1,ENodeBFunction=1,EUtranCellFDD=LTE02ERBS00040-2,EUtranFreqRelation=2,EUtranCellRelation=28" lastModified="1287505003922" mimName="ERBS_NODE_MODEL" mimVersion="A.9.50.J.9.1">
    <attr name="isRemoveAllowed">false</attr>
    <attr name="neighborCellRef">SubNetwork=ONRM_RootMo_R,MeContext=LTE02ERBS00040,ManagedElement=1,ENodeBFunction=1,EUtraNetwork=1,ExternalENodeBFunction=206,ExternalEUtranCellFDD=1</attr>
    <attr name="anrCreated">false</attr>
    <attr name="isHoAllowed">true</attr>
  </mo>
  <mo fdn="SubNetwork=ONRM_RootMo_R,MeContext=LTE02ERBS00040,ManagedElement=1,ENodeBFunction=1,EUtranCellFDD=LTE02ERBS00040-2,EUtranFreqRelation=2,EUtranCellRelation=29" lastModified="1287505003921" mimName="ERBS_NODE_MODEL" mimVersion="A.9.50.J.9.1">
    <attr name="isRemoveAllowed">false</attr>
    <attr name="neighborCellRef">SubNetwork=ONRM_RootMo_R,MeContext=LTE02ERBS00040,ManagedElement=1,ENodeBFunction=1,EUtraNetwork=1,ExternalENodeBFunction=206,ExternalEUtranCellFDD=2</attr>
    <attr name="anrCreated">false</attr>
    <attr name="isHoAllowed">true</attr>
  </mo>
  <mo fdn="SubNetwork=ONRM_RootMo_R,MeContext=LTE02ERBS00040,ManagedElement=1,ENodeBFunction=1,EUtranCellFDD=LTE02ERBS00040-2,EUtranFreqRelation=2,EUtranCellRelation=3" lastModified="1287501478284" mimName="ERBS_NODE_MODEL" mimVersion="A.9.50.J.9.1">
    <attr name="isRemoveAllowed">false</attr>
    <attr name="neighborCellRef">SubNetwork=ONRM_RootMo_R,MeContext=LTE02ERBS00040,ManagedElement=1,ENodeBFunction=1,EUtranCellFDD=LTE02ERBS00040-4</attr>
    <attr name="anrCreated">false</attr>
    <attr name="isHoAllowed">true</attr>
  </mo>
  <mo fdn="SubNetwork=ONRM_RootMo_R,MeContext=LTE02ERBS00040,ManagedElement=1,ENodeBFunction=1,EUtranCellFDD=LTE02ERBS00040-2,EUtranFreqRelation=2,EUtranCellRelation=32" lastModified="1287505003904" mimName="ERBS_NODE_MODEL" mimVersion="A.9.50.J.9.1">
    <attr name="isRemoveAllowed">false</attr>
    <attr name="neighborCellRef">SubNetwork=ONRM_RootMo_R,MeContext=LTE02ERBS00040,ManagedElement=1,ENodeBFunction=1,EUtraNetwork=1,ExternalENodeBFunction=208,ExternalEUtranCellFDD=1</attr>
    <attr name="anrCreated">false</attr>
    <attr name="isHoAllowed">true</attr>
  </mo>
  <mo fdn="SubNetwork=ONRM_RootMo_R,MeContext=LTE02ERBS00040,ManagedElement=1,ENodeBFunction=1,EUtranCellFDD=LTE02ERBS00040-2,EUtranFreqRelation=2,EUtranCellRelation=33" lastModified="1287505003916" mimName="ERBS_NODE_MODEL" mimVersion="A.9.50.J.9.1">
    <attr name="isRemoveAllowed">false</attr>
    <attr name="neighborCellRef">SubNetwork=ONRM_RootMo_R,MeContext=LTE02ERBS00040,ManagedElement=1,ENodeBFunction=1,EUtraNetwork=1,ExternalENodeBFunction=208,ExternalEUtranCellFDD=2</attr>
    <attr name="anrCreated">false</attr>
    <attr name="isHoAllowed">true</attr>
  </mo>
  <mo fdn="SubNetwork=ONRM_RootMo_R,MeContext=LTE02ERBS00040,ManagedElement=1,ENodeBFunction=1,EUtranCellFDD=LTE02ERBS00040-2,EUtranFreqRelation=2,EUtranCellRelation=6" lastModified="1287505003919" mimName="ERBS_NODE_MODEL" mimVersion="A.9.50.J.9.1">
    <attr name="isRemoveAllowed">false</attr>
    <attr name="neighborCellRef">SubNetwork=ONRM_RootMo_R,MeContext=LTE02ERBS00040,ManagedElement=1,ENodeBFunction=1,EUtraNetwork=1,ExternalENodeBFunction=194,ExternalEUtranCellFDD=1</attr>
    <attr name="anrCreated">false</attr>
    <attr name="isHoAllowed">true</attr>
  </mo>
  <mo fdn="SubNetwork=ONRM_RootMo_R,MeContext=LTE02ERBS00040,ManagedElement=1,ENodeBFunction=1,EUtranCellFDD=LTE02ERBS00040-2,EUtranFreqRelation=2,EUtranCellRelation=7" lastModified="1287505003920" mimName="ERBS_NODE_MODEL" mimVersion="A.9.50.J.9.1">
    <attr name="isRemoveAllowed">false</attr>
    <attr name="neighborCellRef">SubNetwork=ONRM_RootMo_R,MeContext=LTE02ERBS00040,ManagedElement=1,ENodeBFunction=1,EUtraNetwork=1,ExternalENodeBFunction=194,ExternalEUtranCellFDD=2</attr>
    <attr name="anrCreated">false</attr>
    <attr name="isHoAllowed">true</attr>
  </mo>
  <mo fdn="SubNetwork=ONRM_RootMo_R,MeContext=LTE02ERBS00040,ManagedElement=1,ENodeBFunction=1,EUtranCellFDD=LTE02ERBS00040-3" lastModified="1287512124277" mimName="ERBS_NODE_MODEL" mimVersion="A.9.50.J.9.1">
    <attr name="EUtranCellFDDId">LTE02ERBS00040-3</attr>
    <attr name="earfcnul">18000</attr>
    <attr name="cellId">3</attr>
    <attr name="tac">48650</attr>
    <attr name="bPlmnList">
      <seq count="1">
        <item>
          <struct>
            <attr name="mcc">311</attr>
            <attr name="mnc">480</attr>
            <attr name="mncLength">2</attr>
          </struct>
        </item>
      </seq>
    </attr>
    <attr name="earfcndl">0</attr>
    <attr name="userLabel">LTE02ERBS00040-3</attr>
  </mo>
  <mo fdn="SubNetwork=ONRM_RootMo_R,MeContext=LTE02ERBS00040,ManagedElement=1,ENodeBFunction=1,EUtranCellFDD=LTE02ERBS00040-3,EUtranFreqRelation=1,EUtranCellRelation=12" lastModified="1287505005353" mimName="ERBS_NODE_MODEL" mimVersion="A.9.50.J.9.1">
    <attr name="isRemoveAllowed">false</attr>
    <attr name="neighborCellRef">SubNetwork=ONRM_RootMo_R,MeContext=LTE02ERBS00040,ManagedElement=1,ENodeBFunction=1,EUtraNetwork=1,ExternalENodeBFunction=197,ExternalEUtranCellFDD=3</attr>
    <attr name="anrCreated">false</attr>
    <attr name="isHoAllowed">true</attr>
  </mo>
  <mo fdn="SubNetwork=ONRM_RootMo_R,MeContext=LTE02ERBS00040,ManagedElement=1,ENodeBFunction=1,EUtranCellFDD=LTE02ERBS00040-3,EUtranFreqRelation=1,EUtranCellRelation=13" lastModified="1287505005348" mimName="ERBS_NODE_MODEL" mimVersion="A.9.50.J.9.1">
    <attr name="isRemoveAllowed">false</attr>
    <attr name="neighborCellRef">SubNetwork=ONRM_RootMo_R,MeContext=LTE02ERBS00040,ManagedElement=1,ENodeBFunction=1,EUtraNetwork=1,ExternalENodeBFunction=197,ExternalEUtranCellFDD=4</attr>
    <attr name="anrCreated">false</attr>
    <attr name="isHoAllowed">true</attr>
  </mo>
  <mo fdn="SubNetwork=ONRM_RootMo_R,MeContext=LTE02ERBS00040,ManagedElement=1,ENodeBFunction=1,EUtranCellFDD=LTE02ERBS00040-3,EUtranFreqRelation=1,EUtranCellRelation=16" lastModified="1287505005363" mimName="ERBS_NODE_MODEL" mimVersion="A.9.50.J.9.1">
    <attr name="isRemoveAllowed">false</attr>
    <attr name="neighborCellRef">SubNetwork=ONRM_RootMo_R,MeContext=LTE02ERBS00040,ManagedElement=1,ENodeBFunction=1,EUtraNetwork=1,ExternalENodeBFunction=199,ExternalEUtranCellFDD=3</attr>
    <attr name="anrCreated">false</attr>
    <attr name="isHoAllowed">true</attr>
  </mo>
  <mo fdn="SubNetwork=ONRM_RootMo_R,MeContext=LTE02ERBS00040,ManagedElement=1,ENodeBFunction=1,EUtranCellFDD=LTE02ERBS00040-3,EUtranFreqRelation=1,EUtranCellRelation=17" lastModified="1287505005360" mimName="ERBS_NODE_MODEL" mimVersion="A.9.50.J.9.1">
    <attr name="isRemoveAllowed">false</attr>
    <attr name="neighborCellRef">SubNetwork=ONRM_RootMo_R,MeContext=LTE02ERBS00040,ManagedElement=1,ENodeBFunction=1,EUtraNetwork=1,ExternalENodeBFunction=199,ExternalEUtranCellFDD=4</attr>
    <attr name="anrCreated">false</attr>
    <attr name="isHoAllowed">true</attr>
  </mo>
  <mo fdn="SubNetwork=ONRM_RootMo_R,MeContext=LTE02ERBS00040,ManagedElement=1,ENodeBFunction=1,EUtranCellFDD=LTE02ERBS00040-3,EUtranFreqRelation=1,EUtranCellRelation=18" lastModified="1287505005358" mimName="ERBS_NODE_MODEL" mimVersion="A.9.50.J.9.1">
    <attr name="isRemoveAllowed">false</attr>
    <attr name="neighborCellRef">SubNetwork=ONRM_RootMo_R,MeContext=LTE02ERBS00040,ManagedElement=1,ENodeBFunction=1,EUtraNetwork=1,ExternalENodeBFunction=201,ExternalEUtranCellFDD=3</attr>
    <attr name="anrCreated">false</attr>
    <attr name="isHoAllowed">true</attr>
  </mo>
  <mo fdn="SubNetwork=ONRM_RootMo_R,MeContext=LTE02ERBS00040,ManagedElement=1,ENodeBFunction=1,EUtranCellFDD=LTE02ERBS00040-3,EUtranFreqRelation=1,EUtranCellRelation=19" lastModified="1287505005357" mimName="ERBS_NODE_MODEL" mimVersion="A.9.50.J.9.1">
    <attr name="isRemoveAllowed">false</attr>
    <attr name="neighborCellRef">SubNetwork=ONRM_RootMo_R,MeContext=LTE02ERBS00040,ManagedElement=1,ENodeBFunction=1,EUtraNetwork=1,ExternalENodeBFunction=201,ExternalEUtranCellFDD=4</attr>
    <attr name="anrCreated">false</attr>
    <attr name="isHoAllowed">true</attr>
  </mo>
  <mo fdn="SubNetwork=ONRM_RootMo_R,MeContext=LTE02ERBS00040,ManagedElement=1,ENodeBFunction=1,EUtranCellFDD=LTE02ERBS00040-3,EUtranFreqRelation=1,EUtranCellRelation=22" lastModified="1287505005349" mimName="ERBS_NODE_MODEL" mimVersion="A.9.50.J.9.1">
    <attr name="isRemoveAllowed">false</attr>
    <attr name="neighborCellRef">SubNetwork=ONRM_RootMo_R,MeContext=LTE02ERBS00040,ManagedElement=1,ENodeBFunction=1,EUtraNetwork=1,ExternalENodeBFunction=203,ExternalEUtranCellFDD=3</attr>
    <attr name="anrCreated">false</attr>
    <attr name="isHoAllowed">true</attr>
  </mo>
  <mo fdn="SubNetwork=ONRM_RootMo_R,MeContext=LTE02ERBS00040,ManagedElement=1,ENodeBFunction=1,EUtranCellFDD=LTE02ERBS00040-3,EUtranFreqRelation=1,EUtranCellRelation=23" lastModified="1287505005347" mimName="ERBS_NODE_MODEL" mimVersion="A.9.50.J.9.1">
    <attr name="isRemoveAllowed">false</attr>
    <attr name="neighborCellRef">SubNetwork=ONRM_RootMo_R,MeContext=LTE02ERBS00040,ManagedElement=1,ENodeBFunction=1,EUtraNetwork=1,ExternalENodeBFunction=203,ExternalEUtranCellFDD=4</attr>
    <attr name="anrCreated">false</attr>
    <attr name="isHoAllowed">true</attr>
  </mo>
  <mo fdn="SubNetwork=ONRM_RootMo_R,MeContext=LTE02ERBS00040,ManagedElement=1,ENodeBFunction=1,EUtranCellFDD=LTE02ERBS00040-3,EUtranFreqRelation=1,EUtranCellRelation=26" lastModified="1287505005361" mimName="ERBS_NODE_MODEL" mimVersion="A.9.50.J.9.1">
    <attr name="isRemoveAllowed">false</attr>
    <attr name="neighborCellRef">SubNetwork=ONRM_RootMo_R,MeContext=LTE02ERBS00040,ManagedElement=1,ENodeBFunction=1,EUtraNetwork=1,ExternalENodeBFunction=205,ExternalEUtranCellFDD=3</attr>
    <attr name="anrCreated">false</attr>
    <attr name="isHoAllowed">true</attr>
  </mo>
  <mo fdn="SubNetwork=ONRM_RootMo_R,MeContext=LTE02ERBS00040,ManagedElement=1,ENodeBFunction=1,EUtranCellFDD=LTE02ERBS00040-3,EUtranFreqRelation=1,EUtranCellRelation=27" lastModified="1287505005359" mimName="ERBS_NODE_MODEL" mimVersion="A.9.50.J.9.1">
    <attr name="isRemoveAllowed">false</attr>
    <attr name="neighborCellRef">SubNetwork=ONRM_RootMo_R,MeContext=LTE02ERBS00040,ManagedElement=1,ENodeBFunction=1,EUtraNetwork=1,ExternalENodeBFunction=205,ExternalEUtranCellFDD=4</attr>
    <attr name="anrCreated">false</attr>
    <attr name="isHoAllowed">true</attr>
  </mo>
  <mo fdn="SubNetwork=ONRM_RootMo_R,MeContext=LTE02ERBS00040,ManagedElement=1,ENodeBFunction=1,EUtranCellFDD=LTE02ERBS00040-3,EUtranFreqRelation=1,EUtranCellRelation=30" lastModified="1287505005354" mimName="ERBS_NODE_MODEL" mimVersion="A.9.50.J.9.1">
    <attr name="isRemoveAllowed">false</attr>
    <attr name="neighborCellRef">SubNetwork=ONRM_RootMo_R,MeContext=LTE02ERBS00040,ManagedElement=1,ENodeBFunction=1,EUtraNetwork=1,ExternalENodeBFunction=207,ExternalEUtranCellFDD=3</attr>
    <attr name="anrCreated">false</attr>
    <attr name="isHoAllowed">true</attr>
  </mo>
  <mo fdn="SubNetwork=ONRM_RootMo_R,MeContext=LTE02ERBS00040,ManagedElement=1,ENodeBFunction=1,EUtranCellFDD=LTE02ERBS00040-3,EUtranFreqRelation=1,EUtranCellRelation=31" lastModified="1287505005352" mimName="ERBS_NODE_MODEL" mimVersion="A.9.50.J.9.1">
    <attr name="isRemoveAllowed">false</attr>
    <attr name="neighborCellRef">SubNetwork=ONRM_RootMo_R,MeContext=LTE02ERBS00040,ManagedElement=1,ENodeBFunction=1,EUtraNetwork=1,ExternalENodeBFunction=207,ExternalEUtranCellFDD=4</attr>
    <attr name="anrCreated">false</attr>
    <attr name="isHoAllowed">true</attr>
  </mo>
  <mo fdn="SubNetwork=ONRM_RootMo_R,MeContext=LTE02ERBS00040,ManagedElement=1,ENodeBFunction=1,EUtranCellFDD=LTE02ERBS00040-3,EUtranFreqRelation=1,EUtranCellRelation=4" lastModified="1287505005362" mimName="ERBS_NODE_MODEL" mimVersion="A.9.50.J.9.1">
    <attr name="isRemoveAllowed">false</attr>
    <attr name="neighborCellRef">SubNetwork=ONRM_RootMo_R,MeContext=LTE02ERBS00040,ManagedElement=1,ENodeBFunction=1,EUtraNetwork=1,ExternalENodeBFunction=193,ExternalEUtranCellFDD=3</attr>
    <attr name="anrCreated">false</attr>
    <attr name="isHoAllowed">true</attr>
  </mo>
  <mo fdn="SubNetwork=ONRM_RootMo_R,MeContext=LTE02ERBS00040,ManagedElement=1,ENodeBFunction=1,EUtranCellFDD=LTE02ERBS00040-3,EUtranFreqRelation=1,EUtranCellRelation=5" lastModified="1287505005364" mimName="ERBS_NODE_MODEL" mimVersion="A.9.50.J.9.1">
    <attr name="isRemoveAllowed">false</attr>
    <attr name="neighborCellRef">SubNetwork=ONRM_RootMo_R,MeContext=LTE02ERBS00040,ManagedElement=1,ENodeBFunction=1,EUtraNetwork=1,ExternalENodeBFunction=193,ExternalEUtranCellFDD=4</attr>
    <attr name="anrCreated">false</attr>
    <attr name="isHoAllowed">true</attr>
  </mo>
  <mo fdn="SubNetwork=ONRM_RootMo_R,MeContext=LTE02ERBS00040,ManagedElement=1,ENodeBFunction=1,EUtranCellFDD=LTE02ERBS00040-3,EUtranFreqRelation=1,EUtranCellRelation=8" lastModified="1287505005355" mimName="ERBS_NODE_MODEL" mimVersion="A.9.50.J.9.1">
    <attr name="isRemoveAllowed">false</attr>
    <attr name="neighborCellRef">SubNetwork=ONRM_RootMo_R,MeContext=LTE02ERBS00040,ManagedElement=1,ENodeBFunction=1,EUtraNetwork=1,ExternalENodeBFunction=195,ExternalEUtranCellFDD=3</attr>
    <attr name="anrCreated">false</attr>
    <attr name="isHoAllowed">true</attr>
  </mo>
  <mo fdn="SubNetwork=ONRM_RootMo_R,MeContext=LTE02ERBS00040,ManagedElement=1,ENodeBFunction=1,EUtranCellFDD=LTE02ERBS00040-3,EUtranFreqRelation=1,EUtranCellRelation=9" lastModified="1287505005356" mimName="ERBS_NODE_MODEL" mimVersion="A.9.50.J.9.1">
    <attr name="isRemoveAllowed">false</attr>
    <attr name="neighborCellRef">SubNetwork=ONRM_RootMo_R,MeContext=LTE02ERBS00040,ManagedElement=1,ENodeBFunction=1,EUtraNetwork=1,ExternalENodeBFunction=195,ExternalEUtranCellFDD=4</attr>
    <attr name="anrCreated">false</attr>
    <attr name="isHoAllowed">true</attr>
  </mo>
  <mo fdn="SubNetwork=ONRM_RootMo_R,MeContext=LTE02ERBS00040,ManagedElement=1,ENodeBFunction=1,EUtranCellFDD=LTE02ERBS00040-3,EUtranFreqRelation=2,EUtranCellRelation=1" lastModified="1287501476365" mimName="ERBS_NODE_MODEL" mimVersion="A.9.50.J.9.1">
    <attr name="isRemoveAllowed">false</attr>
    <attr name="neighborCellRef">SubNetwork=ONRM_RootMo_R,MeContext=LTE02ERBS00040,ManagedElement=1,ENodeBFunction=1,EUtranCellFDD=LTE02ERBS00040-1</attr>
    <attr name="anrCreated">false</attr>
    <attr name="isHoAllowed">true</attr>
  </mo>
  <mo fdn="SubNetwork=ONRM_RootMo_R,MeContext=LTE02ERBS00040,ManagedElement=1,ENodeBFunction=1,EUtranCellFDD=LTE02ERBS00040-3,EUtranFreqRelation=2,EUtranCellRelation=10" lastModified="1287505005331" mimName="ERBS_NODE_MODEL" mimVersion="A.9.50.J.9.1">
    <attr name="isRemoveAllowed">false</attr>
    <attr name="neighborCellRef">SubNetwork=ONRM_RootMo_R,MeContext=LTE02ERBS00040,ManagedElement=1,ENodeBFunction=1,EUtraNetwork=1,ExternalENodeBFunction=196,ExternalEUtranCellFDD=3</attr>
    <attr name="anrCreated">false</attr>
    <attr name="isHoAllowed">true</attr>
  </mo>
  <mo fdn="SubNetwork=ONRM_RootMo_R,MeContext=LTE02ERBS00040,ManagedElement=1,ENodeBFunction=1,EUtranCellFDD=LTE02ERBS00040-3,EUtranFreqRelation=2,EUtranCellRelation=11" lastModified="1287505005330" mimName="ERBS_NODE_MODEL" mimVersion="A.9.50.J.9.1">
    <attr name="isRemoveAllowed">false</attr>
    <attr name="neighborCellRef">SubNetwork=ONRM_RootMo_R,MeContext=LTE02ERBS00040,ManagedElement=1,ENodeBFunction=1,EUtraNetwork=1,ExternalENodeBFunction=196,ExternalEUtranCellFDD=4</attr>
    <attr name="anrCreated">false</attr>
    <attr name="isHoAllowed">true</attr>
  </mo>
  <mo fdn="SubNetwork=ONRM_RootMo_R,MeContext=LTE02ERBS00040,ManagedElement=1,ENodeBFunction=1,EUtranCellFDD=LTE02ERBS00040-3,EUtranFreqRelation=2,EUtranCellRelation=14" lastModified="1287505005325" mimName="ERBS_NODE_MODEL" mimVersion="A.9.50.J.9.1">
    <attr name="isRemoveAllowed">false</attr>
    <attr name="neighborCellRef">SubNetwork=ONRM_RootMo_R,MeContext=LTE02ERBS00040,ManagedElement=1,ENodeBFunction=1,EUtraNetwork=1,ExternalENodeBFunction=198,ExternalEUtranCellFDD=3</attr>
    <attr name="anrCreated">false</attr>
    <attr name="isHoAllowed">true</attr>
  </mo>
  <mo fdn="SubNetwork=ONRM_RootMo_R,MeContext=LTE02ERBS00040,ManagedElement=1,ENodeBFunction=1,EUtranCellFDD=LTE02ERBS00040-3,EUtranFreqRelation=2,EUtranCellRelation=15" lastModified="1287505005344" mimName="ERBS_NODE_MODEL" mimVersion="A.9.50.J.9.1">
    <attr name="isRemoveAllowed">false</attr>
    <attr name="neighborCellRef">SubNetwork=ONRM_RootMo_R,MeContext=LTE02ERBS00040,ManagedElement=1,ENodeBFunction=1,EUtraNetwork=1,ExternalENodeBFunction=198,ExternalEUtranCellFDD=4</attr>
    <attr name="anrCreated">false</attr>
    <attr name="isHoAllowed">true</attr>
  </mo>
  <mo fdn="SubNetwork=ONRM_RootMo_R,MeContext=LTE02ERBS00040,ManagedElement=1,ENodeBFunction=1,EUtranCellFDD=LTE02ERBS00040-3,EUtranFreqRelation=2,EUtranCellRelation=2" lastModified="1287501476362" mimName="ERBS_NODE_MODEL" mimVersion="A.9.50.J.9.1">
    <attr name="isRemoveAllowed">false</attr>
    <attr name="neighborCellRef">SubNetwork=ONRM_RootMo_R,MeContext=LTE02ERBS00040,ManagedElement=1,ENodeBFunction=1,EUtranCellFDD=LTE02ERBS00040-2</attr>
    <attr name="anrCreated">false</attr>
    <attr name="isHoAllowed">true</attr>
  </mo>
  <mo fdn="SubNetwork=ONRM_RootMo_R,MeContext=LTE02ERBS00040,ManagedElement=1,ENodeBFunction=1,EUtranCellFDD=LTE02ERBS00040-3,EUtranFreqRelation=2,EUtranCellRelation=20" lastModified="1287505005336" mimName="ERBS_NODE_MODEL" mimVersion="A.9.50.J.9.1">
    <attr name="isRemoveAllowed">false</attr>
    <attr name="neighborCellRef">SubNetwork=ONRM_RootMo_R,MeContext=LTE02ERBS00040,ManagedElement=1,ENodeBFunction=1,EUtraNetwork=1,ExternalENodeBFunction=202,ExternalEUtranCellFDD=3</attr>
    <attr name="anrCreated">false</attr>
    <attr name="isHoAllowed">true</attr>
  </mo>
  <mo fdn="SubNetwork=ONRM_RootMo_R,MeContext=LTE02ERBS00040,ManagedElement=1,ENodeBFunction=1,EUtranCellFDD=LTE02ERBS00040-3,EUtranFreqRelation=2,EUtranCellRelation=21" lastModified="1287505005332" mimName="ERBS_NODE_MODEL" mimVersion="A.9.50.J.9.1">
    <attr name="isRemoveAllowed">false</attr>
    <attr name="neighborCellRef">SubNetwork=ONRM_RootMo_R,MeContext=LTE02ERBS00040,ManagedElement=1,ENodeBFunction=1,EUtraNetwork=1,ExternalENodeBFunction=202,ExternalEUtranCellFDD=4</attr>
    <attr name="anrCreated">false</attr>
    <attr name="isHoAllowed">true</attr>
  </mo>
  <mo fdn="SubNetwork=ONRM_RootMo_R,MeContext=LTE02ERBS00040,ManagedElement=1,ENodeBFunction=1,EUtranCellFDD=LTE02ERBS00040-3,EUtranFreqRelation=2,EUtranCellRelation=24" lastModified="1287505005329" mimName="ERBS_NODE_MODEL" mimVersion="A.9.50.J.9.1">
    <attr name="isRemoveAllowed">false</attr>
    <attr name="neighborCellRef">SubNetwork=ONRM_RootMo_R,MeContext=LTE02ERBS00040,ManagedElement=1,ENodeBFunction=1,EUtraNetwork=1,ExternalENodeBFunction=204,ExternalEUtranCellFDD=3</attr>
    <attr name="anrCreated">false</attr>
    <attr name="isHoAllowed">true</attr>
  </mo>
  <mo fdn="SubNetwork=ONRM_RootMo_R,MeContext=LTE02ERBS00040,ManagedElement=1,ENodeBFunction=1,EUtranCellFDD=LTE02ERBS00040-3,EUtranFreqRelation=2,EUtranCellRelation=25" lastModified="1287505005328" mimName="ERBS_NODE_MODEL" mimVersion="A.9.50.J.9.1">
    <attr name="isRemoveAllowed">false</attr>
    <attr name="neighborCellRef">SubNetwork=ONRM_RootMo_R,MeContext=LTE02ERBS00040,ManagedElement=1,ENodeBFunction=1,EUtraNetwork=1,ExternalENodeBFunction=204,ExternalEUtranCellFDD=4</attr>
    <attr name="anrCreated">false</attr>
    <attr name="isHoAllowed">true</attr>
  </mo>
  <mo fdn="SubNetwork=ONRM_RootMo_R,MeContext=LTE02ERBS00040,ManagedElement=1,ENodeBFunction=1,EUtranCellFDD=LTE02ERBS00040-3,EUtranFreqRelation=2,EUtranCellRelation=28" lastModified="1287505005342" mimName="ERBS_NODE_MODEL" mimVersion="A.9.50.J.9.1">
    <attr name="isRemoveAllowed">false</attr>
    <attr name="neighborCellRef">SubNetwork=ONRM_RootMo_R,MeContext=LTE02ERBS00040,ManagedElement=1,ENodeBFunction=1,EUtraNetwork=1,ExternalENodeBFunction=206,ExternalEUtranCellFDD=3</attr>
    <attr name="anrCreated">false</attr>
    <attr name="isHoAllowed">true</attr>
  </mo>
  <mo fdn="SubNetwork=ONRM_RootMo_R,MeContext=LTE02ERBS00040,ManagedElement=1,ENodeBFunction=1,EUtranCellFDD=LTE02ERBS00040-3,EUtranFreqRelation=2,EUtranCellRelation=29" lastModified="1287505005341" mimName="ERBS_NODE_MODEL" mimVersion="A.9.50.J.9.1">
    <attr name="isRemoveAllowed">false</attr>
    <attr name="neighborCellRef">SubNetwork=ONRM_RootMo_R,MeContext=LTE02ERBS00040,ManagedElement=1,ENodeBFunction=1,EUtraNetwork=1,ExternalENodeBFunction=206,ExternalEUtranCellFDD=4</attr>
    <attr name="anrCreated">false</attr>
    <attr name="isHoAllowed">true</attr>
  </mo>
  <mo fdn="SubNetwork=ONRM_RootMo_R,MeContext=LTE02ERBS00040,ManagedElement=1,ENodeBFunction=1,EUtranCellFDD=LTE02ERBS00040-3,EUtranFreqRelation=2,EUtranCellRelation=3" lastModified="1287501476359" mimName="ERBS_NODE_MODEL" mimVersion="A.9.50.J.9.1">
    <attr name="isRemoveAllowed">false</attr>
    <attr name="neighborCellRef">SubNetwork=ONRM_RootMo_R,MeContext=LTE02ERBS00040,ManagedElement=1,ENodeBFunction=1,EUtranCellFDD=LTE02ERBS00040-4</attr>
    <attr name="anrCreated">false</attr>
    <attr name="isHoAllowed">true</attr>
  </mo>
  <mo fdn="SubNetwork=ONRM_RootMo_R,MeContext=LTE02ERBS00040,ManagedElement=1,ENodeBFunction=1,EUtranCellFDD=LTE02ERBS00040-3,EUtranFreqRelation=2,EUtranCellRelation=32" lastModified="1287505005326" mimName="ERBS_NODE_MODEL" mimVersion="A.9.50.J.9.1">
    <attr name="isRemoveAllowed">false</attr>
    <attr name="neighborCellRef">SubNetwork=ONRM_RootMo_R,MeContext=LTE02ERBS00040,ManagedElement=1,ENodeBFunction=1,EUtraNetwork=1,ExternalENodeBFunction=208,ExternalEUtranCellFDD=3</attr>
    <attr name="anrCreated">false</attr>
    <attr name="isHoAllowed">true</attr>
  </mo>
  <mo fdn="SubNetwork=ONRM_RootMo_R,MeContext=LTE02ERBS00040,ManagedElement=1,ENodeBFunction=1,EUtranCellFDD=LTE02ERBS00040-3,EUtranFreqRelation=2,EUtranCellRelation=33" lastModified="1287505005337" mimName="ERBS_NODE_MODEL" mimVersion="A.9.50.J.9.1">
    <attr name="isRemoveAllowed">false</attr>
    <attr name="neighborCellRef">SubNetwork=ONRM_RootMo_R,MeContext=LTE02ERBS00040,ManagedElement=1,ENodeBFunction=1,EUtraNetwork=1,ExternalENodeBFunction=208,ExternalEUtranCellFDD=4</attr>
    <attr name="anrCreated">false</attr>
    <attr name="isHoAllowed">true</attr>
  </mo>
  <mo fdn="SubNetwork=ONRM_RootMo_R,MeContext=LTE02ERBS00040,ManagedElement=1,ENodeBFunction=1,EUtranCellFDD=LTE02ERBS00040-3,EUtranFreqRelation=2,EUtranCellRelation=6" lastModified="1287505005339" mimName="ERBS_NODE_MODEL" mimVersion="A.9.50.J.9.1">
    <attr name="isRemoveAllowed">false</attr>
    <attr name="neighborCellRef">SubNetwork=ONRM_RootMo_R,MeContext=LTE02ERBS00040,ManagedElement=1,ENodeBFunction=1,EUtraNetwork=1,ExternalENodeBFunction=194,ExternalEUtranCellFDD=3</attr>
    <attr name="anrCreated">false</attr>
    <attr name="isHoAllowed">true</attr>
  </mo>
  <mo fdn="SubNetwork=ONRM_RootMo_R,MeContext=LTE02ERBS00040,ManagedElement=1,ENodeBFunction=1,EUtranCellFDD=LTE02ERBS00040-3,EUtranFreqRelation=2,EUtranCellRelation=7" lastModified="1287505005340" mimName="ERBS_NODE_MODEL" mimVersion="A.9.50.J.9.1">
    <attr name="isRemoveAllowed">false</attr>
    <attr name="neighborCellRef">SubNetwork=ONRM_RootMo_R,MeContext=LTE02ERBS00040,ManagedElement=1,ENodeBFunction=1,EUtraNetwork=1,ExternalENodeBFunction=194,ExternalEUtranCellFDD=4</attr>
    <attr name="anrCreated">false</attr>
    <attr name="isHoAllowed">true</attr>
  </mo>
  <mo fdn="SubNetwork=ONRM_RootMo_R,MeContext=LTE02ERBS00040,ManagedElement=1,ENodeBFunction=1,EUtranCellFDD=LTE02ERBS00040-4" lastModified="1287512122787" mimName="ERBS_NODE_MODEL" mimVersion="A.9.50.J.9.1">
    <attr name="EUtranCellFDDId">LTE02ERBS00040-4</attr>
    <attr name="earfcnul">18000</attr>
    <attr name="cellId">4</attr>
    <attr name="tac">1</attr>
    <attr name="bPlmnList">
      <seq count="1">
        <item>
          <struct>
            <attr name="mcc">311</attr>
            <attr name="mnc">480</attr>
            <attr name="mncLength">2</attr>
          </struct>
        </item>
      </seq>
    </attr>
    <attr name="earfcndl">0</attr>
    <attr name="userLabel">LTE02ERBS00040-4</attr>
  </mo>
  <mo fdn="SubNetwork=ONRM_RootMo_R,MeContext=LTE02ERBS00040,ManagedElement=1,ENodeBFunction=1,EUtranCellFDD=LTE02ERBS00040-4,EUtranFreqRelation=1,EUtranCellRelation=12" lastModified="1287505001086" mimName="ERBS_NODE_MODEL" mimVersion="A.9.50.J.9.1">
    <attr name="isRemoveAllowed">false</attr>
    <attr name="neighborCellRef">SubNetwork=ONRM_RootMo_R,MeContext=LTE02ERBS00040,ManagedElement=1,ENodeBFunction=1,EUtraNetwork=1,ExternalENodeBFunction=197,ExternalEUtranCellFDD=3</attr>
    <attr name="anrCreated">false</attr>
    <attr name="isHoAllowed">true</attr>
  </mo>
  <mo fdn="SubNetwork=ONRM_RootMo_R,MeContext=LTE02ERBS00040,ManagedElement=1,ENodeBFunction=1,EUtranCellFDD=LTE02ERBS00040-4,EUtranFreqRelation=1,EUtranCellRelation=13" lastModified="1287505001083" mimName="ERBS_NODE_MODEL" mimVersion="A.9.50.J.9.1">
    <attr name="isRemoveAllowed">false</attr>
    <attr name="neighborCellRef">SubNetwork=ONRM_RootMo_R,MeContext=LTE02ERBS00040,ManagedElement=1,ENodeBFunction=1,EUtraNetwork=1,ExternalENodeBFunction=197,ExternalEUtranCellFDD=4</attr>
    <attr name="anrCreated">false</attr>
    <attr name="isHoAllowed">true</attr>
  </mo>
  <mo fdn="SubNetwork=ONRM_RootMo_R,MeContext=LTE02ERBS00040,ManagedElement=1,ENodeBFunction=1,EUtranCellFDD=LTE02ERBS00040-4,EUtranFreqRelation=1,EUtranCellRelation=16" lastModified="1287505001098" mimName="ERBS_NODE_MODEL" mimVersion="A.9.50.J.9.1">
    <attr name="isRemoveAllowed">false</attr>
    <attr name="neighborCellRef">SubNetwork=ONRM_RootMo_R,MeContext=LTE02ERBS00040,ManagedElement=1,ENodeBFunction=1,EUtraNetwork=1,ExternalENodeBFunction=199,ExternalEUtranCellFDD=3</attr>
    <attr name="anrCreated">false</attr>
    <attr name="isHoAllowed">true</attr>
  </mo>
  <mo fdn="SubNetwork=ONRM_RootMo_R,MeContext=LTE02ERBS00040,ManagedElement=1,ENodeBFunction=1,EUtranCellFDD=LTE02ERBS00040-4,EUtranFreqRelation=1,EUtranCellRelation=17" lastModified="1287505001094" mimName="ERBS_NODE_MODEL" mimVersion="A.9.50.J.9.1">
    <attr name="isRemoveAllowed">false</attr>
    <attr name="neighborCellRef">SubNetwork=ONRM_RootMo_R,MeContext=LTE02ERBS00040,ManagedElement=1,ENodeBFunction=1,EUtraNetwork=1,ExternalENodeBFunction=199,ExternalEUtranCellFDD=4</attr>
    <attr name="anrCreated">false</attr>
    <attr name="isHoAllowed">true</attr>
  </mo>
  <mo fdn="SubNetwork=ONRM_RootMo_R,MeContext=LTE02ERBS00040,ManagedElement=1,ENodeBFunction=1,EUtranCellFDD=LTE02ERBS00040-4,EUtranFreqRelation=1,EUtranCellRelation=18" lastModified="1287505001092" mimName="ERBS_NODE_MODEL" mimVersion="A.9.50.J.9.1">
    <attr name="isRemoveAllowed">false</attr>
    <attr name="neighborCellRef">SubNetwork=ONRM_RootMo_R,MeContext=LTE02ERBS00040,ManagedElement=1,ENodeBFunction=1,EUtraNetwork=1,ExternalENodeBFunction=201,ExternalEUtranCellFDD=3</attr>
    <attr name="anrCreated">false</attr>
    <attr name="isHoAllowed">true</attr>
  </mo>
  <mo fdn="SubNetwork=ONRM_RootMo_R,MeContext=LTE02ERBS00040,ManagedElement=1,ENodeBFunction=1,EUtranCellFDD=LTE02ERBS00040-4,EUtranFreqRelation=1,EUtranCellRelation=19" lastModified="1287505001091" mimName="ERBS_NODE_MODEL" mimVersion="A.9.50.J.9.1">
    <attr name="isRemoveAllowed">false</attr>
    <attr name="neighborCellRef">SubNetwork=ONRM_RootMo_R,MeContext=LTE02ERBS00040,ManagedElement=1,ENodeBFunction=1,EUtraNetwork=1,ExternalENodeBFunction=201,ExternalEUtranCellFDD=4</attr>
    <attr name="anrCreated">false</attr>
    <attr name="isHoAllowed">true</attr>
  </mo>
  <mo fdn="SubNetwork=ONRM_RootMo_R,MeContext=LTE02ERBS00040,ManagedElement=1,ENodeBFunction=1,EUtranCellFDD=LTE02ERBS00040-4,EUtranFreqRelation=1,EUtranCellRelation=22" lastModified="1287505001084" mimName="ERBS_NODE_MODEL" mimVersion="A.9.50.J.9.1">
    <attr name="isRemoveAllowed">false</attr>
    <attr name="neighborCellRef">SubNetwork=ONRM_RootMo_R,MeContext=LTE02ERBS00040,ManagedElement=1,ENodeBFunction=1,EUtraNetwork=1,ExternalENodeBFunction=203,ExternalEUtranCellFDD=3</attr>
    <attr name="anrCreated">false</attr>
    <attr name="isHoAllowed">true</attr>
  </mo>
  <mo fdn="SubNetwork=ONRM_RootMo_R,MeContext=LTE02ERBS00040,ManagedElement=1,ENodeBFunction=1,EUtranCellFDD=LTE02ERBS00040-4,EUtranFreqRelation=1,EUtranCellRelation=23" lastModified="1287505001082" mimName="ERBS_NODE_MODEL" mimVersion="A.9.50.J.9.1">
    <attr name="isRemoveAllowed">false</attr>
    <attr name="neighborCellRef">SubNetwork=ONRM_RootMo_R,MeContext=LTE02ERBS00040,ManagedElement=1,ENodeBFunction=1,EUtraNetwork=1,ExternalENodeBFunction=203,ExternalEUtranCellFDD=4</attr>
    <attr name="anrCreated">false</attr>
    <attr name="isHoAllowed">true</attr>
  </mo>
  <mo fdn="SubNetwork=ONRM_RootMo_R,MeContext=LTE02ERBS00040,ManagedElement=1,ENodeBFunction=1,EUtranCellFDD=LTE02ERBS00040-4,EUtranFreqRelation=1,EUtranCellRelation=26" lastModified="1287505001095" mimName="ERBS_NODE_MODEL" mimVersion="A.9.50.J.9.1">
    <attr name="isRemoveAllowed">false</attr>
    <attr name="neighborCellRef">SubNetwork=ONRM_RootMo_R,MeContext=LTE02ERBS00040,ManagedElement=1,ENodeBFunction=1,EUtraNetwork=1,ExternalENodeBFunction=205,ExternalEUtranCellFDD=3</attr>
    <attr name="anrCreated">false</attr>
    <attr name="isHoAllowed">true</attr>
  </mo>
  <mo fdn="SubNetwork=ONRM_RootMo_R,MeContext=LTE02ERBS00040,ManagedElement=1,ENodeBFunction=1,EUtranCellFDD=LTE02ERBS00040-4,EUtranFreqRelation=1,EUtranCellRelation=27" lastModified="1287505001093" mimName="ERBS_NODE_MODEL" mimVersion="A.9.50.J.9.1">
    <attr name="isRemoveAllowed">false</attr>
    <attr name="neighborCellRef">SubNetwork=ONRM_RootMo_R,MeContext=LTE02ERBS00040,ManagedElement=1,ENodeBFunction=1,EUtraNetwork=1,ExternalENodeBFunction=205,ExternalEUtranCellFDD=4</attr>
    <attr name="anrCreated">false</attr>
    <attr name="isHoAllowed">true</attr>
  </mo>
  <mo fdn="SubNetwork=ONRM_RootMo_R,MeContext=LTE02ERBS00040,ManagedElement=1,ENodeBFunction=1,EUtranCellFDD=LTE02ERBS00040-4,EUtranFreqRelation=1,EUtranCellRelation=30" lastModified="1287505001088" mimName="ERBS_NODE_MODEL" mimVersion="A.9.50.J.9.1">
    <attr name="isRemoveAllowed">false</attr>
    <attr name="neighborCellRef">SubNetwork=ONRM_RootMo_R,MeContext=LTE02ERBS00040,ManagedElement=1,ENodeBFunction=1,EUtraNetwork=1,ExternalENodeBFunction=207,ExternalEUtranCellFDD=3</attr>
    <attr name="anrCreated">false</attr>
    <attr name="isHoAllowed">true</attr>
  </mo>
  <mo fdn="SubNetwork=ONRM_RootMo_R,MeContext=LTE02ERBS00040,ManagedElement=1,ENodeBFunction=1,EUtranCellFDD=LTE02ERBS00040-4,EUtranFreqRelation=1,EUtranCellRelation=31" lastModified="1287505001085" mimName="ERBS_NODE_MODEL" mimVersion="A.9.50.J.9.1">
    <attr name="isRemoveAllowed">false</attr>
    <attr name="neighborCellRef">SubNetwork=ONRM_RootMo_R,MeContext=LTE02ERBS00040,ManagedElement=1,ENodeBFunction=1,EUtraNetwork=1,ExternalENodeBFunction=207,ExternalEUtranCellFDD=4</attr>
    <attr name="anrCreated">false</attr>
    <attr name="isHoAllowed">true</attr>
  </mo>
  <mo fdn="SubNetwork=ONRM_RootMo_R,MeContext=LTE02ERBS00040,ManagedElement=1,ENodeBFunction=1,EUtranCellFDD=LTE02ERBS00040-4,EUtranFreqRelation=1,EUtranCellRelation=4" lastModified="1287505001096" mimName="ERBS_NODE_MODEL" mimVersion="A.9.50.J.9.1">
    <attr name="isRemoveAllowed">false</attr>
    <attr name="neighborCellRef">SubNetwork=ONRM_RootMo_R,MeContext=LTE02ERBS00040,ManagedElement=1,ENodeBFunction=1,EUtraNetwork=1,ExternalENodeBFunction=193,ExternalEUtranCellFDD=3</attr>
    <attr name="anrCreated">false</attr>
    <attr name="isHoAllowed">true</attr>
  </mo>
  <mo fdn="SubNetwork=ONRM_RootMo_R,MeContext=LTE02ERBS00040,ManagedElement=1,ENodeBFunction=1,EUtranCellFDD=LTE02ERBS00040-4,EUtranFreqRelation=1,EUtranCellRelation=5" lastModified="1287505001100" mimName="ERBS_NODE_MODEL" mimVersion="A.9.50.J.9.1">
    <attr name="isRemoveAllowed">false</attr>
    <attr name="neighborCellRef">SubNetwork=ONRM_RootMo_R,MeContext=LTE02ERBS00040,ManagedElement=1,ENodeBFunction=1,EUtraNetwork=1,ExternalENodeBFunction=193,ExternalEUtranCellFDD=4</attr>
    <attr name="anrCreated">false</attr>
    <attr name="isHoAllowed">true</attr>
  </mo>
  <mo fdn="SubNetwork=ONRM_RootMo_R,MeContext=LTE02ERBS00040,ManagedElement=1,ENodeBFunction=1,EUtranCellFDD=LTE02ERBS00040-4,EUtranFreqRelation=1,EUtranCellRelation=8" lastModified="1287505001089" mimName="ERBS_NODE_MODEL" mimVersion="A.9.50.J.9.1">
    <attr name="isRemoveAllowed">false</attr>
    <attr name="neighborCellRef">SubNetwork=ONRM_RootMo_R,MeContext=LTE02ERBS00040,ManagedElement=1,ENodeBFunction=1,EUtraNetwork=1,ExternalENodeBFunction=195,ExternalEUtranCellFDD=3</attr>
    <attr name="anrCreated">false</attr>
    <attr name="isHoAllowed">true</attr>
  </mo>
  <mo fdn="SubNetwork=ONRM_RootMo_R,MeContext=LTE02ERBS00040,ManagedElement=1,ENodeBFunction=1,EUtranCellFDD=LTE02ERBS00040-4,EUtranFreqRelation=1,EUtranCellRelation=9" lastModified="1287505001090" mimName="ERBS_NODE_MODEL" mimVersion="A.9.50.J.9.1">
    <attr name="isRemoveAllowed">false</attr>
    <attr name="neighborCellRef">SubNetwork=ONRM_RootMo_R,MeContext=LTE02ERBS00040,ManagedElement=1,ENodeBFunction=1,EUtraNetwork=1,ExternalENodeBFunction=195,ExternalEUtranCellFDD=4</attr>
    <attr name="anrCreated">false</attr>
    <attr name="isHoAllowed">true</attr>
  </mo>
  <mo fdn="SubNetwork=ONRM_RootMo_R,MeContext=LTE02ERBS00040,ManagedElement=1,ENodeBFunction=1,EUtranCellFDD=LTE02ERBS00040-4,EUtranFreqRelation=2,EUtranCellRelation=1" lastModified="1287501476334" mimName="ERBS_NODE_MODEL" mimVersion="A.9.50.J.9.1">
    <attr name="isRemoveAllowed">false</attr>
    <attr name="neighborCellRef">SubNetwork=ONRM_RootMo_R,MeContext=LTE02ERBS00040,ManagedElement=1,ENodeBFunction=1,EUtranCellFDD=LTE02ERBS00040-1</attr>
    <attr name="anrCreated">false</attr>
    <attr name="isHoAllowed">true</attr>
  </mo>
  <mo fdn="SubNetwork=ONRM_RootMo_R,MeContext=LTE02ERBS00040,ManagedElement=1,ENodeBFunction=1,EUtranCellFDD=LTE02ERBS00040-4,EUtranFreqRelation=2,EUtranCellRelation=10" lastModified="1287505001069" mimName="ERBS_NODE_MODEL" mimVersion="A.9.50.J.9.1">
    <attr name="isRemoveAllowed">false</attr>
    <attr name="neighborCellRef">SubNetwork=ONRM_RootMo_R,MeContext=LTE02ERBS00040,ManagedElement=1,ENodeBFunction=1,EUtraNetwork=1,ExternalENodeBFunction=196,ExternalEUtranCellFDD=3</attr>
    <attr name="anrCreated">false</attr>
    <attr name="isHoAllowed">true</attr>
  </mo>
  <mo fdn="SubNetwork=ONRM_RootMo_R,MeContext=LTE02ERBS00040,ManagedElement=1,ENodeBFunction=1,EUtranCellFDD=LTE02ERBS00040-4,EUtranFreqRelation=2,EUtranCellRelation=11" lastModified="1287505001068" mimName="ERBS_NODE_MODEL" mimVersion="A.9.50.J.9.1">
    <attr name="isRemoveAllowed">false</attr>
    <attr name="neighborCellRef">SubNetwork=ONRM_RootMo_R,MeContext=LTE02ERBS00040,ManagedElement=1,ENodeBFunction=1,EUtraNetwork=1,ExternalENodeBFunction=196,ExternalEUtranCellFDD=4</attr>
    <attr name="anrCreated">false</attr>
    <attr name="isHoAllowed">true</attr>
  </mo>
  <mo fdn="SubNetwork=ONRM_RootMo_R,MeContext=LTE02ERBS00040,ManagedElement=1,ENodeBFunction=1,EUtranCellFDD=LTE02ERBS00040-4,EUtranFreqRelation=2,EUtranCellRelation=14" lastModified="1287505001063" mimName="ERBS_NODE_MODEL" mimVersion="A.9.50.J.9.1">
    <attr name="isRemoveAllowed">false</attr>
    <attr name="neighborCellRef">SubNetwork=ONRM_RootMo_R,MeContext=LTE02ERBS00040,ManagedElement=1,ENodeBFunction=1,EUtraNetwork=1,ExternalENodeBFunction=198,ExternalEUtranCellFDD=3</attr>
    <attr name="anrCreated">false</attr>
    <attr name="isHoAllowed">true</attr>
  </mo>
  <mo fdn="SubNetwork=ONRM_RootMo_R,MeContext=LTE02ERBS00040,ManagedElement=1,ENodeBFunction=1,EUtranCellFDD=LTE02ERBS00040-4,EUtranFreqRelation=2,EUtranCellRelation=15" lastModified="1287505001079" mimName="ERBS_NODE_MODEL" mimVersion="A.9.50.J.9.1">
    <attr name="isRemoveAllowed">false</attr>
    <attr name="neighborCellRef">SubNetwork=ONRM_RootMo_R,MeContext=LTE02ERBS00040,ManagedElement=1,ENodeBFunction=1,EUtraNetwork=1,ExternalENodeBFunction=198,ExternalEUtranCellFDD=4</attr>
    <attr name="anrCreated">false</attr>
    <attr name="isHoAllowed">true</attr>
  </mo>
  <mo fdn="SubNetwork=ONRM_RootMo_R,MeContext=LTE02ERBS00040,ManagedElement=1,ENodeBFunction=1,EUtranCellFDD=LTE02ERBS00040-4,EUtranFreqRelation=2,EUtranCellRelation=2" lastModified="1287501476331" mimName="ERBS_NODE_MODEL" mimVersion="A.9.50.J.9.1">
    <attr name="isRemoveAllowed">false</attr>
    <attr name="neighborCellRef">SubNetwork=ONRM_RootMo_R,MeContext=LTE02ERBS00040,ManagedElement=1,ENodeBFunction=1,EUtranCellFDD=LTE02ERBS00040-2</attr>
    <attr name="anrCreated">false</attr>
    <attr name="isHoAllowed">true</attr>
  </mo>
  <mo fdn="SubNetwork=ONRM_RootMo_R,MeContext=LTE02ERBS00040,ManagedElement=1,ENodeBFunction=1,EUtranCellFDD=LTE02ERBS00040-4,EUtranFreqRelation=2,EUtranCellRelation=20" lastModified="1287505001071" mimName="ERBS_NODE_MODEL" mimVersion="A.9.50.J.9.1">
    <attr name="isRemoveAllowed">false</attr>
    <attr name="neighborCellRef">SubNetwork=ONRM_RootMo_R,MeContext=LTE02ERBS00040,ManagedElement=1,ENodeBFunction=1,EUtraNetwork=1,ExternalENodeBFunction=202,ExternalEUtranCellFDD=3</attr>
    <attr name="anrCreated">false</attr>
    <attr name="isHoAllowed">true</attr>
  </mo>
  <mo fdn="SubNetwork=ONRM_RootMo_R,MeContext=LTE02ERBS00040,ManagedElement=1,ENodeBFunction=1,EUtranCellFDD=LTE02ERBS00040-4,EUtranFreqRelation=2,EUtranCellRelation=21" lastModified="1287505001070" mimName="ERBS_NODE_MODEL" mimVersion="A.9.50.J.9.1">
    <attr name="isRemoveAllowed">false</attr>
    <attr name="neighborCellRef">SubNetwork=ONRM_RootMo_R,MeContext=LTE02ERBS00040,ManagedElement=1,ENodeBFunction=1,EUtraNetwork=1,ExternalENodeBFunction=202,ExternalEUtranCellFDD=4</attr>
    <attr name="anrCreated">false</attr>
    <attr name="isHoAllowed">true</attr>
  </mo>
  <mo fdn="SubNetwork=ONRM_RootMo_R,MeContext=LTE02ERBS00040,ManagedElement=1,ENodeBFunction=1,EUtranCellFDD=LTE02ERBS00040-4,EUtranFreqRelation=2,EUtranCellRelation=24" lastModified="1287505001066" mimName="ERBS_NODE_MODEL" mimVersion="A.9.50.J.9.1">
    <attr name="isRemoveAllowed">false</attr>
    <attr name="neighborCellRef">SubNetwork=ONRM_RootMo_R,MeContext=LTE02ERBS00040,ManagedElement=1,ENodeBFunction=1,EUtraNetwork=1,ExternalENodeBFunction=204,ExternalEUtranCellFDD=3</attr>
    <attr name="anrCreated">false</attr>
    <attr name="isHoAllowed">true</attr>
  </mo>
  <mo fdn="SubNetwork=ONRM_RootMo_R,MeContext=LTE02ERBS00040,ManagedElement=1,ENodeBFunction=1,EUtranCellFDD=LTE02ERBS00040-4,EUtranFreqRelation=2,EUtranCellRelation=25" lastModified="1287505001065" mimName="ERBS_NODE_MODEL" mimVersion="A.9.50.J.9.1">
    <attr name="isRemoveAllowed">false</attr>
    <attr name="neighborCellRef">SubNetwork=ONRM_RootMo_R,MeContext=LTE02ERBS00040,ManagedElement=1,ENodeBFunction=1,EUtraNetwork=1,ExternalENodeBFunction=204,ExternalEUtranCellFDD=4</attr>
    <attr name="anrCreated">false</attr>
    <attr name="isHoAllowed">true</attr>
  </mo>
  <mo fdn="SubNetwork=ONRM_RootMo_R,MeContext=LTE02ERBS00040,ManagedElement=1,ENodeBFunction=1,EUtranCellFDD=LTE02ERBS00040-4,EUtranFreqRelation=2,EUtranCellRelation=28" lastModified="1287505001077" mimName="ERBS_NODE_MODEL" mimVersion="A.9.50.J.9.1">
    <attr name="isRemoveAllowed">false</attr>
    <attr name="neighborCellRef">SubNetwork=ONRM_RootMo_R,MeContext=LTE02ERBS00040,ManagedElement=1,ENodeBFunction=1,EUtraNetwork=1,ExternalENodeBFunction=206,ExternalEUtranCellFDD=3</attr>
    <attr name="anrCreated">false</attr>
    <attr name="isHoAllowed">true</attr>
  </mo>
  <mo fdn="SubNetwork=ONRM_RootMo_R,MeContext=LTE02ERBS00040,ManagedElement=1,ENodeBFunction=1,EUtranCellFDD=LTE02ERBS00040-4,EUtranFreqRelation=2,EUtranCellRelation=29" lastModified="1287505001076" mimName="ERBS_NODE_MODEL" mimVersion="A.9.50.J.9.1">
    <attr name="isRemoveAllowed">false</attr>
    <attr name="neighborCellRef">SubNetwork=ONRM_RootMo_R,MeContext=LTE02ERBS00040,ManagedElement=1,ENodeBFunction=1,EUtraNetwork=1,ExternalENodeBFunction=206,ExternalEUtranCellFDD=4</attr>
    <attr name="anrCreated">false</attr>
    <attr name="isHoAllowed">true</attr>
  </mo>
  <mo fdn="SubNetwork=ONRM_RootMo_R,MeContext=LTE02ERBS00040,ManagedElement=1,ENodeBFunction=1,EUtranCellFDD=LTE02ERBS00040-4,EUtranFreqRelation=2,EUtranCellRelation=3" lastModified="1287501477111" mimName="ERBS_NODE_MODEL" mimVersion="A.9.50.J.9.1">
    <attr name="isRemoveAllowed">false</attr>
    <attr name="neighborCellRef">SubNetwork=ONRM_RootMo_R,MeContext=LTE02ERBS00040,ManagedElement=1,ENodeBFunction=1,EUtranCellFDD=LTE02ERBS00040-3</attr>
    <attr name="anrCreated">false</attr>
    <attr name="isHoAllowed">true</attr>
  </mo>
  <mo fdn="SubNetwork=ONRM_RootMo_R,MeContext=LTE02ERBS00040,ManagedElement=1,ENodeBFunction=1,EUtranCellFDD=LTE02ERBS00040-4,EUtranFreqRelation=2,EUtranCellRelation=32" lastModified="1287505001064" mimName="ERBS_NODE_MODEL" mimVersion="A.9.50.J.9.1">
    <attr name="isRemoveAllowed">false</attr>
    <attr name="neighborCellRef">SubNetwork=ONRM_RootMo_R,MeContext=LTE02ERBS00040,ManagedElement=1,ENodeBFunction=1,EUtraNetwork=1,ExternalENodeBFunction=208,ExternalEUtranCellFDD=3</attr>
    <attr name="anrCreated">false</attr>
    <attr name="isHoAllowed">true</attr>
  </mo>
  <mo fdn="SubNetwork=ONRM_RootMo_R,MeContext=LTE02ERBS00040,ManagedElement=1,ENodeBFunction=1,EUtranCellFDD=LTE02ERBS00040-4,EUtranFreqRelation=2,EUtranCellRelation=33" lastModified="1287505001073" mimName="ERBS_NODE_MODEL" mimVersion="A.9.50.J.9.1">
    <attr name="isRemoveAllowed">false</attr>
    <attr name="neighborCellRef">SubNetwork=ONRM_RootMo_R,MeContext=LTE02ERBS00040,ManagedElement=1,ENodeBFunction=1,EUtraNetwork=1,ExternalENodeBFunction=208,ExternalEUtranCellFDD=4</attr>
    <attr name="anrCreated">false</attr>
    <attr name="isHoAllowed">true</attr>
  </mo>
  <mo fdn="SubNetwork=ONRM_RootMo_R,MeContext=LTE02ERBS00040,ManagedElement=1,ENodeBFunction=1,EUtranCellFDD=LTE02ERBS00040-4,EUtranFreqRelation=2,EUtranCellRelation=6" lastModified="1287505001074" mimName="ERBS_NODE_MODEL" mimVersion="A.9.50.J.9.1">
    <attr name="isRemoveAllowed">false</attr>
    <attr name="neighborCellRef">SubNetwork=ONRM_RootMo_R,MeContext=LTE02ERBS00040,ManagedElement=1,ENodeBFunction=1,EUtraNetwork=1,ExternalENodeBFunction=194,ExternalEUtranCellFDD=3</attr>
    <attr name="anrCreated">false</attr>
    <attr name="isHoAllowed">true</attr>
  </mo>
  <mo fdn="SubNetwork=ONRM_RootMo_R,MeContext=LTE02ERBS00040,ManagedElement=1,ENodeBFunction=1,EUtranCellFDD=LTE02ERBS00040-4,EUtranFreqRelation=2,EUtranCellRelation=7" lastModified="1287505001075" mimName="ERBS_NODE_MODEL" mimVersion="A.9.50.J.9.1">
    <attr name="isRemoveAllowed">false</attr>
    <attr name="neighborCellRef">SubNetwork=ONRM_RootMo_R,MeContext=LTE02ERBS00040,ManagedElement=1,ENodeBFunction=1,EUtraNetwork=1,ExternalENodeBFunction=194,ExternalEUtranCellFDD=4</attr>
    <attr name="anrCreated">false</attr>
    <attr name="isHoAllowed">true</attr>
  </mo>
</model>
