<?xml version="1.0" encoding="UTF-8" standalone="no"?><!-- Generated by nmsadm --><!-- Generated on Thu Oct 28 14:36:24 BST 2010 --><!-- Generated from configuration valid --><!-- Query - Base MO SubNetwork=ONRM_RootMo_R,MeContext=LTE01ERBS00147; Scope 8 --><model>
  <mo fdn="SubNetwork=ONRM_RootMo_R,MeContext=LTE01ERBS00147" lastModified="1287512129784" mimName="ERBS_NODE_MODEL" mimVersion="A.9.50.J.9.1">
    <attr name="MeContextId">LTE01ERBS00147</attr>
    <attr name="neMIMversion">vA.9.40</attr>
    <attr name="siteRef">SubNetwork=ONRM_RootMo_R,Site=LTE01ERBS00147</attr>
    <attr name="userLabel">LTE01ERBS00147</attr>
  </mo>
  <mo fdn="SubNetwork=ONRM_RootMo_R,MeContext=LTE01ERBS00147,ManagedElement=1,ENodeBFunction=1" lastModified="1287501282739" mimName="ERBS_NODE_MODEL" mimVersion="A.9.50.J.9.1">
    <attr name="eNodeBPlmnId">
      <struct>
        <attr name="mcc">311</attr>
        <attr name="mnc">480</attr>
        <attr name="mncLength">2</attr>
      </struct>
    </attr>
    <attr name="eNBId">190039</attr>
  </mo>
  <mo fdn="SubNetwork=ONRM_RootMo_R,MeContext=LTE01ERBS00147,ManagedElement=1,ENodeBFunction=1,EUtranCellFDD=LTE01ERBS00147-1" lastModified="1287512094495" mimName="ERBS_NODE_MODEL" mimVersion="A.9.50.J.9.1">
    <attr name="EUtranCellFDDId">LTE01ERBS00147-1</attr>
    <attr name="earfcnul">18000</attr>
    <attr name="cellId">1</attr>
    <attr name="tac">48650</attr>
    <attr name="bPlmnList">
      <seq count="1">
        <item>
          <struct>
            <attr name="mcc">311</attr>
            <attr name="mnc">480</attr>
            <attr name="mncLength">2</attr>
          </struct>
        </item>
      </seq>
    </attr>
    <attr name="earfcndl">0</attr>
    <attr name="userLabel">LTE01ERBS00147-1</attr>
  </mo>
  <mo fdn="SubNetwork=ONRM_RootMo_R,MeContext=LTE01ERBS00147,ManagedElement=1,ENodeBFunction=1,EUtranCellFDD=LTE01ERBS00147-1,EUtranFreqRelation=1,EUtranCellRelation=1" lastModified="1287501278272" mimName="ERBS_NODE_MODEL" mimVersion="A.9.50.J.9.1">
    <attr name="isRemoveAllowed">false</attr>
    <attr name="neighborCellRef">SubNetwork=ONRM_RootMo_R,MeContext=LTE01ERBS00147,ManagedElement=1,ENodeBFunction=1,EUtranCellFDD=LTE01ERBS00147-2</attr>
    <attr name="anrCreated">false</attr>
    <attr name="isHoAllowed">true</attr>
  </mo>
  <mo fdn="SubNetwork=ONRM_RootMo_R,MeContext=LTE01ERBS00147,ManagedElement=1,ENodeBFunction=1,EUtranCellFDD=LTE01ERBS00147-1,EUtranFreqRelation=1,EUtranCellRelation=10" lastModified="1287504927811" mimName="ERBS_NODE_MODEL" mimVersion="A.9.50.J.9.1">
    <attr name="isRemoveAllowed">false</attr>
    <attr name="neighborCellRef">SubNetwork=ONRM_RootMo_R,MeContext=LTE01ERBS00147,ManagedElement=1,ENodeBFunction=1,EUtraNetwork=1,ExternalENodeBFunction=149,ExternalEUtranCellFDD=1</attr>
    <attr name="anrCreated">false</attr>
    <attr name="isHoAllowed">true</attr>
  </mo>
  <mo fdn="SubNetwork=ONRM_RootMo_R,MeContext=LTE01ERBS00147,ManagedElement=1,ENodeBFunction=1,EUtranCellFDD=LTE01ERBS00147-1,EUtranFreqRelation=1,EUtranCellRelation=11" lastModified="1287504927808" mimName="ERBS_NODE_MODEL" mimVersion="A.9.50.J.9.1">
    <attr name="isRemoveAllowed">false</attr>
    <attr name="neighborCellRef">SubNetwork=ONRM_RootMo_R,MeContext=LTE01ERBS00147,ManagedElement=1,ENodeBFunction=1,EUtraNetwork=1,ExternalENodeBFunction=149,ExternalEUtranCellFDD=2</attr>
    <attr name="anrCreated">false</attr>
    <attr name="isHoAllowed">true</attr>
  </mo>
  <mo fdn="SubNetwork=ONRM_RootMo_R,MeContext=LTE01ERBS00147,ManagedElement=1,ENodeBFunction=1,EUtranCellFDD=LTE01ERBS00147-1,EUtranFreqRelation=1,EUtranCellRelation=14" lastModified="1287501476746" mimName="ERBS_NODE_MODEL" mimVersion="A.9.50.J.9.1">
    <attr name="isRemoveAllowed">false</attr>
    <attr name="neighborCellRef">SubNetwork=ONRM_RootMo_R,MeContext=LTE01ERBS00147,ManagedElement=1,ENodeBFunction=1,EUtraNetwork=1,ExternalENodeBFunction=151,ExternalEUtranCellFDD=1</attr>
    <attr name="anrCreated">false</attr>
    <attr name="isHoAllowed">true</attr>
  </mo>
  <mo fdn="SubNetwork=ONRM_RootMo_R,MeContext=LTE01ERBS00147,ManagedElement=1,ENodeBFunction=1,EUtranCellFDD=LTE01ERBS00147-1,EUtranFreqRelation=1,EUtranCellRelation=15" lastModified="1287501476767" mimName="ERBS_NODE_MODEL" mimVersion="A.9.50.J.9.1">
    <attr name="isRemoveAllowed">false</attr>
    <attr name="neighborCellRef">SubNetwork=ONRM_RootMo_R,MeContext=LTE01ERBS00147,ManagedElement=1,ENodeBFunction=1,EUtraNetwork=1,ExternalENodeBFunction=151,ExternalEUtranCellFDD=2</attr>
    <attr name="anrCreated">false</attr>
    <attr name="isHoAllowed">true</attr>
  </mo>
  <mo fdn="SubNetwork=ONRM_RootMo_R,MeContext=LTE01ERBS00147,ManagedElement=1,ENodeBFunction=1,EUtranCellFDD=LTE01ERBS00147-1,EUtranFreqRelation=1,EUtranCellRelation=18" lastModified="1287501476762" mimName="ERBS_NODE_MODEL" mimVersion="A.9.50.J.9.1">
    <attr name="isRemoveAllowed">false</attr>
    <attr name="neighborCellRef">SubNetwork=ONRM_RootMo_R,MeContext=LTE01ERBS00147,ManagedElement=1,ENodeBFunction=1,EUtraNetwork=1,ExternalENodeBFunction=153,ExternalEUtranCellFDD=1</attr>
    <attr name="anrCreated">false</attr>
    <attr name="isHoAllowed">true</attr>
  </mo>
  <mo fdn="SubNetwork=ONRM_RootMo_R,MeContext=LTE01ERBS00147,ManagedElement=1,ENodeBFunction=1,EUtranCellFDD=LTE01ERBS00147-1,EUtranFreqRelation=1,EUtranCellRelation=19" lastModified="1287501476755" mimName="ERBS_NODE_MODEL" mimVersion="A.9.50.J.9.1">
    <attr name="isRemoveAllowed">false</attr>
    <attr name="neighborCellRef">SubNetwork=ONRM_RootMo_R,MeContext=LTE01ERBS00147,ManagedElement=1,ENodeBFunction=1,EUtraNetwork=1,ExternalENodeBFunction=153,ExternalEUtranCellFDD=2</attr>
    <attr name="anrCreated">false</attr>
    <attr name="isHoAllowed">true</attr>
  </mo>
  <mo fdn="SubNetwork=ONRM_RootMo_R,MeContext=LTE01ERBS00147,ManagedElement=1,ENodeBFunction=1,EUtranCellFDD=LTE01ERBS00147-1,EUtranFreqRelation=1,EUtranCellRelation=2" lastModified="1287501278269" mimName="ERBS_NODE_MODEL" mimVersion="A.9.50.J.9.1">
    <attr name="isRemoveAllowed">false</attr>
    <attr name="neighborCellRef">SubNetwork=ONRM_RootMo_R,MeContext=LTE01ERBS00147,ManagedElement=1,ENodeBFunction=1,EUtranCellFDD=LTE01ERBS00147-3</attr>
    <attr name="anrCreated">false</attr>
    <attr name="isHoAllowed">true</attr>
  </mo>
  <mo fdn="SubNetwork=ONRM_RootMo_R,MeContext=LTE01ERBS00147,ManagedElement=1,ENodeBFunction=1,EUtranCellFDD=LTE01ERBS00147-1,EUtranFreqRelation=1,EUtranCellRelation=22" lastModified="1287501476749" mimName="ERBS_NODE_MODEL" mimVersion="A.9.50.J.9.1">
    <attr name="isRemoveAllowed">false</attr>
    <attr name="neighborCellRef">SubNetwork=ONRM_RootMo_R,MeContext=LTE01ERBS00147,ManagedElement=1,ENodeBFunction=1,EUtraNetwork=1,ExternalENodeBFunction=155,ExternalEUtranCellFDD=1</attr>
    <attr name="anrCreated">false</attr>
    <attr name="isHoAllowed">true</attr>
  </mo>
  <mo fdn="SubNetwork=ONRM_RootMo_R,MeContext=LTE01ERBS00147,ManagedElement=1,ENodeBFunction=1,EUtranCellFDD=LTE01ERBS00147-1,EUtranFreqRelation=1,EUtranCellRelation=23" lastModified="1287501476744" mimName="ERBS_NODE_MODEL" mimVersion="A.9.50.J.9.1">
    <attr name="isRemoveAllowed">false</attr>
    <attr name="neighborCellRef">SubNetwork=ONRM_RootMo_R,MeContext=LTE01ERBS00147,ManagedElement=1,ENodeBFunction=1,EUtraNetwork=1,ExternalENodeBFunction=155,ExternalEUtranCellFDD=2</attr>
    <attr name="anrCreated">false</attr>
    <attr name="isHoAllowed">true</attr>
  </mo>
  <mo fdn="SubNetwork=ONRM_RootMo_R,MeContext=LTE01ERBS00147,ManagedElement=1,ENodeBFunction=1,EUtranCellFDD=LTE01ERBS00147-1,EUtranFreqRelation=1,EUtranCellRelation=26" lastModified="1287501476764" mimName="ERBS_NODE_MODEL" mimVersion="A.9.50.J.9.1">
    <attr name="isRemoveAllowed">false</attr>
    <attr name="neighborCellRef">SubNetwork=ONRM_RootMo_R,MeContext=LTE01ERBS00147,ManagedElement=1,ENodeBFunction=1,EUtraNetwork=1,ExternalENodeBFunction=157,ExternalEUtranCellFDD=1</attr>
    <attr name="anrCreated">false</attr>
    <attr name="isHoAllowed">true</attr>
  </mo>
  <mo fdn="SubNetwork=ONRM_RootMo_R,MeContext=LTE01ERBS00147,ManagedElement=1,ENodeBFunction=1,EUtranCellFDD=LTE01ERBS00147-1,EUtranFreqRelation=1,EUtranCellRelation=27" lastModified="1287501476758" mimName="ERBS_NODE_MODEL" mimVersion="A.9.50.J.9.1">
    <attr name="isRemoveAllowed">false</attr>
    <attr name="neighborCellRef">SubNetwork=ONRM_RootMo_R,MeContext=LTE01ERBS00147,ManagedElement=1,ENodeBFunction=1,EUtraNetwork=1,ExternalENodeBFunction=157,ExternalEUtranCellFDD=2</attr>
    <attr name="anrCreated">false</attr>
    <attr name="isHoAllowed">true</attr>
  </mo>
  <mo fdn="SubNetwork=ONRM_RootMo_R,MeContext=LTE01ERBS00147,ManagedElement=1,ENodeBFunction=1,EUtranCellFDD=LTE01ERBS00147-1,EUtranFreqRelation=1,EUtranCellRelation=3" lastModified="1287501278265" mimName="ERBS_NODE_MODEL" mimVersion="A.9.50.J.9.1">
    <attr name="isRemoveAllowed">false</attr>
    <attr name="neighborCellRef">SubNetwork=ONRM_RootMo_R,MeContext=LTE01ERBS00147,ManagedElement=1,ENodeBFunction=1,EUtranCellFDD=LTE01ERBS00147-4</attr>
    <attr name="anrCreated">false</attr>
    <attr name="isHoAllowed">true</attr>
  </mo>
  <mo fdn="SubNetwork=ONRM_RootMo_R,MeContext=LTE01ERBS00147,ManagedElement=1,ENodeBFunction=1,EUtranCellFDD=LTE01ERBS00147-1,EUtranFreqRelation=1,EUtranCellRelation=30" lastModified="1287501476753" mimName="ERBS_NODE_MODEL" mimVersion="A.9.50.J.9.1">
    <attr name="isRemoveAllowed">false</attr>
    <attr name="neighborCellRef">SubNetwork=ONRM_RootMo_R,MeContext=LTE01ERBS00147,ManagedElement=1,ENodeBFunction=1,EUtraNetwork=1,ExternalENodeBFunction=159,ExternalEUtranCellFDD=1</attr>
    <attr name="anrCreated">false</attr>
    <attr name="isHoAllowed">true</attr>
  </mo>
  <mo fdn="SubNetwork=ONRM_RootMo_R,MeContext=LTE01ERBS00147,ManagedElement=1,ENodeBFunction=1,EUtranCellFDD=LTE01ERBS00147-1,EUtranFreqRelation=1,EUtranCellRelation=31" lastModified="1287501476751" mimName="ERBS_NODE_MODEL" mimVersion="A.9.50.J.9.1">
    <attr name="isRemoveAllowed">false</attr>
    <attr name="neighborCellRef">SubNetwork=ONRM_RootMo_R,MeContext=LTE01ERBS00147,ManagedElement=1,ENodeBFunction=1,EUtraNetwork=1,ExternalENodeBFunction=159,ExternalEUtranCellFDD=2</attr>
    <attr name="anrCreated">false</attr>
    <attr name="isHoAllowed">true</attr>
  </mo>
  <mo fdn="SubNetwork=ONRM_RootMo_R,MeContext=LTE01ERBS00147,ManagedElement=1,ENodeBFunction=1,EUtranCellFDD=LTE01ERBS00147-1,EUtranFreqRelation=1,EUtranCellRelation=4" lastModified="1287504927815" mimName="ERBS_NODE_MODEL" mimVersion="A.9.50.J.9.1">
    <attr name="isRemoveAllowed">false</attr>
    <attr name="neighborCellRef">SubNetwork=ONRM_RootMo_R,MeContext=LTE01ERBS00147,ManagedElement=1,ENodeBFunction=1,EUtraNetwork=1,ExternalENodeBFunction=145,ExternalEUtranCellFDD=1</attr>
    <attr name="anrCreated">false</attr>
    <attr name="isHoAllowed">true</attr>
  </mo>
  <mo fdn="SubNetwork=ONRM_RootMo_R,MeContext=LTE01ERBS00147,ManagedElement=1,ENodeBFunction=1,EUtranCellFDD=LTE01ERBS00147-1,EUtranFreqRelation=1,EUtranCellRelation=5" lastModified="1287504927817" mimName="ERBS_NODE_MODEL" mimVersion="A.9.50.J.9.1">
    <attr name="isRemoveAllowed">false</attr>
    <attr name="neighborCellRef">SubNetwork=ONRM_RootMo_R,MeContext=LTE01ERBS00147,ManagedElement=1,ENodeBFunction=1,EUtraNetwork=1,ExternalENodeBFunction=145,ExternalEUtranCellFDD=2</attr>
    <attr name="anrCreated">false</attr>
    <attr name="isHoAllowed">true</attr>
  </mo>
  <mo fdn="SubNetwork=ONRM_RootMo_R,MeContext=LTE01ERBS00147,ManagedElement=1,ENodeBFunction=1,EUtranCellFDD=LTE01ERBS00147-1,EUtranFreqRelation=2,EUtranCellRelation=12" lastModified="1287504927802" mimName="ERBS_NODE_MODEL" mimVersion="A.9.50.J.9.1">
    <attr name="isRemoveAllowed">false</attr>
    <attr name="neighborCellRef">SubNetwork=ONRM_RootMo_R,MeContext=LTE01ERBS00147,ManagedElement=1,ENodeBFunction=1,EUtraNetwork=1,ExternalENodeBFunction=150,ExternalEUtranCellFDD=1</attr>
    <attr name="anrCreated">false</attr>
    <attr name="isHoAllowed">true</attr>
  </mo>
  <mo fdn="SubNetwork=ONRM_RootMo_R,MeContext=LTE01ERBS00147,ManagedElement=1,ENodeBFunction=1,EUtranCellFDD=LTE01ERBS00147-1,EUtranFreqRelation=2,EUtranCellRelation=13" lastModified="1287504927789" mimName="ERBS_NODE_MODEL" mimVersion="A.9.50.J.9.1">
    <attr name="isRemoveAllowed">false</attr>
    <attr name="neighborCellRef">SubNetwork=ONRM_RootMo_R,MeContext=LTE01ERBS00147,ManagedElement=1,ENodeBFunction=1,EUtraNetwork=1,ExternalENodeBFunction=150,ExternalEUtranCellFDD=2</attr>
    <attr name="anrCreated">false</attr>
    <attr name="isHoAllowed">true</attr>
  </mo>
  <mo fdn="SubNetwork=ONRM_RootMo_R,MeContext=LTE01ERBS00147,ManagedElement=1,ENodeBFunction=1,EUtranCellFDD=LTE01ERBS00147-1,EUtranFreqRelation=2,EUtranCellRelation=16" lastModified="1287501476735" mimName="ERBS_NODE_MODEL" mimVersion="A.9.50.J.9.1">
    <attr name="isRemoveAllowed">false</attr>
    <attr name="neighborCellRef">SubNetwork=ONRM_RootMo_R,MeContext=LTE01ERBS00147,ManagedElement=1,ENodeBFunction=1,EUtraNetwork=1,ExternalENodeBFunction=152,ExternalEUtranCellFDD=1</attr>
    <attr name="anrCreated">false</attr>
    <attr name="isHoAllowed">true</attr>
  </mo>
  <mo fdn="SubNetwork=ONRM_RootMo_R,MeContext=LTE01ERBS00147,ManagedElement=1,ENodeBFunction=1,EUtranCellFDD=LTE01ERBS00147-1,EUtranFreqRelation=2,EUtranCellRelation=17" lastModified="1287501476728" mimName="ERBS_NODE_MODEL" mimVersion="A.9.50.J.9.1">
    <attr name="isRemoveAllowed">false</attr>
    <attr name="neighborCellRef">SubNetwork=ONRM_RootMo_R,MeContext=LTE01ERBS00147,ManagedElement=1,ENodeBFunction=1,EUtraNetwork=1,ExternalENodeBFunction=152,ExternalEUtranCellFDD=2</attr>
    <attr name="anrCreated">false</attr>
    <attr name="isHoAllowed">true</attr>
  </mo>
  <mo fdn="SubNetwork=ONRM_RootMo_R,MeContext=LTE01ERBS00147,ManagedElement=1,ENodeBFunction=1,EUtranCellFDD=LTE01ERBS00147-1,EUtranFreqRelation=2,EUtranCellRelation=20" lastModified="1287501476712" mimName="ERBS_NODE_MODEL" mimVersion="A.9.50.J.9.1">
    <attr name="isRemoveAllowed">false</attr>
    <attr name="neighborCellRef">SubNetwork=ONRM_RootMo_R,MeContext=LTE01ERBS00147,ManagedElement=1,ENodeBFunction=1,EUtraNetwork=1,ExternalENodeBFunction=154,ExternalEUtranCellFDD=1</attr>
    <attr name="anrCreated">false</attr>
    <attr name="isHoAllowed">true</attr>
  </mo>
  <mo fdn="SubNetwork=ONRM_RootMo_R,MeContext=LTE01ERBS00147,ManagedElement=1,ENodeBFunction=1,EUtranCellFDD=LTE01ERBS00147-1,EUtranFreqRelation=2,EUtranCellRelation=21" lastModified="1287501476710" mimName="ERBS_NODE_MODEL" mimVersion="A.9.50.J.9.1">
    <attr name="isRemoveAllowed">false</attr>
    <attr name="neighborCellRef">SubNetwork=ONRM_RootMo_R,MeContext=LTE01ERBS00147,ManagedElement=1,ENodeBFunction=1,EUtraNetwork=1,ExternalENodeBFunction=154,ExternalEUtranCellFDD=2</attr>
    <attr name="anrCreated">false</attr>
    <attr name="isHoAllowed">true</attr>
  </mo>
  <mo fdn="SubNetwork=ONRM_RootMo_R,MeContext=LTE01ERBS00147,ManagedElement=1,ENodeBFunction=1,EUtranCellFDD=LTE01ERBS00147-1,EUtranFreqRelation=2,EUtranCellRelation=24" lastModified="1287501476707" mimName="ERBS_NODE_MODEL" mimVersion="A.9.50.J.9.1">
    <attr name="isRemoveAllowed">false</attr>
    <attr name="neighborCellRef">SubNetwork=ONRM_RootMo_R,MeContext=LTE01ERBS00147,ManagedElement=1,ENodeBFunction=1,EUtraNetwork=1,ExternalENodeBFunction=156,ExternalEUtranCellFDD=1</attr>
    <attr name="anrCreated">false</attr>
    <attr name="isHoAllowed">true</attr>
  </mo>
  <mo fdn="SubNetwork=ONRM_RootMo_R,MeContext=LTE01ERBS00147,ManagedElement=1,ENodeBFunction=1,EUtranCellFDD=LTE01ERBS00147-1,EUtranFreqRelation=2,EUtranCellRelation=25" lastModified="1287501476704" mimName="ERBS_NODE_MODEL" mimVersion="A.9.50.J.9.1">
    <attr name="isRemoveAllowed">false</attr>
    <attr name="neighborCellRef">SubNetwork=ONRM_RootMo_R,MeContext=LTE01ERBS00147,ManagedElement=1,ENodeBFunction=1,EUtraNetwork=1,ExternalENodeBFunction=156,ExternalEUtranCellFDD=2</attr>
    <attr name="anrCreated">false</attr>
    <attr name="isHoAllowed">true</attr>
  </mo>
  <mo fdn="SubNetwork=ONRM_RootMo_R,MeContext=LTE01ERBS00147,ManagedElement=1,ENodeBFunction=1,EUtranCellFDD=LTE01ERBS00147-1,EUtranFreqRelation=2,EUtranCellRelation=28" lastModified="1287501476737" mimName="ERBS_NODE_MODEL" mimVersion="A.9.50.J.9.1">
    <attr name="isRemoveAllowed">false</attr>
    <attr name="neighborCellRef">SubNetwork=ONRM_RootMo_R,MeContext=LTE01ERBS00147,ManagedElement=1,ENodeBFunction=1,EUtraNetwork=1,ExternalENodeBFunction=158,ExternalEUtranCellFDD=1</attr>
    <attr name="anrCreated">false</attr>
    <attr name="isHoAllowed">true</attr>
  </mo>
  <mo fdn="SubNetwork=ONRM_RootMo_R,MeContext=LTE01ERBS00147,ManagedElement=1,ENodeBFunction=1,EUtranCellFDD=LTE01ERBS00147-1,EUtranFreqRelation=2,EUtranCellRelation=29" lastModified="1287501476731" mimName="ERBS_NODE_MODEL" mimVersion="A.9.50.J.9.1">
    <attr name="isRemoveAllowed">false</attr>
    <attr name="neighborCellRef">SubNetwork=ONRM_RootMo_R,MeContext=LTE01ERBS00147,ManagedElement=1,ENodeBFunction=1,EUtraNetwork=1,ExternalENodeBFunction=158,ExternalEUtranCellFDD=2</attr>
    <attr name="anrCreated">false</attr>
    <attr name="isHoAllowed">true</attr>
  </mo>
  <mo fdn="SubNetwork=ONRM_RootMo_R,MeContext=LTE01ERBS00147,ManagedElement=1,ENodeBFunction=1,EUtranCellFDD=LTE01ERBS00147-1,EUtranFreqRelation=2,EUtranCellRelation=32" lastModified="1287501476702" mimName="ERBS_NODE_MODEL" mimVersion="A.9.50.J.9.1">
    <attr name="isRemoveAllowed">false</attr>
    <attr name="neighborCellRef">SubNetwork=ONRM_RootMo_R,MeContext=LTE01ERBS00147,ManagedElement=1,ENodeBFunction=1,EUtraNetwork=1,ExternalENodeBFunction=160,ExternalEUtranCellFDD=1</attr>
    <attr name="anrCreated">false</attr>
    <attr name="isHoAllowed">true</attr>
  </mo>
  <mo fdn="SubNetwork=ONRM_RootMo_R,MeContext=LTE01ERBS00147,ManagedElement=1,ENodeBFunction=1,EUtranCellFDD=LTE01ERBS00147-1,EUtranFreqRelation=2,EUtranCellRelation=33" lastModified="1287501476715" mimName="ERBS_NODE_MODEL" mimVersion="A.9.50.J.9.1">
    <attr name="isRemoveAllowed">false</attr>
    <attr name="neighborCellRef">SubNetwork=ONRM_RootMo_R,MeContext=LTE01ERBS00147,ManagedElement=1,ENodeBFunction=1,EUtraNetwork=1,ExternalENodeBFunction=160,ExternalEUtranCellFDD=2</attr>
    <attr name="anrCreated">false</attr>
    <attr name="isHoAllowed">true</attr>
  </mo>
  <mo fdn="SubNetwork=ONRM_RootMo_R,MeContext=LTE01ERBS00147,ManagedElement=1,ENodeBFunction=1,EUtranCellFDD=LTE01ERBS00147-1,EUtranFreqRelation=2,EUtranCellRelation=6" lastModified="1287501476723" mimName="ERBS_NODE_MODEL" mimVersion="A.9.50.J.9.1">
    <attr name="isRemoveAllowed">false</attr>
    <attr name="neighborCellRef">SubNetwork=ONRM_RootMo_R,MeContext=LTE01ERBS00147,ManagedElement=1,ENodeBFunction=1,EUtraNetwork=1,ExternalENodeBFunction=146,ExternalEUtranCellFDD=1</attr>
    <attr name="anrCreated">false</attr>
    <attr name="isHoAllowed">true</attr>
  </mo>
  <mo fdn="SubNetwork=ONRM_RootMo_R,MeContext=LTE01ERBS00147,ManagedElement=1,ENodeBFunction=1,EUtranCellFDD=LTE01ERBS00147-1,EUtranFreqRelation=2,EUtranCellRelation=7" lastModified="1287501476726" mimName="ERBS_NODE_MODEL" mimVersion="A.9.50.J.9.1">
    <attr name="isRemoveAllowed">false</attr>
    <attr name="neighborCellRef">SubNetwork=ONRM_RootMo_R,MeContext=LTE01ERBS00147,ManagedElement=1,ENodeBFunction=1,EUtraNetwork=1,ExternalENodeBFunction=146,ExternalEUtranCellFDD=2</attr>
    <attr name="anrCreated">false</attr>
    <attr name="isHoAllowed">true</attr>
  </mo>
  <mo fdn="SubNetwork=ONRM_RootMo_R,MeContext=LTE01ERBS00147,ManagedElement=1,ENodeBFunction=1,EUtranCellFDD=LTE01ERBS00147-1,EUtranFreqRelation=2,EUtranCellRelation=8" lastModified="1287501476718" mimName="ERBS_NODE_MODEL" mimVersion="A.9.50.J.9.1">
    <attr name="isRemoveAllowed">false</attr>
    <attr name="neighborCellRef">SubNetwork=ONRM_RootMo_R,MeContext=LTE01ERBS00147,ManagedElement=1,ENodeBFunction=1,EUtraNetwork=1,ExternalENodeBFunction=148,ExternalEUtranCellFDD=1</attr>
    <attr name="anrCreated">false</attr>
    <attr name="isHoAllowed">true</attr>
  </mo>
  <mo fdn="SubNetwork=ONRM_RootMo_R,MeContext=LTE01ERBS00147,ManagedElement=1,ENodeBFunction=1,EUtranCellFDD=LTE01ERBS00147-1,EUtranFreqRelation=2,EUtranCellRelation=9" lastModified="1287501476721" mimName="ERBS_NODE_MODEL" mimVersion="A.9.50.J.9.1">
    <attr name="isRemoveAllowed">false</attr>
    <attr name="neighborCellRef">SubNetwork=ONRM_RootMo_R,MeContext=LTE01ERBS00147,ManagedElement=1,ENodeBFunction=1,EUtraNetwork=1,ExternalENodeBFunction=148,ExternalEUtranCellFDD=2</attr>
    <attr name="anrCreated">false</attr>
    <attr name="isHoAllowed">true</attr>
  </mo>
  <mo fdn="SubNetwork=ONRM_RootMo_R,MeContext=LTE01ERBS00147,ManagedElement=1,ENodeBFunction=1,EUtranCellFDD=LTE01ERBS00147-2" lastModified="1287512095085" mimName="ERBS_NODE_MODEL" mimVersion="A.9.50.J.9.1">
    <attr name="EUtranCellFDDId">LTE01ERBS00147-2</attr>
    <attr name="earfcnul">18000</attr>
    <attr name="cellId">2</attr>
    <attr name="tac">48650</attr>
    <attr name="bPlmnList">
      <seq count="1">
        <item>
          <struct>
            <attr name="mcc">311</attr>
            <attr name="mnc">480</attr>
            <attr name="mncLength">2</attr>
          </struct>
        </item>
      </seq>
    </attr>
    <attr name="earfcndl">0</attr>
    <attr name="userLabel">LTE01ERBS00147-2</attr>
  </mo>
  <mo fdn="SubNetwork=ONRM_RootMo_R,MeContext=LTE01ERBS00147,ManagedElement=1,ENodeBFunction=1,EUtranCellFDD=LTE01ERBS00147-2,EUtranFreqRelation=1,EUtranCellRelation=1" lastModified="1287501278546" mimName="ERBS_NODE_MODEL" mimVersion="A.9.50.J.9.1">
    <attr name="isRemoveAllowed">false</attr>
    <attr name="neighborCellRef">SubNetwork=ONRM_RootMo_R,MeContext=LTE01ERBS00147,ManagedElement=1,ENodeBFunction=1,EUtranCellFDD=LTE01ERBS00147-1</attr>
    <attr name="anrCreated">false</attr>
    <attr name="isHoAllowed">true</attr>
  </mo>
  <mo fdn="SubNetwork=ONRM_RootMo_R,MeContext=LTE01ERBS00147,ManagedElement=1,ENodeBFunction=1,EUtranCellFDD=LTE01ERBS00147-2,EUtranFreqRelation=1,EUtranCellRelation=10" lastModified="1287504929075" mimName="ERBS_NODE_MODEL" mimVersion="A.9.50.J.9.1">
    <attr name="isRemoveAllowed">false</attr>
    <attr name="neighborCellRef">SubNetwork=ONRM_RootMo_R,MeContext=LTE01ERBS00147,ManagedElement=1,ENodeBFunction=1,EUtraNetwork=1,ExternalENodeBFunction=149,ExternalEUtranCellFDD=1</attr>
    <attr name="anrCreated">false</attr>
    <attr name="isHoAllowed">true</attr>
  </mo>
  <mo fdn="SubNetwork=ONRM_RootMo_R,MeContext=LTE01ERBS00147,ManagedElement=1,ENodeBFunction=1,EUtranCellFDD=LTE01ERBS00147-2,EUtranFreqRelation=1,EUtranCellRelation=11" lastModified="1287504929073" mimName="ERBS_NODE_MODEL" mimVersion="A.9.50.J.9.1">
    <attr name="isRemoveAllowed">false</attr>
    <attr name="neighborCellRef">SubNetwork=ONRM_RootMo_R,MeContext=LTE01ERBS00147,ManagedElement=1,ENodeBFunction=1,EUtraNetwork=1,ExternalENodeBFunction=149,ExternalEUtranCellFDD=2</attr>
    <attr name="anrCreated">false</attr>
    <attr name="isHoAllowed">true</attr>
  </mo>
  <mo fdn="SubNetwork=ONRM_RootMo_R,MeContext=LTE01ERBS00147,ManagedElement=1,ENodeBFunction=1,EUtranCellFDD=LTE01ERBS00147-2,EUtranFreqRelation=1,EUtranCellRelation=14" lastModified="1287501475984" mimName="ERBS_NODE_MODEL" mimVersion="A.9.50.J.9.1">
    <attr name="isRemoveAllowed">false</attr>
    <attr name="neighborCellRef">SubNetwork=ONRM_RootMo_R,MeContext=LTE01ERBS00147,ManagedElement=1,ENodeBFunction=1,EUtraNetwork=1,ExternalENodeBFunction=151,ExternalEUtranCellFDD=1</attr>
    <attr name="anrCreated">false</attr>
    <attr name="isHoAllowed">true</attr>
  </mo>
  <mo fdn="SubNetwork=ONRM_RootMo_R,MeContext=LTE01ERBS00147,ManagedElement=1,ENodeBFunction=1,EUtranCellFDD=LTE01ERBS00147-2,EUtranFreqRelation=1,EUtranCellRelation=15" lastModified="1287501476018" mimName="ERBS_NODE_MODEL" mimVersion="A.9.50.J.9.1">
    <attr name="isRemoveAllowed">false</attr>
    <attr name="neighborCellRef">SubNetwork=ONRM_RootMo_R,MeContext=LTE01ERBS00147,ManagedElement=1,ENodeBFunction=1,EUtraNetwork=1,ExternalENodeBFunction=151,ExternalEUtranCellFDD=2</attr>
    <attr name="anrCreated">false</attr>
    <attr name="isHoAllowed">true</attr>
  </mo>
  <mo fdn="SubNetwork=ONRM_RootMo_R,MeContext=LTE01ERBS00147,ManagedElement=1,ENodeBFunction=1,EUtranCellFDD=LTE01ERBS00147-2,EUtranFreqRelation=1,EUtranCellRelation=18" lastModified="1287501476006" mimName="ERBS_NODE_MODEL" mimVersion="A.9.50.J.9.1">
    <attr name="isRemoveAllowed">false</attr>
    <attr name="neighborCellRef">SubNetwork=ONRM_RootMo_R,MeContext=LTE01ERBS00147,ManagedElement=1,ENodeBFunction=1,EUtraNetwork=1,ExternalENodeBFunction=153,ExternalEUtranCellFDD=1</attr>
    <attr name="anrCreated">false</attr>
    <attr name="isHoAllowed">true</attr>
  </mo>
  <mo fdn="SubNetwork=ONRM_RootMo_R,MeContext=LTE01ERBS00147,ManagedElement=1,ENodeBFunction=1,EUtranCellFDD=LTE01ERBS00147-2,EUtranFreqRelation=1,EUtranCellRelation=19" lastModified="1287501476000" mimName="ERBS_NODE_MODEL" mimVersion="A.9.50.J.9.1">
    <attr name="isRemoveAllowed">false</attr>
    <attr name="neighborCellRef">SubNetwork=ONRM_RootMo_R,MeContext=LTE01ERBS00147,ManagedElement=1,ENodeBFunction=1,EUtraNetwork=1,ExternalENodeBFunction=153,ExternalEUtranCellFDD=2</attr>
    <attr name="anrCreated">false</attr>
    <attr name="isHoAllowed">true</attr>
  </mo>
  <mo fdn="SubNetwork=ONRM_RootMo_R,MeContext=LTE01ERBS00147,ManagedElement=1,ENodeBFunction=1,EUtranCellFDD=LTE01ERBS00147-2,EUtranFreqRelation=1,EUtranCellRelation=2" lastModified="1287501278543" mimName="ERBS_NODE_MODEL" mimVersion="A.9.50.J.9.1">
    <attr name="isRemoveAllowed">false</attr>
    <attr name="neighborCellRef">SubNetwork=ONRM_RootMo_R,MeContext=LTE01ERBS00147,ManagedElement=1,ENodeBFunction=1,EUtranCellFDD=LTE01ERBS00147-3</attr>
    <attr name="anrCreated">false</attr>
    <attr name="isHoAllowed">true</attr>
  </mo>
  <mo fdn="SubNetwork=ONRM_RootMo_R,MeContext=LTE01ERBS00147,ManagedElement=1,ENodeBFunction=1,EUtranCellFDD=LTE01ERBS00147-2,EUtranFreqRelation=1,EUtranCellRelation=22" lastModified="1287501475989" mimName="ERBS_NODE_MODEL" mimVersion="A.9.50.J.9.1">
    <attr name="isRemoveAllowed">false</attr>
    <attr name="neighborCellRef">SubNetwork=ONRM_RootMo_R,MeContext=LTE01ERBS00147,ManagedElement=1,ENodeBFunction=1,EUtraNetwork=1,ExternalENodeBFunction=155,ExternalEUtranCellFDD=1</attr>
    <attr name="anrCreated">false</attr>
    <attr name="isHoAllowed">true</attr>
  </mo>
  <mo fdn="SubNetwork=ONRM_RootMo_R,MeContext=LTE01ERBS00147,ManagedElement=1,ENodeBFunction=1,EUtranCellFDD=LTE01ERBS00147-2,EUtranFreqRelation=1,EUtranCellRelation=23" lastModified="1287501475981" mimName="ERBS_NODE_MODEL" mimVersion="A.9.50.J.9.1">
    <attr name="isRemoveAllowed">false</attr>
    <attr name="neighborCellRef">SubNetwork=ONRM_RootMo_R,MeContext=LTE01ERBS00147,ManagedElement=1,ENodeBFunction=1,EUtraNetwork=1,ExternalENodeBFunction=155,ExternalEUtranCellFDD=2</attr>
    <attr name="anrCreated">false</attr>
    <attr name="isHoAllowed">true</attr>
  </mo>
  <mo fdn="SubNetwork=ONRM_RootMo_R,MeContext=LTE01ERBS00147,ManagedElement=1,ENodeBFunction=1,EUtranCellFDD=LTE01ERBS00147-2,EUtranFreqRelation=1,EUtranCellRelation=26" lastModified="1287501476009" mimName="ERBS_NODE_MODEL" mimVersion="A.9.50.J.9.1">
    <attr name="isRemoveAllowed">false</attr>
    <attr name="neighborCellRef">SubNetwork=ONRM_RootMo_R,MeContext=LTE01ERBS00147,ManagedElement=1,ENodeBFunction=1,EUtraNetwork=1,ExternalENodeBFunction=157,ExternalEUtranCellFDD=1</attr>
    <attr name="anrCreated">false</attr>
    <attr name="isHoAllowed">true</attr>
  </mo>
  <mo fdn="SubNetwork=ONRM_RootMo_R,MeContext=LTE01ERBS00147,ManagedElement=1,ENodeBFunction=1,EUtranCellFDD=LTE01ERBS00147-2,EUtranFreqRelation=1,EUtranCellRelation=27" lastModified="1287501476003" mimName="ERBS_NODE_MODEL" mimVersion="A.9.50.J.9.1">
    <attr name="isRemoveAllowed">false</attr>
    <attr name="neighborCellRef">SubNetwork=ONRM_RootMo_R,MeContext=LTE01ERBS00147,ManagedElement=1,ENodeBFunction=1,EUtraNetwork=1,ExternalENodeBFunction=157,ExternalEUtranCellFDD=2</attr>
    <attr name="anrCreated">false</attr>
    <attr name="isHoAllowed">true</attr>
  </mo>
  <mo fdn="SubNetwork=ONRM_RootMo_R,MeContext=LTE01ERBS00147,ManagedElement=1,ENodeBFunction=1,EUtranCellFDD=LTE01ERBS00147-2,EUtranFreqRelation=1,EUtranCellRelation=3" lastModified="1287501278541" mimName="ERBS_NODE_MODEL" mimVersion="A.9.50.J.9.1">
    <attr name="isRemoveAllowed">false</attr>
    <attr name="neighborCellRef">SubNetwork=ONRM_RootMo_R,MeContext=LTE01ERBS00147,ManagedElement=1,ENodeBFunction=1,EUtranCellFDD=LTE01ERBS00147-4</attr>
    <attr name="anrCreated">false</attr>
    <attr name="isHoAllowed">true</attr>
  </mo>
  <mo fdn="SubNetwork=ONRM_RootMo_R,MeContext=LTE01ERBS00147,ManagedElement=1,ENodeBFunction=1,EUtranCellFDD=LTE01ERBS00147-2,EUtranFreqRelation=1,EUtranCellRelation=30" lastModified="1287501475996" mimName="ERBS_NODE_MODEL" mimVersion="A.9.50.J.9.1">
    <attr name="isRemoveAllowed">false</attr>
    <attr name="neighborCellRef">SubNetwork=ONRM_RootMo_R,MeContext=LTE01ERBS00147,ManagedElement=1,ENodeBFunction=1,EUtraNetwork=1,ExternalENodeBFunction=159,ExternalEUtranCellFDD=1</attr>
    <attr name="anrCreated">false</attr>
    <attr name="isHoAllowed">true</attr>
  </mo>
  <mo fdn="SubNetwork=ONRM_RootMo_R,MeContext=LTE01ERBS00147,ManagedElement=1,ENodeBFunction=1,EUtranCellFDD=LTE01ERBS00147-2,EUtranFreqRelation=1,EUtranCellRelation=31" lastModified="1287501475992" mimName="ERBS_NODE_MODEL" mimVersion="A.9.50.J.9.1">
    <attr name="isRemoveAllowed">false</attr>
    <attr name="neighborCellRef">SubNetwork=ONRM_RootMo_R,MeContext=LTE01ERBS00147,ManagedElement=1,ENodeBFunction=1,EUtraNetwork=1,ExternalENodeBFunction=159,ExternalEUtranCellFDD=2</attr>
    <attr name="anrCreated">false</attr>
    <attr name="isHoAllowed">true</attr>
  </mo>
  <mo fdn="SubNetwork=ONRM_RootMo_R,MeContext=LTE01ERBS00147,ManagedElement=1,ENodeBFunction=1,EUtranCellFDD=LTE01ERBS00147-2,EUtranFreqRelation=1,EUtranCellRelation=4" lastModified="1287504929078" mimName="ERBS_NODE_MODEL" mimVersion="A.9.50.J.9.1">
    <attr name="isRemoveAllowed">false</attr>
    <attr name="neighborCellRef">SubNetwork=ONRM_RootMo_R,MeContext=LTE01ERBS00147,ManagedElement=1,ENodeBFunction=1,EUtraNetwork=1,ExternalENodeBFunction=145,ExternalEUtranCellFDD=1</attr>
    <attr name="anrCreated">false</attr>
    <attr name="isHoAllowed">true</attr>
  </mo>
  <mo fdn="SubNetwork=ONRM_RootMo_R,MeContext=LTE01ERBS00147,ManagedElement=1,ENodeBFunction=1,EUtranCellFDD=LTE01ERBS00147-2,EUtranFreqRelation=1,EUtranCellRelation=5" lastModified="1287504929081" mimName="ERBS_NODE_MODEL" mimVersion="A.9.50.J.9.1">
    <attr name="isRemoveAllowed">false</attr>
    <attr name="neighborCellRef">SubNetwork=ONRM_RootMo_R,MeContext=LTE01ERBS00147,ManagedElement=1,ENodeBFunction=1,EUtraNetwork=1,ExternalENodeBFunction=145,ExternalEUtranCellFDD=2</attr>
    <attr name="anrCreated">false</attr>
    <attr name="isHoAllowed">true</attr>
  </mo>
  <mo fdn="SubNetwork=ONRM_RootMo_R,MeContext=LTE01ERBS00147,ManagedElement=1,ENodeBFunction=1,EUtranCellFDD=LTE01ERBS00147-2,EUtranFreqRelation=2,EUtranCellRelation=12" lastModified="1287504929068" mimName="ERBS_NODE_MODEL" mimVersion="A.9.50.J.9.1">
    <attr name="isRemoveAllowed">false</attr>
    <attr name="neighborCellRef">SubNetwork=ONRM_RootMo_R,MeContext=LTE01ERBS00147,ManagedElement=1,ENodeBFunction=1,EUtraNetwork=1,ExternalENodeBFunction=150,ExternalEUtranCellFDD=1</attr>
    <attr name="anrCreated">false</attr>
    <attr name="isHoAllowed">true</attr>
  </mo>
  <mo fdn="SubNetwork=ONRM_RootMo_R,MeContext=LTE01ERBS00147,ManagedElement=1,ENodeBFunction=1,EUtranCellFDD=LTE01ERBS00147-2,EUtranFreqRelation=2,EUtranCellRelation=13" lastModified="1287504929053" mimName="ERBS_NODE_MODEL" mimVersion="A.9.50.J.9.1">
    <attr name="isRemoveAllowed">false</attr>
    <attr name="neighborCellRef">SubNetwork=ONRM_RootMo_R,MeContext=LTE01ERBS00147,ManagedElement=1,ENodeBFunction=1,EUtraNetwork=1,ExternalENodeBFunction=150,ExternalEUtranCellFDD=2</attr>
    <attr name="anrCreated">false</attr>
    <attr name="isHoAllowed">true</attr>
  </mo>
  <mo fdn="SubNetwork=ONRM_RootMo_R,MeContext=LTE01ERBS00147,ManagedElement=1,ENodeBFunction=1,EUtranCellFDD=LTE01ERBS00147-2,EUtranFreqRelation=2,EUtranCellRelation=16" lastModified="1287501475960" mimName="ERBS_NODE_MODEL" mimVersion="A.9.50.J.9.1">
    <attr name="isRemoveAllowed">false</attr>
    <attr name="neighborCellRef">SubNetwork=ONRM_RootMo_R,MeContext=LTE01ERBS00147,ManagedElement=1,ENodeBFunction=1,EUtraNetwork=1,ExternalENodeBFunction=152,ExternalEUtranCellFDD=1</attr>
    <attr name="anrCreated">false</attr>
    <attr name="isHoAllowed">true</attr>
  </mo>
  <mo fdn="SubNetwork=ONRM_RootMo_R,MeContext=LTE01ERBS00147,ManagedElement=1,ENodeBFunction=1,EUtranCellFDD=LTE01ERBS00147-2,EUtranFreqRelation=2,EUtranCellRelation=17" lastModified="1287501475954" mimName="ERBS_NODE_MODEL" mimVersion="A.9.50.J.9.1">
    <attr name="isRemoveAllowed">false</attr>
    <attr name="neighborCellRef">SubNetwork=ONRM_RootMo_R,MeContext=LTE01ERBS00147,ManagedElement=1,ENodeBFunction=1,EUtraNetwork=1,ExternalENodeBFunction=152,ExternalEUtranCellFDD=2</attr>
    <attr name="anrCreated">false</attr>
    <attr name="isHoAllowed">true</attr>
  </mo>
  <mo fdn="SubNetwork=ONRM_RootMo_R,MeContext=LTE01ERBS00147,ManagedElement=1,ENodeBFunction=1,EUtranCellFDD=LTE01ERBS00147-2,EUtranFreqRelation=2,EUtranCellRelation=20" lastModified="1287501475934" mimName="ERBS_NODE_MODEL" mimVersion="A.9.50.J.9.1">
    <attr name="isRemoveAllowed">false</attr>
    <attr name="neighborCellRef">SubNetwork=ONRM_RootMo_R,MeContext=LTE01ERBS00147,ManagedElement=1,ENodeBFunction=1,EUtraNetwork=1,ExternalENodeBFunction=154,ExternalEUtranCellFDD=1</attr>
    <attr name="anrCreated">false</attr>
    <attr name="isHoAllowed">true</attr>
  </mo>
  <mo fdn="SubNetwork=ONRM_RootMo_R,MeContext=LTE01ERBS00147,ManagedElement=1,ENodeBFunction=1,EUtranCellFDD=LTE01ERBS00147-2,EUtranFreqRelation=2,EUtranCellRelation=21" lastModified="1287501475931" mimName="ERBS_NODE_MODEL" mimVersion="A.9.50.J.9.1">
    <attr name="isRemoveAllowed">false</attr>
    <attr name="neighborCellRef">SubNetwork=ONRM_RootMo_R,MeContext=LTE01ERBS00147,ManagedElement=1,ENodeBFunction=1,EUtraNetwork=1,ExternalENodeBFunction=154,ExternalEUtranCellFDD=2</attr>
    <attr name="anrCreated">false</attr>
    <attr name="isHoAllowed">true</attr>
  </mo>
  <mo fdn="SubNetwork=ONRM_RootMo_R,MeContext=LTE01ERBS00147,ManagedElement=1,ENodeBFunction=1,EUtranCellFDD=LTE01ERBS00147-2,EUtranFreqRelation=2,EUtranCellRelation=24" lastModified="1287501475927" mimName="ERBS_NODE_MODEL" mimVersion="A.9.50.J.9.1">
    <attr name="isRemoveAllowed">false</attr>
    <attr name="neighborCellRef">SubNetwork=ONRM_RootMo_R,MeContext=LTE01ERBS00147,ManagedElement=1,ENodeBFunction=1,EUtraNetwork=1,ExternalENodeBFunction=156,ExternalEUtranCellFDD=1</attr>
    <attr name="anrCreated">false</attr>
    <attr name="isHoAllowed">true</attr>
  </mo>
  <mo fdn="SubNetwork=ONRM_RootMo_R,MeContext=LTE01ERBS00147,ManagedElement=1,ENodeBFunction=1,EUtranCellFDD=LTE01ERBS00147-2,EUtranFreqRelation=2,EUtranCellRelation=25" lastModified="1287501475924" mimName="ERBS_NODE_MODEL" mimVersion="A.9.50.J.9.1">
    <attr name="isRemoveAllowed">false</attr>
    <attr name="neighborCellRef">SubNetwork=ONRM_RootMo_R,MeContext=LTE01ERBS00147,ManagedElement=1,ENodeBFunction=1,EUtraNetwork=1,ExternalENodeBFunction=156,ExternalEUtranCellFDD=2</attr>
    <attr name="anrCreated">false</attr>
    <attr name="isHoAllowed">true</attr>
  </mo>
  <mo fdn="SubNetwork=ONRM_RootMo_R,MeContext=LTE01ERBS00147,ManagedElement=1,ENodeBFunction=1,EUtranCellFDD=LTE01ERBS00147-2,EUtranFreqRelation=2,EUtranCellRelation=28" lastModified="1287501475973" mimName="ERBS_NODE_MODEL" mimVersion="A.9.50.J.9.1">
    <attr name="isRemoveAllowed">false</attr>
    <attr name="neighborCellRef">SubNetwork=ONRM_RootMo_R,MeContext=LTE01ERBS00147,ManagedElement=1,ENodeBFunction=1,EUtraNetwork=1,ExternalENodeBFunction=158,ExternalEUtranCellFDD=1</attr>
    <attr name="anrCreated">false</attr>
    <attr name="isHoAllowed">true</attr>
  </mo>
  <mo fdn="SubNetwork=ONRM_RootMo_R,MeContext=LTE01ERBS00147,ManagedElement=1,ENodeBFunction=1,EUtranCellFDD=LTE01ERBS00147-2,EUtranFreqRelation=2,EUtranCellRelation=29" lastModified="1287501475958" mimName="ERBS_NODE_MODEL" mimVersion="A.9.50.J.9.1">
    <attr name="isRemoveAllowed">false</attr>
    <attr name="neighborCellRef">SubNetwork=ONRM_RootMo_R,MeContext=LTE01ERBS00147,ManagedElement=1,ENodeBFunction=1,EUtraNetwork=1,ExternalENodeBFunction=158,ExternalEUtranCellFDD=2</attr>
    <attr name="anrCreated">false</attr>
    <attr name="isHoAllowed">true</attr>
  </mo>
  <mo fdn="SubNetwork=ONRM_RootMo_R,MeContext=LTE01ERBS00147,ManagedElement=1,ENodeBFunction=1,EUtranCellFDD=LTE01ERBS00147-2,EUtranFreqRelation=2,EUtranCellRelation=32" lastModified="1287501475921" mimName="ERBS_NODE_MODEL" mimVersion="A.9.50.J.9.1">
    <attr name="isRemoveAllowed">false</attr>
    <attr name="neighborCellRef">SubNetwork=ONRM_RootMo_R,MeContext=LTE01ERBS00147,ManagedElement=1,ENodeBFunction=1,EUtraNetwork=1,ExternalENodeBFunction=160,ExternalEUtranCellFDD=1</attr>
    <attr name="anrCreated">false</attr>
    <attr name="isHoAllowed">true</attr>
  </mo>
  <mo fdn="SubNetwork=ONRM_RootMo_R,MeContext=LTE01ERBS00147,ManagedElement=1,ENodeBFunction=1,EUtranCellFDD=LTE01ERBS00147-2,EUtranFreqRelation=2,EUtranCellRelation=33" lastModified="1287501475938" mimName="ERBS_NODE_MODEL" mimVersion="A.9.50.J.9.1">
    <attr name="isRemoveAllowed">false</attr>
    <attr name="neighborCellRef">SubNetwork=ONRM_RootMo_R,MeContext=LTE01ERBS00147,ManagedElement=1,ENodeBFunction=1,EUtraNetwork=1,ExternalENodeBFunction=160,ExternalEUtranCellFDD=2</attr>
    <attr name="anrCreated">false</attr>
    <attr name="isHoAllowed">true</attr>
  </mo>
  <mo fdn="SubNetwork=ONRM_RootMo_R,MeContext=LTE01ERBS00147,ManagedElement=1,ENodeBFunction=1,EUtranCellFDD=LTE01ERBS00147-2,EUtranFreqRelation=2,EUtranCellRelation=6" lastModified="1287501475947" mimName="ERBS_NODE_MODEL" mimVersion="A.9.50.J.9.1">
    <attr name="isRemoveAllowed">false</attr>
    <attr name="neighborCellRef">SubNetwork=ONRM_RootMo_R,MeContext=LTE01ERBS00147,ManagedElement=1,ENodeBFunction=1,EUtraNetwork=1,ExternalENodeBFunction=146,ExternalEUtranCellFDD=1</attr>
    <attr name="anrCreated">false</attr>
    <attr name="isHoAllowed">true</attr>
  </mo>
  <mo fdn="SubNetwork=ONRM_RootMo_R,MeContext=LTE01ERBS00147,ManagedElement=1,ENodeBFunction=1,EUtranCellFDD=LTE01ERBS00147-2,EUtranFreqRelation=2,EUtranCellRelation=7" lastModified="1287501475949" mimName="ERBS_NODE_MODEL" mimVersion="A.9.50.J.9.1">
    <attr name="isRemoveAllowed">false</attr>
    <attr name="neighborCellRef">SubNetwork=ONRM_RootMo_R,MeContext=LTE01ERBS00147,ManagedElement=1,ENodeBFunction=1,EUtraNetwork=1,ExternalENodeBFunction=146,ExternalEUtranCellFDD=2</attr>
    <attr name="anrCreated">false</attr>
    <attr name="isHoAllowed">true</attr>
  </mo>
  <mo fdn="SubNetwork=ONRM_RootMo_R,MeContext=LTE01ERBS00147,ManagedElement=1,ENodeBFunction=1,EUtranCellFDD=LTE01ERBS00147-2,EUtranFreqRelation=2,EUtranCellRelation=8" lastModified="1287501475941" mimName="ERBS_NODE_MODEL" mimVersion="A.9.50.J.9.1">
    <attr name="isRemoveAllowed">false</attr>
    <attr name="neighborCellRef">SubNetwork=ONRM_RootMo_R,MeContext=LTE01ERBS00147,ManagedElement=1,ENodeBFunction=1,EUtraNetwork=1,ExternalENodeBFunction=148,ExternalEUtranCellFDD=1</attr>
    <attr name="anrCreated">false</attr>
    <attr name="isHoAllowed">true</attr>
  </mo>
  <mo fdn="SubNetwork=ONRM_RootMo_R,MeContext=LTE01ERBS00147,ManagedElement=1,ENodeBFunction=1,EUtranCellFDD=LTE01ERBS00147-2,EUtranFreqRelation=2,EUtranCellRelation=9" lastModified="1287501475944" mimName="ERBS_NODE_MODEL" mimVersion="A.9.50.J.9.1">
    <attr name="isRemoveAllowed">false</attr>
    <attr name="neighborCellRef">SubNetwork=ONRM_RootMo_R,MeContext=LTE01ERBS00147,ManagedElement=1,ENodeBFunction=1,EUtraNetwork=1,ExternalENodeBFunction=148,ExternalEUtranCellFDD=2</attr>
    <attr name="anrCreated">false</attr>
    <attr name="isHoAllowed">true</attr>
  </mo>
  <mo fdn="SubNetwork=ONRM_RootMo_R,MeContext=LTE01ERBS00147,ManagedElement=1,ENodeBFunction=1,EUtranCellFDD=LTE01ERBS00147-3" lastModified="1287512102691" mimName="ERBS_NODE_MODEL" mimVersion="A.9.50.J.9.1">
    <attr name="EUtranCellFDDId">LTE01ERBS00147-3</attr>
    <attr name="earfcnul">18000</attr>
    <attr name="cellId">3</attr>
    <attr name="tac">48650</attr>
    <attr name="bPlmnList">
      <seq count="1">
        <item>
          <struct>
            <attr name="mcc">311</attr>
            <attr name="mnc">480</attr>
            <attr name="mncLength">2</attr>
          </struct>
        </item>
      </seq>
    </attr>
    <attr name="earfcndl">0</attr>
    <attr name="userLabel">LTE01ERBS00147-3</attr>
  </mo>
  <mo fdn="SubNetwork=ONRM_RootMo_R,MeContext=LTE01ERBS00147,ManagedElement=1,ENodeBFunction=1,EUtranCellFDD=LTE01ERBS00147-3,EUtranFreqRelation=1,EUtranCellRelation=1" lastModified="1287501278499" mimName="ERBS_NODE_MODEL" mimVersion="A.9.50.J.9.1">
    <attr name="isRemoveAllowed">false</attr>
    <attr name="neighborCellRef">SubNetwork=ONRM_RootMo_R,MeContext=LTE01ERBS00147,ManagedElement=1,ENodeBFunction=1,EUtranCellFDD=LTE01ERBS00147-1</attr>
    <attr name="anrCreated">false</attr>
    <attr name="isHoAllowed">true</attr>
  </mo>
  <mo fdn="SubNetwork=ONRM_RootMo_R,MeContext=LTE01ERBS00147,ManagedElement=1,ENodeBFunction=1,EUtranCellFDD=LTE01ERBS00147-3,EUtranFreqRelation=1,EUtranCellRelation=10" lastModified="1287504943229" mimName="ERBS_NODE_MODEL" mimVersion="A.9.50.J.9.1">
    <attr name="isRemoveAllowed">false</attr>
    <attr name="neighborCellRef">SubNetwork=ONRM_RootMo_R,MeContext=LTE01ERBS00147,ManagedElement=1,ENodeBFunction=1,EUtraNetwork=1,ExternalENodeBFunction=149,ExternalEUtranCellFDD=3</attr>
    <attr name="anrCreated">false</attr>
    <attr name="isHoAllowed">true</attr>
  </mo>
  <mo fdn="SubNetwork=ONRM_RootMo_R,MeContext=LTE01ERBS00147,ManagedElement=1,ENodeBFunction=1,EUtranCellFDD=LTE01ERBS00147-3,EUtranFreqRelation=1,EUtranCellRelation=11" lastModified="1287504943228" mimName="ERBS_NODE_MODEL" mimVersion="A.9.50.J.9.1">
    <attr name="isRemoveAllowed">false</attr>
    <attr name="neighborCellRef">SubNetwork=ONRM_RootMo_R,MeContext=LTE01ERBS00147,ManagedElement=1,ENodeBFunction=1,EUtraNetwork=1,ExternalENodeBFunction=149,ExternalEUtranCellFDD=4</attr>
    <attr name="anrCreated">false</attr>
    <attr name="isHoAllowed">true</attr>
  </mo>
  <mo fdn="SubNetwork=ONRM_RootMo_R,MeContext=LTE01ERBS00147,ManagedElement=1,ENodeBFunction=1,EUtranCellFDD=LTE01ERBS00147-3,EUtranFreqRelation=1,EUtranCellRelation=14" lastModified="1287501475216" mimName="ERBS_NODE_MODEL" mimVersion="A.9.50.J.9.1">
    <attr name="isRemoveAllowed">false</attr>
    <attr name="neighborCellRef">SubNetwork=ONRM_RootMo_R,MeContext=LTE01ERBS00147,ManagedElement=1,ENodeBFunction=1,EUtraNetwork=1,ExternalENodeBFunction=151,ExternalEUtranCellFDD=3</attr>
    <attr name="anrCreated">false</attr>
    <attr name="isHoAllowed">true</attr>
  </mo>
  <mo fdn="SubNetwork=ONRM_RootMo_R,MeContext=LTE01ERBS00147,ManagedElement=1,ENodeBFunction=1,EUtranCellFDD=LTE01ERBS00147-3,EUtranFreqRelation=1,EUtranCellRelation=15" lastModified="1287501475239" mimName="ERBS_NODE_MODEL" mimVersion="A.9.50.J.9.1">
    <attr name="isRemoveAllowed">false</attr>
    <attr name="neighborCellRef">SubNetwork=ONRM_RootMo_R,MeContext=LTE01ERBS00147,ManagedElement=1,ENodeBFunction=1,EUtraNetwork=1,ExternalENodeBFunction=151,ExternalEUtranCellFDD=4</attr>
    <attr name="anrCreated">false</attr>
    <attr name="isHoAllowed">true</attr>
  </mo>
  <mo fdn="SubNetwork=ONRM_RootMo_R,MeContext=LTE01ERBS00147,ManagedElement=1,ENodeBFunction=1,EUtranCellFDD=LTE01ERBS00147-3,EUtranFreqRelation=1,EUtranCellRelation=18" lastModified="1287501475231" mimName="ERBS_NODE_MODEL" mimVersion="A.9.50.J.9.1">
    <attr name="isRemoveAllowed">false</attr>
    <attr name="neighborCellRef">SubNetwork=ONRM_RootMo_R,MeContext=LTE01ERBS00147,ManagedElement=1,ENodeBFunction=1,EUtraNetwork=1,ExternalENodeBFunction=153,ExternalEUtranCellFDD=3</attr>
    <attr name="anrCreated">false</attr>
    <attr name="isHoAllowed">true</attr>
  </mo>
  <mo fdn="SubNetwork=ONRM_RootMo_R,MeContext=LTE01ERBS00147,ManagedElement=1,ENodeBFunction=1,EUtranCellFDD=LTE01ERBS00147-3,EUtranFreqRelation=1,EUtranCellRelation=19" lastModified="1287501475226" mimName="ERBS_NODE_MODEL" mimVersion="A.9.50.J.9.1">
    <attr name="isRemoveAllowed">false</attr>
    <attr name="neighborCellRef">SubNetwork=ONRM_RootMo_R,MeContext=LTE01ERBS00147,ManagedElement=1,ENodeBFunction=1,EUtraNetwork=1,ExternalENodeBFunction=153,ExternalEUtranCellFDD=4</attr>
    <attr name="anrCreated">false</attr>
    <attr name="isHoAllowed">true</attr>
  </mo>
  <mo fdn="SubNetwork=ONRM_RootMo_R,MeContext=LTE01ERBS00147,ManagedElement=1,ENodeBFunction=1,EUtranCellFDD=LTE01ERBS00147-3,EUtranFreqRelation=1,EUtranCellRelation=2" lastModified="1287501278495" mimName="ERBS_NODE_MODEL" mimVersion="A.9.50.J.9.1">
    <attr name="isRemoveAllowed">false</attr>
    <attr name="neighborCellRef">SubNetwork=ONRM_RootMo_R,MeContext=LTE01ERBS00147,ManagedElement=1,ENodeBFunction=1,EUtranCellFDD=LTE01ERBS00147-2</attr>
    <attr name="anrCreated">false</attr>
    <attr name="isHoAllowed">true</attr>
  </mo>
  <mo fdn="SubNetwork=ONRM_RootMo_R,MeContext=LTE01ERBS00147,ManagedElement=1,ENodeBFunction=1,EUtranCellFDD=LTE01ERBS00147-3,EUtranFreqRelation=1,EUtranCellRelation=22" lastModified="1287501475219" mimName="ERBS_NODE_MODEL" mimVersion="A.9.50.J.9.1">
    <attr name="isRemoveAllowed">false</attr>
    <attr name="neighborCellRef">SubNetwork=ONRM_RootMo_R,MeContext=LTE01ERBS00147,ManagedElement=1,ENodeBFunction=1,EUtraNetwork=1,ExternalENodeBFunction=155,ExternalEUtranCellFDD=3</attr>
    <attr name="anrCreated">false</attr>
    <attr name="isHoAllowed">true</attr>
  </mo>
  <mo fdn="SubNetwork=ONRM_RootMo_R,MeContext=LTE01ERBS00147,ManagedElement=1,ENodeBFunction=1,EUtranCellFDD=LTE01ERBS00147-3,EUtranFreqRelation=1,EUtranCellRelation=23" lastModified="1287501475212" mimName="ERBS_NODE_MODEL" mimVersion="A.9.50.J.9.1">
    <attr name="isRemoveAllowed">false</attr>
    <attr name="neighborCellRef">SubNetwork=ONRM_RootMo_R,MeContext=LTE01ERBS00147,ManagedElement=1,ENodeBFunction=1,EUtraNetwork=1,ExternalENodeBFunction=155,ExternalEUtranCellFDD=4</attr>
    <attr name="anrCreated">false</attr>
    <attr name="isHoAllowed">true</attr>
  </mo>
  <mo fdn="SubNetwork=ONRM_RootMo_R,MeContext=LTE01ERBS00147,ManagedElement=1,ENodeBFunction=1,EUtranCellFDD=LTE01ERBS00147-3,EUtranFreqRelation=1,EUtranCellRelation=26" lastModified="1287501475235" mimName="ERBS_NODE_MODEL" mimVersion="A.9.50.J.9.1">
    <attr name="isRemoveAllowed">false</attr>
    <attr name="neighborCellRef">SubNetwork=ONRM_RootMo_R,MeContext=LTE01ERBS00147,ManagedElement=1,ENodeBFunction=1,EUtraNetwork=1,ExternalENodeBFunction=157,ExternalEUtranCellFDD=3</attr>
    <attr name="anrCreated">false</attr>
    <attr name="isHoAllowed">true</attr>
  </mo>
  <mo fdn="SubNetwork=ONRM_RootMo_R,MeContext=LTE01ERBS00147,ManagedElement=1,ENodeBFunction=1,EUtranCellFDD=LTE01ERBS00147-3,EUtranFreqRelation=1,EUtranCellRelation=27" lastModified="1287501475228" mimName="ERBS_NODE_MODEL" mimVersion="A.9.50.J.9.1">
    <attr name="isRemoveAllowed">false</attr>
    <attr name="neighborCellRef">SubNetwork=ONRM_RootMo_R,MeContext=LTE01ERBS00147,ManagedElement=1,ENodeBFunction=1,EUtraNetwork=1,ExternalENodeBFunction=157,ExternalEUtranCellFDD=4</attr>
    <attr name="anrCreated">false</attr>
    <attr name="isHoAllowed">true</attr>
  </mo>
  <mo fdn="SubNetwork=ONRM_RootMo_R,MeContext=LTE01ERBS00147,ManagedElement=1,ENodeBFunction=1,EUtranCellFDD=LTE01ERBS00147-3,EUtranFreqRelation=1,EUtranCellRelation=3" lastModified="1287501262391" mimName="ERBS_NODE_MODEL" mimVersion="A.9.50.J.9.1">
    <attr name="isRemoveAllowed">false</attr>
    <attr name="neighborCellRef">SubNetwork=ONRM_RootMo_R,MeContext=LTE01ERBS00147,ManagedElement=1,ENodeBFunction=1,EUtranCellFDD=LTE01ERBS00147-4</attr>
    <attr name="anrCreated">false</attr>
    <attr name="isHoAllowed">true</attr>
  </mo>
  <mo fdn="SubNetwork=ONRM_RootMo_R,MeContext=LTE01ERBS00147,ManagedElement=1,ENodeBFunction=1,EUtranCellFDD=LTE01ERBS00147-3,EUtranFreqRelation=1,EUtranCellRelation=30" lastModified="1287501475225" mimName="ERBS_NODE_MODEL" mimVersion="A.9.50.J.9.1">
    <attr name="isRemoveAllowed">false</attr>
    <attr name="neighborCellRef">SubNetwork=ONRM_RootMo_R,MeContext=LTE01ERBS00147,ManagedElement=1,ENodeBFunction=1,EUtraNetwork=1,ExternalENodeBFunction=159,ExternalEUtranCellFDD=3</attr>
    <attr name="anrCreated">false</attr>
    <attr name="isHoAllowed">true</attr>
  </mo>
  <mo fdn="SubNetwork=ONRM_RootMo_R,MeContext=LTE01ERBS00147,ManagedElement=1,ENodeBFunction=1,EUtranCellFDD=LTE01ERBS00147-3,EUtranFreqRelation=1,EUtranCellRelation=31" lastModified="1287501475222" mimName="ERBS_NODE_MODEL" mimVersion="A.9.50.J.9.1">
    <attr name="isRemoveAllowed">false</attr>
    <attr name="neighborCellRef">SubNetwork=ONRM_RootMo_R,MeContext=LTE01ERBS00147,ManagedElement=1,ENodeBFunction=1,EUtraNetwork=1,ExternalENodeBFunction=159,ExternalEUtranCellFDD=4</attr>
    <attr name="anrCreated">false</attr>
    <attr name="isHoAllowed">true</attr>
  </mo>
  <mo fdn="SubNetwork=ONRM_RootMo_R,MeContext=LTE01ERBS00147,ManagedElement=1,ENodeBFunction=1,EUtranCellFDD=LTE01ERBS00147-3,EUtranFreqRelation=1,EUtranCellRelation=4" lastModified="1287504943232" mimName="ERBS_NODE_MODEL" mimVersion="A.9.50.J.9.1">
    <attr name="isRemoveAllowed">false</attr>
    <attr name="neighborCellRef">SubNetwork=ONRM_RootMo_R,MeContext=LTE01ERBS00147,ManagedElement=1,ENodeBFunction=1,EUtraNetwork=1,ExternalENodeBFunction=145,ExternalEUtranCellFDD=3</attr>
    <attr name="anrCreated">false</attr>
    <attr name="isHoAllowed">true</attr>
  </mo>
  <mo fdn="SubNetwork=ONRM_RootMo_R,MeContext=LTE01ERBS00147,ManagedElement=1,ENodeBFunction=1,EUtranCellFDD=LTE01ERBS00147-3,EUtranFreqRelation=1,EUtranCellRelation=5" lastModified="1287504943234" mimName="ERBS_NODE_MODEL" mimVersion="A.9.50.J.9.1">
    <attr name="isRemoveAllowed">false</attr>
    <attr name="neighborCellRef">SubNetwork=ONRM_RootMo_R,MeContext=LTE01ERBS00147,ManagedElement=1,ENodeBFunction=1,EUtraNetwork=1,ExternalENodeBFunction=145,ExternalEUtranCellFDD=4</attr>
    <attr name="anrCreated">false</attr>
    <attr name="isHoAllowed">true</attr>
  </mo>
  <mo fdn="SubNetwork=ONRM_RootMo_R,MeContext=LTE01ERBS00147,ManagedElement=1,ENodeBFunction=1,EUtranCellFDD=LTE01ERBS00147-3,EUtranFreqRelation=2,EUtranCellRelation=12" lastModified="1287504943222" mimName="ERBS_NODE_MODEL" mimVersion="A.9.50.J.9.1">
    <attr name="isRemoveAllowed">false</attr>
    <attr name="neighborCellRef">SubNetwork=ONRM_RootMo_R,MeContext=LTE01ERBS00147,ManagedElement=1,ENodeBFunction=1,EUtraNetwork=1,ExternalENodeBFunction=150,ExternalEUtranCellFDD=3</attr>
    <attr name="anrCreated">false</attr>
    <attr name="isHoAllowed">true</attr>
  </mo>
  <mo fdn="SubNetwork=ONRM_RootMo_R,MeContext=LTE01ERBS00147,ManagedElement=1,ENodeBFunction=1,EUtranCellFDD=LTE01ERBS00147-3,EUtranFreqRelation=2,EUtranCellRelation=13" lastModified="1287504943209" mimName="ERBS_NODE_MODEL" mimVersion="A.9.50.J.9.1">
    <attr name="isRemoveAllowed">false</attr>
    <attr name="neighborCellRef">SubNetwork=ONRM_RootMo_R,MeContext=LTE01ERBS00147,ManagedElement=1,ENodeBFunction=1,EUtraNetwork=1,ExternalENodeBFunction=150,ExternalEUtranCellFDD=4</attr>
    <attr name="anrCreated">false</attr>
    <attr name="isHoAllowed">true</attr>
  </mo>
  <mo fdn="SubNetwork=ONRM_RootMo_R,MeContext=LTE01ERBS00147,ManagedElement=1,ENodeBFunction=1,EUtranCellFDD=LTE01ERBS00147-3,EUtranFreqRelation=2,EUtranCellRelation=16" lastModified="1287501475201" mimName="ERBS_NODE_MODEL" mimVersion="A.9.50.J.9.1">
    <attr name="isRemoveAllowed">false</attr>
    <attr name="neighborCellRef">SubNetwork=ONRM_RootMo_R,MeContext=LTE01ERBS00147,ManagedElement=1,ENodeBFunction=1,EUtraNetwork=1,ExternalENodeBFunction=152,ExternalEUtranCellFDD=3</attr>
    <attr name="anrCreated">false</attr>
    <attr name="isHoAllowed">true</attr>
  </mo>
  <mo fdn="SubNetwork=ONRM_RootMo_R,MeContext=LTE01ERBS00147,ManagedElement=1,ENodeBFunction=1,EUtranCellFDD=LTE01ERBS00147-3,EUtranFreqRelation=2,EUtranCellRelation=17" lastModified="1287501475195" mimName="ERBS_NODE_MODEL" mimVersion="A.9.50.J.9.1">
    <attr name="isRemoveAllowed">false</attr>
    <attr name="neighborCellRef">SubNetwork=ONRM_RootMo_R,MeContext=LTE01ERBS00147,ManagedElement=1,ENodeBFunction=1,EUtraNetwork=1,ExternalENodeBFunction=152,ExternalEUtranCellFDD=4</attr>
    <attr name="anrCreated">false</attr>
    <attr name="isHoAllowed">true</attr>
  </mo>
  <mo fdn="SubNetwork=ONRM_RootMo_R,MeContext=LTE01ERBS00147,ManagedElement=1,ENodeBFunction=1,EUtranCellFDD=LTE01ERBS00147-3,EUtranFreqRelation=2,EUtranCellRelation=20" lastModified="1287501475176" mimName="ERBS_NODE_MODEL" mimVersion="A.9.50.J.9.1">
    <attr name="isRemoveAllowed">false</attr>
    <attr name="neighborCellRef">SubNetwork=ONRM_RootMo_R,MeContext=LTE01ERBS00147,ManagedElement=1,ENodeBFunction=1,EUtraNetwork=1,ExternalENodeBFunction=154,ExternalEUtranCellFDD=3</attr>
    <attr name="anrCreated">false</attr>
    <attr name="isHoAllowed">true</attr>
  </mo>
  <mo fdn="SubNetwork=ONRM_RootMo_R,MeContext=LTE01ERBS00147,ManagedElement=1,ENodeBFunction=1,EUtranCellFDD=LTE01ERBS00147-3,EUtranFreqRelation=2,EUtranCellRelation=21" lastModified="1287501475172" mimName="ERBS_NODE_MODEL" mimVersion="A.9.50.J.9.1">
    <attr name="isRemoveAllowed">false</attr>
    <attr name="neighborCellRef">SubNetwork=ONRM_RootMo_R,MeContext=LTE01ERBS00147,ManagedElement=1,ENodeBFunction=1,EUtraNetwork=1,ExternalENodeBFunction=154,ExternalEUtranCellFDD=4</attr>
    <attr name="anrCreated">false</attr>
    <attr name="isHoAllowed">true</attr>
  </mo>
  <mo fdn="SubNetwork=ONRM_RootMo_R,MeContext=LTE01ERBS00147,ManagedElement=1,ENodeBFunction=1,EUtranCellFDD=LTE01ERBS00147-3,EUtranFreqRelation=2,EUtranCellRelation=24" lastModified="1287501475168" mimName="ERBS_NODE_MODEL" mimVersion="A.9.50.J.9.1">
    <attr name="isRemoveAllowed">false</attr>
    <attr name="neighborCellRef">SubNetwork=ONRM_RootMo_R,MeContext=LTE01ERBS00147,ManagedElement=1,ENodeBFunction=1,EUtraNetwork=1,ExternalENodeBFunction=156,ExternalEUtranCellFDD=3</attr>
    <attr name="anrCreated">false</attr>
    <attr name="isHoAllowed">true</attr>
  </mo>
  <mo fdn="SubNetwork=ONRM_RootMo_R,MeContext=LTE01ERBS00147,ManagedElement=1,ENodeBFunction=1,EUtranCellFDD=LTE01ERBS00147-3,EUtranFreqRelation=2,EUtranCellRelation=25" lastModified="1287501475165" mimName="ERBS_NODE_MODEL" mimVersion="A.9.50.J.9.1">
    <attr name="isRemoveAllowed">false</attr>
    <attr name="neighborCellRef">SubNetwork=ONRM_RootMo_R,MeContext=LTE01ERBS00147,ManagedElement=1,ENodeBFunction=1,EUtraNetwork=1,ExternalENodeBFunction=156,ExternalEUtranCellFDD=4</attr>
    <attr name="anrCreated">false</attr>
    <attr name="isHoAllowed">true</attr>
  </mo>
  <mo fdn="SubNetwork=ONRM_RootMo_R,MeContext=LTE01ERBS00147,ManagedElement=1,ENodeBFunction=1,EUtranCellFDD=LTE01ERBS00147-3,EUtranFreqRelation=2,EUtranCellRelation=28" lastModified="1287501475204" mimName="ERBS_NODE_MODEL" mimVersion="A.9.50.J.9.1">
    <attr name="isRemoveAllowed">false</attr>
    <attr name="neighborCellRef">SubNetwork=ONRM_RootMo_R,MeContext=LTE01ERBS00147,ManagedElement=1,ENodeBFunction=1,EUtraNetwork=1,ExternalENodeBFunction=158,ExternalEUtranCellFDD=3</attr>
    <attr name="anrCreated">false</attr>
    <attr name="isHoAllowed">true</attr>
  </mo>
  <mo fdn="SubNetwork=ONRM_RootMo_R,MeContext=LTE01ERBS00147,ManagedElement=1,ENodeBFunction=1,EUtranCellFDD=LTE01ERBS00147-3,EUtranFreqRelation=2,EUtranCellRelation=29" lastModified="1287501475198" mimName="ERBS_NODE_MODEL" mimVersion="A.9.50.J.9.1">
    <attr name="isRemoveAllowed">false</attr>
    <attr name="neighborCellRef">SubNetwork=ONRM_RootMo_R,MeContext=LTE01ERBS00147,ManagedElement=1,ENodeBFunction=1,EUtraNetwork=1,ExternalENodeBFunction=158,ExternalEUtranCellFDD=4</attr>
    <attr name="anrCreated">false</attr>
    <attr name="isHoAllowed">true</attr>
  </mo>
  <mo fdn="SubNetwork=ONRM_RootMo_R,MeContext=LTE01ERBS00147,ManagedElement=1,ENodeBFunction=1,EUtranCellFDD=LTE01ERBS00147-3,EUtranFreqRelation=2,EUtranCellRelation=32" lastModified="1287501475162" mimName="ERBS_NODE_MODEL" mimVersion="A.9.50.J.9.1">
    <attr name="isRemoveAllowed">false</attr>
    <attr name="neighborCellRef">SubNetwork=ONRM_RootMo_R,MeContext=LTE01ERBS00147,ManagedElement=1,ENodeBFunction=1,EUtraNetwork=1,ExternalENodeBFunction=160,ExternalEUtranCellFDD=3</attr>
    <attr name="anrCreated">false</attr>
    <attr name="isHoAllowed">true</attr>
  </mo>
  <mo fdn="SubNetwork=ONRM_RootMo_R,MeContext=LTE01ERBS00147,ManagedElement=1,ENodeBFunction=1,EUtranCellFDD=LTE01ERBS00147-3,EUtranFreqRelation=2,EUtranCellRelation=33" lastModified="1287501475179" mimName="ERBS_NODE_MODEL" mimVersion="A.9.50.J.9.1">
    <attr name="isRemoveAllowed">false</attr>
    <attr name="neighborCellRef">SubNetwork=ONRM_RootMo_R,MeContext=LTE01ERBS00147,ManagedElement=1,ENodeBFunction=1,EUtraNetwork=1,ExternalENodeBFunction=160,ExternalEUtranCellFDD=4</attr>
    <attr name="anrCreated">false</attr>
    <attr name="isHoAllowed">true</attr>
  </mo>
  <mo fdn="SubNetwork=ONRM_RootMo_R,MeContext=LTE01ERBS00147,ManagedElement=1,ENodeBFunction=1,EUtranCellFDD=LTE01ERBS00147-3,EUtranFreqRelation=2,EUtranCellRelation=6" lastModified="1287501475189" mimName="ERBS_NODE_MODEL" mimVersion="A.9.50.J.9.1">
    <attr name="isRemoveAllowed">false</attr>
    <attr name="neighborCellRef">SubNetwork=ONRM_RootMo_R,MeContext=LTE01ERBS00147,ManagedElement=1,ENodeBFunction=1,EUtraNetwork=1,ExternalENodeBFunction=146,ExternalEUtranCellFDD=3</attr>
    <attr name="anrCreated">false</attr>
    <attr name="isHoAllowed">true</attr>
  </mo>
  <mo fdn="SubNetwork=ONRM_RootMo_R,MeContext=LTE01ERBS00147,ManagedElement=1,ENodeBFunction=1,EUtranCellFDD=LTE01ERBS00147-3,EUtranFreqRelation=2,EUtranCellRelation=7" lastModified="1287501475193" mimName="ERBS_NODE_MODEL" mimVersion="A.9.50.J.9.1">
    <attr name="isRemoveAllowed">false</attr>
    <attr name="neighborCellRef">SubNetwork=ONRM_RootMo_R,MeContext=LTE01ERBS00147,ManagedElement=1,ENodeBFunction=1,EUtraNetwork=1,ExternalENodeBFunction=146,ExternalEUtranCellFDD=4</attr>
    <attr name="anrCreated">false</attr>
    <attr name="isHoAllowed">true</attr>
  </mo>
  <mo fdn="SubNetwork=ONRM_RootMo_R,MeContext=LTE01ERBS00147,ManagedElement=1,ENodeBFunction=1,EUtranCellFDD=LTE01ERBS00147-3,EUtranFreqRelation=2,EUtranCellRelation=8" lastModified="1287501475181" mimName="ERBS_NODE_MODEL" mimVersion="A.9.50.J.9.1">
    <attr name="isRemoveAllowed">false</attr>
    <attr name="neighborCellRef">SubNetwork=ONRM_RootMo_R,MeContext=LTE01ERBS00147,ManagedElement=1,ENodeBFunction=1,EUtraNetwork=1,ExternalENodeBFunction=148,ExternalEUtranCellFDD=3</attr>
    <attr name="anrCreated">false</attr>
    <attr name="isHoAllowed">true</attr>
  </mo>
  <mo fdn="SubNetwork=ONRM_RootMo_R,MeContext=LTE01ERBS00147,ManagedElement=1,ENodeBFunction=1,EUtranCellFDD=LTE01ERBS00147-3,EUtranFreqRelation=2,EUtranCellRelation=9" lastModified="1287501475185" mimName="ERBS_NODE_MODEL" mimVersion="A.9.50.J.9.1">
    <attr name="isRemoveAllowed">false</attr>
    <attr name="neighborCellRef">SubNetwork=ONRM_RootMo_R,MeContext=LTE01ERBS00147,ManagedElement=1,ENodeBFunction=1,EUtraNetwork=1,ExternalENodeBFunction=148,ExternalEUtranCellFDD=4</attr>
    <attr name="anrCreated">false</attr>
    <attr name="isHoAllowed">true</attr>
  </mo>
  <mo fdn="SubNetwork=ONRM_RootMo_R,MeContext=LTE01ERBS00147,ManagedElement=1,ENodeBFunction=1,EUtranCellFDD=LTE01ERBS00147-4" lastModified="1287512102120" mimName="ERBS_NODE_MODEL" mimVersion="A.9.50.J.9.1">
    <attr name="EUtranCellFDDId">LTE01ERBS00147-4</attr>
    <attr name="earfcnul">18000</attr>
    <attr name="cellId">4</attr>
    <attr name="tac">1</attr>
    <attr name="bPlmnList">
      <seq count="1">
        <item>
          <struct>
            <attr name="mcc">311</attr>
            <attr name="mnc">480</attr>
            <attr name="mncLength">2</attr>
          </struct>
        </item>
      </seq>
    </attr>
    <attr name="earfcndl">0</attr>
    <attr name="userLabel">LTE01ERBS00147-4</attr>
  </mo>
  <mo fdn="SubNetwork=ONRM_RootMo_R,MeContext=LTE01ERBS00147,ManagedElement=1,ENodeBFunction=1,EUtranCellFDD=LTE01ERBS00147-4,EUtranFreqRelation=1,EUtranCellRelation=1" lastModified="1287501262362" mimName="ERBS_NODE_MODEL" mimVersion="A.9.50.J.9.1">
    <attr name="isRemoveAllowed">false</attr>
    <attr name="neighborCellRef">SubNetwork=ONRM_RootMo_R,MeContext=LTE01ERBS00147,ManagedElement=1,ENodeBFunction=1,EUtranCellFDD=LTE01ERBS00147-1</attr>
    <attr name="anrCreated">false</attr>
    <attr name="isHoAllowed">true</attr>
  </mo>
  <mo fdn="SubNetwork=ONRM_RootMo_R,MeContext=LTE01ERBS00147,ManagedElement=1,ENodeBFunction=1,EUtranCellFDD=LTE01ERBS00147-4,EUtranFreqRelation=1,EUtranCellRelation=10" lastModified="1287504941933" mimName="ERBS_NODE_MODEL" mimVersion="A.9.50.J.9.1">
    <attr name="isRemoveAllowed">false</attr>
    <attr name="neighborCellRef">SubNetwork=ONRM_RootMo_R,MeContext=LTE01ERBS00147,ManagedElement=1,ENodeBFunction=1,EUtraNetwork=1,ExternalENodeBFunction=149,ExternalEUtranCellFDD=3</attr>
    <attr name="anrCreated">false</attr>
    <attr name="isHoAllowed">true</attr>
  </mo>
  <mo fdn="SubNetwork=ONRM_RootMo_R,MeContext=LTE01ERBS00147,ManagedElement=1,ENodeBFunction=1,EUtranCellFDD=LTE01ERBS00147-4,EUtranFreqRelation=1,EUtranCellRelation=11" lastModified="1287504941931" mimName="ERBS_NODE_MODEL" mimVersion="A.9.50.J.9.1">
    <attr name="isRemoveAllowed">false</attr>
    <attr name="neighborCellRef">SubNetwork=ONRM_RootMo_R,MeContext=LTE01ERBS00147,ManagedElement=1,ENodeBFunction=1,EUtraNetwork=1,ExternalENodeBFunction=149,ExternalEUtranCellFDD=4</attr>
    <attr name="anrCreated">false</attr>
    <attr name="isHoAllowed">true</attr>
  </mo>
  <mo fdn="SubNetwork=ONRM_RootMo_R,MeContext=LTE01ERBS00147,ManagedElement=1,ENodeBFunction=1,EUtranCellFDD=LTE01ERBS00147-4,EUtranFreqRelation=1,EUtranCellRelation=14" lastModified="1287501474500" mimName="ERBS_NODE_MODEL" mimVersion="A.9.50.J.9.1">
    <attr name="isRemoveAllowed">false</attr>
    <attr name="neighborCellRef">SubNetwork=ONRM_RootMo_R,MeContext=LTE01ERBS00147,ManagedElement=1,ENodeBFunction=1,EUtraNetwork=1,ExternalENodeBFunction=151,ExternalEUtranCellFDD=3</attr>
    <attr name="anrCreated">false</attr>
    <attr name="isHoAllowed">true</attr>
  </mo>
  <mo fdn="SubNetwork=ONRM_RootMo_R,MeContext=LTE01ERBS00147,ManagedElement=1,ENodeBFunction=1,EUtranCellFDD=LTE01ERBS00147-4,EUtranFreqRelation=1,EUtranCellRelation=15" lastModified="1287501474527" mimName="ERBS_NODE_MODEL" mimVersion="A.9.50.J.9.1">
    <attr name="isRemoveAllowed">false</attr>
    <attr name="neighborCellRef">SubNetwork=ONRM_RootMo_R,MeContext=LTE01ERBS00147,ManagedElement=1,ENodeBFunction=1,EUtraNetwork=1,ExternalENodeBFunction=151,ExternalEUtranCellFDD=4</attr>
    <attr name="anrCreated">false</attr>
    <attr name="isHoAllowed">true</attr>
  </mo>
  <mo fdn="SubNetwork=ONRM_RootMo_R,MeContext=LTE01ERBS00147,ManagedElement=1,ENodeBFunction=1,EUtranCellFDD=LTE01ERBS00147-4,EUtranFreqRelation=1,EUtranCellRelation=18" lastModified="1287501474520" mimName="ERBS_NODE_MODEL" mimVersion="A.9.50.J.9.1">
    <attr name="isRemoveAllowed">false</attr>
    <attr name="neighborCellRef">SubNetwork=ONRM_RootMo_R,MeContext=LTE01ERBS00147,ManagedElement=1,ENodeBFunction=1,EUtraNetwork=1,ExternalENodeBFunction=153,ExternalEUtranCellFDD=3</attr>
    <attr name="anrCreated">false</attr>
    <attr name="isHoAllowed">true</attr>
  </mo>
  <mo fdn="SubNetwork=ONRM_RootMo_R,MeContext=LTE01ERBS00147,ManagedElement=1,ENodeBFunction=1,EUtranCellFDD=LTE01ERBS00147-4,EUtranFreqRelation=1,EUtranCellRelation=19" lastModified="1287501474511" mimName="ERBS_NODE_MODEL" mimVersion="A.9.50.J.9.1">
    <attr name="isRemoveAllowed">false</attr>
    <attr name="neighborCellRef">SubNetwork=ONRM_RootMo_R,MeContext=LTE01ERBS00147,ManagedElement=1,ENodeBFunction=1,EUtraNetwork=1,ExternalENodeBFunction=153,ExternalEUtranCellFDD=4</attr>
    <attr name="anrCreated">false</attr>
    <attr name="isHoAllowed">true</attr>
  </mo>
  <mo fdn="SubNetwork=ONRM_RootMo_R,MeContext=LTE01ERBS00147,ManagedElement=1,ENodeBFunction=1,EUtranCellFDD=LTE01ERBS00147-4,EUtranFreqRelation=1,EUtranCellRelation=2" lastModified="1287501262358" mimName="ERBS_NODE_MODEL" mimVersion="A.9.50.J.9.1">
    <attr name="isRemoveAllowed">false</attr>
    <attr name="neighborCellRef">SubNetwork=ONRM_RootMo_R,MeContext=LTE01ERBS00147,ManagedElement=1,ENodeBFunction=1,EUtranCellFDD=LTE01ERBS00147-2</attr>
    <attr name="anrCreated">false</attr>
    <attr name="isHoAllowed">true</attr>
  </mo>
  <mo fdn="SubNetwork=ONRM_RootMo_R,MeContext=LTE01ERBS00147,ManagedElement=1,ENodeBFunction=1,EUtranCellFDD=LTE01ERBS00147-4,EUtranFreqRelation=1,EUtranCellRelation=22" lastModified="1287501474502" mimName="ERBS_NODE_MODEL" mimVersion="A.9.50.J.9.1">
    <attr name="isRemoveAllowed">false</attr>
    <attr name="neighborCellRef">SubNetwork=ONRM_RootMo_R,MeContext=LTE01ERBS00147,ManagedElement=1,ENodeBFunction=1,EUtraNetwork=1,ExternalENodeBFunction=155,ExternalEUtranCellFDD=3</attr>
    <attr name="anrCreated">false</attr>
    <attr name="isHoAllowed">true</attr>
  </mo>
  <mo fdn="SubNetwork=ONRM_RootMo_R,MeContext=LTE01ERBS00147,ManagedElement=1,ENodeBFunction=1,EUtranCellFDD=LTE01ERBS00147-4,EUtranFreqRelation=1,EUtranCellRelation=23" lastModified="1287501474497" mimName="ERBS_NODE_MODEL" mimVersion="A.9.50.J.9.1">
    <attr name="isRemoveAllowed">false</attr>
    <attr name="neighborCellRef">SubNetwork=ONRM_RootMo_R,MeContext=LTE01ERBS00147,ManagedElement=1,ENodeBFunction=1,EUtraNetwork=1,ExternalENodeBFunction=155,ExternalEUtranCellFDD=4</attr>
    <attr name="anrCreated">false</attr>
    <attr name="isHoAllowed">true</attr>
  </mo>
  <mo fdn="SubNetwork=ONRM_RootMo_R,MeContext=LTE01ERBS00147,ManagedElement=1,ENodeBFunction=1,EUtranCellFDD=LTE01ERBS00147-4,EUtranFreqRelation=1,EUtranCellRelation=26" lastModified="1287501474523" mimName="ERBS_NODE_MODEL" mimVersion="A.9.50.J.9.1">
    <attr name="isRemoveAllowed">false</attr>
    <attr name="neighborCellRef">SubNetwork=ONRM_RootMo_R,MeContext=LTE01ERBS00147,ManagedElement=1,ENodeBFunction=1,EUtraNetwork=1,ExternalENodeBFunction=157,ExternalEUtranCellFDD=3</attr>
    <attr name="anrCreated">false</attr>
    <attr name="isHoAllowed">true</attr>
  </mo>
  <mo fdn="SubNetwork=ONRM_RootMo_R,MeContext=LTE01ERBS00147,ManagedElement=1,ENodeBFunction=1,EUtranCellFDD=LTE01ERBS00147-4,EUtranFreqRelation=1,EUtranCellRelation=27" lastModified="1287501474515" mimName="ERBS_NODE_MODEL" mimVersion="A.9.50.J.9.1">
    <attr name="isRemoveAllowed">false</attr>
    <attr name="neighborCellRef">SubNetwork=ONRM_RootMo_R,MeContext=LTE01ERBS00147,ManagedElement=1,ENodeBFunction=1,EUtraNetwork=1,ExternalENodeBFunction=157,ExternalEUtranCellFDD=4</attr>
    <attr name="anrCreated">false</attr>
    <attr name="isHoAllowed">true</attr>
  </mo>
  <mo fdn="SubNetwork=ONRM_RootMo_R,MeContext=LTE01ERBS00147,ManagedElement=1,ENodeBFunction=1,EUtranCellFDD=LTE01ERBS00147-4,EUtranFreqRelation=1,EUtranCellRelation=3" lastModified="1287501262356" mimName="ERBS_NODE_MODEL" mimVersion="A.9.50.J.9.1">
    <attr name="isRemoveAllowed">false</attr>
    <attr name="neighborCellRef">SubNetwork=ONRM_RootMo_R,MeContext=LTE01ERBS00147,ManagedElement=1,ENodeBFunction=1,EUtranCellFDD=LTE01ERBS00147-3</attr>
    <attr name="anrCreated">false</attr>
    <attr name="isHoAllowed">true</attr>
  </mo>
  <mo fdn="SubNetwork=ONRM_RootMo_R,MeContext=LTE01ERBS00147,ManagedElement=1,ENodeBFunction=1,EUtranCellFDD=LTE01ERBS00147-4,EUtranFreqRelation=1,EUtranCellRelation=30" lastModified="1287501474506" mimName="ERBS_NODE_MODEL" mimVersion="A.9.50.J.9.1">
    <attr name="isRemoveAllowed">false</attr>
    <attr name="neighborCellRef">SubNetwork=ONRM_RootMo_R,MeContext=LTE01ERBS00147,ManagedElement=1,ENodeBFunction=1,EUtraNetwork=1,ExternalENodeBFunction=159,ExternalEUtranCellFDD=3</attr>
    <attr name="anrCreated">false</attr>
    <attr name="isHoAllowed">true</attr>
  </mo>
  <mo fdn="SubNetwork=ONRM_RootMo_R,MeContext=LTE01ERBS00147,ManagedElement=1,ENodeBFunction=1,EUtranCellFDD=LTE01ERBS00147-4,EUtranFreqRelation=1,EUtranCellRelation=31" lastModified="1287501474504" mimName="ERBS_NODE_MODEL" mimVersion="A.9.50.J.9.1">
    <attr name="isRemoveAllowed">false</attr>
    <attr name="neighborCellRef">SubNetwork=ONRM_RootMo_R,MeContext=LTE01ERBS00147,ManagedElement=1,ENodeBFunction=1,EUtraNetwork=1,ExternalENodeBFunction=159,ExternalEUtranCellFDD=4</attr>
    <attr name="anrCreated">false</attr>
    <attr name="isHoAllowed">true</attr>
  </mo>
  <mo fdn="SubNetwork=ONRM_RootMo_R,MeContext=LTE01ERBS00147,ManagedElement=1,ENodeBFunction=1,EUtranCellFDD=LTE01ERBS00147-4,EUtranFreqRelation=1,EUtranCellRelation=4" lastModified="1287504941935" mimName="ERBS_NODE_MODEL" mimVersion="A.9.50.J.9.1">
    <attr name="isRemoveAllowed">false</attr>
    <attr name="neighborCellRef">SubNetwork=ONRM_RootMo_R,MeContext=LTE01ERBS00147,ManagedElement=1,ENodeBFunction=1,EUtraNetwork=1,ExternalENodeBFunction=145,ExternalEUtranCellFDD=3</attr>
    <attr name="anrCreated">false</attr>
    <attr name="isHoAllowed">true</attr>
  </mo>
  <mo fdn="SubNetwork=ONRM_RootMo_R,MeContext=LTE01ERBS00147,ManagedElement=1,ENodeBFunction=1,EUtranCellFDD=LTE01ERBS00147-4,EUtranFreqRelation=1,EUtranCellRelation=5" lastModified="1287504941936" mimName="ERBS_NODE_MODEL" mimVersion="A.9.50.J.9.1">
    <attr name="isRemoveAllowed">false</attr>
    <attr name="neighborCellRef">SubNetwork=ONRM_RootMo_R,MeContext=LTE01ERBS00147,ManagedElement=1,ENodeBFunction=1,EUtraNetwork=1,ExternalENodeBFunction=145,ExternalEUtranCellFDD=4</attr>
    <attr name="anrCreated">false</attr>
    <attr name="isHoAllowed">true</attr>
  </mo>
  <mo fdn="SubNetwork=ONRM_RootMo_R,MeContext=LTE01ERBS00147,ManagedElement=1,ENodeBFunction=1,EUtranCellFDD=LTE01ERBS00147-4,EUtranFreqRelation=2,EUtranCellRelation=12" lastModified="1287504941926" mimName="ERBS_NODE_MODEL" mimVersion="A.9.50.J.9.1">
    <attr name="isRemoveAllowed">false</attr>
    <attr name="neighborCellRef">SubNetwork=ONRM_RootMo_R,MeContext=LTE01ERBS00147,ManagedElement=1,ENodeBFunction=1,EUtraNetwork=1,ExternalENodeBFunction=150,ExternalEUtranCellFDD=3</attr>
    <attr name="anrCreated">false</attr>
    <attr name="isHoAllowed">true</attr>
  </mo>
  <mo fdn="SubNetwork=ONRM_RootMo_R,MeContext=LTE01ERBS00147,ManagedElement=1,ENodeBFunction=1,EUtranCellFDD=LTE01ERBS00147-4,EUtranFreqRelation=2,EUtranCellRelation=13" lastModified="1287504941912" mimName="ERBS_NODE_MODEL" mimVersion="A.9.50.J.9.1">
    <attr name="isRemoveAllowed">false</attr>
    <attr name="neighborCellRef">SubNetwork=ONRM_RootMo_R,MeContext=LTE01ERBS00147,ManagedElement=1,ENodeBFunction=1,EUtraNetwork=1,ExternalENodeBFunction=150,ExternalEUtranCellFDD=4</attr>
    <attr name="anrCreated">false</attr>
    <attr name="isHoAllowed">true</attr>
  </mo>
  <mo fdn="SubNetwork=ONRM_RootMo_R,MeContext=LTE01ERBS00147,ManagedElement=1,ENodeBFunction=1,EUtranCellFDD=LTE01ERBS00147-4,EUtranFreqRelation=2,EUtranCellRelation=16" lastModified="1287501474488" mimName="ERBS_NODE_MODEL" mimVersion="A.9.50.J.9.1">
    <attr name="isRemoveAllowed">false</attr>
    <attr name="neighborCellRef">SubNetwork=ONRM_RootMo_R,MeContext=LTE01ERBS00147,ManagedElement=1,ENodeBFunction=1,EUtraNetwork=1,ExternalENodeBFunction=152,ExternalEUtranCellFDD=3</attr>
    <attr name="anrCreated">false</attr>
    <attr name="isHoAllowed">true</attr>
  </mo>
  <mo fdn="SubNetwork=ONRM_RootMo_R,MeContext=LTE01ERBS00147,ManagedElement=1,ENodeBFunction=1,EUtranCellFDD=LTE01ERBS00147-4,EUtranFreqRelation=2,EUtranCellRelation=17" lastModified="1287501474484" mimName="ERBS_NODE_MODEL" mimVersion="A.9.50.J.9.1">
    <attr name="isRemoveAllowed">false</attr>
    <attr name="neighborCellRef">SubNetwork=ONRM_RootMo_R,MeContext=LTE01ERBS00147,ManagedElement=1,ENodeBFunction=1,EUtraNetwork=1,ExternalENodeBFunction=152,ExternalEUtranCellFDD=4</attr>
    <attr name="anrCreated">false</attr>
    <attr name="isHoAllowed">true</attr>
  </mo>
  <mo fdn="SubNetwork=ONRM_RootMo_R,MeContext=LTE01ERBS00147,ManagedElement=1,ENodeBFunction=1,EUtranCellFDD=LTE01ERBS00147-4,EUtranFreqRelation=2,EUtranCellRelation=20" lastModified="1287501474467" mimName="ERBS_NODE_MODEL" mimVersion="A.9.50.J.9.1">
    <attr name="isRemoveAllowed">false</attr>
    <attr name="neighborCellRef">SubNetwork=ONRM_RootMo_R,MeContext=LTE01ERBS00147,ManagedElement=1,ENodeBFunction=1,EUtraNetwork=1,ExternalENodeBFunction=154,ExternalEUtranCellFDD=3</attr>
    <attr name="anrCreated">false</attr>
    <attr name="isHoAllowed">true</attr>
  </mo>
  <mo fdn="SubNetwork=ONRM_RootMo_R,MeContext=LTE01ERBS00147,ManagedElement=1,ENodeBFunction=1,EUtranCellFDD=LTE01ERBS00147-4,EUtranFreqRelation=2,EUtranCellRelation=21" lastModified="1287501474465" mimName="ERBS_NODE_MODEL" mimVersion="A.9.50.J.9.1">
    <attr name="isRemoveAllowed">false</attr>
    <attr name="neighborCellRef">SubNetwork=ONRM_RootMo_R,MeContext=LTE01ERBS00147,ManagedElement=1,ENodeBFunction=1,EUtraNetwork=1,ExternalENodeBFunction=154,ExternalEUtranCellFDD=4</attr>
    <attr name="anrCreated">false</attr>
    <attr name="isHoAllowed">true</attr>
  </mo>
  <mo fdn="SubNetwork=ONRM_RootMo_R,MeContext=LTE01ERBS00147,ManagedElement=1,ENodeBFunction=1,EUtranCellFDD=LTE01ERBS00147-4,EUtranFreqRelation=2,EUtranCellRelation=24" lastModified="1287501474463" mimName="ERBS_NODE_MODEL" mimVersion="A.9.50.J.9.1">
    <attr name="isRemoveAllowed">false</attr>
    <attr name="neighborCellRef">SubNetwork=ONRM_RootMo_R,MeContext=LTE01ERBS00147,ManagedElement=1,ENodeBFunction=1,EUtraNetwork=1,ExternalENodeBFunction=156,ExternalEUtranCellFDD=3</attr>
    <attr name="anrCreated">false</attr>
    <attr name="isHoAllowed">true</attr>
  </mo>
  <mo fdn="SubNetwork=ONRM_RootMo_R,MeContext=LTE01ERBS00147,ManagedElement=1,ENodeBFunction=1,EUtranCellFDD=LTE01ERBS00147-4,EUtranFreqRelation=2,EUtranCellRelation=25" lastModified="1287501474459" mimName="ERBS_NODE_MODEL" mimVersion="A.9.50.J.9.1">
    <attr name="isRemoveAllowed">false</attr>
    <attr name="neighborCellRef">SubNetwork=ONRM_RootMo_R,MeContext=LTE01ERBS00147,ManagedElement=1,ENodeBFunction=1,EUtraNetwork=1,ExternalENodeBFunction=156,ExternalEUtranCellFDD=4</attr>
    <attr name="anrCreated">false</attr>
    <attr name="isHoAllowed">true</attr>
  </mo>
  <mo fdn="SubNetwork=ONRM_RootMo_R,MeContext=LTE01ERBS00147,ManagedElement=1,ENodeBFunction=1,EUtranCellFDD=LTE01ERBS00147-4,EUtranFreqRelation=2,EUtranCellRelation=28" lastModified="1287501474490" mimName="ERBS_NODE_MODEL" mimVersion="A.9.50.J.9.1">
    <attr name="isRemoveAllowed">false</attr>
    <attr name="neighborCellRef">SubNetwork=ONRM_RootMo_R,MeContext=LTE01ERBS00147,ManagedElement=1,ENodeBFunction=1,EUtraNetwork=1,ExternalENodeBFunction=158,ExternalEUtranCellFDD=3</attr>
    <attr name="anrCreated">false</attr>
    <attr name="isHoAllowed">true</attr>
  </mo>
  <mo fdn="SubNetwork=ONRM_RootMo_R,MeContext=LTE01ERBS00147,ManagedElement=1,ENodeBFunction=1,EUtranCellFDD=LTE01ERBS00147-4,EUtranFreqRelation=2,EUtranCellRelation=29" lastModified="1287501474486" mimName="ERBS_NODE_MODEL" mimVersion="A.9.50.J.9.1">
    <attr name="isRemoveAllowed">false</attr>
    <attr name="neighborCellRef">SubNetwork=ONRM_RootMo_R,MeContext=LTE01ERBS00147,ManagedElement=1,ENodeBFunction=1,EUtraNetwork=1,ExternalENodeBFunction=158,ExternalEUtranCellFDD=4</attr>
    <attr name="anrCreated">false</attr>
    <attr name="isHoAllowed">true</attr>
  </mo>
  <mo fdn="SubNetwork=ONRM_RootMo_R,MeContext=LTE01ERBS00147,ManagedElement=1,ENodeBFunction=1,EUtranCellFDD=LTE01ERBS00147-4,EUtranFreqRelation=2,EUtranCellRelation=32" lastModified="1287501474454" mimName="ERBS_NODE_MODEL" mimVersion="A.9.50.J.9.1">
    <attr name="isRemoveAllowed">false</attr>
    <attr name="neighborCellRef">SubNetwork=ONRM_RootMo_R,MeContext=LTE01ERBS00147,ManagedElement=1,ENodeBFunction=1,EUtraNetwork=1,ExternalENodeBFunction=160,ExternalEUtranCellFDD=3</attr>
    <attr name="anrCreated">false</attr>
    <attr name="isHoAllowed">true</attr>
  </mo>
  <mo fdn="SubNetwork=ONRM_RootMo_R,MeContext=LTE01ERBS00147,ManagedElement=1,ENodeBFunction=1,EUtranCellFDD=LTE01ERBS00147-4,EUtranFreqRelation=2,EUtranCellRelation=33" lastModified="1287501474468" mimName="ERBS_NODE_MODEL" mimVersion="A.9.50.J.9.1">
    <attr name="isRemoveAllowed">false</attr>
    <attr name="neighborCellRef">SubNetwork=ONRM_RootMo_R,MeContext=LTE01ERBS00147,ManagedElement=1,ENodeBFunction=1,EUtraNetwork=1,ExternalENodeBFunction=160,ExternalEUtranCellFDD=4</attr>
    <attr name="anrCreated">false</attr>
    <attr name="isHoAllowed">true</attr>
  </mo>
  <mo fdn="SubNetwork=ONRM_RootMo_R,MeContext=LTE01ERBS00147,ManagedElement=1,ENodeBFunction=1,EUtranCellFDD=LTE01ERBS00147-4,EUtranFreqRelation=2,EUtranCellRelation=6" lastModified="1287501474477" mimName="ERBS_NODE_MODEL" mimVersion="A.9.50.J.9.1">
    <attr name="isRemoveAllowed">false</attr>
    <attr name="neighborCellRef">SubNetwork=ONRM_RootMo_R,MeContext=LTE01ERBS00147,ManagedElement=1,ENodeBFunction=1,EUtraNetwork=1,ExternalENodeBFunction=146,ExternalEUtranCellFDD=3</attr>
    <attr name="anrCreated">false</attr>
    <attr name="isHoAllowed">true</attr>
  </mo>
  <mo fdn="SubNetwork=ONRM_RootMo_R,MeContext=LTE01ERBS00147,ManagedElement=1,ENodeBFunction=1,EUtranCellFDD=LTE01ERBS00147-4,EUtranFreqRelation=2,EUtranCellRelation=7" lastModified="1287501474481" mimName="ERBS_NODE_MODEL" mimVersion="A.9.50.J.9.1">
    <attr name="isRemoveAllowed">false</attr>
    <attr name="neighborCellRef">SubNetwork=ONRM_RootMo_R,MeContext=LTE01ERBS00147,ManagedElement=1,ENodeBFunction=1,EUtraNetwork=1,ExternalENodeBFunction=146,ExternalEUtranCellFDD=4</attr>
    <attr name="anrCreated">false</attr>
    <attr name="isHoAllowed">true</attr>
  </mo>
  <mo fdn="SubNetwork=ONRM_RootMo_R,MeContext=LTE01ERBS00147,ManagedElement=1,ENodeBFunction=1,EUtranCellFDD=LTE01ERBS00147-4,EUtranFreqRelation=2,EUtranCellRelation=8" lastModified="1287501474472" mimName="ERBS_NODE_MODEL" mimVersion="A.9.50.J.9.1">
    <attr name="isRemoveAllowed">false</attr>
    <attr name="neighborCellRef">SubNetwork=ONRM_RootMo_R,MeContext=LTE01ERBS00147,ManagedElement=1,ENodeBFunction=1,EUtraNetwork=1,ExternalENodeBFunction=148,ExternalEUtranCellFDD=3</attr>
    <attr name="anrCreated">false</attr>
    <attr name="isHoAllowed">true</attr>
  </mo>
  <mo fdn="SubNetwork=ONRM_RootMo_R,MeContext=LTE01ERBS00147,ManagedElement=1,ENodeBFunction=1,EUtranCellFDD=LTE01ERBS00147-4,EUtranFreqRelation=2,EUtranCellRelation=9" lastModified="1287501474475" mimName="ERBS_NODE_MODEL" mimVersion="A.9.50.J.9.1">
    <attr name="isRemoveAllowed">false</attr>
    <attr name="neighborCellRef">SubNetwork=ONRM_RootMo_R,MeContext=LTE01ERBS00147,ManagedElement=1,ENodeBFunction=1,EUtraNetwork=1,ExternalENodeBFunction=148,ExternalEUtranCellFDD=4</attr>
    <attr name="anrCreated">false</attr>
    <attr name="isHoAllowed">true</attr>
  </mo>
</model>
