<?xml version="1.0" encoding="UTF-8" standalone="no"?><!-- Generated by nmsadm --><!-- Generated on Thu Oct 28 14:37:19 BST 2010 --><!-- Generated from configuration valid --><!-- Query - Base MO SubNetwork=ONRM_RootMo_R,MeContext=LTE03ERBS00028; Scope 8 --><model>
  <mo fdn="SubNetwork=ONRM_RootMo_R,MeContext=LTE03ERBS00028" lastModified="1287519720521" mimName="ERBS_NODE_MODEL" mimVersion="A.9.50.J.9.1">
    <attr name="MeContextId">LTE03ERBS00028</attr>
    <attr name="neMIMversion">vA.9.40</attr>
    <attr name="siteRef">SubNetwork=ONRM_RootMo_R,Site=LTE03ERBS00028</attr>
    <attr name="userLabel">LTE03ERBS00028</attr>
  </mo>
  <mo fdn="SubNetwork=ONRM_RootMo_R,MeContext=LTE03ERBS00028,ManagedElement=1,ENodeBFunction=1" lastModified="1287501980430" mimName="ERBS_NODE_MODEL" mimVersion="A.9.50.J.9.1">
    <attr name="eNodeBPlmnId">
      <struct>
        <attr name="mcc">311</attr>
        <attr name="mnc">480</attr>
        <attr name="mncLength">2</attr>
      </struct>
    </attr>
    <attr name="eNBId">191419</attr>
  </mo>
  <mo fdn="SubNetwork=ONRM_RootMo_R,MeContext=LTE03ERBS00028,ManagedElement=1,ENodeBFunction=1,EUtranCellFDD=LTE03ERBS00028-1" lastModified="1287519717458" mimName="ERBS_NODE_MODEL" mimVersion="A.9.50.J.9.1">
    <attr name="EUtranCellFDDId">LTE03ERBS00028-1</attr>
    <attr name="earfcnul">18000</attr>
    <attr name="cellId">1</attr>
    <attr name="tac">48906</attr>
    <attr name="bPlmnList">
      <seq count="1">
        <item>
          <struct>
            <attr name="mcc">311</attr>
            <attr name="mnc">480</attr>
            <attr name="mncLength">2</attr>
          </struct>
        </item>
      </seq>
    </attr>
    <attr name="earfcndl">0</attr>
    <attr name="userLabel">LTE03ERBS00028-1</attr>
  </mo>
  <mo fdn="SubNetwork=ONRM_RootMo_R,MeContext=LTE03ERBS00028,ManagedElement=1,ENodeBFunction=1,EUtranCellFDD=LTE03ERBS00028-1,EUtranFreqRelation=1,EUtranCellRelation=12" lastModified="1287507101463" mimName="ERBS_NODE_MODEL" mimVersion="A.9.50.J.9.1">
    <attr name="isRemoveAllowed">false</attr>
    <attr name="neighborCellRef">SubNetwork=ONRM_RootMo_R,MeContext=LTE03ERBS00028,ManagedElement=1,ENodeBFunction=1,EUtraNetwork=1,ExternalENodeBFunction=341,ExternalEUtranCellFDD=1</attr>
    <attr name="anrCreated">false</attr>
    <attr name="isHoAllowed">true</attr>
  </mo>
  <mo fdn="SubNetwork=ONRM_RootMo_R,MeContext=LTE03ERBS00028,ManagedElement=1,ENodeBFunction=1,EUtranCellFDD=LTE03ERBS00028-1,EUtranFreqRelation=1,EUtranCellRelation=13" lastModified="1287507101461" mimName="ERBS_NODE_MODEL" mimVersion="A.9.50.J.9.1">
    <attr name="isRemoveAllowed">false</attr>
    <attr name="neighborCellRef">SubNetwork=ONRM_RootMo_R,MeContext=LTE03ERBS00028,ManagedElement=1,ENodeBFunction=1,EUtraNetwork=1,ExternalENodeBFunction=341,ExternalEUtranCellFDD=2</attr>
    <attr name="anrCreated">false</attr>
    <attr name="isHoAllowed">true</attr>
  </mo>
  <mo fdn="SubNetwork=ONRM_RootMo_R,MeContext=LTE03ERBS00028,ManagedElement=1,ENodeBFunction=1,EUtranCellFDD=LTE03ERBS00028-1,EUtranFreqRelation=1,EUtranCellRelation=16" lastModified="1287507101474" mimName="ERBS_NODE_MODEL" mimVersion="A.9.50.J.9.1">
    <attr name="isRemoveAllowed">false</attr>
    <attr name="neighborCellRef">SubNetwork=ONRM_RootMo_R,MeContext=LTE03ERBS00028,ManagedElement=1,ENodeBFunction=1,EUtraNetwork=1,ExternalENodeBFunction=343,ExternalEUtranCellFDD=1</attr>
    <attr name="anrCreated">false</attr>
    <attr name="isHoAllowed">true</attr>
  </mo>
  <mo fdn="SubNetwork=ONRM_RootMo_R,MeContext=LTE03ERBS00028,ManagedElement=1,ENodeBFunction=1,EUtranCellFDD=LTE03ERBS00028-1,EUtranFreqRelation=1,EUtranCellRelation=17" lastModified="1287507101471" mimName="ERBS_NODE_MODEL" mimVersion="A.9.50.J.9.1">
    <attr name="isRemoveAllowed">false</attr>
    <attr name="neighborCellRef">SubNetwork=ONRM_RootMo_R,MeContext=LTE03ERBS00028,ManagedElement=1,ENodeBFunction=1,EUtraNetwork=1,ExternalENodeBFunction=343,ExternalEUtranCellFDD=2</attr>
    <attr name="anrCreated">false</attr>
    <attr name="isHoAllowed">true</attr>
  </mo>
  <mo fdn="SubNetwork=ONRM_RootMo_R,MeContext=LTE03ERBS00028,ManagedElement=1,ENodeBFunction=1,EUtranCellFDD=LTE03ERBS00028-1,EUtranFreqRelation=1,EUtranCellRelation=20" lastModified="1287507101468" mimName="ERBS_NODE_MODEL" mimVersion="A.9.50.J.9.1">
    <attr name="isRemoveAllowed">false</attr>
    <attr name="neighborCellRef">SubNetwork=ONRM_RootMo_R,MeContext=LTE03ERBS00028,ManagedElement=1,ENodeBFunction=1,EUtraNetwork=1,ExternalENodeBFunction=345,ExternalEUtranCellFDD=1</attr>
    <attr name="anrCreated">false</attr>
    <attr name="isHoAllowed">true</attr>
  </mo>
  <mo fdn="SubNetwork=ONRM_RootMo_R,MeContext=LTE03ERBS00028,ManagedElement=1,ENodeBFunction=1,EUtranCellFDD=LTE03ERBS00028-1,EUtranFreqRelation=1,EUtranCellRelation=21" lastModified="1287507101467" mimName="ERBS_NODE_MODEL" mimVersion="A.9.50.J.9.1">
    <attr name="isRemoveAllowed">false</attr>
    <attr name="neighborCellRef">SubNetwork=ONRM_RootMo_R,MeContext=LTE03ERBS00028,ManagedElement=1,ENodeBFunction=1,EUtraNetwork=1,ExternalENodeBFunction=345,ExternalEUtranCellFDD=2</attr>
    <attr name="anrCreated">false</attr>
    <attr name="isHoAllowed">true</attr>
  </mo>
  <mo fdn="SubNetwork=ONRM_RootMo_R,MeContext=LTE03ERBS00028,ManagedElement=1,ENodeBFunction=1,EUtranCellFDD=LTE03ERBS00028-1,EUtranFreqRelation=1,EUtranCellRelation=24" lastModified="1287507101466" mimName="ERBS_NODE_MODEL" mimVersion="A.9.50.J.9.1">
    <attr name="isRemoveAllowed">false</attr>
    <attr name="neighborCellRef">SubNetwork=ONRM_RootMo_R,MeContext=LTE03ERBS00028,ManagedElement=1,ENodeBFunction=1,EUtraNetwork=1,ExternalENodeBFunction=347,ExternalEUtranCellFDD=1</attr>
    <attr name="anrCreated">false</attr>
    <attr name="isHoAllowed">true</attr>
  </mo>
  <mo fdn="SubNetwork=ONRM_RootMo_R,MeContext=LTE03ERBS00028,ManagedElement=1,ENodeBFunction=1,EUtranCellFDD=LTE03ERBS00028-1,EUtranFreqRelation=1,EUtranCellRelation=25" lastModified="1287507101464" mimName="ERBS_NODE_MODEL" mimVersion="A.9.50.J.9.1">
    <attr name="isRemoveAllowed">false</attr>
    <attr name="neighborCellRef">SubNetwork=ONRM_RootMo_R,MeContext=LTE03ERBS00028,ManagedElement=1,ENodeBFunction=1,EUtraNetwork=1,ExternalENodeBFunction=347,ExternalEUtranCellFDD=2</attr>
    <attr name="anrCreated">false</attr>
    <attr name="isHoAllowed">true</attr>
  </mo>
  <mo fdn="SubNetwork=ONRM_RootMo_R,MeContext=LTE03ERBS00028,ManagedElement=1,ENodeBFunction=1,EUtranCellFDD=LTE03ERBS00028-1,EUtranFreqRelation=1,EUtranCellRelation=26" lastModified="1287507101472" mimName="ERBS_NODE_MODEL" mimVersion="A.9.50.J.9.1">
    <attr name="isRemoveAllowed">false</attr>
    <attr name="neighborCellRef">SubNetwork=ONRM_RootMo_R,MeContext=LTE03ERBS00028,ManagedElement=1,ENodeBFunction=1,EUtraNetwork=1,ExternalENodeBFunction=349,ExternalEUtranCellFDD=1</attr>
    <attr name="anrCreated">false</attr>
    <attr name="isHoAllowed">true</attr>
  </mo>
  <mo fdn="SubNetwork=ONRM_RootMo_R,MeContext=LTE03ERBS00028,ManagedElement=1,ENodeBFunction=1,EUtranCellFDD=LTE03ERBS00028-1,EUtranFreqRelation=1,EUtranCellRelation=27" lastModified="1287507101470" mimName="ERBS_NODE_MODEL" mimVersion="A.9.50.J.9.1">
    <attr name="isRemoveAllowed">false</attr>
    <attr name="neighborCellRef">SubNetwork=ONRM_RootMo_R,MeContext=LTE03ERBS00028,ManagedElement=1,ENodeBFunction=1,EUtraNetwork=1,ExternalENodeBFunction=349,ExternalEUtranCellFDD=2</attr>
    <attr name="anrCreated">false</attr>
    <attr name="isHoAllowed">true</attr>
  </mo>
  <mo fdn="SubNetwork=ONRM_RootMo_R,MeContext=LTE03ERBS00028,ManagedElement=1,ENodeBFunction=1,EUtranCellFDD=LTE03ERBS00028-1,EUtranFreqRelation=1,EUtranCellRelation=30" lastModified="1287507101465" mimName="ERBS_NODE_MODEL" mimVersion="A.9.50.J.9.1">
    <attr name="isRemoveAllowed">false</attr>
    <attr name="neighborCellRef">SubNetwork=ONRM_RootMo_R,MeContext=LTE03ERBS00028,ManagedElement=1,ENodeBFunction=1,EUtraNetwork=1,ExternalENodeBFunction=351,ExternalEUtranCellFDD=1</attr>
    <attr name="anrCreated">false</attr>
    <attr name="isHoAllowed">true</attr>
  </mo>
  <mo fdn="SubNetwork=ONRM_RootMo_R,MeContext=LTE03ERBS00028,ManagedElement=1,ENodeBFunction=1,EUtranCellFDD=LTE03ERBS00028-1,EUtranFreqRelation=1,EUtranCellRelation=31" lastModified="1287507101462" mimName="ERBS_NODE_MODEL" mimVersion="A.9.50.J.9.1">
    <attr name="isRemoveAllowed">false</attr>
    <attr name="neighborCellRef">SubNetwork=ONRM_RootMo_R,MeContext=LTE03ERBS00028,ManagedElement=1,ENodeBFunction=1,EUtraNetwork=1,ExternalENodeBFunction=351,ExternalEUtranCellFDD=2</attr>
    <attr name="anrCreated">false</attr>
    <attr name="isHoAllowed">true</attr>
  </mo>
  <mo fdn="SubNetwork=ONRM_RootMo_R,MeContext=LTE03ERBS00028,ManagedElement=1,ENodeBFunction=1,EUtranCellFDD=LTE03ERBS00028-1,EUtranFreqRelation=1,EUtranCellRelation=4" lastModified="1287507101473" mimName="ERBS_NODE_MODEL" mimVersion="A.9.50.J.9.1">
    <attr name="isRemoveAllowed">false</attr>
    <attr name="neighborCellRef">SubNetwork=ONRM_RootMo_R,MeContext=LTE03ERBS00028,ManagedElement=1,ENodeBFunction=1,EUtraNetwork=1,ExternalENodeBFunction=337,ExternalEUtranCellFDD=1</attr>
    <attr name="anrCreated">false</attr>
    <attr name="isHoAllowed">true</attr>
  </mo>
  <mo fdn="SubNetwork=ONRM_RootMo_R,MeContext=LTE03ERBS00028,ManagedElement=1,ENodeBFunction=1,EUtranCellFDD=LTE03ERBS00028-1,EUtranFreqRelation=1,EUtranCellRelation=5" lastModified="1287507101475" mimName="ERBS_NODE_MODEL" mimVersion="A.9.50.J.9.1">
    <attr name="isRemoveAllowed">false</attr>
    <attr name="neighborCellRef">SubNetwork=ONRM_RootMo_R,MeContext=LTE03ERBS00028,ManagedElement=1,ENodeBFunction=1,EUtraNetwork=1,ExternalENodeBFunction=337,ExternalEUtranCellFDD=2</attr>
    <attr name="anrCreated">false</attr>
    <attr name="isHoAllowed">true</attr>
  </mo>
  <mo fdn="SubNetwork=ONRM_RootMo_R,MeContext=LTE03ERBS00028,ManagedElement=1,ENodeBFunction=1,EUtranCellFDD=LTE03ERBS00028-1,EUtranFreqRelation=1,EUtranCellRelation=8" lastModified="1287507101469" mimName="ERBS_NODE_MODEL" mimVersion="A.9.50.J.9.1">
    <attr name="isRemoveAllowed">false</attr>
    <attr name="neighborCellRef">SubNetwork=ONRM_RootMo_R,MeContext=LTE03ERBS00028,ManagedElement=1,ENodeBFunction=1,EUtraNetwork=1,ExternalENodeBFunction=339,ExternalEUtranCellFDD=1</attr>
    <attr name="anrCreated">false</attr>
    <attr name="isHoAllowed">true</attr>
  </mo>
  <mo fdn="SubNetwork=ONRM_RootMo_R,MeContext=LTE03ERBS00028,ManagedElement=1,ENodeBFunction=1,EUtranCellFDD=LTE03ERBS00028-1,EUtranFreqRelation=1,EUtranCellRelation=9" lastModified="1287507101470" mimName="ERBS_NODE_MODEL" mimVersion="A.9.50.J.9.1">
    <attr name="isRemoveAllowed">false</attr>
    <attr name="neighborCellRef">SubNetwork=ONRM_RootMo_R,MeContext=LTE03ERBS00028,ManagedElement=1,ENodeBFunction=1,EUtraNetwork=1,ExternalENodeBFunction=339,ExternalEUtranCellFDD=2</attr>
    <attr name="anrCreated">false</attr>
    <attr name="isHoAllowed">true</attr>
  </mo>
  <mo fdn="SubNetwork=ONRM_RootMo_R,MeContext=LTE03ERBS00028,ManagedElement=1,ENodeBFunction=1,EUtranCellFDD=LTE03ERBS00028-1,EUtranFreqRelation=2,EUtranCellRelation=1" lastModified="1287501978208" mimName="ERBS_NODE_MODEL" mimVersion="A.9.50.J.9.1">
    <attr name="isRemoveAllowed">false</attr>
    <attr name="neighborCellRef">SubNetwork=ONRM_RootMo_R,MeContext=LTE03ERBS00028,ManagedElement=1,ENodeBFunction=1,EUtranCellFDD=LTE03ERBS00028-2</attr>
    <attr name="anrCreated">false</attr>
    <attr name="isHoAllowed">true</attr>
  </mo>
  <mo fdn="SubNetwork=ONRM_RootMo_R,MeContext=LTE03ERBS00028,ManagedElement=1,ENodeBFunction=1,EUtranCellFDD=LTE03ERBS00028-1,EUtranFreqRelation=2,EUtranCellRelation=10" lastModified="1287512213141" mimName="ERBS_NODE_MODEL" mimVersion="A.9.50.J.9.1">
    <attr name="isRemoveAllowed">false</attr>
    <attr name="neighborCellRef">SubNetwork=ONRM_RootMo_R,MeContext=LTE03ERBS00028,ManagedElement=1,ENodeBFunction=1,EUtraNetwork=1,ExternalENodeBFunction=340,ExternalEUtranCellFDD=1</attr>
    <attr name="anrCreated">false</attr>
    <attr name="isHoAllowed">true</attr>
  </mo>
  <mo fdn="SubNetwork=ONRM_RootMo_R,MeContext=LTE03ERBS00028,ManagedElement=1,ENodeBFunction=1,EUtranCellFDD=LTE03ERBS00028-1,EUtranFreqRelation=2,EUtranCellRelation=11" lastModified="1287512213127" mimName="ERBS_NODE_MODEL" mimVersion="A.9.50.J.9.1">
    <attr name="isRemoveAllowed">false</attr>
    <attr name="neighborCellRef">SubNetwork=ONRM_RootMo_R,MeContext=LTE03ERBS00028,ManagedElement=1,ENodeBFunction=1,EUtraNetwork=1,ExternalENodeBFunction=340,ExternalEUtranCellFDD=2</attr>
    <attr name="anrCreated">false</attr>
    <attr name="isHoAllowed">true</attr>
  </mo>
  <mo fdn="SubNetwork=ONRM_RootMo_R,MeContext=LTE03ERBS00028,ManagedElement=1,ENodeBFunction=1,EUtranCellFDD=LTE03ERBS00028-1,EUtranFreqRelation=2,EUtranCellRelation=14" lastModified="1287507101446" mimName="ERBS_NODE_MODEL" mimVersion="A.9.50.J.9.1">
    <attr name="isRemoveAllowed">false</attr>
    <attr name="neighborCellRef">SubNetwork=ONRM_RootMo_R,MeContext=LTE03ERBS00028,ManagedElement=1,ENodeBFunction=1,EUtraNetwork=1,ExternalENodeBFunction=342,ExternalEUtranCellFDD=1</attr>
    <attr name="anrCreated">false</attr>
    <attr name="isHoAllowed">true</attr>
  </mo>
  <mo fdn="SubNetwork=ONRM_RootMo_R,MeContext=LTE03ERBS00028,ManagedElement=1,ENodeBFunction=1,EUtranCellFDD=LTE03ERBS00028-1,EUtranFreqRelation=2,EUtranCellRelation=15" lastModified="1287507101458" mimName="ERBS_NODE_MODEL" mimVersion="A.9.50.J.9.1">
    <attr name="isRemoveAllowed">false</attr>
    <attr name="neighborCellRef">SubNetwork=ONRM_RootMo_R,MeContext=LTE03ERBS00028,ManagedElement=1,ENodeBFunction=1,EUtraNetwork=1,ExternalENodeBFunction=342,ExternalEUtranCellFDD=2</attr>
    <attr name="anrCreated">false</attr>
    <attr name="isHoAllowed">true</attr>
  </mo>
  <mo fdn="SubNetwork=ONRM_RootMo_R,MeContext=LTE03ERBS00028,ManagedElement=1,ENodeBFunction=1,EUtranCellFDD=LTE03ERBS00028-1,EUtranFreqRelation=2,EUtranCellRelation=18" lastModified="1287507101453" mimName="ERBS_NODE_MODEL" mimVersion="A.9.50.J.9.1">
    <attr name="isRemoveAllowed">false</attr>
    <attr name="neighborCellRef">SubNetwork=ONRM_RootMo_R,MeContext=LTE03ERBS00028,ManagedElement=1,ENodeBFunction=1,EUtraNetwork=1,ExternalENodeBFunction=344,ExternalEUtranCellFDD=1</attr>
    <attr name="anrCreated">false</attr>
    <attr name="isHoAllowed">true</attr>
  </mo>
  <mo fdn="SubNetwork=ONRM_RootMo_R,MeContext=LTE03ERBS00028,ManagedElement=1,ENodeBFunction=1,EUtranCellFDD=LTE03ERBS00028-1,EUtranFreqRelation=2,EUtranCellRelation=19" lastModified="1287507101452" mimName="ERBS_NODE_MODEL" mimVersion="A.9.50.J.9.1">
    <attr name="isRemoveAllowed">false</attr>
    <attr name="neighborCellRef">SubNetwork=ONRM_RootMo_R,MeContext=LTE03ERBS00028,ManagedElement=1,ENodeBFunction=1,EUtraNetwork=1,ExternalENodeBFunction=344,ExternalEUtranCellFDD=2</attr>
    <attr name="anrCreated">false</attr>
    <attr name="isHoAllowed">true</attr>
  </mo>
  <mo fdn="SubNetwork=ONRM_RootMo_R,MeContext=LTE03ERBS00028,ManagedElement=1,ENodeBFunction=1,EUtranCellFDD=LTE03ERBS00028-1,EUtranFreqRelation=2,EUtranCellRelation=2" lastModified="1287501978204" mimName="ERBS_NODE_MODEL" mimVersion="A.9.50.J.9.1">
    <attr name="isRemoveAllowed">false</attr>
    <attr name="neighborCellRef">SubNetwork=ONRM_RootMo_R,MeContext=LTE03ERBS00028,ManagedElement=1,ENodeBFunction=1,EUtranCellFDD=LTE03ERBS00028-3</attr>
    <attr name="anrCreated">false</attr>
    <attr name="isHoAllowed">true</attr>
  </mo>
  <mo fdn="SubNetwork=ONRM_RootMo_R,MeContext=LTE03ERBS00028,ManagedElement=1,ENodeBFunction=1,EUtranCellFDD=LTE03ERBS00028-1,EUtranFreqRelation=2,EUtranCellRelation=22" lastModified="1287507101449" mimName="ERBS_NODE_MODEL" mimVersion="A.9.50.J.9.1">
    <attr name="isRemoveAllowed">false</attr>
    <attr name="neighborCellRef">SubNetwork=ONRM_RootMo_R,MeContext=LTE03ERBS00028,ManagedElement=1,ENodeBFunction=1,EUtraNetwork=1,ExternalENodeBFunction=346,ExternalEUtranCellFDD=1</attr>
    <attr name="anrCreated">false</attr>
    <attr name="isHoAllowed">true</attr>
  </mo>
  <mo fdn="SubNetwork=ONRM_RootMo_R,MeContext=LTE03ERBS00028,ManagedElement=1,ENodeBFunction=1,EUtranCellFDD=LTE03ERBS00028-1,EUtranFreqRelation=2,EUtranCellRelation=23" lastModified="1287507101444" mimName="ERBS_NODE_MODEL" mimVersion="A.9.50.J.9.1">
    <attr name="isRemoveAllowed">false</attr>
    <attr name="neighborCellRef">SubNetwork=ONRM_RootMo_R,MeContext=LTE03ERBS00028,ManagedElement=1,ENodeBFunction=1,EUtraNetwork=1,ExternalENodeBFunction=346,ExternalEUtranCellFDD=2</attr>
    <attr name="anrCreated">false</attr>
    <attr name="isHoAllowed">true</attr>
  </mo>
  <mo fdn="SubNetwork=ONRM_RootMo_R,MeContext=LTE03ERBS00028,ManagedElement=1,ENodeBFunction=1,EUtranCellFDD=LTE03ERBS00028-1,EUtranFreqRelation=2,EUtranCellRelation=28" lastModified="1287507101457" mimName="ERBS_NODE_MODEL" mimVersion="A.9.50.J.9.1">
    <attr name="isRemoveAllowed">false</attr>
    <attr name="neighborCellRef">SubNetwork=ONRM_RootMo_R,MeContext=LTE03ERBS00028,ManagedElement=1,ENodeBFunction=1,EUtraNetwork=1,ExternalENodeBFunction=350,ExternalEUtranCellFDD=1</attr>
    <attr name="anrCreated">false</attr>
    <attr name="isHoAllowed">true</attr>
  </mo>
  <mo fdn="SubNetwork=ONRM_RootMo_R,MeContext=LTE03ERBS00028,ManagedElement=1,ENodeBFunction=1,EUtranCellFDD=LTE03ERBS00028-1,EUtranFreqRelation=2,EUtranCellRelation=29" lastModified="1287507101457" mimName="ERBS_NODE_MODEL" mimVersion="A.9.50.J.9.1">
    <attr name="isRemoveAllowed">false</attr>
    <attr name="neighborCellRef">SubNetwork=ONRM_RootMo_R,MeContext=LTE03ERBS00028,ManagedElement=1,ENodeBFunction=1,EUtraNetwork=1,ExternalENodeBFunction=350,ExternalEUtranCellFDD=2</attr>
    <attr name="anrCreated">false</attr>
    <attr name="isHoAllowed">true</attr>
  </mo>
  <mo fdn="SubNetwork=ONRM_RootMo_R,MeContext=LTE03ERBS00028,ManagedElement=1,ENodeBFunction=1,EUtranCellFDD=LTE03ERBS00028-1,EUtranFreqRelation=2,EUtranCellRelation=3" lastModified="1287501978202" mimName="ERBS_NODE_MODEL" mimVersion="A.9.50.J.9.1">
    <attr name="isRemoveAllowed">false</attr>
    <attr name="neighborCellRef">SubNetwork=ONRM_RootMo_R,MeContext=LTE03ERBS00028,ManagedElement=1,ENodeBFunction=1,EUtranCellFDD=LTE03ERBS00028-4</attr>
    <attr name="anrCreated">false</attr>
    <attr name="isHoAllowed">true</attr>
  </mo>
  <mo fdn="SubNetwork=ONRM_RootMo_R,MeContext=LTE03ERBS00028,ManagedElement=1,ENodeBFunction=1,EUtranCellFDD=LTE03ERBS00028-1,EUtranFreqRelation=2,EUtranCellRelation=32" lastModified="1287507101448" mimName="ERBS_NODE_MODEL" mimVersion="A.9.50.J.9.1">
    <attr name="isRemoveAllowed">false</attr>
    <attr name="neighborCellRef">SubNetwork=ONRM_RootMo_R,MeContext=LTE03ERBS00028,ManagedElement=1,ENodeBFunction=1,EUtraNetwork=1,ExternalENodeBFunction=352,ExternalEUtranCellFDD=1</attr>
    <attr name="anrCreated">false</attr>
    <attr name="isHoAllowed">true</attr>
  </mo>
  <mo fdn="SubNetwork=ONRM_RootMo_R,MeContext=LTE03ERBS00028,ManagedElement=1,ENodeBFunction=1,EUtranCellFDD=LTE03ERBS00028-1,EUtranFreqRelation=2,EUtranCellRelation=33" lastModified="1287507101451" mimName="ERBS_NODE_MODEL" mimVersion="A.9.50.J.9.1">
    <attr name="isRemoveAllowed">false</attr>
    <attr name="neighborCellRef">SubNetwork=ONRM_RootMo_R,MeContext=LTE03ERBS00028,ManagedElement=1,ENodeBFunction=1,EUtraNetwork=1,ExternalENodeBFunction=352,ExternalEUtranCellFDD=2</attr>
    <attr name="anrCreated">false</attr>
    <attr name="isHoAllowed">true</attr>
  </mo>
  <mo fdn="SubNetwork=ONRM_RootMo_R,MeContext=LTE03ERBS00028,ManagedElement=1,ENodeBFunction=1,EUtranCellFDD=LTE03ERBS00028-1,EUtranFreqRelation=2,EUtranCellRelation=6" lastModified="1287507101454" mimName="ERBS_NODE_MODEL" mimVersion="A.9.50.J.9.1">
    <attr name="isRemoveAllowed">false</attr>
    <attr name="neighborCellRef">SubNetwork=ONRM_RootMo_R,MeContext=LTE03ERBS00028,ManagedElement=1,ENodeBFunction=1,EUtraNetwork=1,ExternalENodeBFunction=338,ExternalEUtranCellFDD=1</attr>
    <attr name="anrCreated">false</attr>
    <attr name="isHoAllowed">true</attr>
  </mo>
  <mo fdn="SubNetwork=ONRM_RootMo_R,MeContext=LTE03ERBS00028,ManagedElement=1,ENodeBFunction=1,EUtranCellFDD=LTE03ERBS00028-1,EUtranFreqRelation=2,EUtranCellRelation=7" lastModified="1287507101455" mimName="ERBS_NODE_MODEL" mimVersion="A.9.50.J.9.1">
    <attr name="isRemoveAllowed">false</attr>
    <attr name="neighborCellRef">SubNetwork=ONRM_RootMo_R,MeContext=LTE03ERBS00028,ManagedElement=1,ENodeBFunction=1,EUtraNetwork=1,ExternalENodeBFunction=338,ExternalEUtranCellFDD=2</attr>
    <attr name="anrCreated">false</attr>
    <attr name="isHoAllowed">true</attr>
  </mo>
  <mo fdn="SubNetwork=ONRM_RootMo_R,MeContext=LTE03ERBS00028,ManagedElement=1,ENodeBFunction=1,EUtranCellFDD=LTE03ERBS00028-2" lastModified="1287519712673" mimName="ERBS_NODE_MODEL" mimVersion="A.9.50.J.9.1">
    <attr name="EUtranCellFDDId">LTE03ERBS00028-2</attr>
    <attr name="earfcnul">18000</attr>
    <attr name="cellId">2</attr>
    <attr name="tac">48906</attr>
    <attr name="bPlmnList">
      <seq count="1">
        <item>
          <struct>
            <attr name="mcc">311</attr>
            <attr name="mnc">480</attr>
            <attr name="mncLength">2</attr>
          </struct>
        </item>
      </seq>
    </attr>
    <attr name="earfcndl">0</attr>
    <attr name="userLabel">LTE03ERBS00028-2</attr>
  </mo>
  <mo fdn="SubNetwork=ONRM_RootMo_R,MeContext=LTE03ERBS00028,ManagedElement=1,ENodeBFunction=1,EUtranCellFDD=LTE03ERBS00028-2,EUtranFreqRelation=1,EUtranCellRelation=12" lastModified="1287507101219" mimName="ERBS_NODE_MODEL" mimVersion="A.9.50.J.9.1">
    <attr name="isRemoveAllowed">false</attr>
    <attr name="neighborCellRef">SubNetwork=ONRM_RootMo_R,MeContext=LTE03ERBS00028,ManagedElement=1,ENodeBFunction=1,EUtraNetwork=1,ExternalENodeBFunction=341,ExternalEUtranCellFDD=1</attr>
    <attr name="anrCreated">false</attr>
    <attr name="isHoAllowed">true</attr>
  </mo>
  <mo fdn="SubNetwork=ONRM_RootMo_R,MeContext=LTE03ERBS00028,ManagedElement=1,ENodeBFunction=1,EUtranCellFDD=LTE03ERBS00028-2,EUtranFreqRelation=1,EUtranCellRelation=13" lastModified="1287507101213" mimName="ERBS_NODE_MODEL" mimVersion="A.9.50.J.9.1">
    <attr name="isRemoveAllowed">false</attr>
    <attr name="neighborCellRef">SubNetwork=ONRM_RootMo_R,MeContext=LTE03ERBS00028,ManagedElement=1,ENodeBFunction=1,EUtraNetwork=1,ExternalENodeBFunction=341,ExternalEUtranCellFDD=2</attr>
    <attr name="anrCreated">false</attr>
    <attr name="isHoAllowed">true</attr>
  </mo>
  <mo fdn="SubNetwork=ONRM_RootMo_R,MeContext=LTE03ERBS00028,ManagedElement=1,ENodeBFunction=1,EUtranCellFDD=LTE03ERBS00028-2,EUtranFreqRelation=1,EUtranCellRelation=16" lastModified="1287507101230" mimName="ERBS_NODE_MODEL" mimVersion="A.9.50.J.9.1">
    <attr name="isRemoveAllowed">false</attr>
    <attr name="neighborCellRef">SubNetwork=ONRM_RootMo_R,MeContext=LTE03ERBS00028,ManagedElement=1,ENodeBFunction=1,EUtraNetwork=1,ExternalENodeBFunction=343,ExternalEUtranCellFDD=1</attr>
    <attr name="anrCreated">false</attr>
    <attr name="isHoAllowed">true</attr>
  </mo>
  <mo fdn="SubNetwork=ONRM_RootMo_R,MeContext=LTE03ERBS00028,ManagedElement=1,ENodeBFunction=1,EUtranCellFDD=LTE03ERBS00028-2,EUtranFreqRelation=1,EUtranCellRelation=17" lastModified="1287507101227" mimName="ERBS_NODE_MODEL" mimVersion="A.9.50.J.9.1">
    <attr name="isRemoveAllowed">false</attr>
    <attr name="neighborCellRef">SubNetwork=ONRM_RootMo_R,MeContext=LTE03ERBS00028,ManagedElement=1,ENodeBFunction=1,EUtraNetwork=1,ExternalENodeBFunction=343,ExternalEUtranCellFDD=2</attr>
    <attr name="anrCreated">false</attr>
    <attr name="isHoAllowed">true</attr>
  </mo>
  <mo fdn="SubNetwork=ONRM_RootMo_R,MeContext=LTE03ERBS00028,ManagedElement=1,ENodeBFunction=1,EUtranCellFDD=LTE03ERBS00028-2,EUtranFreqRelation=1,EUtranCellRelation=20" lastModified="1287507101224" mimName="ERBS_NODE_MODEL" mimVersion="A.9.50.J.9.1">
    <attr name="isRemoveAllowed">false</attr>
    <attr name="neighborCellRef">SubNetwork=ONRM_RootMo_R,MeContext=LTE03ERBS00028,ManagedElement=1,ENodeBFunction=1,EUtraNetwork=1,ExternalENodeBFunction=345,ExternalEUtranCellFDD=1</attr>
    <attr name="anrCreated">false</attr>
    <attr name="isHoAllowed">true</attr>
  </mo>
  <mo fdn="SubNetwork=ONRM_RootMo_R,MeContext=LTE03ERBS00028,ManagedElement=1,ENodeBFunction=1,EUtranCellFDD=LTE03ERBS00028-2,EUtranFreqRelation=1,EUtranCellRelation=21" lastModified="1287507101223" mimName="ERBS_NODE_MODEL" mimVersion="A.9.50.J.9.1">
    <attr name="isRemoveAllowed">false</attr>
    <attr name="neighborCellRef">SubNetwork=ONRM_RootMo_R,MeContext=LTE03ERBS00028,ManagedElement=1,ENodeBFunction=1,EUtraNetwork=1,ExternalENodeBFunction=345,ExternalEUtranCellFDD=2</attr>
    <attr name="anrCreated">false</attr>
    <attr name="isHoAllowed">true</attr>
  </mo>
  <mo fdn="SubNetwork=ONRM_RootMo_R,MeContext=LTE03ERBS00028,ManagedElement=1,ENodeBFunction=1,EUtranCellFDD=LTE03ERBS00028-2,EUtranFreqRelation=1,EUtranCellRelation=24" lastModified="1287507101223" mimName="ERBS_NODE_MODEL" mimVersion="A.9.50.J.9.1">
    <attr name="isRemoveAllowed">false</attr>
    <attr name="neighborCellRef">SubNetwork=ONRM_RootMo_R,MeContext=LTE03ERBS00028,ManagedElement=1,ENodeBFunction=1,EUtraNetwork=1,ExternalENodeBFunction=347,ExternalEUtranCellFDD=1</attr>
    <attr name="anrCreated">false</attr>
    <attr name="isHoAllowed">true</attr>
  </mo>
  <mo fdn="SubNetwork=ONRM_RootMo_R,MeContext=LTE03ERBS00028,ManagedElement=1,ENodeBFunction=1,EUtranCellFDD=LTE03ERBS00028-2,EUtranFreqRelation=1,EUtranCellRelation=25" lastModified="1287507101221" mimName="ERBS_NODE_MODEL" mimVersion="A.9.50.J.9.1">
    <attr name="isRemoveAllowed">false</attr>
    <attr name="neighborCellRef">SubNetwork=ONRM_RootMo_R,MeContext=LTE03ERBS00028,ManagedElement=1,ENodeBFunction=1,EUtraNetwork=1,ExternalENodeBFunction=347,ExternalEUtranCellFDD=2</attr>
    <attr name="anrCreated">false</attr>
    <attr name="isHoAllowed">true</attr>
  </mo>
  <mo fdn="SubNetwork=ONRM_RootMo_R,MeContext=LTE03ERBS00028,ManagedElement=1,ENodeBFunction=1,EUtranCellFDD=LTE03ERBS00028-2,EUtranFreqRelation=1,EUtranCellRelation=26" lastModified="1287507101228" mimName="ERBS_NODE_MODEL" mimVersion="A.9.50.J.9.1">
    <attr name="isRemoveAllowed">false</attr>
    <attr name="neighborCellRef">SubNetwork=ONRM_RootMo_R,MeContext=LTE03ERBS00028,ManagedElement=1,ENodeBFunction=1,EUtraNetwork=1,ExternalENodeBFunction=349,ExternalEUtranCellFDD=1</attr>
    <attr name="anrCreated">false</attr>
    <attr name="isHoAllowed">true</attr>
  </mo>
  <mo fdn="SubNetwork=ONRM_RootMo_R,MeContext=LTE03ERBS00028,ManagedElement=1,ENodeBFunction=1,EUtranCellFDD=LTE03ERBS00028-2,EUtranFreqRelation=1,EUtranCellRelation=27" lastModified="1287507101227" mimName="ERBS_NODE_MODEL" mimVersion="A.9.50.J.9.1">
    <attr name="isRemoveAllowed">false</attr>
    <attr name="neighborCellRef">SubNetwork=ONRM_RootMo_R,MeContext=LTE03ERBS00028,ManagedElement=1,ENodeBFunction=1,EUtraNetwork=1,ExternalENodeBFunction=349,ExternalEUtranCellFDD=2</attr>
    <attr name="anrCreated">false</attr>
    <attr name="isHoAllowed">true</attr>
  </mo>
  <mo fdn="SubNetwork=ONRM_RootMo_R,MeContext=LTE03ERBS00028,ManagedElement=1,ENodeBFunction=1,EUtranCellFDD=LTE03ERBS00028-2,EUtranFreqRelation=1,EUtranCellRelation=30" lastModified="1287507101222" mimName="ERBS_NODE_MODEL" mimVersion="A.9.50.J.9.1">
    <attr name="isRemoveAllowed">false</attr>
    <attr name="neighborCellRef">SubNetwork=ONRM_RootMo_R,MeContext=LTE03ERBS00028,ManagedElement=1,ENodeBFunction=1,EUtraNetwork=1,ExternalENodeBFunction=351,ExternalEUtranCellFDD=1</attr>
    <attr name="anrCreated">false</attr>
    <attr name="isHoAllowed">true</attr>
  </mo>
  <mo fdn="SubNetwork=ONRM_RootMo_R,MeContext=LTE03ERBS00028,ManagedElement=1,ENodeBFunction=1,EUtranCellFDD=LTE03ERBS00028-2,EUtranFreqRelation=1,EUtranCellRelation=31" lastModified="1287507101216" mimName="ERBS_NODE_MODEL" mimVersion="A.9.50.J.9.1">
    <attr name="isRemoveAllowed">false</attr>
    <attr name="neighborCellRef">SubNetwork=ONRM_RootMo_R,MeContext=LTE03ERBS00028,ManagedElement=1,ENodeBFunction=1,EUtraNetwork=1,ExternalENodeBFunction=351,ExternalEUtranCellFDD=2</attr>
    <attr name="anrCreated">false</attr>
    <attr name="isHoAllowed">true</attr>
  </mo>
  <mo fdn="SubNetwork=ONRM_RootMo_R,MeContext=LTE03ERBS00028,ManagedElement=1,ENodeBFunction=1,EUtranCellFDD=LTE03ERBS00028-2,EUtranFreqRelation=1,EUtranCellRelation=4" lastModified="1287507101229" mimName="ERBS_NODE_MODEL" mimVersion="A.9.50.J.9.1">
    <attr name="isRemoveAllowed">false</attr>
    <attr name="neighborCellRef">SubNetwork=ONRM_RootMo_R,MeContext=LTE03ERBS00028,ManagedElement=1,ENodeBFunction=1,EUtraNetwork=1,ExternalENodeBFunction=337,ExternalEUtranCellFDD=1</attr>
    <attr name="anrCreated">false</attr>
    <attr name="isHoAllowed">true</attr>
  </mo>
  <mo fdn="SubNetwork=ONRM_RootMo_R,MeContext=LTE03ERBS00028,ManagedElement=1,ENodeBFunction=1,EUtranCellFDD=LTE03ERBS00028-2,EUtranFreqRelation=1,EUtranCellRelation=5" lastModified="1287507101230" mimName="ERBS_NODE_MODEL" mimVersion="A.9.50.J.9.1">
    <attr name="isRemoveAllowed">false</attr>
    <attr name="neighborCellRef">SubNetwork=ONRM_RootMo_R,MeContext=LTE03ERBS00028,ManagedElement=1,ENodeBFunction=1,EUtraNetwork=1,ExternalENodeBFunction=337,ExternalEUtranCellFDD=2</attr>
    <attr name="anrCreated">false</attr>
    <attr name="isHoAllowed">true</attr>
  </mo>
  <mo fdn="SubNetwork=ONRM_RootMo_R,MeContext=LTE03ERBS00028,ManagedElement=1,ENodeBFunction=1,EUtranCellFDD=LTE03ERBS00028-2,EUtranFreqRelation=1,EUtranCellRelation=8" lastModified="1287507101225" mimName="ERBS_NODE_MODEL" mimVersion="A.9.50.J.9.1">
    <attr name="isRemoveAllowed">false</attr>
    <attr name="neighborCellRef">SubNetwork=ONRM_RootMo_R,MeContext=LTE03ERBS00028,ManagedElement=1,ENodeBFunction=1,EUtraNetwork=1,ExternalENodeBFunction=339,ExternalEUtranCellFDD=1</attr>
    <attr name="anrCreated">false</attr>
    <attr name="isHoAllowed">true</attr>
  </mo>
  <mo fdn="SubNetwork=ONRM_RootMo_R,MeContext=LTE03ERBS00028,ManagedElement=1,ENodeBFunction=1,EUtranCellFDD=LTE03ERBS00028-2,EUtranFreqRelation=1,EUtranCellRelation=9" lastModified="1287507101226" mimName="ERBS_NODE_MODEL" mimVersion="A.9.50.J.9.1">
    <attr name="isRemoveAllowed">false</attr>
    <attr name="neighborCellRef">SubNetwork=ONRM_RootMo_R,MeContext=LTE03ERBS00028,ManagedElement=1,ENodeBFunction=1,EUtraNetwork=1,ExternalENodeBFunction=339,ExternalEUtranCellFDD=2</attr>
    <attr name="anrCreated">false</attr>
    <attr name="isHoAllowed">true</attr>
  </mo>
  <mo fdn="SubNetwork=ONRM_RootMo_R,MeContext=LTE03ERBS00028,ManagedElement=1,ENodeBFunction=1,EUtranCellFDD=LTE03ERBS00028-2,EUtranFreqRelation=2,EUtranCellRelation=1" lastModified="1287501977835" mimName="ERBS_NODE_MODEL" mimVersion="A.9.50.J.9.1">
    <attr name="isRemoveAllowed">false</attr>
    <attr name="neighborCellRef">SubNetwork=ONRM_RootMo_R,MeContext=LTE03ERBS00028,ManagedElement=1,ENodeBFunction=1,EUtranCellFDD=LTE03ERBS00028-1</attr>
    <attr name="anrCreated">false</attr>
    <attr name="isHoAllowed">true</attr>
  </mo>
  <mo fdn="SubNetwork=ONRM_RootMo_R,MeContext=LTE03ERBS00028,ManagedElement=1,ENodeBFunction=1,EUtranCellFDD=LTE03ERBS00028-2,EUtranFreqRelation=2,EUtranCellRelation=10" lastModified="1287512202632" mimName="ERBS_NODE_MODEL" mimVersion="A.9.50.J.9.1">
    <attr name="isRemoveAllowed">false</attr>
    <attr name="neighborCellRef">SubNetwork=ONRM_RootMo_R,MeContext=LTE03ERBS00028,ManagedElement=1,ENodeBFunction=1,EUtraNetwork=1,ExternalENodeBFunction=340,ExternalEUtranCellFDD=1</attr>
    <attr name="anrCreated">false</attr>
    <attr name="isHoAllowed">true</attr>
  </mo>
  <mo fdn="SubNetwork=ONRM_RootMo_R,MeContext=LTE03ERBS00028,ManagedElement=1,ENodeBFunction=1,EUtranCellFDD=LTE03ERBS00028-2,EUtranFreqRelation=2,EUtranCellRelation=11" lastModified="1287512202617" mimName="ERBS_NODE_MODEL" mimVersion="A.9.50.J.9.1">
    <attr name="isRemoveAllowed">false</attr>
    <attr name="neighborCellRef">SubNetwork=ONRM_RootMo_R,MeContext=LTE03ERBS00028,ManagedElement=1,ENodeBFunction=1,EUtraNetwork=1,ExternalENodeBFunction=340,ExternalEUtranCellFDD=2</attr>
    <attr name="anrCreated">false</attr>
    <attr name="isHoAllowed">true</attr>
  </mo>
  <mo fdn="SubNetwork=ONRM_RootMo_R,MeContext=LTE03ERBS00028,ManagedElement=1,ENodeBFunction=1,EUtranCellFDD=LTE03ERBS00028-2,EUtranFreqRelation=2,EUtranCellRelation=14" lastModified="1287507101198" mimName="ERBS_NODE_MODEL" mimVersion="A.9.50.J.9.1">
    <attr name="isRemoveAllowed">false</attr>
    <attr name="neighborCellRef">SubNetwork=ONRM_RootMo_R,MeContext=LTE03ERBS00028,ManagedElement=1,ENodeBFunction=1,EUtraNetwork=1,ExternalENodeBFunction=342,ExternalEUtranCellFDD=1</attr>
    <attr name="anrCreated">false</attr>
    <attr name="isHoAllowed">true</attr>
  </mo>
  <mo fdn="SubNetwork=ONRM_RootMo_R,MeContext=LTE03ERBS00028,ManagedElement=1,ENodeBFunction=1,EUtranCellFDD=LTE03ERBS00028-2,EUtranFreqRelation=2,EUtranCellRelation=15" lastModified="1287507101211" mimName="ERBS_NODE_MODEL" mimVersion="A.9.50.J.9.1">
    <attr name="isRemoveAllowed">false</attr>
    <attr name="neighborCellRef">SubNetwork=ONRM_RootMo_R,MeContext=LTE03ERBS00028,ManagedElement=1,ENodeBFunction=1,EUtraNetwork=1,ExternalENodeBFunction=342,ExternalEUtranCellFDD=2</attr>
    <attr name="anrCreated">false</attr>
    <attr name="isHoAllowed">true</attr>
  </mo>
  <mo fdn="SubNetwork=ONRM_RootMo_R,MeContext=LTE03ERBS00028,ManagedElement=1,ENodeBFunction=1,EUtranCellFDD=LTE03ERBS00028-2,EUtranFreqRelation=2,EUtranCellRelation=18" lastModified="1287507101204" mimName="ERBS_NODE_MODEL" mimVersion="A.9.50.J.9.1">
    <attr name="isRemoveAllowed">false</attr>
    <attr name="neighborCellRef">SubNetwork=ONRM_RootMo_R,MeContext=LTE03ERBS00028,ManagedElement=1,ENodeBFunction=1,EUtraNetwork=1,ExternalENodeBFunction=344,ExternalEUtranCellFDD=1</attr>
    <attr name="anrCreated">false</attr>
    <attr name="isHoAllowed">true</attr>
  </mo>
  <mo fdn="SubNetwork=ONRM_RootMo_R,MeContext=LTE03ERBS00028,ManagedElement=1,ENodeBFunction=1,EUtranCellFDD=LTE03ERBS00028-2,EUtranFreqRelation=2,EUtranCellRelation=19" lastModified="1287507101203" mimName="ERBS_NODE_MODEL" mimVersion="A.9.50.J.9.1">
    <attr name="isRemoveAllowed">false</attr>
    <attr name="neighborCellRef">SubNetwork=ONRM_RootMo_R,MeContext=LTE03ERBS00028,ManagedElement=1,ENodeBFunction=1,EUtraNetwork=1,ExternalENodeBFunction=344,ExternalEUtranCellFDD=2</attr>
    <attr name="anrCreated">false</attr>
    <attr name="isHoAllowed">true</attr>
  </mo>
  <mo fdn="SubNetwork=ONRM_RootMo_R,MeContext=LTE03ERBS00028,ManagedElement=1,ENodeBFunction=1,EUtranCellFDD=LTE03ERBS00028-2,EUtranFreqRelation=2,EUtranCellRelation=2" lastModified="1287501977832" mimName="ERBS_NODE_MODEL" mimVersion="A.9.50.J.9.1">
    <attr name="isRemoveAllowed">false</attr>
    <attr name="neighborCellRef">SubNetwork=ONRM_RootMo_R,MeContext=LTE03ERBS00028,ManagedElement=1,ENodeBFunction=1,EUtranCellFDD=LTE03ERBS00028-3</attr>
    <attr name="anrCreated">false</attr>
    <attr name="isHoAllowed">true</attr>
  </mo>
  <mo fdn="SubNetwork=ONRM_RootMo_R,MeContext=LTE03ERBS00028,ManagedElement=1,ENodeBFunction=1,EUtranCellFDD=LTE03ERBS00028-2,EUtranFreqRelation=2,EUtranCellRelation=22" lastModified="1287507101200" mimName="ERBS_NODE_MODEL" mimVersion="A.9.50.J.9.1">
    <attr name="isRemoveAllowed">false</attr>
    <attr name="neighborCellRef">SubNetwork=ONRM_RootMo_R,MeContext=LTE03ERBS00028,ManagedElement=1,ENodeBFunction=1,EUtraNetwork=1,ExternalENodeBFunction=346,ExternalEUtranCellFDD=1</attr>
    <attr name="anrCreated">false</attr>
    <attr name="isHoAllowed">true</attr>
  </mo>
  <mo fdn="SubNetwork=ONRM_RootMo_R,MeContext=LTE03ERBS00028,ManagedElement=1,ENodeBFunction=1,EUtranCellFDD=LTE03ERBS00028-2,EUtranFreqRelation=2,EUtranCellRelation=23" lastModified="1287507101197" mimName="ERBS_NODE_MODEL" mimVersion="A.9.50.J.9.1">
    <attr name="isRemoveAllowed">false</attr>
    <attr name="neighborCellRef">SubNetwork=ONRM_RootMo_R,MeContext=LTE03ERBS00028,ManagedElement=1,ENodeBFunction=1,EUtraNetwork=1,ExternalENodeBFunction=346,ExternalEUtranCellFDD=2</attr>
    <attr name="anrCreated">false</attr>
    <attr name="isHoAllowed">true</attr>
  </mo>
  <mo fdn="SubNetwork=ONRM_RootMo_R,MeContext=LTE03ERBS00028,ManagedElement=1,ENodeBFunction=1,EUtranCellFDD=LTE03ERBS00028-2,EUtranFreqRelation=2,EUtranCellRelation=28" lastModified="1287507101209" mimName="ERBS_NODE_MODEL" mimVersion="A.9.50.J.9.1">
    <attr name="isRemoveAllowed">false</attr>
    <attr name="neighborCellRef">SubNetwork=ONRM_RootMo_R,MeContext=LTE03ERBS00028,ManagedElement=1,ENodeBFunction=1,EUtraNetwork=1,ExternalENodeBFunction=350,ExternalEUtranCellFDD=1</attr>
    <attr name="anrCreated">false</attr>
    <attr name="isHoAllowed">true</attr>
  </mo>
  <mo fdn="SubNetwork=ONRM_RootMo_R,MeContext=LTE03ERBS00028,ManagedElement=1,ENodeBFunction=1,EUtranCellFDD=LTE03ERBS00028-2,EUtranFreqRelation=2,EUtranCellRelation=29" lastModified="1287507101208" mimName="ERBS_NODE_MODEL" mimVersion="A.9.50.J.9.1">
    <attr name="isRemoveAllowed">false</attr>
    <attr name="neighborCellRef">SubNetwork=ONRM_RootMo_R,MeContext=LTE03ERBS00028,ManagedElement=1,ENodeBFunction=1,EUtraNetwork=1,ExternalENodeBFunction=350,ExternalEUtranCellFDD=2</attr>
    <attr name="anrCreated">false</attr>
    <attr name="isHoAllowed">true</attr>
  </mo>
  <mo fdn="SubNetwork=ONRM_RootMo_R,MeContext=LTE03ERBS00028,ManagedElement=1,ENodeBFunction=1,EUtranCellFDD=LTE03ERBS00028-2,EUtranFreqRelation=2,EUtranCellRelation=3" lastModified="1287501977830" mimName="ERBS_NODE_MODEL" mimVersion="A.9.50.J.9.1">
    <attr name="isRemoveAllowed">false</attr>
    <attr name="neighborCellRef">SubNetwork=ONRM_RootMo_R,MeContext=LTE03ERBS00028,ManagedElement=1,ENodeBFunction=1,EUtranCellFDD=LTE03ERBS00028-4</attr>
    <attr name="anrCreated">false</attr>
    <attr name="isHoAllowed">true</attr>
  </mo>
  <mo fdn="SubNetwork=ONRM_RootMo_R,MeContext=LTE03ERBS00028,ManagedElement=1,ENodeBFunction=1,EUtranCellFDD=LTE03ERBS00028-2,EUtranFreqRelation=2,EUtranCellRelation=32" lastModified="1287507101199" mimName="ERBS_NODE_MODEL" mimVersion="A.9.50.J.9.1">
    <attr name="isRemoveAllowed">false</attr>
    <attr name="neighborCellRef">SubNetwork=ONRM_RootMo_R,MeContext=LTE03ERBS00028,ManagedElement=1,ENodeBFunction=1,EUtraNetwork=1,ExternalENodeBFunction=352,ExternalEUtranCellFDD=1</attr>
    <attr name="anrCreated">false</attr>
    <attr name="isHoAllowed">true</attr>
  </mo>
  <mo fdn="SubNetwork=ONRM_RootMo_R,MeContext=LTE03ERBS00028,ManagedElement=1,ENodeBFunction=1,EUtranCellFDD=LTE03ERBS00028-2,EUtranFreqRelation=2,EUtranCellRelation=33" lastModified="1287507101201" mimName="ERBS_NODE_MODEL" mimVersion="A.9.50.J.9.1">
    <attr name="isRemoveAllowed">false</attr>
    <attr name="neighborCellRef">SubNetwork=ONRM_RootMo_R,MeContext=LTE03ERBS00028,ManagedElement=1,ENodeBFunction=1,EUtraNetwork=1,ExternalENodeBFunction=352,ExternalEUtranCellFDD=2</attr>
    <attr name="anrCreated">false</attr>
    <attr name="isHoAllowed">true</attr>
  </mo>
  <mo fdn="SubNetwork=ONRM_RootMo_R,MeContext=LTE03ERBS00028,ManagedElement=1,ENodeBFunction=1,EUtranCellFDD=LTE03ERBS00028-2,EUtranFreqRelation=2,EUtranCellRelation=6" lastModified="1287507101205" mimName="ERBS_NODE_MODEL" mimVersion="A.9.50.J.9.1">
    <attr name="isRemoveAllowed">false</attr>
    <attr name="neighborCellRef">SubNetwork=ONRM_RootMo_R,MeContext=LTE03ERBS00028,ManagedElement=1,ENodeBFunction=1,EUtraNetwork=1,ExternalENodeBFunction=338,ExternalEUtranCellFDD=1</attr>
    <attr name="anrCreated">false</attr>
    <attr name="isHoAllowed">true</attr>
  </mo>
  <mo fdn="SubNetwork=ONRM_RootMo_R,MeContext=LTE03ERBS00028,ManagedElement=1,ENodeBFunction=1,EUtranCellFDD=LTE03ERBS00028-2,EUtranFreqRelation=2,EUtranCellRelation=7" lastModified="1287507101208" mimName="ERBS_NODE_MODEL" mimVersion="A.9.50.J.9.1">
    <attr name="isRemoveAllowed">false</attr>
    <attr name="neighborCellRef">SubNetwork=ONRM_RootMo_R,MeContext=LTE03ERBS00028,ManagedElement=1,ENodeBFunction=1,EUtraNetwork=1,ExternalENodeBFunction=338,ExternalEUtranCellFDD=2</attr>
    <attr name="anrCreated">false</attr>
    <attr name="isHoAllowed">true</attr>
  </mo>
  <mo fdn="SubNetwork=ONRM_RootMo_R,MeContext=LTE03ERBS00028,ManagedElement=1,ENodeBFunction=1,EUtranCellFDD=LTE03ERBS00028-3" lastModified="1287519713099" mimName="ERBS_NODE_MODEL" mimVersion="A.9.50.J.9.1">
    <attr name="EUtranCellFDDId">LTE03ERBS00028-3</attr>
    <attr name="earfcnul">18000</attr>
    <attr name="cellId">3</attr>
    <attr name="tac">48906</attr>
    <attr name="bPlmnList">
      <seq count="1">
        <item>
          <struct>
            <attr name="mcc">311</attr>
            <attr name="mnc">480</attr>
            <attr name="mncLength">2</attr>
          </struct>
        </item>
      </seq>
    </attr>
    <attr name="earfcndl">0</attr>
    <attr name="userLabel">LTE03ERBS00028-3</attr>
  </mo>
  <mo fdn="SubNetwork=ONRM_RootMo_R,MeContext=LTE03ERBS00028,ManagedElement=1,ENodeBFunction=1,EUtranCellFDD=LTE03ERBS00028-3,EUtranFreqRelation=1,EUtranCellRelation=12" lastModified="1287507100973" mimName="ERBS_NODE_MODEL" mimVersion="A.9.50.J.9.1">
    <attr name="isRemoveAllowed">false</attr>
    <attr name="neighborCellRef">SubNetwork=ONRM_RootMo_R,MeContext=LTE03ERBS00028,ManagedElement=1,ENodeBFunction=1,EUtraNetwork=1,ExternalENodeBFunction=341,ExternalEUtranCellFDD=3</attr>
    <attr name="anrCreated">false</attr>
    <attr name="isHoAllowed">true</attr>
  </mo>
  <mo fdn="SubNetwork=ONRM_RootMo_R,MeContext=LTE03ERBS00028,ManagedElement=1,ENodeBFunction=1,EUtranCellFDD=LTE03ERBS00028-3,EUtranFreqRelation=1,EUtranCellRelation=13" lastModified="1287507100970" mimName="ERBS_NODE_MODEL" mimVersion="A.9.50.J.9.1">
    <attr name="isRemoveAllowed">false</attr>
    <attr name="neighborCellRef">SubNetwork=ONRM_RootMo_R,MeContext=LTE03ERBS00028,ManagedElement=1,ENodeBFunction=1,EUtraNetwork=1,ExternalENodeBFunction=341,ExternalEUtranCellFDD=4</attr>
    <attr name="anrCreated">false</attr>
    <attr name="isHoAllowed">true</attr>
  </mo>
  <mo fdn="SubNetwork=ONRM_RootMo_R,MeContext=LTE03ERBS00028,ManagedElement=1,ENodeBFunction=1,EUtranCellFDD=LTE03ERBS00028-3,EUtranFreqRelation=1,EUtranCellRelation=16" lastModified="1287507100984" mimName="ERBS_NODE_MODEL" mimVersion="A.9.50.J.9.1">
    <attr name="isRemoveAllowed">false</attr>
    <attr name="neighborCellRef">SubNetwork=ONRM_RootMo_R,MeContext=LTE03ERBS00028,ManagedElement=1,ENodeBFunction=1,EUtraNetwork=1,ExternalENodeBFunction=343,ExternalEUtranCellFDD=3</attr>
    <attr name="anrCreated">false</attr>
    <attr name="isHoAllowed">true</attr>
  </mo>
  <mo fdn="SubNetwork=ONRM_RootMo_R,MeContext=LTE03ERBS00028,ManagedElement=1,ENodeBFunction=1,EUtranCellFDD=LTE03ERBS00028-3,EUtranFreqRelation=1,EUtranCellRelation=17" lastModified="1287507100981" mimName="ERBS_NODE_MODEL" mimVersion="A.9.50.J.9.1">
    <attr name="isRemoveAllowed">false</attr>
    <attr name="neighborCellRef">SubNetwork=ONRM_RootMo_R,MeContext=LTE03ERBS00028,ManagedElement=1,ENodeBFunction=1,EUtraNetwork=1,ExternalENodeBFunction=343,ExternalEUtranCellFDD=4</attr>
    <attr name="anrCreated">false</attr>
    <attr name="isHoAllowed">true</attr>
  </mo>
  <mo fdn="SubNetwork=ONRM_RootMo_R,MeContext=LTE03ERBS00028,ManagedElement=1,ENodeBFunction=1,EUtranCellFDD=LTE03ERBS00028-3,EUtranFreqRelation=1,EUtranCellRelation=20" lastModified="1287507100978" mimName="ERBS_NODE_MODEL" mimVersion="A.9.50.J.9.1">
    <attr name="isRemoveAllowed">false</attr>
    <attr name="neighborCellRef">SubNetwork=ONRM_RootMo_R,MeContext=LTE03ERBS00028,ManagedElement=1,ENodeBFunction=1,EUtraNetwork=1,ExternalENodeBFunction=345,ExternalEUtranCellFDD=3</attr>
    <attr name="anrCreated">false</attr>
    <attr name="isHoAllowed">true</attr>
  </mo>
  <mo fdn="SubNetwork=ONRM_RootMo_R,MeContext=LTE03ERBS00028,ManagedElement=1,ENodeBFunction=1,EUtranCellFDD=LTE03ERBS00028-3,EUtranFreqRelation=1,EUtranCellRelation=21" lastModified="1287507100977" mimName="ERBS_NODE_MODEL" mimVersion="A.9.50.J.9.1">
    <attr name="isRemoveAllowed">false</attr>
    <attr name="neighborCellRef">SubNetwork=ONRM_RootMo_R,MeContext=LTE03ERBS00028,ManagedElement=1,ENodeBFunction=1,EUtraNetwork=1,ExternalENodeBFunction=345,ExternalEUtranCellFDD=4</attr>
    <attr name="anrCreated">false</attr>
    <attr name="isHoAllowed">true</attr>
  </mo>
  <mo fdn="SubNetwork=ONRM_RootMo_R,MeContext=LTE03ERBS00028,ManagedElement=1,ENodeBFunction=1,EUtranCellFDD=LTE03ERBS00028-3,EUtranFreqRelation=1,EUtranCellRelation=24" lastModified="1287507100976" mimName="ERBS_NODE_MODEL" mimVersion="A.9.50.J.9.1">
    <attr name="isRemoveAllowed">false</attr>
    <attr name="neighborCellRef">SubNetwork=ONRM_RootMo_R,MeContext=LTE03ERBS00028,ManagedElement=1,ENodeBFunction=1,EUtraNetwork=1,ExternalENodeBFunction=347,ExternalEUtranCellFDD=3</attr>
    <attr name="anrCreated">false</attr>
    <attr name="isHoAllowed">true</attr>
  </mo>
  <mo fdn="SubNetwork=ONRM_RootMo_R,MeContext=LTE03ERBS00028,ManagedElement=1,ENodeBFunction=1,EUtranCellFDD=LTE03ERBS00028-3,EUtranFreqRelation=1,EUtranCellRelation=25" lastModified="1287507100974" mimName="ERBS_NODE_MODEL" mimVersion="A.9.50.J.9.1">
    <attr name="isRemoveAllowed">false</attr>
    <attr name="neighborCellRef">SubNetwork=ONRM_RootMo_R,MeContext=LTE03ERBS00028,ManagedElement=1,ENodeBFunction=1,EUtraNetwork=1,ExternalENodeBFunction=347,ExternalEUtranCellFDD=4</attr>
    <attr name="anrCreated">false</attr>
    <attr name="isHoAllowed">true</attr>
  </mo>
  <mo fdn="SubNetwork=ONRM_RootMo_R,MeContext=LTE03ERBS00028,ManagedElement=1,ENodeBFunction=1,EUtranCellFDD=LTE03ERBS00028-3,EUtranFreqRelation=1,EUtranCellRelation=26" lastModified="1287507100982" mimName="ERBS_NODE_MODEL" mimVersion="A.9.50.J.9.1">
    <attr name="isRemoveAllowed">false</attr>
    <attr name="neighborCellRef">SubNetwork=ONRM_RootMo_R,MeContext=LTE03ERBS00028,ManagedElement=1,ENodeBFunction=1,EUtraNetwork=1,ExternalENodeBFunction=349,ExternalEUtranCellFDD=3</attr>
    <attr name="anrCreated">false</attr>
    <attr name="isHoAllowed">true</attr>
  </mo>
  <mo fdn="SubNetwork=ONRM_RootMo_R,MeContext=LTE03ERBS00028,ManagedElement=1,ENodeBFunction=1,EUtranCellFDD=LTE03ERBS00028-3,EUtranFreqRelation=1,EUtranCellRelation=27" lastModified="1287507100980" mimName="ERBS_NODE_MODEL" mimVersion="A.9.50.J.9.1">
    <attr name="isRemoveAllowed">false</attr>
    <attr name="neighborCellRef">SubNetwork=ONRM_RootMo_R,MeContext=LTE03ERBS00028,ManagedElement=1,ENodeBFunction=1,EUtraNetwork=1,ExternalENodeBFunction=349,ExternalEUtranCellFDD=4</attr>
    <attr name="anrCreated">false</attr>
    <attr name="isHoAllowed">true</attr>
  </mo>
  <mo fdn="SubNetwork=ONRM_RootMo_R,MeContext=LTE03ERBS00028,ManagedElement=1,ENodeBFunction=1,EUtranCellFDD=LTE03ERBS00028-3,EUtranFreqRelation=1,EUtranCellRelation=30" lastModified="1287507100975" mimName="ERBS_NODE_MODEL" mimVersion="A.9.50.J.9.1">
    <attr name="isRemoveAllowed">false</attr>
    <attr name="neighborCellRef">SubNetwork=ONRM_RootMo_R,MeContext=LTE03ERBS00028,ManagedElement=1,ENodeBFunction=1,EUtraNetwork=1,ExternalENodeBFunction=351,ExternalEUtranCellFDD=3</attr>
    <attr name="anrCreated">false</attr>
    <attr name="isHoAllowed">true</attr>
  </mo>
  <mo fdn="SubNetwork=ONRM_RootMo_R,MeContext=LTE03ERBS00028,ManagedElement=1,ENodeBFunction=1,EUtranCellFDD=LTE03ERBS00028-3,EUtranFreqRelation=1,EUtranCellRelation=31" lastModified="1287507100972" mimName="ERBS_NODE_MODEL" mimVersion="A.9.50.J.9.1">
    <attr name="isRemoveAllowed">false</attr>
    <attr name="neighborCellRef">SubNetwork=ONRM_RootMo_R,MeContext=LTE03ERBS00028,ManagedElement=1,ENodeBFunction=1,EUtraNetwork=1,ExternalENodeBFunction=351,ExternalEUtranCellFDD=4</attr>
    <attr name="anrCreated">false</attr>
    <attr name="isHoAllowed">true</attr>
  </mo>
  <mo fdn="SubNetwork=ONRM_RootMo_R,MeContext=LTE03ERBS00028,ManagedElement=1,ENodeBFunction=1,EUtranCellFDD=LTE03ERBS00028-3,EUtranFreqRelation=1,EUtranCellRelation=4" lastModified="1287507100983" mimName="ERBS_NODE_MODEL" mimVersion="A.9.50.J.9.1">
    <attr name="isRemoveAllowed">false</attr>
    <attr name="neighborCellRef">SubNetwork=ONRM_RootMo_R,MeContext=LTE03ERBS00028,ManagedElement=1,ENodeBFunction=1,EUtraNetwork=1,ExternalENodeBFunction=337,ExternalEUtranCellFDD=3</attr>
    <attr name="anrCreated">false</attr>
    <attr name="isHoAllowed">true</attr>
  </mo>
  <mo fdn="SubNetwork=ONRM_RootMo_R,MeContext=LTE03ERBS00028,ManagedElement=1,ENodeBFunction=1,EUtranCellFDD=LTE03ERBS00028-3,EUtranFreqRelation=1,EUtranCellRelation=5" lastModified="1287507100984" mimName="ERBS_NODE_MODEL" mimVersion="A.9.50.J.9.1">
    <attr name="isRemoveAllowed">false</attr>
    <attr name="neighborCellRef">SubNetwork=ONRM_RootMo_R,MeContext=LTE03ERBS00028,ManagedElement=1,ENodeBFunction=1,EUtraNetwork=1,ExternalENodeBFunction=337,ExternalEUtranCellFDD=4</attr>
    <attr name="anrCreated">false</attr>
    <attr name="isHoAllowed">true</attr>
  </mo>
  <mo fdn="SubNetwork=ONRM_RootMo_R,MeContext=LTE03ERBS00028,ManagedElement=1,ENodeBFunction=1,EUtranCellFDD=LTE03ERBS00028-3,EUtranFreqRelation=1,EUtranCellRelation=8" lastModified="1287507100979" mimName="ERBS_NODE_MODEL" mimVersion="A.9.50.J.9.1">
    <attr name="isRemoveAllowed">false</attr>
    <attr name="neighborCellRef">SubNetwork=ONRM_RootMo_R,MeContext=LTE03ERBS00028,ManagedElement=1,ENodeBFunction=1,EUtraNetwork=1,ExternalENodeBFunction=339,ExternalEUtranCellFDD=3</attr>
    <attr name="anrCreated">false</attr>
    <attr name="isHoAllowed">true</attr>
  </mo>
  <mo fdn="SubNetwork=ONRM_RootMo_R,MeContext=LTE03ERBS00028,ManagedElement=1,ENodeBFunction=1,EUtranCellFDD=LTE03ERBS00028-3,EUtranFreqRelation=1,EUtranCellRelation=9" lastModified="1287507100980" mimName="ERBS_NODE_MODEL" mimVersion="A.9.50.J.9.1">
    <attr name="isRemoveAllowed">false</attr>
    <attr name="neighborCellRef">SubNetwork=ONRM_RootMo_R,MeContext=LTE03ERBS00028,ManagedElement=1,ENodeBFunction=1,EUtraNetwork=1,ExternalENodeBFunction=339,ExternalEUtranCellFDD=4</attr>
    <attr name="anrCreated">false</attr>
    <attr name="isHoAllowed">true</attr>
  </mo>
  <mo fdn="SubNetwork=ONRM_RootMo_R,MeContext=LTE03ERBS00028,ManagedElement=1,ENodeBFunction=1,EUtranCellFDD=LTE03ERBS00028-3,EUtranFreqRelation=2,EUtranCellRelation=1" lastModified="1287501974028" mimName="ERBS_NODE_MODEL" mimVersion="A.9.50.J.9.1">
    <attr name="isRemoveAllowed">false</attr>
    <attr name="neighborCellRef">SubNetwork=ONRM_RootMo_R,MeContext=LTE03ERBS00028,ManagedElement=1,ENodeBFunction=1,EUtranCellFDD=LTE03ERBS00028-1</attr>
    <attr name="anrCreated">false</attr>
    <attr name="isHoAllowed">true</attr>
  </mo>
  <mo fdn="SubNetwork=ONRM_RootMo_R,MeContext=LTE03ERBS00028,ManagedElement=1,ENodeBFunction=1,EUtranCellFDD=LTE03ERBS00028-3,EUtranFreqRelation=2,EUtranCellRelation=10" lastModified="1287512203488" mimName="ERBS_NODE_MODEL" mimVersion="A.9.50.J.9.1">
    <attr name="isRemoveAllowed">false</attr>
    <attr name="neighborCellRef">SubNetwork=ONRM_RootMo_R,MeContext=LTE03ERBS00028,ManagedElement=1,ENodeBFunction=1,EUtraNetwork=1,ExternalENodeBFunction=340,ExternalEUtranCellFDD=3</attr>
    <attr name="anrCreated">false</attr>
    <attr name="isHoAllowed">true</attr>
  </mo>
  <mo fdn="SubNetwork=ONRM_RootMo_R,MeContext=LTE03ERBS00028,ManagedElement=1,ENodeBFunction=1,EUtranCellFDD=LTE03ERBS00028-3,EUtranFreqRelation=2,EUtranCellRelation=11" lastModified="1287512203474" mimName="ERBS_NODE_MODEL" mimVersion="A.9.50.J.9.1">
    <attr name="isRemoveAllowed">false</attr>
    <attr name="neighborCellRef">SubNetwork=ONRM_RootMo_R,MeContext=LTE03ERBS00028,ManagedElement=1,ENodeBFunction=1,EUtraNetwork=1,ExternalENodeBFunction=340,ExternalEUtranCellFDD=4</attr>
    <attr name="anrCreated">false</attr>
    <attr name="isHoAllowed">true</attr>
  </mo>
  <mo fdn="SubNetwork=ONRM_RootMo_R,MeContext=LTE03ERBS00028,ManagedElement=1,ENodeBFunction=1,EUtranCellFDD=LTE03ERBS00028-3,EUtranFreqRelation=2,EUtranCellRelation=14" lastModified="1287507100955" mimName="ERBS_NODE_MODEL" mimVersion="A.9.50.J.9.1">
    <attr name="isRemoveAllowed">false</attr>
    <attr name="neighborCellRef">SubNetwork=ONRM_RootMo_R,MeContext=LTE03ERBS00028,ManagedElement=1,ENodeBFunction=1,EUtraNetwork=1,ExternalENodeBFunction=342,ExternalEUtranCellFDD=3</attr>
    <attr name="anrCreated">false</attr>
    <attr name="isHoAllowed">true</attr>
  </mo>
  <mo fdn="SubNetwork=ONRM_RootMo_R,MeContext=LTE03ERBS00028,ManagedElement=1,ENodeBFunction=1,EUtranCellFDD=LTE03ERBS00028-3,EUtranFreqRelation=2,EUtranCellRelation=15" lastModified="1287507100967" mimName="ERBS_NODE_MODEL" mimVersion="A.9.50.J.9.1">
    <attr name="isRemoveAllowed">false</attr>
    <attr name="neighborCellRef">SubNetwork=ONRM_RootMo_R,MeContext=LTE03ERBS00028,ManagedElement=1,ENodeBFunction=1,EUtraNetwork=1,ExternalENodeBFunction=342,ExternalEUtranCellFDD=4</attr>
    <attr name="anrCreated">false</attr>
    <attr name="isHoAllowed">true</attr>
  </mo>
  <mo fdn="SubNetwork=ONRM_RootMo_R,MeContext=LTE03ERBS00028,ManagedElement=1,ENodeBFunction=1,EUtranCellFDD=LTE03ERBS00028-3,EUtranFreqRelation=2,EUtranCellRelation=18" lastModified="1287507100962" mimName="ERBS_NODE_MODEL" mimVersion="A.9.50.J.9.1">
    <attr name="isRemoveAllowed">false</attr>
    <attr name="neighborCellRef">SubNetwork=ONRM_RootMo_R,MeContext=LTE03ERBS00028,ManagedElement=1,ENodeBFunction=1,EUtraNetwork=1,ExternalENodeBFunction=344,ExternalEUtranCellFDD=3</attr>
    <attr name="anrCreated">false</attr>
    <attr name="isHoAllowed">true</attr>
  </mo>
  <mo fdn="SubNetwork=ONRM_RootMo_R,MeContext=LTE03ERBS00028,ManagedElement=1,ENodeBFunction=1,EUtranCellFDD=LTE03ERBS00028-3,EUtranFreqRelation=2,EUtranCellRelation=19" lastModified="1287507100961" mimName="ERBS_NODE_MODEL" mimVersion="A.9.50.J.9.1">
    <attr name="isRemoveAllowed">false</attr>
    <attr name="neighborCellRef">SubNetwork=ONRM_RootMo_R,MeContext=LTE03ERBS00028,ManagedElement=1,ENodeBFunction=1,EUtraNetwork=1,ExternalENodeBFunction=344,ExternalEUtranCellFDD=4</attr>
    <attr name="anrCreated">false</attr>
    <attr name="isHoAllowed">true</attr>
  </mo>
  <mo fdn="SubNetwork=ONRM_RootMo_R,MeContext=LTE03ERBS00028,ManagedElement=1,ENodeBFunction=1,EUtranCellFDD=LTE03ERBS00028-3,EUtranFreqRelation=2,EUtranCellRelation=2" lastModified="1287501973994" mimName="ERBS_NODE_MODEL" mimVersion="A.9.50.J.9.1">
    <attr name="isRemoveAllowed">false</attr>
    <attr name="neighborCellRef">SubNetwork=ONRM_RootMo_R,MeContext=LTE03ERBS00028,ManagedElement=1,ENodeBFunction=1,EUtranCellFDD=LTE03ERBS00028-2</attr>
    <attr name="anrCreated">false</attr>
    <attr name="isHoAllowed">true</attr>
  </mo>
  <mo fdn="SubNetwork=ONRM_RootMo_R,MeContext=LTE03ERBS00028,ManagedElement=1,ENodeBFunction=1,EUtranCellFDD=LTE03ERBS00028-3,EUtranFreqRelation=2,EUtranCellRelation=22" lastModified="1287507100957" mimName="ERBS_NODE_MODEL" mimVersion="A.9.50.J.9.1">
    <attr name="isRemoveAllowed">false</attr>
    <attr name="neighborCellRef">SubNetwork=ONRM_RootMo_R,MeContext=LTE03ERBS00028,ManagedElement=1,ENodeBFunction=1,EUtraNetwork=1,ExternalENodeBFunction=346,ExternalEUtranCellFDD=3</attr>
    <attr name="anrCreated">false</attr>
    <attr name="isHoAllowed">true</attr>
  </mo>
  <mo fdn="SubNetwork=ONRM_RootMo_R,MeContext=LTE03ERBS00028,ManagedElement=1,ENodeBFunction=1,EUtranCellFDD=LTE03ERBS00028-3,EUtranFreqRelation=2,EUtranCellRelation=23" lastModified="1287507100953" mimName="ERBS_NODE_MODEL" mimVersion="A.9.50.J.9.1">
    <attr name="isRemoveAllowed">false</attr>
    <attr name="neighborCellRef">SubNetwork=ONRM_RootMo_R,MeContext=LTE03ERBS00028,ManagedElement=1,ENodeBFunction=1,EUtraNetwork=1,ExternalENodeBFunction=346,ExternalEUtranCellFDD=4</attr>
    <attr name="anrCreated">false</attr>
    <attr name="isHoAllowed">true</attr>
  </mo>
  <mo fdn="SubNetwork=ONRM_RootMo_R,MeContext=LTE03ERBS00028,ManagedElement=1,ENodeBFunction=1,EUtranCellFDD=LTE03ERBS00028-3,EUtranFreqRelation=2,EUtranCellRelation=28" lastModified="1287507100966" mimName="ERBS_NODE_MODEL" mimVersion="A.9.50.J.9.1">
    <attr name="isRemoveAllowed">false</attr>
    <attr name="neighborCellRef">SubNetwork=ONRM_RootMo_R,MeContext=LTE03ERBS00028,ManagedElement=1,ENodeBFunction=1,EUtraNetwork=1,ExternalENodeBFunction=350,ExternalEUtranCellFDD=3</attr>
    <attr name="anrCreated">false</attr>
    <attr name="isHoAllowed">true</attr>
  </mo>
  <mo fdn="SubNetwork=ONRM_RootMo_R,MeContext=LTE03ERBS00028,ManagedElement=1,ENodeBFunction=1,EUtranCellFDD=LTE03ERBS00028-3,EUtranFreqRelation=2,EUtranCellRelation=29" lastModified="1287507100965" mimName="ERBS_NODE_MODEL" mimVersion="A.9.50.J.9.1">
    <attr name="isRemoveAllowed">false</attr>
    <attr name="neighborCellRef">SubNetwork=ONRM_RootMo_R,MeContext=LTE03ERBS00028,ManagedElement=1,ENodeBFunction=1,EUtraNetwork=1,ExternalENodeBFunction=350,ExternalEUtranCellFDD=4</attr>
    <attr name="anrCreated">false</attr>
    <attr name="isHoAllowed">true</attr>
  </mo>
  <mo fdn="SubNetwork=ONRM_RootMo_R,MeContext=LTE03ERBS00028,ManagedElement=1,ENodeBFunction=1,EUtranCellFDD=LTE03ERBS00028-3,EUtranFreqRelation=2,EUtranCellRelation=3" lastModified="1287501973973" mimName="ERBS_NODE_MODEL" mimVersion="A.9.50.J.9.1">
    <attr name="isRemoveAllowed">false</attr>
    <attr name="neighborCellRef">SubNetwork=ONRM_RootMo_R,MeContext=LTE03ERBS00028,ManagedElement=1,ENodeBFunction=1,EUtranCellFDD=LTE03ERBS00028-4</attr>
    <attr name="anrCreated">false</attr>
    <attr name="isHoAllowed">true</attr>
  </mo>
  <mo fdn="SubNetwork=ONRM_RootMo_R,MeContext=LTE03ERBS00028,ManagedElement=1,ENodeBFunction=1,EUtranCellFDD=LTE03ERBS00028-3,EUtranFreqRelation=2,EUtranCellRelation=32" lastModified="1287507100956" mimName="ERBS_NODE_MODEL" mimVersion="A.9.50.J.9.1">
    <attr name="isRemoveAllowed">false</attr>
    <attr name="neighborCellRef">SubNetwork=ONRM_RootMo_R,MeContext=LTE03ERBS00028,ManagedElement=1,ENodeBFunction=1,EUtraNetwork=1,ExternalENodeBFunction=352,ExternalEUtranCellFDD=3</attr>
    <attr name="anrCreated">false</attr>
    <attr name="isHoAllowed">true</attr>
  </mo>
  <mo fdn="SubNetwork=ONRM_RootMo_R,MeContext=LTE03ERBS00028,ManagedElement=1,ENodeBFunction=1,EUtranCellFDD=LTE03ERBS00028-3,EUtranFreqRelation=2,EUtranCellRelation=33" lastModified="1287507100960" mimName="ERBS_NODE_MODEL" mimVersion="A.9.50.J.9.1">
    <attr name="isRemoveAllowed">false</attr>
    <attr name="neighborCellRef">SubNetwork=ONRM_RootMo_R,MeContext=LTE03ERBS00028,ManagedElement=1,ENodeBFunction=1,EUtraNetwork=1,ExternalENodeBFunction=352,ExternalEUtranCellFDD=4</attr>
    <attr name="anrCreated">false</attr>
    <attr name="isHoAllowed">true</attr>
  </mo>
  <mo fdn="SubNetwork=ONRM_RootMo_R,MeContext=LTE03ERBS00028,ManagedElement=1,ENodeBFunction=1,EUtranCellFDD=LTE03ERBS00028-3,EUtranFreqRelation=2,EUtranCellRelation=6" lastModified="1287507100963" mimName="ERBS_NODE_MODEL" mimVersion="A.9.50.J.9.1">
    <attr name="isRemoveAllowed">false</attr>
    <attr name="neighborCellRef">SubNetwork=ONRM_RootMo_R,MeContext=LTE03ERBS00028,ManagedElement=1,ENodeBFunction=1,EUtraNetwork=1,ExternalENodeBFunction=338,ExternalEUtranCellFDD=3</attr>
    <attr name="anrCreated">false</attr>
    <attr name="isHoAllowed">true</attr>
  </mo>
  <mo fdn="SubNetwork=ONRM_RootMo_R,MeContext=LTE03ERBS00028,ManagedElement=1,ENodeBFunction=1,EUtranCellFDD=LTE03ERBS00028-3,EUtranFreqRelation=2,EUtranCellRelation=7" lastModified="1287507100964" mimName="ERBS_NODE_MODEL" mimVersion="A.9.50.J.9.1">
    <attr name="isRemoveAllowed">false</attr>
    <attr name="neighborCellRef">SubNetwork=ONRM_RootMo_R,MeContext=LTE03ERBS00028,ManagedElement=1,ENodeBFunction=1,EUtraNetwork=1,ExternalENodeBFunction=338,ExternalEUtranCellFDD=4</attr>
    <attr name="anrCreated">false</attr>
    <attr name="isHoAllowed">true</attr>
  </mo>
  <mo fdn="SubNetwork=ONRM_RootMo_R,MeContext=LTE03ERBS00028,ManagedElement=1,ENodeBFunction=1,EUtranCellFDD=LTE03ERBS00028-4" lastModified="1287519711813" mimName="ERBS_NODE_MODEL" mimVersion="A.9.50.J.9.1">
    <attr name="EUtranCellFDDId">LTE03ERBS00028-4</attr>
    <attr name="earfcnul">18000</attr>
    <attr name="cellId">4</attr>
    <attr name="tac">1</attr>
    <attr name="bPlmnList">
      <seq count="1">
        <item>
          <struct>
            <attr name="mcc">311</attr>
            <attr name="mnc">480</attr>
            <attr name="mncLength">2</attr>
          </struct>
        </item>
      </seq>
    </attr>
    <attr name="earfcndl">0</attr>
    <attr name="userLabel">LTE03ERBS00028-4</attr>
  </mo>
  <mo fdn="SubNetwork=ONRM_RootMo_R,MeContext=LTE03ERBS00028,ManagedElement=1,ENodeBFunction=1,EUtranCellFDD=LTE03ERBS00028-4,EUtranFreqRelation=1,EUtranCellRelation=12" lastModified="1287507100746" mimName="ERBS_NODE_MODEL" mimVersion="A.9.50.J.9.1">
    <attr name="isRemoveAllowed">false</attr>
    <attr name="neighborCellRef">SubNetwork=ONRM_RootMo_R,MeContext=LTE03ERBS00028,ManagedElement=1,ENodeBFunction=1,EUtraNetwork=1,ExternalENodeBFunction=341,ExternalEUtranCellFDD=3</attr>
    <attr name="anrCreated">false</attr>
    <attr name="isHoAllowed">true</attr>
  </mo>
  <mo fdn="SubNetwork=ONRM_RootMo_R,MeContext=LTE03ERBS00028,ManagedElement=1,ENodeBFunction=1,EUtranCellFDD=LTE03ERBS00028-4,EUtranFreqRelation=1,EUtranCellRelation=13" lastModified="1287507100745" mimName="ERBS_NODE_MODEL" mimVersion="A.9.50.J.9.1">
    <attr name="isRemoveAllowed">false</attr>
    <attr name="neighborCellRef">SubNetwork=ONRM_RootMo_R,MeContext=LTE03ERBS00028,ManagedElement=1,ENodeBFunction=1,EUtraNetwork=1,ExternalENodeBFunction=341,ExternalEUtranCellFDD=4</attr>
    <attr name="anrCreated">false</attr>
    <attr name="isHoAllowed">true</attr>
  </mo>
  <mo fdn="SubNetwork=ONRM_RootMo_R,MeContext=LTE03ERBS00028,ManagedElement=1,ENodeBFunction=1,EUtranCellFDD=LTE03ERBS00028-4,EUtranFreqRelation=1,EUtranCellRelation=16" lastModified="1287507100756" mimName="ERBS_NODE_MODEL" mimVersion="A.9.50.J.9.1">
    <attr name="isRemoveAllowed">false</attr>
    <attr name="neighborCellRef">SubNetwork=ONRM_RootMo_R,MeContext=LTE03ERBS00028,ManagedElement=1,ENodeBFunction=1,EUtraNetwork=1,ExternalENodeBFunction=343,ExternalEUtranCellFDD=3</attr>
    <attr name="anrCreated">false</attr>
    <attr name="isHoAllowed">true</attr>
  </mo>
  <mo fdn="SubNetwork=ONRM_RootMo_R,MeContext=LTE03ERBS00028,ManagedElement=1,ENodeBFunction=1,EUtranCellFDD=LTE03ERBS00028-4,EUtranFreqRelation=1,EUtranCellRelation=17" lastModified="1287507100753" mimName="ERBS_NODE_MODEL" mimVersion="A.9.50.J.9.1">
    <attr name="isRemoveAllowed">false</attr>
    <attr name="neighborCellRef">SubNetwork=ONRM_RootMo_R,MeContext=LTE03ERBS00028,ManagedElement=1,ENodeBFunction=1,EUtraNetwork=1,ExternalENodeBFunction=343,ExternalEUtranCellFDD=4</attr>
    <attr name="anrCreated">false</attr>
    <attr name="isHoAllowed">true</attr>
  </mo>
  <mo fdn="SubNetwork=ONRM_RootMo_R,MeContext=LTE03ERBS00028,ManagedElement=1,ENodeBFunction=1,EUtranCellFDD=LTE03ERBS00028-4,EUtranFreqRelation=1,EUtranCellRelation=20" lastModified="1287507100750" mimName="ERBS_NODE_MODEL" mimVersion="A.9.50.J.9.1">
    <attr name="isRemoveAllowed">false</attr>
    <attr name="neighborCellRef">SubNetwork=ONRM_RootMo_R,MeContext=LTE03ERBS00028,ManagedElement=1,ENodeBFunction=1,EUtraNetwork=1,ExternalENodeBFunction=345,ExternalEUtranCellFDD=3</attr>
    <attr name="anrCreated">false</attr>
    <attr name="isHoAllowed">true</attr>
  </mo>
  <mo fdn="SubNetwork=ONRM_RootMo_R,MeContext=LTE03ERBS00028,ManagedElement=1,ENodeBFunction=1,EUtranCellFDD=LTE03ERBS00028-4,EUtranFreqRelation=1,EUtranCellRelation=21" lastModified="1287507100749" mimName="ERBS_NODE_MODEL" mimVersion="A.9.50.J.9.1">
    <attr name="isRemoveAllowed">false</attr>
    <attr name="neighborCellRef">SubNetwork=ONRM_RootMo_R,MeContext=LTE03ERBS00028,ManagedElement=1,ENodeBFunction=1,EUtraNetwork=1,ExternalENodeBFunction=345,ExternalEUtranCellFDD=4</attr>
    <attr name="anrCreated">false</attr>
    <attr name="isHoAllowed">true</attr>
  </mo>
  <mo fdn="SubNetwork=ONRM_RootMo_R,MeContext=LTE03ERBS00028,ManagedElement=1,ENodeBFunction=1,EUtranCellFDD=LTE03ERBS00028-4,EUtranFreqRelation=1,EUtranCellRelation=24" lastModified="1287507100749" mimName="ERBS_NODE_MODEL" mimVersion="A.9.50.J.9.1">
    <attr name="isRemoveAllowed">false</attr>
    <attr name="neighborCellRef">SubNetwork=ONRM_RootMo_R,MeContext=LTE03ERBS00028,ManagedElement=1,ENodeBFunction=1,EUtraNetwork=1,ExternalENodeBFunction=347,ExternalEUtranCellFDD=3</attr>
    <attr name="anrCreated">false</attr>
    <attr name="isHoAllowed">true</attr>
  </mo>
  <mo fdn="SubNetwork=ONRM_RootMo_R,MeContext=LTE03ERBS00028,ManagedElement=1,ENodeBFunction=1,EUtranCellFDD=LTE03ERBS00028-4,EUtranFreqRelation=1,EUtranCellRelation=25" lastModified="1287507100747" mimName="ERBS_NODE_MODEL" mimVersion="A.9.50.J.9.1">
    <attr name="isRemoveAllowed">false</attr>
    <attr name="neighborCellRef">SubNetwork=ONRM_RootMo_R,MeContext=LTE03ERBS00028,ManagedElement=1,ENodeBFunction=1,EUtraNetwork=1,ExternalENodeBFunction=347,ExternalEUtranCellFDD=4</attr>
    <attr name="anrCreated">false</attr>
    <attr name="isHoAllowed">true</attr>
  </mo>
  <mo fdn="SubNetwork=ONRM_RootMo_R,MeContext=LTE03ERBS00028,ManagedElement=1,ENodeBFunction=1,EUtranCellFDD=LTE03ERBS00028-4,EUtranFreqRelation=1,EUtranCellRelation=26" lastModified="1287507100754" mimName="ERBS_NODE_MODEL" mimVersion="A.9.50.J.9.1">
    <attr name="isRemoveAllowed">false</attr>
    <attr name="neighborCellRef">SubNetwork=ONRM_RootMo_R,MeContext=LTE03ERBS00028,ManagedElement=1,ENodeBFunction=1,EUtraNetwork=1,ExternalENodeBFunction=349,ExternalEUtranCellFDD=3</attr>
    <attr name="anrCreated">false</attr>
    <attr name="isHoAllowed">true</attr>
  </mo>
  <mo fdn="SubNetwork=ONRM_RootMo_R,MeContext=LTE03ERBS00028,ManagedElement=1,ENodeBFunction=1,EUtranCellFDD=LTE03ERBS00028-4,EUtranFreqRelation=1,EUtranCellRelation=27" lastModified="1287507100752" mimName="ERBS_NODE_MODEL" mimVersion="A.9.50.J.9.1">
    <attr name="isRemoveAllowed">false</attr>
    <attr name="neighborCellRef">SubNetwork=ONRM_RootMo_R,MeContext=LTE03ERBS00028,ManagedElement=1,ENodeBFunction=1,EUtraNetwork=1,ExternalENodeBFunction=349,ExternalEUtranCellFDD=4</attr>
    <attr name="anrCreated">false</attr>
    <attr name="isHoAllowed">true</attr>
  </mo>
  <mo fdn="SubNetwork=ONRM_RootMo_R,MeContext=LTE03ERBS00028,ManagedElement=1,ENodeBFunction=1,EUtranCellFDD=LTE03ERBS00028-4,EUtranFreqRelation=1,EUtranCellRelation=30" lastModified="1287507100748" mimName="ERBS_NODE_MODEL" mimVersion="A.9.50.J.9.1">
    <attr name="isRemoveAllowed">false</attr>
    <attr name="neighborCellRef">SubNetwork=ONRM_RootMo_R,MeContext=LTE03ERBS00028,ManagedElement=1,ENodeBFunction=1,EUtraNetwork=1,ExternalENodeBFunction=351,ExternalEUtranCellFDD=3</attr>
    <attr name="anrCreated">false</attr>
    <attr name="isHoAllowed">true</attr>
  </mo>
  <mo fdn="SubNetwork=ONRM_RootMo_R,MeContext=LTE03ERBS00028,ManagedElement=1,ENodeBFunction=1,EUtranCellFDD=LTE03ERBS00028-4,EUtranFreqRelation=1,EUtranCellRelation=31" lastModified="1287507100745" mimName="ERBS_NODE_MODEL" mimVersion="A.9.50.J.9.1">
    <attr name="isRemoveAllowed">false</attr>
    <attr name="neighborCellRef">SubNetwork=ONRM_RootMo_R,MeContext=LTE03ERBS00028,ManagedElement=1,ENodeBFunction=1,EUtraNetwork=1,ExternalENodeBFunction=351,ExternalEUtranCellFDD=4</attr>
    <attr name="anrCreated">false</attr>
    <attr name="isHoAllowed">true</attr>
  </mo>
  <mo fdn="SubNetwork=ONRM_RootMo_R,MeContext=LTE03ERBS00028,ManagedElement=1,ENodeBFunction=1,EUtranCellFDD=LTE03ERBS00028-4,EUtranFreqRelation=1,EUtranCellRelation=4" lastModified="1287507100755" mimName="ERBS_NODE_MODEL" mimVersion="A.9.50.J.9.1">
    <attr name="isRemoveAllowed">false</attr>
    <attr name="neighborCellRef">SubNetwork=ONRM_RootMo_R,MeContext=LTE03ERBS00028,ManagedElement=1,ENodeBFunction=1,EUtraNetwork=1,ExternalENodeBFunction=337,ExternalEUtranCellFDD=3</attr>
    <attr name="anrCreated">false</attr>
    <attr name="isHoAllowed">true</attr>
  </mo>
  <mo fdn="SubNetwork=ONRM_RootMo_R,MeContext=LTE03ERBS00028,ManagedElement=1,ENodeBFunction=1,EUtranCellFDD=LTE03ERBS00028-4,EUtranFreqRelation=1,EUtranCellRelation=5" lastModified="1287507100757" mimName="ERBS_NODE_MODEL" mimVersion="A.9.50.J.9.1">
    <attr name="isRemoveAllowed">false</attr>
    <attr name="neighborCellRef">SubNetwork=ONRM_RootMo_R,MeContext=LTE03ERBS00028,ManagedElement=1,ENodeBFunction=1,EUtraNetwork=1,ExternalENodeBFunction=337,ExternalEUtranCellFDD=4</attr>
    <attr name="anrCreated">false</attr>
    <attr name="isHoAllowed">true</attr>
  </mo>
  <mo fdn="SubNetwork=ONRM_RootMo_R,MeContext=LTE03ERBS00028,ManagedElement=1,ENodeBFunction=1,EUtranCellFDD=LTE03ERBS00028-4,EUtranFreqRelation=1,EUtranCellRelation=8" lastModified="1287507100751" mimName="ERBS_NODE_MODEL" mimVersion="A.9.50.J.9.1">
    <attr name="isRemoveAllowed">false</attr>
    <attr name="neighborCellRef">SubNetwork=ONRM_RootMo_R,MeContext=LTE03ERBS00028,ManagedElement=1,ENodeBFunction=1,EUtraNetwork=1,ExternalENodeBFunction=339,ExternalEUtranCellFDD=3</attr>
    <attr name="anrCreated">false</attr>
    <attr name="isHoAllowed">true</attr>
  </mo>
  <mo fdn="SubNetwork=ONRM_RootMo_R,MeContext=LTE03ERBS00028,ManagedElement=1,ENodeBFunction=1,EUtranCellFDD=LTE03ERBS00028-4,EUtranFreqRelation=1,EUtranCellRelation=9" lastModified="1287507100752" mimName="ERBS_NODE_MODEL" mimVersion="A.9.50.J.9.1">
    <attr name="isRemoveAllowed">false</attr>
    <attr name="neighborCellRef">SubNetwork=ONRM_RootMo_R,MeContext=LTE03ERBS00028,ManagedElement=1,ENodeBFunction=1,EUtraNetwork=1,ExternalENodeBFunction=339,ExternalEUtranCellFDD=4</attr>
    <attr name="anrCreated">false</attr>
    <attr name="isHoAllowed">true</attr>
  </mo>
  <mo fdn="SubNetwork=ONRM_RootMo_R,MeContext=LTE03ERBS00028,ManagedElement=1,ENodeBFunction=1,EUtranCellFDD=LTE03ERBS00028-4,EUtranFreqRelation=2,EUtranCellRelation=1" lastModified="1287501973593" mimName="ERBS_NODE_MODEL" mimVersion="A.9.50.J.9.1">
    <attr name="isRemoveAllowed">false</attr>
    <attr name="neighborCellRef">SubNetwork=ONRM_RootMo_R,MeContext=LTE03ERBS00028,ManagedElement=1,ENodeBFunction=1,EUtranCellFDD=LTE03ERBS00028-1</attr>
    <attr name="anrCreated">false</attr>
    <attr name="isHoAllowed">true</attr>
  </mo>
  <mo fdn="SubNetwork=ONRM_RootMo_R,MeContext=LTE03ERBS00028,ManagedElement=1,ENodeBFunction=1,EUtranCellFDD=LTE03ERBS00028-4,EUtranFreqRelation=2,EUtranCellRelation=10" lastModified="1287512200929" mimName="ERBS_NODE_MODEL" mimVersion="A.9.50.J.9.1">
    <attr name="isRemoveAllowed">false</attr>
    <attr name="neighborCellRef">SubNetwork=ONRM_RootMo_R,MeContext=LTE03ERBS00028,ManagedElement=1,ENodeBFunction=1,EUtraNetwork=1,ExternalENodeBFunction=340,ExternalEUtranCellFDD=3</attr>
    <attr name="anrCreated">false</attr>
    <attr name="isHoAllowed">true</attr>
  </mo>
  <mo fdn="SubNetwork=ONRM_RootMo_R,MeContext=LTE03ERBS00028,ManagedElement=1,ENodeBFunction=1,EUtranCellFDD=LTE03ERBS00028-4,EUtranFreqRelation=2,EUtranCellRelation=11" lastModified="1287512200916" mimName="ERBS_NODE_MODEL" mimVersion="A.9.50.J.9.1">
    <attr name="isRemoveAllowed">false</attr>
    <attr name="neighborCellRef">SubNetwork=ONRM_RootMo_R,MeContext=LTE03ERBS00028,ManagedElement=1,ENodeBFunction=1,EUtraNetwork=1,ExternalENodeBFunction=340,ExternalEUtranCellFDD=4</attr>
    <attr name="anrCreated">false</attr>
    <attr name="isHoAllowed">true</attr>
  </mo>
  <mo fdn="SubNetwork=ONRM_RootMo_R,MeContext=LTE03ERBS00028,ManagedElement=1,ENodeBFunction=1,EUtranCellFDD=LTE03ERBS00028-4,EUtranFreqRelation=2,EUtranCellRelation=14" lastModified="1287507100733" mimName="ERBS_NODE_MODEL" mimVersion="A.9.50.J.9.1">
    <attr name="isRemoveAllowed">false</attr>
    <attr name="neighborCellRef">SubNetwork=ONRM_RootMo_R,MeContext=LTE03ERBS00028,ManagedElement=1,ENodeBFunction=1,EUtraNetwork=1,ExternalENodeBFunction=342,ExternalEUtranCellFDD=3</attr>
    <attr name="anrCreated">false</attr>
    <attr name="isHoAllowed">true</attr>
  </mo>
  <mo fdn="SubNetwork=ONRM_RootMo_R,MeContext=LTE03ERBS00028,ManagedElement=1,ENodeBFunction=1,EUtranCellFDD=LTE03ERBS00028-4,EUtranFreqRelation=2,EUtranCellRelation=15" lastModified="1287507100741" mimName="ERBS_NODE_MODEL" mimVersion="A.9.50.J.9.1">
    <attr name="isRemoveAllowed">false</attr>
    <attr name="neighborCellRef">SubNetwork=ONRM_RootMo_R,MeContext=LTE03ERBS00028,ManagedElement=1,ENodeBFunction=1,EUtraNetwork=1,ExternalENodeBFunction=342,ExternalEUtranCellFDD=4</attr>
    <attr name="anrCreated">false</attr>
    <attr name="isHoAllowed">true</attr>
  </mo>
  <mo fdn="SubNetwork=ONRM_RootMo_R,MeContext=LTE03ERBS00028,ManagedElement=1,ENodeBFunction=1,EUtranCellFDD=LTE03ERBS00028-4,EUtranFreqRelation=2,EUtranCellRelation=18" lastModified="1287507100737" mimName="ERBS_NODE_MODEL" mimVersion="A.9.50.J.9.1">
    <attr name="isRemoveAllowed">false</attr>
    <attr name="neighborCellRef">SubNetwork=ONRM_RootMo_R,MeContext=LTE03ERBS00028,ManagedElement=1,ENodeBFunction=1,EUtraNetwork=1,ExternalENodeBFunction=344,ExternalEUtranCellFDD=3</attr>
    <attr name="anrCreated">false</attr>
    <attr name="isHoAllowed">true</attr>
  </mo>
  <mo fdn="SubNetwork=ONRM_RootMo_R,MeContext=LTE03ERBS00028,ManagedElement=1,ENodeBFunction=1,EUtranCellFDD=LTE03ERBS00028-4,EUtranFreqRelation=2,EUtranCellRelation=19" lastModified="1287507100736" mimName="ERBS_NODE_MODEL" mimVersion="A.9.50.J.9.1">
    <attr name="isRemoveAllowed">false</attr>
    <attr name="neighborCellRef">SubNetwork=ONRM_RootMo_R,MeContext=LTE03ERBS00028,ManagedElement=1,ENodeBFunction=1,EUtraNetwork=1,ExternalENodeBFunction=344,ExternalEUtranCellFDD=4</attr>
    <attr name="anrCreated">false</attr>
    <attr name="isHoAllowed">true</attr>
  </mo>
  <mo fdn="SubNetwork=ONRM_RootMo_R,MeContext=LTE03ERBS00028,ManagedElement=1,ENodeBFunction=1,EUtranCellFDD=LTE03ERBS00028-4,EUtranFreqRelation=2,EUtranCellRelation=2" lastModified="1287501973566" mimName="ERBS_NODE_MODEL" mimVersion="A.9.50.J.9.1">
    <attr name="isRemoveAllowed">false</attr>
    <attr name="neighborCellRef">SubNetwork=ONRM_RootMo_R,MeContext=LTE03ERBS00028,ManagedElement=1,ENodeBFunction=1,EUtranCellFDD=LTE03ERBS00028-2</attr>
    <attr name="anrCreated">false</attr>
    <attr name="isHoAllowed">true</attr>
  </mo>
  <mo fdn="SubNetwork=ONRM_RootMo_R,MeContext=LTE03ERBS00028,ManagedElement=1,ENodeBFunction=1,EUtranCellFDD=LTE03ERBS00028-4,EUtranFreqRelation=2,EUtranCellRelation=22" lastModified="1287507100734" mimName="ERBS_NODE_MODEL" mimVersion="A.9.50.J.9.1">
    <attr name="isRemoveAllowed">false</attr>
    <attr name="neighborCellRef">SubNetwork=ONRM_RootMo_R,MeContext=LTE03ERBS00028,ManagedElement=1,ENodeBFunction=1,EUtraNetwork=1,ExternalENodeBFunction=346,ExternalEUtranCellFDD=3</attr>
    <attr name="anrCreated">false</attr>
    <attr name="isHoAllowed">true</attr>
  </mo>
  <mo fdn="SubNetwork=ONRM_RootMo_R,MeContext=LTE03ERBS00028,ManagedElement=1,ENodeBFunction=1,EUtranCellFDD=LTE03ERBS00028-4,EUtranFreqRelation=2,EUtranCellRelation=23" lastModified="1287507100732" mimName="ERBS_NODE_MODEL" mimVersion="A.9.50.J.9.1">
    <attr name="isRemoveAllowed">false</attr>
    <attr name="neighborCellRef">SubNetwork=ONRM_RootMo_R,MeContext=LTE03ERBS00028,ManagedElement=1,ENodeBFunction=1,EUtraNetwork=1,ExternalENodeBFunction=346,ExternalEUtranCellFDD=4</attr>
    <attr name="anrCreated">false</attr>
    <attr name="isHoAllowed">true</attr>
  </mo>
  <mo fdn="SubNetwork=ONRM_RootMo_R,MeContext=LTE03ERBS00028,ManagedElement=1,ENodeBFunction=1,EUtranCellFDD=LTE03ERBS00028-4,EUtranFreqRelation=2,EUtranCellRelation=28" lastModified="1287507100740" mimName="ERBS_NODE_MODEL" mimVersion="A.9.50.J.9.1">
    <attr name="isRemoveAllowed">false</attr>
    <attr name="neighborCellRef">SubNetwork=ONRM_RootMo_R,MeContext=LTE03ERBS00028,ManagedElement=1,ENodeBFunction=1,EUtraNetwork=1,ExternalENodeBFunction=350,ExternalEUtranCellFDD=3</attr>
    <attr name="anrCreated">false</attr>
    <attr name="isHoAllowed">true</attr>
  </mo>
  <mo fdn="SubNetwork=ONRM_RootMo_R,MeContext=LTE03ERBS00028,ManagedElement=1,ENodeBFunction=1,EUtranCellFDD=LTE03ERBS00028-4,EUtranFreqRelation=2,EUtranCellRelation=29" lastModified="1287507100740" mimName="ERBS_NODE_MODEL" mimVersion="A.9.50.J.9.1">
    <attr name="isRemoveAllowed">false</attr>
    <attr name="neighborCellRef">SubNetwork=ONRM_RootMo_R,MeContext=LTE03ERBS00028,ManagedElement=1,ENodeBFunction=1,EUtraNetwork=1,ExternalENodeBFunction=350,ExternalEUtranCellFDD=4</attr>
    <attr name="anrCreated">false</attr>
    <attr name="isHoAllowed">true</attr>
  </mo>
  <mo fdn="SubNetwork=ONRM_RootMo_R,MeContext=LTE03ERBS00028,ManagedElement=1,ENodeBFunction=1,EUtranCellFDD=LTE03ERBS00028-4,EUtranFreqRelation=2,EUtranCellRelation=3" lastModified="1287501975019" mimName="ERBS_NODE_MODEL" mimVersion="A.9.50.J.9.1">
    <attr name="isRemoveAllowed">false</attr>
    <attr name="neighborCellRef">SubNetwork=ONRM_RootMo_R,MeContext=LTE03ERBS00028,ManagedElement=1,ENodeBFunction=1,EUtranCellFDD=LTE03ERBS00028-3</attr>
    <attr name="anrCreated">false</attr>
    <attr name="isHoAllowed">true</attr>
  </mo>
  <mo fdn="SubNetwork=ONRM_RootMo_R,MeContext=LTE03ERBS00028,ManagedElement=1,ENodeBFunction=1,EUtranCellFDD=LTE03ERBS00028-4,EUtranFreqRelation=2,EUtranCellRelation=32" lastModified="1287507100734" mimName="ERBS_NODE_MODEL" mimVersion="A.9.50.J.9.1">
    <attr name="isRemoveAllowed">false</attr>
    <attr name="neighborCellRef">SubNetwork=ONRM_RootMo_R,MeContext=LTE03ERBS00028,ManagedElement=1,ENodeBFunction=1,EUtraNetwork=1,ExternalENodeBFunction=352,ExternalEUtranCellFDD=3</attr>
    <attr name="anrCreated">false</attr>
    <attr name="isHoAllowed">true</attr>
  </mo>
  <mo fdn="SubNetwork=ONRM_RootMo_R,MeContext=LTE03ERBS00028,ManagedElement=1,ENodeBFunction=1,EUtranCellFDD=LTE03ERBS00028-4,EUtranFreqRelation=2,EUtranCellRelation=33" lastModified="1287507100736" mimName="ERBS_NODE_MODEL" mimVersion="A.9.50.J.9.1">
    <attr name="isRemoveAllowed">false</attr>
    <attr name="neighborCellRef">SubNetwork=ONRM_RootMo_R,MeContext=LTE03ERBS00028,ManagedElement=1,ENodeBFunction=1,EUtraNetwork=1,ExternalENodeBFunction=352,ExternalEUtranCellFDD=4</attr>
    <attr name="anrCreated">false</attr>
    <attr name="isHoAllowed">true</attr>
  </mo>
  <mo fdn="SubNetwork=ONRM_RootMo_R,MeContext=LTE03ERBS00028,ManagedElement=1,ENodeBFunction=1,EUtranCellFDD=LTE03ERBS00028-4,EUtranFreqRelation=2,EUtranCellRelation=6" lastModified="1287507100738" mimName="ERBS_NODE_MODEL" mimVersion="A.9.50.J.9.1">
    <attr name="isRemoveAllowed">false</attr>
    <attr name="neighborCellRef">SubNetwork=ONRM_RootMo_R,MeContext=LTE03ERBS00028,ManagedElement=1,ENodeBFunction=1,EUtraNetwork=1,ExternalENodeBFunction=338,ExternalEUtranCellFDD=3</attr>
    <attr name="anrCreated">false</attr>
    <attr name="isHoAllowed">true</attr>
  </mo>
  <mo fdn="SubNetwork=ONRM_RootMo_R,MeContext=LTE03ERBS00028,ManagedElement=1,ENodeBFunction=1,EUtranCellFDD=LTE03ERBS00028-4,EUtranFreqRelation=2,EUtranCellRelation=7" lastModified="1287507100739" mimName="ERBS_NODE_MODEL" mimVersion="A.9.50.J.9.1">
    <attr name="isRemoveAllowed">false</attr>
    <attr name="neighborCellRef">SubNetwork=ONRM_RootMo_R,MeContext=LTE03ERBS00028,ManagedElement=1,ENodeBFunction=1,EUtraNetwork=1,ExternalENodeBFunction=338,ExternalEUtranCellFDD=4</attr>
    <attr name="anrCreated">false</attr>
    <attr name="isHoAllowed">true</attr>
  </mo>
</model>
