<?xml version="1.0" encoding="UTF-8" standalone="no"?><!-- Generated by nmsadm --><!-- Generated on Thu Oct 28 14:35:54 BST 2010 --><!-- Generated from configuration valid --><!-- Query - Base MO SubNetwork=ONRM_RootMo_R,MeContext=LTE01ERBS00043; Scope 8 --><model>
  <mo fdn="SubNetwork=ONRM_RootMo_R,MeContext=LTE01ERBS00043" lastModified="1287512096354" mimName="ERBS_NODE_MODEL" mimVersion="A.9.50.J.9.1">
    <attr name="MeContextId">LTE01ERBS00043</attr>
    <attr name="neMIMversion">vA.9.40</attr>
    <attr name="siteRef">SubNetwork=ONRM_RootMo_R,Site=LTE01ERBS00043</attr>
    <attr name="userLabel">LTE01ERBS00043</attr>
  </mo>
  <mo fdn="SubNetwork=ONRM_RootMo_R,MeContext=LTE01ERBS00043,ManagedElement=1,ENodeBFunction=1" lastModified="1287501141067" mimName="ERBS_NODE_MODEL" mimVersion="A.9.50.J.9.1">
    <attr name="eNodeBPlmnId">
      <struct>
        <attr name="mcc">311</attr>
        <attr name="mnc">480</attr>
        <attr name="mncLength">2</attr>
      </struct>
    </attr>
    <attr name="eNBId">188086</attr>
  </mo>
  <mo fdn="SubNetwork=ONRM_RootMo_R,MeContext=LTE01ERBS00043,ManagedElement=1,ENodeBFunction=1,EUtranCellFDD=LTE01ERBS00043-1" lastModified="1287512087206" mimName="ERBS_NODE_MODEL" mimVersion="A.9.50.J.9.1">
    <attr name="EUtranCellFDDId">LTE01ERBS00043-1</attr>
    <attr name="earfcnul">18000</attr>
    <attr name="cellId">1</attr>
    <attr name="tac">48138</attr>
    <attr name="bPlmnList">
      <seq count="1">
        <item>
          <struct>
            <attr name="mcc">311</attr>
            <attr name="mnc">480</attr>
            <attr name="mncLength">2</attr>
          </struct>
        </item>
      </seq>
    </attr>
    <attr name="earfcndl">0</attr>
    <attr name="userLabel">LTE01ERBS00043-1</attr>
  </mo>
  <mo fdn="SubNetwork=ONRM_RootMo_R,MeContext=LTE01ERBS00043,ManagedElement=1,ENodeBFunction=1,EUtranCellFDD=LTE01ERBS00043-1,EUtranFreqRelation=1,EUtranCellRelation=1" lastModified="1287501137693" mimName="ERBS_NODE_MODEL" mimVersion="A.9.50.J.9.1">
    <attr name="isRemoveAllowed">false</attr>
    <attr name="neighborCellRef">SubNetwork=ONRM_RootMo_R,MeContext=LTE01ERBS00043,ManagedElement=1,ENodeBFunction=1,EUtranCellFDD=LTE01ERBS00043-2</attr>
    <attr name="anrCreated">false</attr>
    <attr name="isHoAllowed">true</attr>
  </mo>
  <mo fdn="SubNetwork=ONRM_RootMo_R,MeContext=LTE01ERBS00043,ManagedElement=1,ENodeBFunction=1,EUtranCellFDD=LTE01ERBS00043-1,EUtranFreqRelation=1,EUtranCellRelation=12" lastModified="1287504883539" mimName="ERBS_NODE_MODEL" mimVersion="A.9.50.J.9.1">
    <attr name="isRemoveAllowed">false</attr>
    <attr name="neighborCellRef">SubNetwork=ONRM_RootMo_R,MeContext=LTE01ERBS00043,ManagedElement=1,ENodeBFunction=1,EUtraNetwork=1,ExternalENodeBFunction=37,ExternalEUtranCellFDD=1</attr>
    <attr name="anrCreated">false</attr>
    <attr name="isHoAllowed">true</attr>
  </mo>
  <mo fdn="SubNetwork=ONRM_RootMo_R,MeContext=LTE01ERBS00043,ManagedElement=1,ENodeBFunction=1,EUtranCellFDD=LTE01ERBS00043-1,EUtranFreqRelation=1,EUtranCellRelation=13" lastModified="1287504883537" mimName="ERBS_NODE_MODEL" mimVersion="A.9.50.J.9.1">
    <attr name="isRemoveAllowed">false</attr>
    <attr name="neighborCellRef">SubNetwork=ONRM_RootMo_R,MeContext=LTE01ERBS00043,ManagedElement=1,ENodeBFunction=1,EUtraNetwork=1,ExternalENodeBFunction=37,ExternalEUtranCellFDD=2</attr>
    <attr name="anrCreated">false</attr>
    <attr name="isHoAllowed">true</attr>
  </mo>
  <mo fdn="SubNetwork=ONRM_RootMo_R,MeContext=LTE01ERBS00043,ManagedElement=1,ENodeBFunction=1,EUtranCellFDD=LTE01ERBS00043-1,EUtranFreqRelation=1,EUtranCellRelation=16" lastModified="1287504883555" mimName="ERBS_NODE_MODEL" mimVersion="A.9.50.J.9.1">
    <attr name="isRemoveAllowed">false</attr>
    <attr name="neighborCellRef">SubNetwork=ONRM_RootMo_R,MeContext=LTE01ERBS00043,ManagedElement=1,ENodeBFunction=1,EUtraNetwork=1,ExternalENodeBFunction=39,ExternalEUtranCellFDD=1</attr>
    <attr name="anrCreated">false</attr>
    <attr name="isHoAllowed">true</attr>
  </mo>
  <mo fdn="SubNetwork=ONRM_RootMo_R,MeContext=LTE01ERBS00043,ManagedElement=1,ENodeBFunction=1,EUtranCellFDD=LTE01ERBS00043-1,EUtranFreqRelation=1,EUtranCellRelation=17" lastModified="1287504883553" mimName="ERBS_NODE_MODEL" mimVersion="A.9.50.J.9.1">
    <attr name="isRemoveAllowed">false</attr>
    <attr name="neighborCellRef">SubNetwork=ONRM_RootMo_R,MeContext=LTE01ERBS00043,ManagedElement=1,ENodeBFunction=1,EUtraNetwork=1,ExternalENodeBFunction=39,ExternalEUtranCellFDD=2</attr>
    <attr name="anrCreated">false</attr>
    <attr name="isHoAllowed">true</attr>
  </mo>
  <mo fdn="SubNetwork=ONRM_RootMo_R,MeContext=LTE01ERBS00043,ManagedElement=1,ENodeBFunction=1,EUtranCellFDD=LTE01ERBS00043-1,EUtranFreqRelation=1,EUtranCellRelation=2" lastModified="1287501137673" mimName="ERBS_NODE_MODEL" mimVersion="A.9.50.J.9.1">
    <attr name="isRemoveAllowed">false</attr>
    <attr name="neighborCellRef">SubNetwork=ONRM_RootMo_R,MeContext=LTE01ERBS00043,ManagedElement=1,ENodeBFunction=1,EUtranCellFDD=LTE01ERBS00043-3</attr>
    <attr name="anrCreated">false</attr>
    <attr name="isHoAllowed">true</attr>
  </mo>
  <mo fdn="SubNetwork=ONRM_RootMo_R,MeContext=LTE01ERBS00043,ManagedElement=1,ENodeBFunction=1,EUtranCellFDD=LTE01ERBS00043-1,EUtranFreqRelation=1,EUtranCellRelation=20" lastModified="1287504883543" mimName="ERBS_NODE_MODEL" mimVersion="A.9.50.J.9.1">
    <attr name="isRemoveAllowed">false</attr>
    <attr name="neighborCellRef">SubNetwork=ONRM_RootMo_R,MeContext=LTE01ERBS00043,ManagedElement=1,ENodeBFunction=1,EUtraNetwork=1,ExternalENodeBFunction=41,ExternalEUtranCellFDD=1</attr>
    <attr name="anrCreated">false</attr>
    <attr name="isHoAllowed">true</attr>
  </mo>
  <mo fdn="SubNetwork=ONRM_RootMo_R,MeContext=LTE01ERBS00043,ManagedElement=1,ENodeBFunction=1,EUtranCellFDD=LTE01ERBS00043-1,EUtranFreqRelation=1,EUtranCellRelation=21" lastModified="1287504883541" mimName="ERBS_NODE_MODEL" mimVersion="A.9.50.J.9.1">
    <attr name="isRemoveAllowed">false</attr>
    <attr name="neighborCellRef">SubNetwork=ONRM_RootMo_R,MeContext=LTE01ERBS00043,ManagedElement=1,ENodeBFunction=1,EUtraNetwork=1,ExternalENodeBFunction=41,ExternalEUtranCellFDD=2</attr>
    <attr name="anrCreated">false</attr>
    <attr name="isHoAllowed">true</attr>
  </mo>
  <mo fdn="SubNetwork=ONRM_RootMo_R,MeContext=LTE01ERBS00043,ManagedElement=1,ENodeBFunction=1,EUtranCellFDD=LTE01ERBS00043-1,EUtranFreqRelation=1,EUtranCellRelation=26" lastModified="1287504883551" mimName="ERBS_NODE_MODEL" mimVersion="A.9.50.J.9.1">
    <attr name="isRemoveAllowed">false</attr>
    <attr name="neighborCellRef">SubNetwork=ONRM_RootMo_R,MeContext=LTE01ERBS00043,ManagedElement=1,ENodeBFunction=1,EUtraNetwork=1,ExternalENodeBFunction=45,ExternalEUtranCellFDD=1</attr>
    <attr name="anrCreated">false</attr>
    <attr name="isHoAllowed">true</attr>
  </mo>
  <mo fdn="SubNetwork=ONRM_RootMo_R,MeContext=LTE01ERBS00043,ManagedElement=1,ENodeBFunction=1,EUtranCellFDD=LTE01ERBS00043-1,EUtranFreqRelation=1,EUtranCellRelation=27" lastModified="1287504883550" mimName="ERBS_NODE_MODEL" mimVersion="A.9.50.J.9.1">
    <attr name="isRemoveAllowed">false</attr>
    <attr name="neighborCellRef">SubNetwork=ONRM_RootMo_R,MeContext=LTE01ERBS00043,ManagedElement=1,ENodeBFunction=1,EUtraNetwork=1,ExternalENodeBFunction=45,ExternalEUtranCellFDD=2</attr>
    <attr name="anrCreated">false</attr>
    <attr name="isHoAllowed">true</attr>
  </mo>
  <mo fdn="SubNetwork=ONRM_RootMo_R,MeContext=LTE01ERBS00043,ManagedElement=1,ENodeBFunction=1,EUtranCellFDD=LTE01ERBS00043-1,EUtranFreqRelation=1,EUtranCellRelation=3" lastModified="1287501137654" mimName="ERBS_NODE_MODEL" mimVersion="A.9.50.J.9.1">
    <attr name="isRemoveAllowed">false</attr>
    <attr name="neighborCellRef">SubNetwork=ONRM_RootMo_R,MeContext=LTE01ERBS00043,ManagedElement=1,ENodeBFunction=1,EUtranCellFDD=LTE01ERBS00043-4</attr>
    <attr name="anrCreated">false</attr>
    <attr name="isHoAllowed">true</attr>
  </mo>
  <mo fdn="SubNetwork=ONRM_RootMo_R,MeContext=LTE01ERBS00043,ManagedElement=1,ENodeBFunction=1,EUtranCellFDD=LTE01ERBS00043-1,EUtranFreqRelation=1,EUtranCellRelation=30" lastModified="1287501630757" mimName="ERBS_NODE_MODEL" mimVersion="A.9.50.J.9.1">
    <attr name="isRemoveAllowed">false</attr>
    <attr name="neighborCellRef">SubNetwork=ONRM_RootMo_R,MeContext=LTE01ERBS00043,ManagedElement=1,ENodeBFunction=1,EUtraNetwork=1,ExternalENodeBFunction=47,ExternalEUtranCellFDD=1</attr>
    <attr name="anrCreated">false</attr>
    <attr name="isHoAllowed">true</attr>
  </mo>
  <mo fdn="SubNetwork=ONRM_RootMo_R,MeContext=LTE01ERBS00043,ManagedElement=1,ENodeBFunction=1,EUtranCellFDD=LTE01ERBS00043-1,EUtranFreqRelation=1,EUtranCellRelation=31" lastModified="1287501630755" mimName="ERBS_NODE_MODEL" mimVersion="A.9.50.J.9.1">
    <attr name="isRemoveAllowed">false</attr>
    <attr name="neighborCellRef">SubNetwork=ONRM_RootMo_R,MeContext=LTE01ERBS00043,ManagedElement=1,ENodeBFunction=1,EUtraNetwork=1,ExternalENodeBFunction=47,ExternalEUtranCellFDD=2</attr>
    <attr name="anrCreated">false</attr>
    <attr name="isHoAllowed">true</attr>
  </mo>
  <mo fdn="SubNetwork=ONRM_RootMo_R,MeContext=LTE01ERBS00043,ManagedElement=1,ENodeBFunction=1,EUtranCellFDD=LTE01ERBS00043-1,EUtranFreqRelation=1,EUtranCellRelation=4" lastModified="1287504883556" mimName="ERBS_NODE_MODEL" mimVersion="A.9.50.J.9.1">
    <attr name="isRemoveAllowed">false</attr>
    <attr name="neighborCellRef">SubNetwork=ONRM_RootMo_R,MeContext=LTE01ERBS00043,ManagedElement=1,ENodeBFunction=1,EUtraNetwork=1,ExternalENodeBFunction=33,ExternalEUtranCellFDD=1</attr>
    <attr name="anrCreated">false</attr>
    <attr name="isHoAllowed">true</attr>
  </mo>
  <mo fdn="SubNetwork=ONRM_RootMo_R,MeContext=LTE01ERBS00043,ManagedElement=1,ENodeBFunction=1,EUtranCellFDD=LTE01ERBS00043-1,EUtranFreqRelation=1,EUtranCellRelation=5" lastModified="1287504883559" mimName="ERBS_NODE_MODEL" mimVersion="A.9.50.J.9.1">
    <attr name="isRemoveAllowed">false</attr>
    <attr name="neighborCellRef">SubNetwork=ONRM_RootMo_R,MeContext=LTE01ERBS00043,ManagedElement=1,ENodeBFunction=1,EUtraNetwork=1,ExternalENodeBFunction=33,ExternalEUtranCellFDD=2</attr>
    <attr name="anrCreated">false</attr>
    <attr name="isHoAllowed">true</attr>
  </mo>
  <mo fdn="SubNetwork=ONRM_RootMo_R,MeContext=LTE01ERBS00043,ManagedElement=1,ENodeBFunction=1,EUtranCellFDD=LTE01ERBS00043-1,EUtranFreqRelation=1,EUtranCellRelation=8" lastModified="1287504883545" mimName="ERBS_NODE_MODEL" mimVersion="A.9.50.J.9.1">
    <attr name="isRemoveAllowed">false</attr>
    <attr name="neighborCellRef">SubNetwork=ONRM_RootMo_R,MeContext=LTE01ERBS00043,ManagedElement=1,ENodeBFunction=1,EUtraNetwork=1,ExternalENodeBFunction=35,ExternalEUtranCellFDD=1</attr>
    <attr name="anrCreated">false</attr>
    <attr name="isHoAllowed">true</attr>
  </mo>
  <mo fdn="SubNetwork=ONRM_RootMo_R,MeContext=LTE01ERBS00043,ManagedElement=1,ENodeBFunction=1,EUtranCellFDD=LTE01ERBS00043-1,EUtranFreqRelation=1,EUtranCellRelation=9" lastModified="1287504883547" mimName="ERBS_NODE_MODEL" mimVersion="A.9.50.J.9.1">
    <attr name="isRemoveAllowed">false</attr>
    <attr name="neighborCellRef">SubNetwork=ONRM_RootMo_R,MeContext=LTE01ERBS00043,ManagedElement=1,ENodeBFunction=1,EUtraNetwork=1,ExternalENodeBFunction=35,ExternalEUtranCellFDD=2</attr>
    <attr name="anrCreated">false</attr>
    <attr name="isHoAllowed">true</attr>
  </mo>
  <mo fdn="SubNetwork=ONRM_RootMo_R,MeContext=LTE01ERBS00043,ManagedElement=1,ENodeBFunction=1,EUtranCellFDD=LTE01ERBS00043-1,EUtranFreqRelation=2,EUtranCellRelation=10" lastModified="1287504883511" mimName="ERBS_NODE_MODEL" mimVersion="A.9.50.J.9.1">
    <attr name="isRemoveAllowed">false</attr>
    <attr name="neighborCellRef">SubNetwork=ONRM_RootMo_R,MeContext=LTE01ERBS00043,ManagedElement=1,ENodeBFunction=1,EUtraNetwork=1,ExternalENodeBFunction=36,ExternalEUtranCellFDD=1</attr>
    <attr name="anrCreated">false</attr>
    <attr name="isHoAllowed">true</attr>
  </mo>
  <mo fdn="SubNetwork=ONRM_RootMo_R,MeContext=LTE01ERBS00043,ManagedElement=1,ENodeBFunction=1,EUtranCellFDD=LTE01ERBS00043-1,EUtranFreqRelation=2,EUtranCellRelation=11" lastModified="1287504883504" mimName="ERBS_NODE_MODEL" mimVersion="A.9.50.J.9.1">
    <attr name="isRemoveAllowed">false</attr>
    <attr name="neighborCellRef">SubNetwork=ONRM_RootMo_R,MeContext=LTE01ERBS00043,ManagedElement=1,ENodeBFunction=1,EUtraNetwork=1,ExternalENodeBFunction=36,ExternalEUtranCellFDD=2</attr>
    <attr name="anrCreated">false</attr>
    <attr name="isHoAllowed">true</attr>
  </mo>
  <mo fdn="SubNetwork=ONRM_RootMo_R,MeContext=LTE01ERBS00043,ManagedElement=1,ENodeBFunction=1,EUtranCellFDD=LTE01ERBS00043-1,EUtranFreqRelation=2,EUtranCellRelation=14" lastModified="1287501630654" mimName="ERBS_NODE_MODEL" mimVersion="A.9.50.J.9.1">
    <attr name="isRemoveAllowed">false</attr>
    <attr name="neighborCellRef">SubNetwork=ONRM_RootMo_R,MeContext=LTE01ERBS00043,ManagedElement=1,ENodeBFunction=1,EUtraNetwork=1,ExternalENodeBFunction=38,ExternalEUtranCellFDD=1</attr>
    <attr name="anrCreated">false</attr>
    <attr name="isHoAllowed">true</attr>
  </mo>
  <mo fdn="SubNetwork=ONRM_RootMo_R,MeContext=LTE01ERBS00043,ManagedElement=1,ENodeBFunction=1,EUtranCellFDD=LTE01ERBS00043-1,EUtranFreqRelation=2,EUtranCellRelation=15" lastModified="1287501630751" mimName="ERBS_NODE_MODEL" mimVersion="A.9.50.J.9.1">
    <attr name="isRemoveAllowed">false</attr>
    <attr name="neighborCellRef">SubNetwork=ONRM_RootMo_R,MeContext=LTE01ERBS00043,ManagedElement=1,ENodeBFunction=1,EUtraNetwork=1,ExternalENodeBFunction=38,ExternalEUtranCellFDD=2</attr>
    <attr name="anrCreated">false</attr>
    <attr name="isHoAllowed">true</attr>
  </mo>
  <mo fdn="SubNetwork=ONRM_RootMo_R,MeContext=LTE01ERBS00043,ManagedElement=1,ENodeBFunction=1,EUtranCellFDD=LTE01ERBS00043-1,EUtranFreqRelation=2,EUtranCellRelation=18" lastModified="1287504883522" mimName="ERBS_NODE_MODEL" mimVersion="A.9.50.J.9.1">
    <attr name="isRemoveAllowed">false</attr>
    <attr name="neighborCellRef">SubNetwork=ONRM_RootMo_R,MeContext=LTE01ERBS00043,ManagedElement=1,ENodeBFunction=1,EUtraNetwork=1,ExternalENodeBFunction=40,ExternalEUtranCellFDD=1</attr>
    <attr name="anrCreated">false</attr>
    <attr name="isHoAllowed">true</attr>
  </mo>
  <mo fdn="SubNetwork=ONRM_RootMo_R,MeContext=LTE01ERBS00043,ManagedElement=1,ENodeBFunction=1,EUtranCellFDD=LTE01ERBS00043-1,EUtranFreqRelation=2,EUtranCellRelation=19" lastModified="1287504883517" mimName="ERBS_NODE_MODEL" mimVersion="A.9.50.J.9.1">
    <attr name="isRemoveAllowed">false</attr>
    <attr name="neighborCellRef">SubNetwork=ONRM_RootMo_R,MeContext=LTE01ERBS00043,ManagedElement=1,ENodeBFunction=1,EUtraNetwork=1,ExternalENodeBFunction=40,ExternalEUtranCellFDD=2</attr>
    <attr name="anrCreated">false</attr>
    <attr name="isHoAllowed">true</attr>
  </mo>
  <mo fdn="SubNetwork=ONRM_RootMo_R,MeContext=LTE01ERBS00043,ManagedElement=1,ENodeBFunction=1,EUtranCellFDD=LTE01ERBS00043-1,EUtranFreqRelation=2,EUtranCellRelation=22" lastModified="1287504883501" mimName="ERBS_NODE_MODEL" mimVersion="A.9.50.J.9.1">
    <attr name="isRemoveAllowed">false</attr>
    <attr name="neighborCellRef">SubNetwork=ONRM_RootMo_R,MeContext=LTE01ERBS00043,ManagedElement=1,ENodeBFunction=1,EUtraNetwork=1,ExternalENodeBFunction=42,ExternalEUtranCellFDD=1</attr>
    <attr name="anrCreated">false</attr>
    <attr name="isHoAllowed">true</attr>
  </mo>
  <mo fdn="SubNetwork=ONRM_RootMo_R,MeContext=LTE01ERBS00043,ManagedElement=1,ENodeBFunction=1,EUtranCellFDD=LTE01ERBS00043-1,EUtranFreqRelation=2,EUtranCellRelation=23" lastModified="1287504883496" mimName="ERBS_NODE_MODEL" mimVersion="A.9.50.J.9.1">
    <attr name="isRemoveAllowed">false</attr>
    <attr name="neighborCellRef">SubNetwork=ONRM_RootMo_R,MeContext=LTE01ERBS00043,ManagedElement=1,ENodeBFunction=1,EUtraNetwork=1,ExternalENodeBFunction=42,ExternalEUtranCellFDD=2</attr>
    <attr name="anrCreated">false</attr>
    <attr name="isHoAllowed">true</attr>
  </mo>
  <mo fdn="SubNetwork=ONRM_RootMo_R,MeContext=LTE01ERBS00043,ManagedElement=1,ENodeBFunction=1,EUtranCellFDD=LTE01ERBS00043-1,EUtranFreqRelation=2,EUtranCellRelation=24" lastModified="1287504883507" mimName="ERBS_NODE_MODEL" mimVersion="A.9.50.J.9.1">
    <attr name="isRemoveAllowed">false</attr>
    <attr name="neighborCellRef">SubNetwork=ONRM_RootMo_R,MeContext=LTE01ERBS00043,ManagedElement=1,ENodeBFunction=1,EUtraNetwork=1,ExternalENodeBFunction=44,ExternalEUtranCellFDD=1</attr>
    <attr name="anrCreated">false</attr>
    <attr name="isHoAllowed">true</attr>
  </mo>
  <mo fdn="SubNetwork=ONRM_RootMo_R,MeContext=LTE01ERBS00043,ManagedElement=1,ENodeBFunction=1,EUtranCellFDD=LTE01ERBS00043-1,EUtranFreqRelation=2,EUtranCellRelation=25" lastModified="1287504883503" mimName="ERBS_NODE_MODEL" mimVersion="A.9.50.J.9.1">
    <attr name="isRemoveAllowed">false</attr>
    <attr name="neighborCellRef">SubNetwork=ONRM_RootMo_R,MeContext=LTE01ERBS00043,ManagedElement=1,ENodeBFunction=1,EUtraNetwork=1,ExternalENodeBFunction=44,ExternalEUtranCellFDD=2</attr>
    <attr name="anrCreated">false</attr>
    <attr name="isHoAllowed">true</attr>
  </mo>
  <mo fdn="SubNetwork=ONRM_RootMo_R,MeContext=LTE01ERBS00043,ManagedElement=1,ENodeBFunction=1,EUtranCellFDD=LTE01ERBS00043-1,EUtranFreqRelation=2,EUtranCellRelation=28" lastModified="1287504883531" mimName="ERBS_NODE_MODEL" mimVersion="A.9.50.J.9.1">
    <attr name="isRemoveAllowed">false</attr>
    <attr name="neighborCellRef">SubNetwork=ONRM_RootMo_R,MeContext=LTE01ERBS00043,ManagedElement=1,ENodeBFunction=1,EUtraNetwork=1,ExternalENodeBFunction=46,ExternalEUtranCellFDD=1</attr>
    <attr name="anrCreated">false</attr>
    <attr name="isHoAllowed">true</attr>
  </mo>
  <mo fdn="SubNetwork=ONRM_RootMo_R,MeContext=LTE01ERBS00043,ManagedElement=1,ENodeBFunction=1,EUtranCellFDD=LTE01ERBS00043-1,EUtranFreqRelation=2,EUtranCellRelation=29" lastModified="1287504883528" mimName="ERBS_NODE_MODEL" mimVersion="A.9.50.J.9.1">
    <attr name="isRemoveAllowed">false</attr>
    <attr name="neighborCellRef">SubNetwork=ONRM_RootMo_R,MeContext=LTE01ERBS00043,ManagedElement=1,ENodeBFunction=1,EUtraNetwork=1,ExternalENodeBFunction=46,ExternalEUtranCellFDD=2</attr>
    <attr name="anrCreated">false</attr>
    <attr name="isHoAllowed">true</attr>
  </mo>
  <mo fdn="SubNetwork=ONRM_RootMo_R,MeContext=LTE01ERBS00043,ManagedElement=1,ENodeBFunction=1,EUtranCellFDD=LTE01ERBS00043-1,EUtranFreqRelation=2,EUtranCellRelation=32" lastModified="1287504883499" mimName="ERBS_NODE_MODEL" mimVersion="A.9.50.J.9.1">
    <attr name="isRemoveAllowed">false</attr>
    <attr name="neighborCellRef">SubNetwork=ONRM_RootMo_R,MeContext=LTE01ERBS00043,ManagedElement=1,ENodeBFunction=1,EUtraNetwork=1,ExternalENodeBFunction=48,ExternalEUtranCellFDD=1</attr>
    <attr name="anrCreated">false</attr>
    <attr name="isHoAllowed">true</attr>
  </mo>
  <mo fdn="SubNetwork=ONRM_RootMo_R,MeContext=LTE01ERBS00043,ManagedElement=1,ENodeBFunction=1,EUtranCellFDD=LTE01ERBS00043-1,EUtranFreqRelation=2,EUtranCellRelation=33" lastModified="1287504883514" mimName="ERBS_NODE_MODEL" mimVersion="A.9.50.J.9.1">
    <attr name="isRemoveAllowed">false</attr>
    <attr name="neighborCellRef">SubNetwork=ONRM_RootMo_R,MeContext=LTE01ERBS00043,ManagedElement=1,ENodeBFunction=1,EUtraNetwork=1,ExternalENodeBFunction=48,ExternalEUtranCellFDD=2</attr>
    <attr name="anrCreated">false</attr>
    <attr name="isHoAllowed">true</attr>
  </mo>
  <mo fdn="SubNetwork=ONRM_RootMo_R,MeContext=LTE01ERBS00043,ManagedElement=1,ENodeBFunction=1,EUtranCellFDD=LTE01ERBS00043-1,EUtranFreqRelation=2,EUtranCellRelation=6" lastModified="1287504883519" mimName="ERBS_NODE_MODEL" mimVersion="A.9.50.J.9.1">
    <attr name="isRemoveAllowed">false</attr>
    <attr name="neighborCellRef">SubNetwork=ONRM_RootMo_R,MeContext=LTE01ERBS00043,ManagedElement=1,ENodeBFunction=1,EUtraNetwork=1,ExternalENodeBFunction=34,ExternalEUtranCellFDD=1</attr>
    <attr name="anrCreated">false</attr>
    <attr name="isHoAllowed">true</attr>
  </mo>
  <mo fdn="SubNetwork=ONRM_RootMo_R,MeContext=LTE01ERBS00043,ManagedElement=1,ENodeBFunction=1,EUtranCellFDD=LTE01ERBS00043-1,EUtranFreqRelation=2,EUtranCellRelation=7" lastModified="1287504883524" mimName="ERBS_NODE_MODEL" mimVersion="A.9.50.J.9.1">
    <attr name="isRemoveAllowed">false</attr>
    <attr name="neighborCellRef">SubNetwork=ONRM_RootMo_R,MeContext=LTE01ERBS00043,ManagedElement=1,ENodeBFunction=1,EUtraNetwork=1,ExternalENodeBFunction=34,ExternalEUtranCellFDD=2</attr>
    <attr name="anrCreated">false</attr>
    <attr name="isHoAllowed">true</attr>
  </mo>
  <mo fdn="SubNetwork=ONRM_RootMo_R,MeContext=LTE01ERBS00043,ManagedElement=1,ENodeBFunction=1,EUtranCellFDD=LTE01ERBS00043-2" lastModified="1287512086642" mimName="ERBS_NODE_MODEL" mimVersion="A.9.50.J.9.1">
    <attr name="EUtranCellFDDId">LTE01ERBS00043-2</attr>
    <attr name="earfcnul">18000</attr>
    <attr name="cellId">2</attr>
    <attr name="tac">48138</attr>
    <attr name="bPlmnList">
      <seq count="1">
        <item>
          <struct>
            <attr name="mcc">311</attr>
            <attr name="mnc">480</attr>
            <attr name="mncLength">2</attr>
          </struct>
        </item>
      </seq>
    </attr>
    <attr name="earfcndl">0</attr>
    <attr name="userLabel">LTE01ERBS00043-2</attr>
  </mo>
  <mo fdn="SubNetwork=ONRM_RootMo_R,MeContext=LTE01ERBS00043,ManagedElement=1,ENodeBFunction=1,EUtranCellFDD=LTE01ERBS00043-2,EUtranFreqRelation=1,EUtranCellRelation=1" lastModified="1287501136390" mimName="ERBS_NODE_MODEL" mimVersion="A.9.50.J.9.1">
    <attr name="isRemoveAllowed">false</attr>
    <attr name="neighborCellRef">SubNetwork=ONRM_RootMo_R,MeContext=LTE01ERBS00043,ManagedElement=1,ENodeBFunction=1,EUtranCellFDD=LTE01ERBS00043-1</attr>
    <attr name="anrCreated">false</attr>
    <attr name="isHoAllowed">true</attr>
  </mo>
  <mo fdn="SubNetwork=ONRM_RootMo_R,MeContext=LTE01ERBS00043,ManagedElement=1,ENodeBFunction=1,EUtranCellFDD=LTE01ERBS00043-2,EUtranFreqRelation=1,EUtranCellRelation=12" lastModified="1287504880693" mimName="ERBS_NODE_MODEL" mimVersion="A.9.50.J.9.1">
    <attr name="isRemoveAllowed">false</attr>
    <attr name="neighborCellRef">SubNetwork=ONRM_RootMo_R,MeContext=LTE01ERBS00043,ManagedElement=1,ENodeBFunction=1,EUtraNetwork=1,ExternalENodeBFunction=37,ExternalEUtranCellFDD=1</attr>
    <attr name="anrCreated">false</attr>
    <attr name="isHoAllowed">true</attr>
  </mo>
  <mo fdn="SubNetwork=ONRM_RootMo_R,MeContext=LTE01ERBS00043,ManagedElement=1,ENodeBFunction=1,EUtranCellFDD=LTE01ERBS00043-2,EUtranFreqRelation=1,EUtranCellRelation=13" lastModified="1287504880691" mimName="ERBS_NODE_MODEL" mimVersion="A.9.50.J.9.1">
    <attr name="isRemoveAllowed">false</attr>
    <attr name="neighborCellRef">SubNetwork=ONRM_RootMo_R,MeContext=LTE01ERBS00043,ManagedElement=1,ENodeBFunction=1,EUtraNetwork=1,ExternalENodeBFunction=37,ExternalEUtranCellFDD=2</attr>
    <attr name="anrCreated">false</attr>
    <attr name="isHoAllowed">true</attr>
  </mo>
  <mo fdn="SubNetwork=ONRM_RootMo_R,MeContext=LTE01ERBS00043,ManagedElement=1,ENodeBFunction=1,EUtranCellFDD=LTE01ERBS00043-2,EUtranFreqRelation=1,EUtranCellRelation=16" lastModified="1287504880704" mimName="ERBS_NODE_MODEL" mimVersion="A.9.50.J.9.1">
    <attr name="isRemoveAllowed">false</attr>
    <attr name="neighborCellRef">SubNetwork=ONRM_RootMo_R,MeContext=LTE01ERBS00043,ManagedElement=1,ENodeBFunction=1,EUtraNetwork=1,ExternalENodeBFunction=39,ExternalEUtranCellFDD=1</attr>
    <attr name="anrCreated">false</attr>
    <attr name="isHoAllowed">true</attr>
  </mo>
  <mo fdn="SubNetwork=ONRM_RootMo_R,MeContext=LTE01ERBS00043,ManagedElement=1,ENodeBFunction=1,EUtranCellFDD=LTE01ERBS00043-2,EUtranFreqRelation=1,EUtranCellRelation=17" lastModified="1287504880703" mimName="ERBS_NODE_MODEL" mimVersion="A.9.50.J.9.1">
    <attr name="isRemoveAllowed">false</attr>
    <attr name="neighborCellRef">SubNetwork=ONRM_RootMo_R,MeContext=LTE01ERBS00043,ManagedElement=1,ENodeBFunction=1,EUtraNetwork=1,ExternalENodeBFunction=39,ExternalEUtranCellFDD=2</attr>
    <attr name="anrCreated">false</attr>
    <attr name="isHoAllowed">true</attr>
  </mo>
  <mo fdn="SubNetwork=ONRM_RootMo_R,MeContext=LTE01ERBS00043,ManagedElement=1,ENodeBFunction=1,EUtranCellFDD=LTE01ERBS00043-2,EUtranFreqRelation=1,EUtranCellRelation=2" lastModified="1287501136322" mimName="ERBS_NODE_MODEL" mimVersion="A.9.50.J.9.1">
    <attr name="isRemoveAllowed">false</attr>
    <attr name="neighborCellRef">SubNetwork=ONRM_RootMo_R,MeContext=LTE01ERBS00043,ManagedElement=1,ENodeBFunction=1,EUtranCellFDD=LTE01ERBS00043-3</attr>
    <attr name="anrCreated">false</attr>
    <attr name="isHoAllowed">true</attr>
  </mo>
  <mo fdn="SubNetwork=ONRM_RootMo_R,MeContext=LTE01ERBS00043,ManagedElement=1,ENodeBFunction=1,EUtranCellFDD=LTE01ERBS00043-2,EUtranFreqRelation=1,EUtranCellRelation=20" lastModified="1287504880696" mimName="ERBS_NODE_MODEL" mimVersion="A.9.50.J.9.1">
    <attr name="isRemoveAllowed">false</attr>
    <attr name="neighborCellRef">SubNetwork=ONRM_RootMo_R,MeContext=LTE01ERBS00043,ManagedElement=1,ENodeBFunction=1,EUtraNetwork=1,ExternalENodeBFunction=41,ExternalEUtranCellFDD=1</attr>
    <attr name="anrCreated">false</attr>
    <attr name="isHoAllowed">true</attr>
  </mo>
  <mo fdn="SubNetwork=ONRM_RootMo_R,MeContext=LTE01ERBS00043,ManagedElement=1,ENodeBFunction=1,EUtranCellFDD=LTE01ERBS00043-2,EUtranFreqRelation=1,EUtranCellRelation=21" lastModified="1287504880694" mimName="ERBS_NODE_MODEL" mimVersion="A.9.50.J.9.1">
    <attr name="isRemoveAllowed">false</attr>
    <attr name="neighborCellRef">SubNetwork=ONRM_RootMo_R,MeContext=LTE01ERBS00043,ManagedElement=1,ENodeBFunction=1,EUtraNetwork=1,ExternalENodeBFunction=41,ExternalEUtranCellFDD=2</attr>
    <attr name="anrCreated">false</attr>
    <attr name="isHoAllowed">true</attr>
  </mo>
  <mo fdn="SubNetwork=ONRM_RootMo_R,MeContext=LTE01ERBS00043,ManagedElement=1,ENodeBFunction=1,EUtranCellFDD=LTE01ERBS00043-2,EUtranFreqRelation=1,EUtranCellRelation=26" lastModified="1287504880702" mimName="ERBS_NODE_MODEL" mimVersion="A.9.50.J.9.1">
    <attr name="isRemoveAllowed">false</attr>
    <attr name="neighborCellRef">SubNetwork=ONRM_RootMo_R,MeContext=LTE01ERBS00043,ManagedElement=1,ENodeBFunction=1,EUtraNetwork=1,ExternalENodeBFunction=45,ExternalEUtranCellFDD=1</attr>
    <attr name="anrCreated">false</attr>
    <attr name="isHoAllowed">true</attr>
  </mo>
  <mo fdn="SubNetwork=ONRM_RootMo_R,MeContext=LTE01ERBS00043,ManagedElement=1,ENodeBFunction=1,EUtranCellFDD=LTE01ERBS00043-2,EUtranFreqRelation=1,EUtranCellRelation=27" lastModified="1287504880700" mimName="ERBS_NODE_MODEL" mimVersion="A.9.50.J.9.1">
    <attr name="isRemoveAllowed">false</attr>
    <attr name="neighborCellRef">SubNetwork=ONRM_RootMo_R,MeContext=LTE01ERBS00043,ManagedElement=1,ENodeBFunction=1,EUtraNetwork=1,ExternalENodeBFunction=45,ExternalEUtranCellFDD=2</attr>
    <attr name="anrCreated">false</attr>
    <attr name="isHoAllowed">true</attr>
  </mo>
  <mo fdn="SubNetwork=ONRM_RootMo_R,MeContext=LTE01ERBS00043,ManagedElement=1,ENodeBFunction=1,EUtranCellFDD=LTE01ERBS00043-2,EUtranFreqRelation=1,EUtranCellRelation=3" lastModified="1287501136318" mimName="ERBS_NODE_MODEL" mimVersion="A.9.50.J.9.1">
    <attr name="isRemoveAllowed">false</attr>
    <attr name="neighborCellRef">SubNetwork=ONRM_RootMo_R,MeContext=LTE01ERBS00043,ManagedElement=1,ENodeBFunction=1,EUtranCellFDD=LTE01ERBS00043-4</attr>
    <attr name="anrCreated">false</attr>
    <attr name="isHoAllowed">true</attr>
  </mo>
  <mo fdn="SubNetwork=ONRM_RootMo_R,MeContext=LTE01ERBS00043,ManagedElement=1,ENodeBFunction=1,EUtranCellFDD=LTE01ERBS00043-2,EUtranFreqRelation=1,EUtranCellRelation=30" lastModified="1287501630007" mimName="ERBS_NODE_MODEL" mimVersion="A.9.50.J.9.1">
    <attr name="isRemoveAllowed">false</attr>
    <attr name="neighborCellRef">SubNetwork=ONRM_RootMo_R,MeContext=LTE01ERBS00043,ManagedElement=1,ENodeBFunction=1,EUtraNetwork=1,ExternalENodeBFunction=47,ExternalEUtranCellFDD=1</attr>
    <attr name="anrCreated">false</attr>
    <attr name="isHoAllowed">true</attr>
  </mo>
  <mo fdn="SubNetwork=ONRM_RootMo_R,MeContext=LTE01ERBS00043,ManagedElement=1,ENodeBFunction=1,EUtranCellFDD=LTE01ERBS00043-2,EUtranFreqRelation=1,EUtranCellRelation=31" lastModified="1287501630005" mimName="ERBS_NODE_MODEL" mimVersion="A.9.50.J.9.1">
    <attr name="isRemoveAllowed">false</attr>
    <attr name="neighborCellRef">SubNetwork=ONRM_RootMo_R,MeContext=LTE01ERBS00043,ManagedElement=1,ENodeBFunction=1,EUtraNetwork=1,ExternalENodeBFunction=47,ExternalEUtranCellFDD=2</attr>
    <attr name="anrCreated">false</attr>
    <attr name="isHoAllowed">true</attr>
  </mo>
  <mo fdn="SubNetwork=ONRM_RootMo_R,MeContext=LTE01ERBS00043,ManagedElement=1,ENodeBFunction=1,EUtranCellFDD=LTE01ERBS00043-2,EUtranFreqRelation=1,EUtranCellRelation=4" lastModified="1287504880706" mimName="ERBS_NODE_MODEL" mimVersion="A.9.50.J.9.1">
    <attr name="isRemoveAllowed">false</attr>
    <attr name="neighborCellRef">SubNetwork=ONRM_RootMo_R,MeContext=LTE01ERBS00043,ManagedElement=1,ENodeBFunction=1,EUtraNetwork=1,ExternalENodeBFunction=33,ExternalEUtranCellFDD=1</attr>
    <attr name="anrCreated">false</attr>
    <attr name="isHoAllowed">true</attr>
  </mo>
  <mo fdn="SubNetwork=ONRM_RootMo_R,MeContext=LTE01ERBS00043,ManagedElement=1,ENodeBFunction=1,EUtranCellFDD=LTE01ERBS00043-2,EUtranFreqRelation=1,EUtranCellRelation=5" lastModified="1287504880708" mimName="ERBS_NODE_MODEL" mimVersion="A.9.50.J.9.1">
    <attr name="isRemoveAllowed">false</attr>
    <attr name="neighborCellRef">SubNetwork=ONRM_RootMo_R,MeContext=LTE01ERBS00043,ManagedElement=1,ENodeBFunction=1,EUtraNetwork=1,ExternalENodeBFunction=33,ExternalEUtranCellFDD=2</attr>
    <attr name="anrCreated">false</attr>
    <attr name="isHoAllowed">true</attr>
  </mo>
  <mo fdn="SubNetwork=ONRM_RootMo_R,MeContext=LTE01ERBS00043,ManagedElement=1,ENodeBFunction=1,EUtranCellFDD=LTE01ERBS00043-2,EUtranFreqRelation=1,EUtranCellRelation=8" lastModified="1287504880697" mimName="ERBS_NODE_MODEL" mimVersion="A.9.50.J.9.1">
    <attr name="isRemoveAllowed">false</attr>
    <attr name="neighborCellRef">SubNetwork=ONRM_RootMo_R,MeContext=LTE01ERBS00043,ManagedElement=1,ENodeBFunction=1,EUtraNetwork=1,ExternalENodeBFunction=35,ExternalEUtranCellFDD=1</attr>
    <attr name="anrCreated">false</attr>
    <attr name="isHoAllowed">true</attr>
  </mo>
  <mo fdn="SubNetwork=ONRM_RootMo_R,MeContext=LTE01ERBS00043,ManagedElement=1,ENodeBFunction=1,EUtranCellFDD=LTE01ERBS00043-2,EUtranFreqRelation=1,EUtranCellRelation=9" lastModified="1287504880699" mimName="ERBS_NODE_MODEL" mimVersion="A.9.50.J.9.1">
    <attr name="isRemoveAllowed">false</attr>
    <attr name="neighborCellRef">SubNetwork=ONRM_RootMo_R,MeContext=LTE01ERBS00043,ManagedElement=1,ENodeBFunction=1,EUtraNetwork=1,ExternalENodeBFunction=35,ExternalEUtranCellFDD=2</attr>
    <attr name="anrCreated">false</attr>
    <attr name="isHoAllowed">true</attr>
  </mo>
  <mo fdn="SubNetwork=ONRM_RootMo_R,MeContext=LTE01ERBS00043,ManagedElement=1,ENodeBFunction=1,EUtranCellFDD=LTE01ERBS00043-2,EUtranFreqRelation=2,EUtranCellRelation=10" lastModified="1287504880678" mimName="ERBS_NODE_MODEL" mimVersion="A.9.50.J.9.1">
    <attr name="isRemoveAllowed">false</attr>
    <attr name="neighborCellRef">SubNetwork=ONRM_RootMo_R,MeContext=LTE01ERBS00043,ManagedElement=1,ENodeBFunction=1,EUtraNetwork=1,ExternalENodeBFunction=36,ExternalEUtranCellFDD=1</attr>
    <attr name="anrCreated">false</attr>
    <attr name="isHoAllowed">true</attr>
  </mo>
  <mo fdn="SubNetwork=ONRM_RootMo_R,MeContext=LTE01ERBS00043,ManagedElement=1,ENodeBFunction=1,EUtranCellFDD=LTE01ERBS00043-2,EUtranFreqRelation=2,EUtranCellRelation=11" lastModified="1287504880676" mimName="ERBS_NODE_MODEL" mimVersion="A.9.50.J.9.1">
    <attr name="isRemoveAllowed">false</attr>
    <attr name="neighborCellRef">SubNetwork=ONRM_RootMo_R,MeContext=LTE01ERBS00043,ManagedElement=1,ENodeBFunction=1,EUtraNetwork=1,ExternalENodeBFunction=36,ExternalEUtranCellFDD=2</attr>
    <attr name="anrCreated">false</attr>
    <attr name="isHoAllowed">true</attr>
  </mo>
  <mo fdn="SubNetwork=ONRM_RootMo_R,MeContext=LTE01ERBS00043,ManagedElement=1,ENodeBFunction=1,EUtranCellFDD=LTE01ERBS00043-2,EUtranFreqRelation=2,EUtranCellRelation=14" lastModified="1287501629908" mimName="ERBS_NODE_MODEL" mimVersion="A.9.50.J.9.1">
    <attr name="isRemoveAllowed">false</attr>
    <attr name="neighborCellRef">SubNetwork=ONRM_RootMo_R,MeContext=LTE01ERBS00043,ManagedElement=1,ENodeBFunction=1,EUtraNetwork=1,ExternalENodeBFunction=38,ExternalEUtranCellFDD=1</attr>
    <attr name="anrCreated">false</attr>
    <attr name="isHoAllowed">true</attr>
  </mo>
  <mo fdn="SubNetwork=ONRM_RootMo_R,MeContext=LTE01ERBS00043,ManagedElement=1,ENodeBFunction=1,EUtranCellFDD=LTE01ERBS00043-2,EUtranFreqRelation=2,EUtranCellRelation=15" lastModified="1287501629996" mimName="ERBS_NODE_MODEL" mimVersion="A.9.50.J.9.1">
    <attr name="isRemoveAllowed">false</attr>
    <attr name="neighborCellRef">SubNetwork=ONRM_RootMo_R,MeContext=LTE01ERBS00043,ManagedElement=1,ENodeBFunction=1,EUtraNetwork=1,ExternalENodeBFunction=38,ExternalEUtranCellFDD=2</attr>
    <attr name="anrCreated">false</attr>
    <attr name="isHoAllowed">true</attr>
  </mo>
  <mo fdn="SubNetwork=ONRM_RootMo_R,MeContext=LTE01ERBS00043,ManagedElement=1,ENodeBFunction=1,EUtranCellFDD=LTE01ERBS00043-2,EUtranFreqRelation=2,EUtranCellRelation=18" lastModified="1287504880684" mimName="ERBS_NODE_MODEL" mimVersion="A.9.50.J.9.1">
    <attr name="isRemoveAllowed">false</attr>
    <attr name="neighborCellRef">SubNetwork=ONRM_RootMo_R,MeContext=LTE01ERBS00043,ManagedElement=1,ENodeBFunction=1,EUtraNetwork=1,ExternalENodeBFunction=40,ExternalEUtranCellFDD=1</attr>
    <attr name="anrCreated">false</attr>
    <attr name="isHoAllowed">true</attr>
  </mo>
  <mo fdn="SubNetwork=ONRM_RootMo_R,MeContext=LTE01ERBS00043,ManagedElement=1,ENodeBFunction=1,EUtranCellFDD=LTE01ERBS00043-2,EUtranFreqRelation=2,EUtranCellRelation=19" lastModified="1287504880681" mimName="ERBS_NODE_MODEL" mimVersion="A.9.50.J.9.1">
    <attr name="isRemoveAllowed">false</attr>
    <attr name="neighborCellRef">SubNetwork=ONRM_RootMo_R,MeContext=LTE01ERBS00043,ManagedElement=1,ENodeBFunction=1,EUtraNetwork=1,ExternalENodeBFunction=40,ExternalEUtranCellFDD=2</attr>
    <attr name="anrCreated">false</attr>
    <attr name="isHoAllowed">true</attr>
  </mo>
  <mo fdn="SubNetwork=ONRM_RootMo_R,MeContext=LTE01ERBS00043,ManagedElement=1,ENodeBFunction=1,EUtranCellFDD=LTE01ERBS00043-2,EUtranFreqRelation=2,EUtranCellRelation=22" lastModified="1287504880673" mimName="ERBS_NODE_MODEL" mimVersion="A.9.50.J.9.1">
    <attr name="isRemoveAllowed">false</attr>
    <attr name="neighborCellRef">SubNetwork=ONRM_RootMo_R,MeContext=LTE01ERBS00043,ManagedElement=1,ENodeBFunction=1,EUtraNetwork=1,ExternalENodeBFunction=42,ExternalEUtranCellFDD=1</attr>
    <attr name="anrCreated">false</attr>
    <attr name="isHoAllowed">true</attr>
  </mo>
  <mo fdn="SubNetwork=ONRM_RootMo_R,MeContext=LTE01ERBS00043,ManagedElement=1,ENodeBFunction=1,EUtranCellFDD=LTE01ERBS00043-2,EUtranFreqRelation=2,EUtranCellRelation=23" lastModified="1287504880620" mimName="ERBS_NODE_MODEL" mimVersion="A.9.50.J.9.1">
    <attr name="isRemoveAllowed">false</attr>
    <attr name="neighborCellRef">SubNetwork=ONRM_RootMo_R,MeContext=LTE01ERBS00043,ManagedElement=1,ENodeBFunction=1,EUtraNetwork=1,ExternalENodeBFunction=42,ExternalEUtranCellFDD=2</attr>
    <attr name="anrCreated">false</attr>
    <attr name="isHoAllowed">true</attr>
  </mo>
  <mo fdn="SubNetwork=ONRM_RootMo_R,MeContext=LTE01ERBS00043,ManagedElement=1,ENodeBFunction=1,EUtranCellFDD=LTE01ERBS00043-2,EUtranFreqRelation=2,EUtranCellRelation=24" lastModified="1287504880677" mimName="ERBS_NODE_MODEL" mimVersion="A.9.50.J.9.1">
    <attr name="isRemoveAllowed">false</attr>
    <attr name="neighborCellRef">SubNetwork=ONRM_RootMo_R,MeContext=LTE01ERBS00043,ManagedElement=1,ENodeBFunction=1,EUtraNetwork=1,ExternalENodeBFunction=44,ExternalEUtranCellFDD=1</attr>
    <attr name="anrCreated">false</attr>
    <attr name="isHoAllowed">true</attr>
  </mo>
  <mo fdn="SubNetwork=ONRM_RootMo_R,MeContext=LTE01ERBS00043,ManagedElement=1,ENodeBFunction=1,EUtranCellFDD=LTE01ERBS00043-2,EUtranFreqRelation=2,EUtranCellRelation=25" lastModified="1287504880674" mimName="ERBS_NODE_MODEL" mimVersion="A.9.50.J.9.1">
    <attr name="isRemoveAllowed">false</attr>
    <attr name="neighborCellRef">SubNetwork=ONRM_RootMo_R,MeContext=LTE01ERBS00043,ManagedElement=1,ENodeBFunction=1,EUtraNetwork=1,ExternalENodeBFunction=44,ExternalEUtranCellFDD=2</attr>
    <attr name="anrCreated">false</attr>
    <attr name="isHoAllowed">true</attr>
  </mo>
  <mo fdn="SubNetwork=ONRM_RootMo_R,MeContext=LTE01ERBS00043,ManagedElement=1,ENodeBFunction=1,EUtranCellFDD=LTE01ERBS00043-2,EUtranFreqRelation=2,EUtranCellRelation=28" lastModified="1287504880688" mimName="ERBS_NODE_MODEL" mimVersion="A.9.50.J.9.1">
    <attr name="isRemoveAllowed">false</attr>
    <attr name="neighborCellRef">SubNetwork=ONRM_RootMo_R,MeContext=LTE01ERBS00043,ManagedElement=1,ENodeBFunction=1,EUtraNetwork=1,ExternalENodeBFunction=46,ExternalEUtranCellFDD=1</attr>
    <attr name="anrCreated">false</attr>
    <attr name="isHoAllowed">true</attr>
  </mo>
  <mo fdn="SubNetwork=ONRM_RootMo_R,MeContext=LTE01ERBS00043,ManagedElement=1,ENodeBFunction=1,EUtranCellFDD=LTE01ERBS00043-2,EUtranFreqRelation=2,EUtranCellRelation=29" lastModified="1287504880686" mimName="ERBS_NODE_MODEL" mimVersion="A.9.50.J.9.1">
    <attr name="isRemoveAllowed">false</attr>
    <attr name="neighborCellRef">SubNetwork=ONRM_RootMo_R,MeContext=LTE01ERBS00043,ManagedElement=1,ENodeBFunction=1,EUtraNetwork=1,ExternalENodeBFunction=46,ExternalEUtranCellFDD=2</attr>
    <attr name="anrCreated">false</attr>
    <attr name="isHoAllowed">true</attr>
  </mo>
  <mo fdn="SubNetwork=ONRM_RootMo_R,MeContext=LTE01ERBS00043,ManagedElement=1,ENodeBFunction=1,EUtranCellFDD=LTE01ERBS00043-2,EUtranFreqRelation=2,EUtranCellRelation=32" lastModified="1287504880622" mimName="ERBS_NODE_MODEL" mimVersion="A.9.50.J.9.1">
    <attr name="isRemoveAllowed">false</attr>
    <attr name="neighborCellRef">SubNetwork=ONRM_RootMo_R,MeContext=LTE01ERBS00043,ManagedElement=1,ENodeBFunction=1,EUtraNetwork=1,ExternalENodeBFunction=48,ExternalEUtranCellFDD=1</attr>
    <attr name="anrCreated">false</attr>
    <attr name="isHoAllowed">true</attr>
  </mo>
  <mo fdn="SubNetwork=ONRM_RootMo_R,MeContext=LTE01ERBS00043,ManagedElement=1,ENodeBFunction=1,EUtranCellFDD=LTE01ERBS00043-2,EUtranFreqRelation=2,EUtranCellRelation=33" lastModified="1287504880679" mimName="ERBS_NODE_MODEL" mimVersion="A.9.50.J.9.1">
    <attr name="isRemoveAllowed">false</attr>
    <attr name="neighborCellRef">SubNetwork=ONRM_RootMo_R,MeContext=LTE01ERBS00043,ManagedElement=1,ENodeBFunction=1,EUtraNetwork=1,ExternalENodeBFunction=48,ExternalEUtranCellFDD=2</attr>
    <attr name="anrCreated">false</attr>
    <attr name="isHoAllowed">true</attr>
  </mo>
  <mo fdn="SubNetwork=ONRM_RootMo_R,MeContext=LTE01ERBS00043,ManagedElement=1,ENodeBFunction=1,EUtranCellFDD=LTE01ERBS00043-2,EUtranFreqRelation=2,EUtranCellRelation=6" lastModified="1287504880683" mimName="ERBS_NODE_MODEL" mimVersion="A.9.50.J.9.1">
    <attr name="isRemoveAllowed">false</attr>
    <attr name="neighborCellRef">SubNetwork=ONRM_RootMo_R,MeContext=LTE01ERBS00043,ManagedElement=1,ENodeBFunction=1,EUtraNetwork=1,ExternalENodeBFunction=34,ExternalEUtranCellFDD=1</attr>
    <attr name="anrCreated">false</attr>
    <attr name="isHoAllowed">true</attr>
  </mo>
  <mo fdn="SubNetwork=ONRM_RootMo_R,MeContext=LTE01ERBS00043,ManagedElement=1,ENodeBFunction=1,EUtranCellFDD=LTE01ERBS00043-2,EUtranFreqRelation=2,EUtranCellRelation=7" lastModified="1287504880685" mimName="ERBS_NODE_MODEL" mimVersion="A.9.50.J.9.1">
    <attr name="isRemoveAllowed">false</attr>
    <attr name="neighborCellRef">SubNetwork=ONRM_RootMo_R,MeContext=LTE01ERBS00043,ManagedElement=1,ENodeBFunction=1,EUtraNetwork=1,ExternalENodeBFunction=34,ExternalEUtranCellFDD=2</attr>
    <attr name="anrCreated">false</attr>
    <attr name="isHoAllowed">true</attr>
  </mo>
  <mo fdn="SubNetwork=ONRM_RootMo_R,MeContext=LTE01ERBS00043,ManagedElement=1,ENodeBFunction=1,EUtranCellFDD=LTE01ERBS00043-3" lastModified="1287512086324" mimName="ERBS_NODE_MODEL" mimVersion="A.9.50.J.9.1">
    <attr name="EUtranCellFDDId">LTE01ERBS00043-3</attr>
    <attr name="earfcnul">18000</attr>
    <attr name="cellId">3</attr>
    <attr name="tac">48138</attr>
    <attr name="bPlmnList">
      <seq count="1">
        <item>
          <struct>
            <attr name="mcc">311</attr>
            <attr name="mnc">480</attr>
            <attr name="mncLength">2</attr>
          </struct>
        </item>
      </seq>
    </attr>
    <attr name="earfcndl">0</attr>
    <attr name="userLabel">LTE01ERBS00043-3</attr>
  </mo>
  <mo fdn="SubNetwork=ONRM_RootMo_R,MeContext=LTE01ERBS00043,ManagedElement=1,ENodeBFunction=1,EUtranCellFDD=LTE01ERBS00043-3,EUtranFreqRelation=1,EUtranCellRelation=1" lastModified="1287501135864" mimName="ERBS_NODE_MODEL" mimVersion="A.9.50.J.9.1">
    <attr name="isRemoveAllowed">false</attr>
    <attr name="neighborCellRef">SubNetwork=ONRM_RootMo_R,MeContext=LTE01ERBS00043,ManagedElement=1,ENodeBFunction=1,EUtranCellFDD=LTE01ERBS00043-1</attr>
    <attr name="anrCreated">false</attr>
    <attr name="isHoAllowed">true</attr>
  </mo>
  <mo fdn="SubNetwork=ONRM_RootMo_R,MeContext=LTE01ERBS00043,ManagedElement=1,ENodeBFunction=1,EUtranCellFDD=LTE01ERBS00043-3,EUtranFreqRelation=1,EUtranCellRelation=12" lastModified="1287504878752" mimName="ERBS_NODE_MODEL" mimVersion="A.9.50.J.9.1">
    <attr name="isRemoveAllowed">false</attr>
    <attr name="neighborCellRef">SubNetwork=ONRM_RootMo_R,MeContext=LTE01ERBS00043,ManagedElement=1,ENodeBFunction=1,EUtraNetwork=1,ExternalENodeBFunction=37,ExternalEUtranCellFDD=3</attr>
    <attr name="anrCreated">false</attr>
    <attr name="isHoAllowed">true</attr>
  </mo>
  <mo fdn="SubNetwork=ONRM_RootMo_R,MeContext=LTE01ERBS00043,ManagedElement=1,ENodeBFunction=1,EUtranCellFDD=LTE01ERBS00043-3,EUtranFreqRelation=1,EUtranCellRelation=13" lastModified="1287504878749" mimName="ERBS_NODE_MODEL" mimVersion="A.9.50.J.9.1">
    <attr name="isRemoveAllowed">false</attr>
    <attr name="neighborCellRef">SubNetwork=ONRM_RootMo_R,MeContext=LTE01ERBS00043,ManagedElement=1,ENodeBFunction=1,EUtraNetwork=1,ExternalENodeBFunction=37,ExternalEUtranCellFDD=4</attr>
    <attr name="anrCreated">false</attr>
    <attr name="isHoAllowed">true</attr>
  </mo>
  <mo fdn="SubNetwork=ONRM_RootMo_R,MeContext=LTE01ERBS00043,ManagedElement=1,ENodeBFunction=1,EUtranCellFDD=LTE01ERBS00043-3,EUtranFreqRelation=1,EUtranCellRelation=16" lastModified="1287504878763" mimName="ERBS_NODE_MODEL" mimVersion="A.9.50.J.9.1">
    <attr name="isRemoveAllowed">false</attr>
    <attr name="neighborCellRef">SubNetwork=ONRM_RootMo_R,MeContext=LTE01ERBS00043,ManagedElement=1,ENodeBFunction=1,EUtraNetwork=1,ExternalENodeBFunction=39,ExternalEUtranCellFDD=3</attr>
    <attr name="anrCreated">false</attr>
    <attr name="isHoAllowed">true</attr>
  </mo>
  <mo fdn="SubNetwork=ONRM_RootMo_R,MeContext=LTE01ERBS00043,ManagedElement=1,ENodeBFunction=1,EUtranCellFDD=LTE01ERBS00043-3,EUtranFreqRelation=1,EUtranCellRelation=17" lastModified="1287504878762" mimName="ERBS_NODE_MODEL" mimVersion="A.9.50.J.9.1">
    <attr name="isRemoveAllowed">false</attr>
    <attr name="neighborCellRef">SubNetwork=ONRM_RootMo_R,MeContext=LTE01ERBS00043,ManagedElement=1,ENodeBFunction=1,EUtraNetwork=1,ExternalENodeBFunction=39,ExternalEUtranCellFDD=4</attr>
    <attr name="anrCreated">false</attr>
    <attr name="isHoAllowed">true</attr>
  </mo>
  <mo fdn="SubNetwork=ONRM_RootMo_R,MeContext=LTE01ERBS00043,ManagedElement=1,ENodeBFunction=1,EUtranCellFDD=LTE01ERBS00043-3,EUtranFreqRelation=1,EUtranCellRelation=2" lastModified="1287501135803" mimName="ERBS_NODE_MODEL" mimVersion="A.9.50.J.9.1">
    <attr name="isRemoveAllowed">false</attr>
    <attr name="neighborCellRef">SubNetwork=ONRM_RootMo_R,MeContext=LTE01ERBS00043,ManagedElement=1,ENodeBFunction=1,EUtranCellFDD=LTE01ERBS00043-2</attr>
    <attr name="anrCreated">false</attr>
    <attr name="isHoAllowed">true</attr>
  </mo>
  <mo fdn="SubNetwork=ONRM_RootMo_R,MeContext=LTE01ERBS00043,ManagedElement=1,ENodeBFunction=1,EUtranCellFDD=LTE01ERBS00043-3,EUtranFreqRelation=1,EUtranCellRelation=20" lastModified="1287504878755" mimName="ERBS_NODE_MODEL" mimVersion="A.9.50.J.9.1">
    <attr name="isRemoveAllowed">false</attr>
    <attr name="neighborCellRef">SubNetwork=ONRM_RootMo_R,MeContext=LTE01ERBS00043,ManagedElement=1,ENodeBFunction=1,EUtraNetwork=1,ExternalENodeBFunction=41,ExternalEUtranCellFDD=3</attr>
    <attr name="anrCreated">false</attr>
    <attr name="isHoAllowed">true</attr>
  </mo>
  <mo fdn="SubNetwork=ONRM_RootMo_R,MeContext=LTE01ERBS00043,ManagedElement=1,ENodeBFunction=1,EUtranCellFDD=LTE01ERBS00043-3,EUtranFreqRelation=1,EUtranCellRelation=21" lastModified="1287504878754" mimName="ERBS_NODE_MODEL" mimVersion="A.9.50.J.9.1">
    <attr name="isRemoveAllowed">false</attr>
    <attr name="neighborCellRef">SubNetwork=ONRM_RootMo_R,MeContext=LTE01ERBS00043,ManagedElement=1,ENodeBFunction=1,EUtraNetwork=1,ExternalENodeBFunction=41,ExternalEUtranCellFDD=4</attr>
    <attr name="anrCreated">false</attr>
    <attr name="isHoAllowed">true</attr>
  </mo>
  <mo fdn="SubNetwork=ONRM_RootMo_R,MeContext=LTE01ERBS00043,ManagedElement=1,ENodeBFunction=1,EUtranCellFDD=LTE01ERBS00043-3,EUtranFreqRelation=1,EUtranCellRelation=26" lastModified="1287504878761" mimName="ERBS_NODE_MODEL" mimVersion="A.9.50.J.9.1">
    <attr name="isRemoveAllowed">false</attr>
    <attr name="neighborCellRef">SubNetwork=ONRM_RootMo_R,MeContext=LTE01ERBS00043,ManagedElement=1,ENodeBFunction=1,EUtraNetwork=1,ExternalENodeBFunction=45,ExternalEUtranCellFDD=3</attr>
    <attr name="anrCreated">false</attr>
    <attr name="isHoAllowed">true</attr>
  </mo>
  <mo fdn="SubNetwork=ONRM_RootMo_R,MeContext=LTE01ERBS00043,ManagedElement=1,ENodeBFunction=1,EUtranCellFDD=LTE01ERBS00043-3,EUtranFreqRelation=1,EUtranCellRelation=27" lastModified="1287504878759" mimName="ERBS_NODE_MODEL" mimVersion="A.9.50.J.9.1">
    <attr name="isRemoveAllowed">false</attr>
    <attr name="neighborCellRef">SubNetwork=ONRM_RootMo_R,MeContext=LTE01ERBS00043,ManagedElement=1,ENodeBFunction=1,EUtraNetwork=1,ExternalENodeBFunction=45,ExternalEUtranCellFDD=4</attr>
    <attr name="anrCreated">false</attr>
    <attr name="isHoAllowed">true</attr>
  </mo>
  <mo fdn="SubNetwork=ONRM_RootMo_R,MeContext=LTE01ERBS00043,ManagedElement=1,ENodeBFunction=1,EUtranCellFDD=LTE01ERBS00043-3,EUtranFreqRelation=1,EUtranCellRelation=3" lastModified="1287501135781" mimName="ERBS_NODE_MODEL" mimVersion="A.9.50.J.9.1">
    <attr name="isRemoveAllowed">false</attr>
    <attr name="neighborCellRef">SubNetwork=ONRM_RootMo_R,MeContext=LTE01ERBS00043,ManagedElement=1,ENodeBFunction=1,EUtranCellFDD=LTE01ERBS00043-4</attr>
    <attr name="anrCreated">false</attr>
    <attr name="isHoAllowed">true</attr>
  </mo>
  <mo fdn="SubNetwork=ONRM_RootMo_R,MeContext=LTE01ERBS00043,ManagedElement=1,ENodeBFunction=1,EUtranCellFDD=LTE01ERBS00043-3,EUtranFreqRelation=1,EUtranCellRelation=30" lastModified="1287501629351" mimName="ERBS_NODE_MODEL" mimVersion="A.9.50.J.9.1">
    <attr name="isRemoveAllowed">false</attr>
    <attr name="neighborCellRef">SubNetwork=ONRM_RootMo_R,MeContext=LTE01ERBS00043,ManagedElement=1,ENodeBFunction=1,EUtraNetwork=1,ExternalENodeBFunction=47,ExternalEUtranCellFDD=3</attr>
    <attr name="anrCreated">false</attr>
    <attr name="isHoAllowed">true</attr>
  </mo>
  <mo fdn="SubNetwork=ONRM_RootMo_R,MeContext=LTE01ERBS00043,ManagedElement=1,ENodeBFunction=1,EUtranCellFDD=LTE01ERBS00043-3,EUtranFreqRelation=1,EUtranCellRelation=31" lastModified="1287501629348" mimName="ERBS_NODE_MODEL" mimVersion="A.9.50.J.9.1">
    <attr name="isRemoveAllowed">false</attr>
    <attr name="neighborCellRef">SubNetwork=ONRM_RootMo_R,MeContext=LTE01ERBS00043,ManagedElement=1,ENodeBFunction=1,EUtraNetwork=1,ExternalENodeBFunction=47,ExternalEUtranCellFDD=4</attr>
    <attr name="anrCreated">false</attr>
    <attr name="isHoAllowed">true</attr>
  </mo>
  <mo fdn="SubNetwork=ONRM_RootMo_R,MeContext=LTE01ERBS00043,ManagedElement=1,ENodeBFunction=1,EUtranCellFDD=LTE01ERBS00043-3,EUtranFreqRelation=1,EUtranCellRelation=4" lastModified="1287504878764" mimName="ERBS_NODE_MODEL" mimVersion="A.9.50.J.9.1">
    <attr name="isRemoveAllowed">false</attr>
    <attr name="neighborCellRef">SubNetwork=ONRM_RootMo_R,MeContext=LTE01ERBS00043,ManagedElement=1,ENodeBFunction=1,EUtraNetwork=1,ExternalENodeBFunction=33,ExternalEUtranCellFDD=3</attr>
    <attr name="anrCreated">false</attr>
    <attr name="isHoAllowed">true</attr>
  </mo>
  <mo fdn="SubNetwork=ONRM_RootMo_R,MeContext=LTE01ERBS00043,ManagedElement=1,ENodeBFunction=1,EUtranCellFDD=LTE01ERBS00043-3,EUtranFreqRelation=1,EUtranCellRelation=5" lastModified="1287504878765" mimName="ERBS_NODE_MODEL" mimVersion="A.9.50.J.9.1">
    <attr name="isRemoveAllowed">false</attr>
    <attr name="neighborCellRef">SubNetwork=ONRM_RootMo_R,MeContext=LTE01ERBS00043,ManagedElement=1,ENodeBFunction=1,EUtraNetwork=1,ExternalENodeBFunction=33,ExternalEUtranCellFDD=4</attr>
    <attr name="anrCreated">false</attr>
    <attr name="isHoAllowed">true</attr>
  </mo>
  <mo fdn="SubNetwork=ONRM_RootMo_R,MeContext=LTE01ERBS00043,ManagedElement=1,ENodeBFunction=1,EUtranCellFDD=LTE01ERBS00043-3,EUtranFreqRelation=1,EUtranCellRelation=8" lastModified="1287504878756" mimName="ERBS_NODE_MODEL" mimVersion="A.9.50.J.9.1">
    <attr name="isRemoveAllowed">false</attr>
    <attr name="neighborCellRef">SubNetwork=ONRM_RootMo_R,MeContext=LTE01ERBS00043,ManagedElement=1,ENodeBFunction=1,EUtraNetwork=1,ExternalENodeBFunction=35,ExternalEUtranCellFDD=3</attr>
    <attr name="anrCreated">false</attr>
    <attr name="isHoAllowed">true</attr>
  </mo>
  <mo fdn="SubNetwork=ONRM_RootMo_R,MeContext=LTE01ERBS00043,ManagedElement=1,ENodeBFunction=1,EUtranCellFDD=LTE01ERBS00043-3,EUtranFreqRelation=1,EUtranCellRelation=9" lastModified="1287504878758" mimName="ERBS_NODE_MODEL" mimVersion="A.9.50.J.9.1">
    <attr name="isRemoveAllowed">false</attr>
    <attr name="neighborCellRef">SubNetwork=ONRM_RootMo_R,MeContext=LTE01ERBS00043,ManagedElement=1,ENodeBFunction=1,EUtraNetwork=1,ExternalENodeBFunction=35,ExternalEUtranCellFDD=4</attr>
    <attr name="anrCreated">false</attr>
    <attr name="isHoAllowed">true</attr>
  </mo>
  <mo fdn="SubNetwork=ONRM_RootMo_R,MeContext=LTE01ERBS00043,ManagedElement=1,ENodeBFunction=1,EUtranCellFDD=LTE01ERBS00043-3,EUtranFreqRelation=2,EUtranCellRelation=10" lastModified="1287504878732" mimName="ERBS_NODE_MODEL" mimVersion="A.9.50.J.9.1">
    <attr name="isRemoveAllowed">false</attr>
    <attr name="neighborCellRef">SubNetwork=ONRM_RootMo_R,MeContext=LTE01ERBS00043,ManagedElement=1,ENodeBFunction=1,EUtraNetwork=1,ExternalENodeBFunction=36,ExternalEUtranCellFDD=3</attr>
    <attr name="anrCreated">false</attr>
    <attr name="isHoAllowed">true</attr>
  </mo>
  <mo fdn="SubNetwork=ONRM_RootMo_R,MeContext=LTE01ERBS00043,ManagedElement=1,ENodeBFunction=1,EUtranCellFDD=LTE01ERBS00043-3,EUtranFreqRelation=2,EUtranCellRelation=11" lastModified="1287504878728" mimName="ERBS_NODE_MODEL" mimVersion="A.9.50.J.9.1">
    <attr name="isRemoveAllowed">false</attr>
    <attr name="neighborCellRef">SubNetwork=ONRM_RootMo_R,MeContext=LTE01ERBS00043,ManagedElement=1,ENodeBFunction=1,EUtraNetwork=1,ExternalENodeBFunction=36,ExternalEUtranCellFDD=4</attr>
    <attr name="anrCreated">false</attr>
    <attr name="isHoAllowed">true</attr>
  </mo>
  <mo fdn="SubNetwork=ONRM_RootMo_R,MeContext=LTE01ERBS00043,ManagedElement=1,ENodeBFunction=1,EUtranCellFDD=LTE01ERBS00043-3,EUtranFreqRelation=2,EUtranCellRelation=14" lastModified="1287501629250" mimName="ERBS_NODE_MODEL" mimVersion="A.9.50.J.9.1">
    <attr name="isRemoveAllowed">false</attr>
    <attr name="neighborCellRef">SubNetwork=ONRM_RootMo_R,MeContext=LTE01ERBS00043,ManagedElement=1,ENodeBFunction=1,EUtraNetwork=1,ExternalENodeBFunction=38,ExternalEUtranCellFDD=3</attr>
    <attr name="anrCreated">false</attr>
    <attr name="isHoAllowed">true</attr>
  </mo>
  <mo fdn="SubNetwork=ONRM_RootMo_R,MeContext=LTE01ERBS00043,ManagedElement=1,ENodeBFunction=1,EUtranCellFDD=LTE01ERBS00043-3,EUtranFreqRelation=2,EUtranCellRelation=15" lastModified="1287501629344" mimName="ERBS_NODE_MODEL" mimVersion="A.9.50.J.9.1">
    <attr name="isRemoveAllowed">false</attr>
    <attr name="neighborCellRef">SubNetwork=ONRM_RootMo_R,MeContext=LTE01ERBS00043,ManagedElement=1,ENodeBFunction=1,EUtraNetwork=1,ExternalENodeBFunction=38,ExternalEUtranCellFDD=4</attr>
    <attr name="anrCreated">false</attr>
    <attr name="isHoAllowed">true</attr>
  </mo>
  <mo fdn="SubNetwork=ONRM_RootMo_R,MeContext=LTE01ERBS00043,ManagedElement=1,ENodeBFunction=1,EUtranCellFDD=LTE01ERBS00043-3,EUtranFreqRelation=2,EUtranCellRelation=18" lastModified="1287504878738" mimName="ERBS_NODE_MODEL" mimVersion="A.9.50.J.9.1">
    <attr name="isRemoveAllowed">false</attr>
    <attr name="neighborCellRef">SubNetwork=ONRM_RootMo_R,MeContext=LTE01ERBS00043,ManagedElement=1,ENodeBFunction=1,EUtraNetwork=1,ExternalENodeBFunction=40,ExternalEUtranCellFDD=3</attr>
    <attr name="anrCreated">false</attr>
    <attr name="isHoAllowed">true</attr>
  </mo>
  <mo fdn="SubNetwork=ONRM_RootMo_R,MeContext=LTE01ERBS00043,ManagedElement=1,ENodeBFunction=1,EUtranCellFDD=LTE01ERBS00043-3,EUtranFreqRelation=2,EUtranCellRelation=19" lastModified="1287504878736" mimName="ERBS_NODE_MODEL" mimVersion="A.9.50.J.9.1">
    <attr name="isRemoveAllowed">false</attr>
    <attr name="neighborCellRef">SubNetwork=ONRM_RootMo_R,MeContext=LTE01ERBS00043,ManagedElement=1,ENodeBFunction=1,EUtraNetwork=1,ExternalENodeBFunction=40,ExternalEUtranCellFDD=4</attr>
    <attr name="anrCreated">false</attr>
    <attr name="isHoAllowed">true</attr>
  </mo>
  <mo fdn="SubNetwork=ONRM_RootMo_R,MeContext=LTE01ERBS00043,ManagedElement=1,ENodeBFunction=1,EUtranCellFDD=LTE01ERBS00043-3,EUtranFreqRelation=2,EUtranCellRelation=22" lastModified="1287504878725" mimName="ERBS_NODE_MODEL" mimVersion="A.9.50.J.9.1">
    <attr name="isRemoveAllowed">false</attr>
    <attr name="neighborCellRef">SubNetwork=ONRM_RootMo_R,MeContext=LTE01ERBS00043,ManagedElement=1,ENodeBFunction=1,EUtraNetwork=1,ExternalENodeBFunction=42,ExternalEUtranCellFDD=3</attr>
    <attr name="anrCreated">false</attr>
    <attr name="isHoAllowed">true</attr>
  </mo>
  <mo fdn="SubNetwork=ONRM_RootMo_R,MeContext=LTE01ERBS00043,ManagedElement=1,ENodeBFunction=1,EUtranCellFDD=LTE01ERBS00043-3,EUtranFreqRelation=2,EUtranCellRelation=23" lastModified="1287504878722" mimName="ERBS_NODE_MODEL" mimVersion="A.9.50.J.9.1">
    <attr name="isRemoveAllowed">false</attr>
    <attr name="neighborCellRef">SubNetwork=ONRM_RootMo_R,MeContext=LTE01ERBS00043,ManagedElement=1,ENodeBFunction=1,EUtraNetwork=1,ExternalENodeBFunction=42,ExternalEUtranCellFDD=4</attr>
    <attr name="anrCreated">false</attr>
    <attr name="isHoAllowed">true</attr>
  </mo>
  <mo fdn="SubNetwork=ONRM_RootMo_R,MeContext=LTE01ERBS00043,ManagedElement=1,ENodeBFunction=1,EUtranCellFDD=LTE01ERBS00043-3,EUtranFreqRelation=2,EUtranCellRelation=24" lastModified="1287504878730" mimName="ERBS_NODE_MODEL" mimVersion="A.9.50.J.9.1">
    <attr name="isRemoveAllowed">false</attr>
    <attr name="neighborCellRef">SubNetwork=ONRM_RootMo_R,MeContext=LTE01ERBS00043,ManagedElement=1,ENodeBFunction=1,EUtraNetwork=1,ExternalENodeBFunction=44,ExternalEUtranCellFDD=3</attr>
    <attr name="anrCreated">false</attr>
    <attr name="isHoAllowed">true</attr>
  </mo>
  <mo fdn="SubNetwork=ONRM_RootMo_R,MeContext=LTE01ERBS00043,ManagedElement=1,ENodeBFunction=1,EUtranCellFDD=LTE01ERBS00043-3,EUtranFreqRelation=2,EUtranCellRelation=25" lastModified="1287504878726" mimName="ERBS_NODE_MODEL" mimVersion="A.9.50.J.9.1">
    <attr name="isRemoveAllowed">false</attr>
    <attr name="neighborCellRef">SubNetwork=ONRM_RootMo_R,MeContext=LTE01ERBS00043,ManagedElement=1,ENodeBFunction=1,EUtraNetwork=1,ExternalENodeBFunction=44,ExternalEUtranCellFDD=4</attr>
    <attr name="anrCreated">false</attr>
    <attr name="isHoAllowed">true</attr>
  </mo>
  <mo fdn="SubNetwork=ONRM_RootMo_R,MeContext=LTE01ERBS00043,ManagedElement=1,ENodeBFunction=1,EUtranCellFDD=LTE01ERBS00043-3,EUtranFreqRelation=2,EUtranCellRelation=28" lastModified="1287504878745" mimName="ERBS_NODE_MODEL" mimVersion="A.9.50.J.9.1">
    <attr name="isRemoveAllowed">false</attr>
    <attr name="neighborCellRef">SubNetwork=ONRM_RootMo_R,MeContext=LTE01ERBS00043,ManagedElement=1,ENodeBFunction=1,EUtraNetwork=1,ExternalENodeBFunction=46,ExternalEUtranCellFDD=3</attr>
    <attr name="anrCreated">false</attr>
    <attr name="isHoAllowed">true</attr>
  </mo>
  <mo fdn="SubNetwork=ONRM_RootMo_R,MeContext=LTE01ERBS00043,ManagedElement=1,ENodeBFunction=1,EUtranCellFDD=LTE01ERBS00043-3,EUtranFreqRelation=2,EUtranCellRelation=29" lastModified="1287504878741" mimName="ERBS_NODE_MODEL" mimVersion="A.9.50.J.9.1">
    <attr name="isRemoveAllowed">false</attr>
    <attr name="neighborCellRef">SubNetwork=ONRM_RootMo_R,MeContext=LTE01ERBS00043,ManagedElement=1,ENodeBFunction=1,EUtraNetwork=1,ExternalENodeBFunction=46,ExternalEUtranCellFDD=4</attr>
    <attr name="anrCreated">false</attr>
    <attr name="isHoAllowed">true</attr>
  </mo>
  <mo fdn="SubNetwork=ONRM_RootMo_R,MeContext=LTE01ERBS00043,ManagedElement=1,ENodeBFunction=1,EUtranCellFDD=LTE01ERBS00043-3,EUtranFreqRelation=2,EUtranCellRelation=32" lastModified="1287504878723" mimName="ERBS_NODE_MODEL" mimVersion="A.9.50.J.9.1">
    <attr name="isRemoveAllowed">false</attr>
    <attr name="neighborCellRef">SubNetwork=ONRM_RootMo_R,MeContext=LTE01ERBS00043,ManagedElement=1,ENodeBFunction=1,EUtraNetwork=1,ExternalENodeBFunction=48,ExternalEUtranCellFDD=3</attr>
    <attr name="anrCreated">false</attr>
    <attr name="isHoAllowed">true</attr>
  </mo>
  <mo fdn="SubNetwork=ONRM_RootMo_R,MeContext=LTE01ERBS00043,ManagedElement=1,ENodeBFunction=1,EUtranCellFDD=LTE01ERBS00043-3,EUtranFreqRelation=2,EUtranCellRelation=33" lastModified="1287504878734" mimName="ERBS_NODE_MODEL" mimVersion="A.9.50.J.9.1">
    <attr name="isRemoveAllowed">false</attr>
    <attr name="neighborCellRef">SubNetwork=ONRM_RootMo_R,MeContext=LTE01ERBS00043,ManagedElement=1,ENodeBFunction=1,EUtraNetwork=1,ExternalENodeBFunction=48,ExternalEUtranCellFDD=4</attr>
    <attr name="anrCreated">false</attr>
    <attr name="isHoAllowed">true</attr>
  </mo>
  <mo fdn="SubNetwork=ONRM_RootMo_R,MeContext=LTE01ERBS00043,ManagedElement=1,ENodeBFunction=1,EUtranCellFDD=LTE01ERBS00043-3,EUtranFreqRelation=2,EUtranCellRelation=6" lastModified="1287504878737" mimName="ERBS_NODE_MODEL" mimVersion="A.9.50.J.9.1">
    <attr name="isRemoveAllowed">false</attr>
    <attr name="neighborCellRef">SubNetwork=ONRM_RootMo_R,MeContext=LTE01ERBS00043,ManagedElement=1,ENodeBFunction=1,EUtraNetwork=1,ExternalENodeBFunction=34,ExternalEUtranCellFDD=3</attr>
    <attr name="anrCreated">false</attr>
    <attr name="isHoAllowed">true</attr>
  </mo>
  <mo fdn="SubNetwork=ONRM_RootMo_R,MeContext=LTE01ERBS00043,ManagedElement=1,ENodeBFunction=1,EUtranCellFDD=LTE01ERBS00043-3,EUtranFreqRelation=2,EUtranCellRelation=7" lastModified="1287504878740" mimName="ERBS_NODE_MODEL" mimVersion="A.9.50.J.9.1">
    <attr name="isRemoveAllowed">false</attr>
    <attr name="neighborCellRef">SubNetwork=ONRM_RootMo_R,MeContext=LTE01ERBS00043,ManagedElement=1,ENodeBFunction=1,EUtraNetwork=1,ExternalENodeBFunction=34,ExternalEUtranCellFDD=4</attr>
    <attr name="anrCreated">false</attr>
    <attr name="isHoAllowed">true</attr>
  </mo>
  <mo fdn="SubNetwork=ONRM_RootMo_R,MeContext=LTE01ERBS00043,ManagedElement=1,ENodeBFunction=1,EUtranCellFDD=LTE01ERBS00043-4" lastModified="1287512085908" mimName="ERBS_NODE_MODEL" mimVersion="A.9.50.J.9.1">
    <attr name="EUtranCellFDDId">LTE01ERBS00043-4</attr>
    <attr name="earfcnul">18000</attr>
    <attr name="cellId">4</attr>
    <attr name="tac">1</attr>
    <attr name="bPlmnList">
      <seq count="1">
        <item>
          <struct>
            <attr name="mcc">311</attr>
            <attr name="mnc">480</attr>
            <attr name="mncLength">2</attr>
          </struct>
        </item>
      </seq>
    </attr>
    <attr name="earfcndl">0</attr>
    <attr name="userLabel">LTE01ERBS00043-4</attr>
  </mo>
  <mo fdn="SubNetwork=ONRM_RootMo_R,MeContext=LTE01ERBS00043,ManagedElement=1,ENodeBFunction=1,EUtranCellFDD=LTE01ERBS00043-4,EUtranFreqRelation=1,EUtranCellRelation=1" lastModified="1287501134957" mimName="ERBS_NODE_MODEL" mimVersion="A.9.50.J.9.1">
    <attr name="isRemoveAllowed">false</attr>
    <attr name="neighborCellRef">SubNetwork=ONRM_RootMo_R,MeContext=LTE01ERBS00043,ManagedElement=1,ENodeBFunction=1,EUtranCellFDD=LTE01ERBS00043-1</attr>
    <attr name="anrCreated">false</attr>
    <attr name="isHoAllowed">true</attr>
  </mo>
  <mo fdn="SubNetwork=ONRM_RootMo_R,MeContext=LTE01ERBS00043,ManagedElement=1,ENodeBFunction=1,EUtranCellFDD=LTE01ERBS00043-4,EUtranFreqRelation=1,EUtranCellRelation=12" lastModified="1287504875496" mimName="ERBS_NODE_MODEL" mimVersion="A.9.50.J.9.1">
    <attr name="isRemoveAllowed">false</attr>
    <attr name="neighborCellRef">SubNetwork=ONRM_RootMo_R,MeContext=LTE01ERBS00043,ManagedElement=1,ENodeBFunction=1,EUtraNetwork=1,ExternalENodeBFunction=37,ExternalEUtranCellFDD=3</attr>
    <attr name="anrCreated">false</attr>
    <attr name="isHoAllowed">true</attr>
  </mo>
  <mo fdn="SubNetwork=ONRM_RootMo_R,MeContext=LTE01ERBS00043,ManagedElement=1,ENodeBFunction=1,EUtranCellFDD=LTE01ERBS00043-4,EUtranFreqRelation=1,EUtranCellRelation=13" lastModified="1287504875494" mimName="ERBS_NODE_MODEL" mimVersion="A.9.50.J.9.1">
    <attr name="isRemoveAllowed">false</attr>
    <attr name="neighborCellRef">SubNetwork=ONRM_RootMo_R,MeContext=LTE01ERBS00043,ManagedElement=1,ENodeBFunction=1,EUtraNetwork=1,ExternalENodeBFunction=37,ExternalEUtranCellFDD=4</attr>
    <attr name="anrCreated">false</attr>
    <attr name="isHoAllowed">true</attr>
  </mo>
  <mo fdn="SubNetwork=ONRM_RootMo_R,MeContext=LTE01ERBS00043,ManagedElement=1,ENodeBFunction=1,EUtranCellFDD=LTE01ERBS00043-4,EUtranFreqRelation=1,EUtranCellRelation=16" lastModified="1287504875504" mimName="ERBS_NODE_MODEL" mimVersion="A.9.50.J.9.1">
    <attr name="isRemoveAllowed">false</attr>
    <attr name="neighborCellRef">SubNetwork=ONRM_RootMo_R,MeContext=LTE01ERBS00043,ManagedElement=1,ENodeBFunction=1,EUtraNetwork=1,ExternalENodeBFunction=39,ExternalEUtranCellFDD=3</attr>
    <attr name="anrCreated">false</attr>
    <attr name="isHoAllowed">true</attr>
  </mo>
  <mo fdn="SubNetwork=ONRM_RootMo_R,MeContext=LTE01ERBS00043,ManagedElement=1,ENodeBFunction=1,EUtranCellFDD=LTE01ERBS00043-4,EUtranFreqRelation=1,EUtranCellRelation=17" lastModified="1287504875503" mimName="ERBS_NODE_MODEL" mimVersion="A.9.50.J.9.1">
    <attr name="isRemoveAllowed">false</attr>
    <attr name="neighborCellRef">SubNetwork=ONRM_RootMo_R,MeContext=LTE01ERBS00043,ManagedElement=1,ENodeBFunction=1,EUtraNetwork=1,ExternalENodeBFunction=39,ExternalEUtranCellFDD=4</attr>
    <attr name="anrCreated">false</attr>
    <attr name="isHoAllowed">true</attr>
  </mo>
  <mo fdn="SubNetwork=ONRM_RootMo_R,MeContext=LTE01ERBS00043,ManagedElement=1,ENodeBFunction=1,EUtranCellFDD=LTE01ERBS00043-4,EUtranFreqRelation=1,EUtranCellRelation=2" lastModified="1287501134926" mimName="ERBS_NODE_MODEL" mimVersion="A.9.50.J.9.1">
    <attr name="isRemoveAllowed">false</attr>
    <attr name="neighborCellRef">SubNetwork=ONRM_RootMo_R,MeContext=LTE01ERBS00043,ManagedElement=1,ENodeBFunction=1,EUtranCellFDD=LTE01ERBS00043-2</attr>
    <attr name="anrCreated">false</attr>
    <attr name="isHoAllowed">true</attr>
  </mo>
  <mo fdn="SubNetwork=ONRM_RootMo_R,MeContext=LTE01ERBS00043,ManagedElement=1,ENodeBFunction=1,EUtranCellFDD=LTE01ERBS00043-4,EUtranFreqRelation=1,EUtranCellRelation=20" lastModified="1287504875498" mimName="ERBS_NODE_MODEL" mimVersion="A.9.50.J.9.1">
    <attr name="isRemoveAllowed">false</attr>
    <attr name="neighborCellRef">SubNetwork=ONRM_RootMo_R,MeContext=LTE01ERBS00043,ManagedElement=1,ENodeBFunction=1,EUtraNetwork=1,ExternalENodeBFunction=41,ExternalEUtranCellFDD=3</attr>
    <attr name="anrCreated">false</attr>
    <attr name="isHoAllowed">true</attr>
  </mo>
  <mo fdn="SubNetwork=ONRM_RootMo_R,MeContext=LTE01ERBS00043,ManagedElement=1,ENodeBFunction=1,EUtranCellFDD=LTE01ERBS00043-4,EUtranFreqRelation=1,EUtranCellRelation=21" lastModified="1287504875498" mimName="ERBS_NODE_MODEL" mimVersion="A.9.50.J.9.1">
    <attr name="isRemoveAllowed">false</attr>
    <attr name="neighborCellRef">SubNetwork=ONRM_RootMo_R,MeContext=LTE01ERBS00043,ManagedElement=1,ENodeBFunction=1,EUtraNetwork=1,ExternalENodeBFunction=41,ExternalEUtranCellFDD=4</attr>
    <attr name="anrCreated">false</attr>
    <attr name="isHoAllowed">true</attr>
  </mo>
  <mo fdn="SubNetwork=ONRM_RootMo_R,MeContext=LTE01ERBS00043,ManagedElement=1,ENodeBFunction=1,EUtranCellFDD=LTE01ERBS00043-4,EUtranFreqRelation=1,EUtranCellRelation=26" lastModified="1287504875502" mimName="ERBS_NODE_MODEL" mimVersion="A.9.50.J.9.1">
    <attr name="isRemoveAllowed">false</attr>
    <attr name="neighborCellRef">SubNetwork=ONRM_RootMo_R,MeContext=LTE01ERBS00043,ManagedElement=1,ENodeBFunction=1,EUtraNetwork=1,ExternalENodeBFunction=45,ExternalEUtranCellFDD=3</attr>
    <attr name="anrCreated">false</attr>
    <attr name="isHoAllowed">true</attr>
  </mo>
  <mo fdn="SubNetwork=ONRM_RootMo_R,MeContext=LTE01ERBS00043,ManagedElement=1,ENodeBFunction=1,EUtranCellFDD=LTE01ERBS00043-4,EUtranFreqRelation=1,EUtranCellRelation=27" lastModified="1287504875501" mimName="ERBS_NODE_MODEL" mimVersion="A.9.50.J.9.1">
    <attr name="isRemoveAllowed">false</attr>
    <attr name="neighborCellRef">SubNetwork=ONRM_RootMo_R,MeContext=LTE01ERBS00043,ManagedElement=1,ENodeBFunction=1,EUtraNetwork=1,ExternalENodeBFunction=45,ExternalEUtranCellFDD=4</attr>
    <attr name="anrCreated">false</attr>
    <attr name="isHoAllowed">true</attr>
  </mo>
  <mo fdn="SubNetwork=ONRM_RootMo_R,MeContext=LTE01ERBS00043,ManagedElement=1,ENodeBFunction=1,EUtranCellFDD=LTE01ERBS00043-4,EUtranFreqRelation=1,EUtranCellRelation=3" lastModified="1287501134895" mimName="ERBS_NODE_MODEL" mimVersion="A.9.50.J.9.1">
    <attr name="isRemoveAllowed">false</attr>
    <attr name="neighborCellRef">SubNetwork=ONRM_RootMo_R,MeContext=LTE01ERBS00043,ManagedElement=1,ENodeBFunction=1,EUtranCellFDD=LTE01ERBS00043-3</attr>
    <attr name="anrCreated">false</attr>
    <attr name="isHoAllowed">true</attr>
  </mo>
  <mo fdn="SubNetwork=ONRM_RootMo_R,MeContext=LTE01ERBS00043,ManagedElement=1,ENodeBFunction=1,EUtranCellFDD=LTE01ERBS00043-4,EUtranFreqRelation=1,EUtranCellRelation=30" lastModified="1287501628962" mimName="ERBS_NODE_MODEL" mimVersion="A.9.50.J.9.1">
    <attr name="isRemoveAllowed">false</attr>
    <attr name="neighborCellRef">SubNetwork=ONRM_RootMo_R,MeContext=LTE01ERBS00043,ManagedElement=1,ENodeBFunction=1,EUtraNetwork=1,ExternalENodeBFunction=47,ExternalEUtranCellFDD=3</attr>
    <attr name="anrCreated">false</attr>
    <attr name="isHoAllowed">true</attr>
  </mo>
  <mo fdn="SubNetwork=ONRM_RootMo_R,MeContext=LTE01ERBS00043,ManagedElement=1,ENodeBFunction=1,EUtranCellFDD=LTE01ERBS00043-4,EUtranFreqRelation=1,EUtranCellRelation=31" lastModified="1287501628959" mimName="ERBS_NODE_MODEL" mimVersion="A.9.50.J.9.1">
    <attr name="isRemoveAllowed">false</attr>
    <attr name="neighborCellRef">SubNetwork=ONRM_RootMo_R,MeContext=LTE01ERBS00043,ManagedElement=1,ENodeBFunction=1,EUtraNetwork=1,ExternalENodeBFunction=47,ExternalEUtranCellFDD=4</attr>
    <attr name="anrCreated">false</attr>
    <attr name="isHoAllowed">true</attr>
  </mo>
  <mo fdn="SubNetwork=ONRM_RootMo_R,MeContext=LTE01ERBS00043,ManagedElement=1,ENodeBFunction=1,EUtranCellFDD=LTE01ERBS00043-4,EUtranFreqRelation=1,EUtranCellRelation=4" lastModified="1287504875506" mimName="ERBS_NODE_MODEL" mimVersion="A.9.50.J.9.1">
    <attr name="isRemoveAllowed">false</attr>
    <attr name="neighborCellRef">SubNetwork=ONRM_RootMo_R,MeContext=LTE01ERBS00043,ManagedElement=1,ENodeBFunction=1,EUtraNetwork=1,ExternalENodeBFunction=33,ExternalEUtranCellFDD=3</attr>
    <attr name="anrCreated">false</attr>
    <attr name="isHoAllowed">true</attr>
  </mo>
  <mo fdn="SubNetwork=ONRM_RootMo_R,MeContext=LTE01ERBS00043,ManagedElement=1,ENodeBFunction=1,EUtranCellFDD=LTE01ERBS00043-4,EUtranFreqRelation=1,EUtranCellRelation=5" lastModified="1287504875507" mimName="ERBS_NODE_MODEL" mimVersion="A.9.50.J.9.1">
    <attr name="isRemoveAllowed">false</attr>
    <attr name="neighborCellRef">SubNetwork=ONRM_RootMo_R,MeContext=LTE01ERBS00043,ManagedElement=1,ENodeBFunction=1,EUtraNetwork=1,ExternalENodeBFunction=33,ExternalEUtranCellFDD=4</attr>
    <attr name="anrCreated">false</attr>
    <attr name="isHoAllowed">true</attr>
  </mo>
  <mo fdn="SubNetwork=ONRM_RootMo_R,MeContext=LTE01ERBS00043,ManagedElement=1,ENodeBFunction=1,EUtranCellFDD=LTE01ERBS00043-4,EUtranFreqRelation=1,EUtranCellRelation=8" lastModified="1287504875499" mimName="ERBS_NODE_MODEL" mimVersion="A.9.50.J.9.1">
    <attr name="isRemoveAllowed">false</attr>
    <attr name="neighborCellRef">SubNetwork=ONRM_RootMo_R,MeContext=LTE01ERBS00043,ManagedElement=1,ENodeBFunction=1,EUtraNetwork=1,ExternalENodeBFunction=35,ExternalEUtranCellFDD=3</attr>
    <attr name="anrCreated">false</attr>
    <attr name="isHoAllowed">true</attr>
  </mo>
  <mo fdn="SubNetwork=ONRM_RootMo_R,MeContext=LTE01ERBS00043,ManagedElement=1,ENodeBFunction=1,EUtranCellFDD=LTE01ERBS00043-4,EUtranFreqRelation=1,EUtranCellRelation=9" lastModified="1287504875500" mimName="ERBS_NODE_MODEL" mimVersion="A.9.50.J.9.1">
    <attr name="isRemoveAllowed">false</attr>
    <attr name="neighborCellRef">SubNetwork=ONRM_RootMo_R,MeContext=LTE01ERBS00043,ManagedElement=1,ENodeBFunction=1,EUtraNetwork=1,ExternalENodeBFunction=35,ExternalEUtranCellFDD=4</attr>
    <attr name="anrCreated">false</attr>
    <attr name="isHoAllowed">true</attr>
  </mo>
  <mo fdn="SubNetwork=ONRM_RootMo_R,MeContext=LTE01ERBS00043,ManagedElement=1,ENodeBFunction=1,EUtranCellFDD=LTE01ERBS00043-4,EUtranFreqRelation=2,EUtranCellRelation=10" lastModified="1287504875481" mimName="ERBS_NODE_MODEL" mimVersion="A.9.50.J.9.1">
    <attr name="isRemoveAllowed">false</attr>
    <attr name="neighborCellRef">SubNetwork=ONRM_RootMo_R,MeContext=LTE01ERBS00043,ManagedElement=1,ENodeBFunction=1,EUtraNetwork=1,ExternalENodeBFunction=36,ExternalEUtranCellFDD=3</attr>
    <attr name="anrCreated">false</attr>
    <attr name="isHoAllowed">true</attr>
  </mo>
  <mo fdn="SubNetwork=ONRM_RootMo_R,MeContext=LTE01ERBS00043,ManagedElement=1,ENodeBFunction=1,EUtranCellFDD=LTE01ERBS00043-4,EUtranFreqRelation=2,EUtranCellRelation=11" lastModified="1287504875478" mimName="ERBS_NODE_MODEL" mimVersion="A.9.50.J.9.1">
    <attr name="isRemoveAllowed">false</attr>
    <attr name="neighborCellRef">SubNetwork=ONRM_RootMo_R,MeContext=LTE01ERBS00043,ManagedElement=1,ENodeBFunction=1,EUtraNetwork=1,ExternalENodeBFunction=36,ExternalEUtranCellFDD=4</attr>
    <attr name="anrCreated">false</attr>
    <attr name="isHoAllowed">true</attr>
  </mo>
  <mo fdn="SubNetwork=ONRM_RootMo_R,MeContext=LTE01ERBS00043,ManagedElement=1,ENodeBFunction=1,EUtranCellFDD=LTE01ERBS00043-4,EUtranFreqRelation=2,EUtranCellRelation=14" lastModified="1287501628931" mimName="ERBS_NODE_MODEL" mimVersion="A.9.50.J.9.1">
    <attr name="isRemoveAllowed">false</attr>
    <attr name="neighborCellRef">SubNetwork=ONRM_RootMo_R,MeContext=LTE01ERBS00043,ManagedElement=1,ENodeBFunction=1,EUtraNetwork=1,ExternalENodeBFunction=38,ExternalEUtranCellFDD=3</attr>
    <attr name="anrCreated">false</attr>
    <attr name="isHoAllowed">true</attr>
  </mo>
  <mo fdn="SubNetwork=ONRM_RootMo_R,MeContext=LTE01ERBS00043,ManagedElement=1,ENodeBFunction=1,EUtranCellFDD=LTE01ERBS00043-4,EUtranFreqRelation=2,EUtranCellRelation=15" lastModified="1287501628954" mimName="ERBS_NODE_MODEL" mimVersion="A.9.50.J.9.1">
    <attr name="isRemoveAllowed">false</attr>
    <attr name="neighborCellRef">SubNetwork=ONRM_RootMo_R,MeContext=LTE01ERBS00043,ManagedElement=1,ENodeBFunction=1,EUtraNetwork=1,ExternalENodeBFunction=38,ExternalEUtranCellFDD=4</attr>
    <attr name="anrCreated">false</attr>
    <attr name="isHoAllowed">true</attr>
  </mo>
  <mo fdn="SubNetwork=ONRM_RootMo_R,MeContext=LTE01ERBS00043,ManagedElement=1,ENodeBFunction=1,EUtranCellFDD=LTE01ERBS00043-4,EUtranFreqRelation=2,EUtranCellRelation=18" lastModified="1287504875486" mimName="ERBS_NODE_MODEL" mimVersion="A.9.50.J.9.1">
    <attr name="isRemoveAllowed">false</attr>
    <attr name="neighborCellRef">SubNetwork=ONRM_RootMo_R,MeContext=LTE01ERBS00043,ManagedElement=1,ENodeBFunction=1,EUtraNetwork=1,ExternalENodeBFunction=40,ExternalEUtranCellFDD=3</attr>
    <attr name="anrCreated">false</attr>
    <attr name="isHoAllowed">true</attr>
  </mo>
  <mo fdn="SubNetwork=ONRM_RootMo_R,MeContext=LTE01ERBS00043,ManagedElement=1,ENodeBFunction=1,EUtranCellFDD=LTE01ERBS00043-4,EUtranFreqRelation=2,EUtranCellRelation=19" lastModified="1287504875484" mimName="ERBS_NODE_MODEL" mimVersion="A.9.50.J.9.1">
    <attr name="isRemoveAllowed">false</attr>
    <attr name="neighborCellRef">SubNetwork=ONRM_RootMo_R,MeContext=LTE01ERBS00043,ManagedElement=1,ENodeBFunction=1,EUtraNetwork=1,ExternalENodeBFunction=40,ExternalEUtranCellFDD=4</attr>
    <attr name="anrCreated">false</attr>
    <attr name="isHoAllowed">true</attr>
  </mo>
  <mo fdn="SubNetwork=ONRM_RootMo_R,MeContext=LTE01ERBS00043,ManagedElement=1,ENodeBFunction=1,EUtranCellFDD=LTE01ERBS00043-4,EUtranFreqRelation=2,EUtranCellRelation=22" lastModified="1287504875474" mimName="ERBS_NODE_MODEL" mimVersion="A.9.50.J.9.1">
    <attr name="isRemoveAllowed">false</attr>
    <attr name="neighborCellRef">SubNetwork=ONRM_RootMo_R,MeContext=LTE01ERBS00043,ManagedElement=1,ENodeBFunction=1,EUtraNetwork=1,ExternalENodeBFunction=42,ExternalEUtranCellFDD=3</attr>
    <attr name="anrCreated">false</attr>
    <attr name="isHoAllowed">true</attr>
  </mo>
  <mo fdn="SubNetwork=ONRM_RootMo_R,MeContext=LTE01ERBS00043,ManagedElement=1,ENodeBFunction=1,EUtranCellFDD=LTE01ERBS00043-4,EUtranFreqRelation=2,EUtranCellRelation=23" lastModified="1287504875467" mimName="ERBS_NODE_MODEL" mimVersion="A.9.50.J.9.1">
    <attr name="isRemoveAllowed">false</attr>
    <attr name="neighborCellRef">SubNetwork=ONRM_RootMo_R,MeContext=LTE01ERBS00043,ManagedElement=1,ENodeBFunction=1,EUtraNetwork=1,ExternalENodeBFunction=42,ExternalEUtranCellFDD=4</attr>
    <attr name="anrCreated">false</attr>
    <attr name="isHoAllowed">true</attr>
  </mo>
  <mo fdn="SubNetwork=ONRM_RootMo_R,MeContext=LTE01ERBS00043,ManagedElement=1,ENodeBFunction=1,EUtranCellFDD=LTE01ERBS00043-4,EUtranFreqRelation=2,EUtranCellRelation=24" lastModified="1287504875480" mimName="ERBS_NODE_MODEL" mimVersion="A.9.50.J.9.1">
    <attr name="isRemoveAllowed">false</attr>
    <attr name="neighborCellRef">SubNetwork=ONRM_RootMo_R,MeContext=LTE01ERBS00043,ManagedElement=1,ENodeBFunction=1,EUtraNetwork=1,ExternalENodeBFunction=44,ExternalEUtranCellFDD=3</attr>
    <attr name="anrCreated">false</attr>
    <attr name="isHoAllowed">true</attr>
  </mo>
  <mo fdn="SubNetwork=ONRM_RootMo_R,MeContext=LTE01ERBS00043,ManagedElement=1,ENodeBFunction=1,EUtranCellFDD=LTE01ERBS00043-4,EUtranFreqRelation=2,EUtranCellRelation=25" lastModified="1287504875477" mimName="ERBS_NODE_MODEL" mimVersion="A.9.50.J.9.1">
    <attr name="isRemoveAllowed">false</attr>
    <attr name="neighborCellRef">SubNetwork=ONRM_RootMo_R,MeContext=LTE01ERBS00043,ManagedElement=1,ENodeBFunction=1,EUtraNetwork=1,ExternalENodeBFunction=44,ExternalEUtranCellFDD=4</attr>
    <attr name="anrCreated">false</attr>
    <attr name="isHoAllowed">true</attr>
  </mo>
  <mo fdn="SubNetwork=ONRM_RootMo_R,MeContext=LTE01ERBS00043,ManagedElement=1,ENodeBFunction=1,EUtranCellFDD=LTE01ERBS00043-4,EUtranFreqRelation=2,EUtranCellRelation=28" lastModified="1287504875490" mimName="ERBS_NODE_MODEL" mimVersion="A.9.50.J.9.1">
    <attr name="isRemoveAllowed">false</attr>
    <attr name="neighborCellRef">SubNetwork=ONRM_RootMo_R,MeContext=LTE01ERBS00043,ManagedElement=1,ENodeBFunction=1,EUtraNetwork=1,ExternalENodeBFunction=46,ExternalEUtranCellFDD=3</attr>
    <attr name="anrCreated">false</attr>
    <attr name="isHoAllowed">true</attr>
  </mo>
  <mo fdn="SubNetwork=ONRM_RootMo_R,MeContext=LTE01ERBS00043,ManagedElement=1,ENodeBFunction=1,EUtranCellFDD=LTE01ERBS00043-4,EUtranFreqRelation=2,EUtranCellRelation=29" lastModified="1287504875489" mimName="ERBS_NODE_MODEL" mimVersion="A.9.50.J.9.1">
    <attr name="isRemoveAllowed">false</attr>
    <attr name="neighborCellRef">SubNetwork=ONRM_RootMo_R,MeContext=LTE01ERBS00043,ManagedElement=1,ENodeBFunction=1,EUtraNetwork=1,ExternalENodeBFunction=46,ExternalEUtranCellFDD=4</attr>
    <attr name="anrCreated">false</attr>
    <attr name="isHoAllowed">true</attr>
  </mo>
  <mo fdn="SubNetwork=ONRM_RootMo_R,MeContext=LTE01ERBS00043,ManagedElement=1,ENodeBFunction=1,EUtranCellFDD=LTE01ERBS00043-4,EUtranFreqRelation=2,EUtranCellRelation=32" lastModified="1287504875471" mimName="ERBS_NODE_MODEL" mimVersion="A.9.50.J.9.1">
    <attr name="isRemoveAllowed">false</attr>
    <attr name="neighborCellRef">SubNetwork=ONRM_RootMo_R,MeContext=LTE01ERBS00043,ManagedElement=1,ENodeBFunction=1,EUtraNetwork=1,ExternalENodeBFunction=48,ExternalEUtranCellFDD=3</attr>
    <attr name="anrCreated">false</attr>
    <attr name="isHoAllowed">true</attr>
  </mo>
  <mo fdn="SubNetwork=ONRM_RootMo_R,MeContext=LTE01ERBS00043,ManagedElement=1,ENodeBFunction=1,EUtranCellFDD=LTE01ERBS00043-4,EUtranFreqRelation=2,EUtranCellRelation=33" lastModified="1287504875483" mimName="ERBS_NODE_MODEL" mimVersion="A.9.50.J.9.1">
    <attr name="isRemoveAllowed">false</attr>
    <attr name="neighborCellRef">SubNetwork=ONRM_RootMo_R,MeContext=LTE01ERBS00043,ManagedElement=1,ENodeBFunction=1,EUtraNetwork=1,ExternalENodeBFunction=48,ExternalEUtranCellFDD=4</attr>
    <attr name="anrCreated">false</attr>
    <attr name="isHoAllowed">true</attr>
  </mo>
  <mo fdn="SubNetwork=ONRM_RootMo_R,MeContext=LTE01ERBS00043,ManagedElement=1,ENodeBFunction=1,EUtranCellFDD=LTE01ERBS00043-4,EUtranFreqRelation=2,EUtranCellRelation=6" lastModified="1287504875485" mimName="ERBS_NODE_MODEL" mimVersion="A.9.50.J.9.1">
    <attr name="isRemoveAllowed">false</attr>
    <attr name="neighborCellRef">SubNetwork=ONRM_RootMo_R,MeContext=LTE01ERBS00043,ManagedElement=1,ENodeBFunction=1,EUtraNetwork=1,ExternalENodeBFunction=34,ExternalEUtranCellFDD=3</attr>
    <attr name="anrCreated">false</attr>
    <attr name="isHoAllowed">true</attr>
  </mo>
  <mo fdn="SubNetwork=ONRM_RootMo_R,MeContext=LTE01ERBS00043,ManagedElement=1,ENodeBFunction=1,EUtranCellFDD=LTE01ERBS00043-4,EUtranFreqRelation=2,EUtranCellRelation=7" lastModified="1287504875487" mimName="ERBS_NODE_MODEL" mimVersion="A.9.50.J.9.1">
    <attr name="isRemoveAllowed">false</attr>
    <attr name="neighborCellRef">SubNetwork=ONRM_RootMo_R,MeContext=LTE01ERBS00043,ManagedElement=1,ENodeBFunction=1,EUtraNetwork=1,ExternalENodeBFunction=34,ExternalEUtranCellFDD=4</attr>
    <attr name="anrCreated">false</attr>
    <attr name="isHoAllowed">true</attr>
  </mo>
</model>
