<?xml version="1.0" encoding="UTF-8" standalone="no"?><!-- Generated by nmsadm --><!-- Generated on Thu Oct 28 14:37:08 BST 2010 --><!-- Generated from configuration valid --><!-- Query - Base MO SubNetwork=ONRM_RootMo_R,MeContext=LTE02ERBS00153; Scope 8 --><model>
  <mo fdn="SubNetwork=ONRM_RootMo_R,MeContext=LTE02ERBS00153" lastModified="1288106463202" mimName="ERBS_NODE_MODEL" mimVersion="A.9.50.J.9.1">
    <attr name="MeContextId">LTE02ERBS00153</attr>
    <attr name="neMIMversion">vA.9.40</attr>
    <attr name="siteRef">SubNetwork=ONRM_RootMo_R,Site=LTE02ERBS00153</attr>
    <attr name="userLabel">LTE02ERBS00153</attr>
  </mo>
  <mo fdn="SubNetwork=ONRM_RootMo_R,MeContext=LTE02ERBS00153,ManagedElement=1,ENodeBFunction=1" lastModified="1287501658480" mimName="ERBS_NODE_MODEL" mimVersion="A.9.50.J.9.1">
    <attr name="eNodeBPlmnId">
      <struct>
        <attr name="mcc">311</attr>
        <attr name="mnc">480</attr>
        <attr name="mncLength">2</attr>
      </struct>
    </attr>
    <attr name="eNBId">191315</attr>
  </mo>
  <mo fdn="SubNetwork=ONRM_RootMo_R,MeContext=LTE02ERBS00153,ManagedElement=1,ENodeBFunction=1,EUtranCellFDD=LTE02ERBS00153-1" lastModified="1287512231679" mimName="ERBS_NODE_MODEL" mimVersion="A.9.50.J.9.1">
    <attr name="EUtranCellFDDId">LTE02ERBS00153-1</attr>
    <attr name="earfcnul">18000</attr>
    <attr name="cellId">1</attr>
    <attr name="tac">48906</attr>
    <attr name="bPlmnList">
      <seq count="1">
        <item>
          <struct>
            <attr name="mcc">311</attr>
            <attr name="mnc">480</attr>
            <attr name="mncLength">2</attr>
          </struct>
        </item>
      </seq>
    </attr>
    <attr name="earfcndl">0</attr>
    <attr name="userLabel">LTE02ERBS00153-1</attr>
  </mo>
  <mo fdn="SubNetwork=ONRM_RootMo_R,MeContext=LTE02ERBS00153,ManagedElement=1,ENodeBFunction=1,EUtranCellFDD=LTE02ERBS00153-1,EUtranFreqRelation=1,EUtranCellRelation=1" lastModified="1287501652128" mimName="ERBS_NODE_MODEL" mimVersion="A.9.50.J.9.1">
    <attr name="isRemoveAllowed">false</attr>
    <attr name="neighborCellRef">SubNetwork=ONRM_RootMo_R,MeContext=LTE02ERBS00153,ManagedElement=1,ENodeBFunction=1,EUtranCellFDD=LTE02ERBS00153-2</attr>
    <attr name="anrCreated">false</attr>
    <attr name="isHoAllowed">true</attr>
  </mo>
  <mo fdn="SubNetwork=ONRM_RootMo_R,MeContext=LTE02ERBS00153,ManagedElement=1,ENodeBFunction=1,EUtranCellFDD=LTE02ERBS00153-1,EUtranFreqRelation=1,EUtranCellRelation=12" lastModified="1287505441471" mimName="ERBS_NODE_MODEL" mimVersion="A.9.50.J.9.1">
    <attr name="isRemoveAllowed">false</attr>
    <attr name="neighborCellRef">SubNetwork=ONRM_RootMo_R,MeContext=LTE02ERBS00153,ManagedElement=1,ENodeBFunction=1,EUtraNetwork=1,ExternalENodeBFunction=309,ExternalEUtranCellFDD=1</attr>
    <attr name="anrCreated">false</attr>
    <attr name="isHoAllowed">true</attr>
  </mo>
  <mo fdn="SubNetwork=ONRM_RootMo_R,MeContext=LTE02ERBS00153,ManagedElement=1,ENodeBFunction=1,EUtranCellFDD=LTE02ERBS00153-1,EUtranFreqRelation=1,EUtranCellRelation=13" lastModified="1287505441469" mimName="ERBS_NODE_MODEL" mimVersion="A.9.50.J.9.1">
    <attr name="isRemoveAllowed">false</attr>
    <attr name="neighborCellRef">SubNetwork=ONRM_RootMo_R,MeContext=LTE02ERBS00153,ManagedElement=1,ENodeBFunction=1,EUtraNetwork=1,ExternalENodeBFunction=309,ExternalEUtranCellFDD=2</attr>
    <attr name="anrCreated">false</attr>
    <attr name="isHoAllowed">true</attr>
  </mo>
  <mo fdn="SubNetwork=ONRM_RootMo_R,MeContext=LTE02ERBS00153,ManagedElement=1,ENodeBFunction=1,EUtranCellFDD=LTE02ERBS00153-1,EUtranFreqRelation=1,EUtranCellRelation=16" lastModified="1287505441477" mimName="ERBS_NODE_MODEL" mimVersion="A.9.50.J.9.1">
    <attr name="isRemoveAllowed">false</attr>
    <attr name="neighborCellRef">SubNetwork=ONRM_RootMo_R,MeContext=LTE02ERBS00153,ManagedElement=1,ENodeBFunction=1,EUtraNetwork=1,ExternalENodeBFunction=311,ExternalEUtranCellFDD=1</attr>
    <attr name="anrCreated">false</attr>
    <attr name="isHoAllowed">true</attr>
  </mo>
  <mo fdn="SubNetwork=ONRM_RootMo_R,MeContext=LTE02ERBS00153,ManagedElement=1,ENodeBFunction=1,EUtranCellFDD=LTE02ERBS00153-1,EUtranFreqRelation=1,EUtranCellRelation=17" lastModified="1287505441476" mimName="ERBS_NODE_MODEL" mimVersion="A.9.50.J.9.1">
    <attr name="isRemoveAllowed">false</attr>
    <attr name="neighborCellRef">SubNetwork=ONRM_RootMo_R,MeContext=LTE02ERBS00153,ManagedElement=1,ENodeBFunction=1,EUtraNetwork=1,ExternalENodeBFunction=311,ExternalEUtranCellFDD=2</attr>
    <attr name="anrCreated">false</attr>
    <attr name="isHoAllowed">true</attr>
  </mo>
  <mo fdn="SubNetwork=ONRM_RootMo_R,MeContext=LTE02ERBS00153,ManagedElement=1,ENodeBFunction=1,EUtranCellFDD=LTE02ERBS00153-1,EUtranFreqRelation=1,EUtranCellRelation=2" lastModified="1287501652125" mimName="ERBS_NODE_MODEL" mimVersion="A.9.50.J.9.1">
    <attr name="isRemoveAllowed">false</attr>
    <attr name="neighborCellRef">SubNetwork=ONRM_RootMo_R,MeContext=LTE02ERBS00153,ManagedElement=1,ENodeBFunction=1,EUtranCellFDD=LTE02ERBS00153-3</attr>
    <attr name="anrCreated">false</attr>
    <attr name="isHoAllowed">true</attr>
  </mo>
  <mo fdn="SubNetwork=ONRM_RootMo_R,MeContext=LTE02ERBS00153,ManagedElement=1,ENodeBFunction=1,EUtranCellFDD=LTE02ERBS00153-1,EUtranFreqRelation=1,EUtranCellRelation=22" lastModified="1287505441468" mimName="ERBS_NODE_MODEL" mimVersion="A.9.50.J.9.1">
    <attr name="isRemoveAllowed">false</attr>
    <attr name="neighborCellRef">SubNetwork=ONRM_RootMo_R,MeContext=LTE02ERBS00153,ManagedElement=1,ENodeBFunction=1,EUtraNetwork=1,ExternalENodeBFunction=315,ExternalEUtranCellFDD=1</attr>
    <attr name="anrCreated">false</attr>
    <attr name="isHoAllowed">true</attr>
  </mo>
  <mo fdn="SubNetwork=ONRM_RootMo_R,MeContext=LTE02ERBS00153,ManagedElement=1,ENodeBFunction=1,EUtranCellFDD=LTE02ERBS00153-1,EUtranFreqRelation=1,EUtranCellRelation=23" lastModified="1287505441466" mimName="ERBS_NODE_MODEL" mimVersion="A.9.50.J.9.1">
    <attr name="isRemoveAllowed">false</attr>
    <attr name="neighborCellRef">SubNetwork=ONRM_RootMo_R,MeContext=LTE02ERBS00153,ManagedElement=1,ENodeBFunction=1,EUtraNetwork=1,ExternalENodeBFunction=315,ExternalEUtranCellFDD=2</attr>
    <attr name="anrCreated">false</attr>
    <attr name="isHoAllowed">true</attr>
  </mo>
  <mo fdn="SubNetwork=ONRM_RootMo_R,MeContext=LTE02ERBS00153,ManagedElement=1,ENodeBFunction=1,EUtranCellFDD=LTE02ERBS00153-1,EUtranFreqRelation=1,EUtranCellRelation=26" lastModified="1287505441475" mimName="ERBS_NODE_MODEL" mimVersion="A.9.50.J.9.1">
    <attr name="isRemoveAllowed">false</attr>
    <attr name="neighborCellRef">SubNetwork=ONRM_RootMo_R,MeContext=LTE02ERBS00153,ManagedElement=1,ENodeBFunction=1,EUtraNetwork=1,ExternalENodeBFunction=317,ExternalEUtranCellFDD=1</attr>
    <attr name="anrCreated">false</attr>
    <attr name="isHoAllowed">true</attr>
  </mo>
  <mo fdn="SubNetwork=ONRM_RootMo_R,MeContext=LTE02ERBS00153,ManagedElement=1,ENodeBFunction=1,EUtranCellFDD=LTE02ERBS00153-1,EUtranFreqRelation=1,EUtranCellRelation=27" lastModified="1287505441474" mimName="ERBS_NODE_MODEL" mimVersion="A.9.50.J.9.1">
    <attr name="isRemoveAllowed">false</attr>
    <attr name="neighborCellRef">SubNetwork=ONRM_RootMo_R,MeContext=LTE02ERBS00153,ManagedElement=1,ENodeBFunction=1,EUtraNetwork=1,ExternalENodeBFunction=317,ExternalEUtranCellFDD=2</attr>
    <attr name="anrCreated">false</attr>
    <attr name="isHoAllowed">true</attr>
  </mo>
  <mo fdn="SubNetwork=ONRM_RootMo_R,MeContext=LTE02ERBS00153,ManagedElement=1,ENodeBFunction=1,EUtranCellFDD=LTE02ERBS00153-1,EUtranFreqRelation=1,EUtranCellRelation=3" lastModified="1287501652121" mimName="ERBS_NODE_MODEL" mimVersion="A.9.50.J.9.1">
    <attr name="isRemoveAllowed">false</attr>
    <attr name="neighborCellRef">SubNetwork=ONRM_RootMo_R,MeContext=LTE02ERBS00153,ManagedElement=1,ENodeBFunction=1,EUtranCellFDD=LTE02ERBS00153-4</attr>
    <attr name="anrCreated">false</attr>
    <attr name="isHoAllowed">true</attr>
  </mo>
  <mo fdn="SubNetwork=ONRM_RootMo_R,MeContext=LTE02ERBS00153,ManagedElement=1,ENodeBFunction=1,EUtranCellFDD=LTE02ERBS00153-1,EUtranFreqRelation=1,EUtranCellRelation=30" lastModified="1287505441470" mimName="ERBS_NODE_MODEL" mimVersion="A.9.50.J.9.1">
    <attr name="isRemoveAllowed">false</attr>
    <attr name="neighborCellRef">SubNetwork=ONRM_RootMo_R,MeContext=LTE02ERBS00153,ManagedElement=1,ENodeBFunction=1,EUtraNetwork=1,ExternalENodeBFunction=319,ExternalEUtranCellFDD=1</attr>
    <attr name="anrCreated">false</attr>
    <attr name="isHoAllowed">true</attr>
  </mo>
  <mo fdn="SubNetwork=ONRM_RootMo_R,MeContext=LTE02ERBS00153,ManagedElement=1,ENodeBFunction=1,EUtranCellFDD=LTE02ERBS00153-1,EUtranFreqRelation=1,EUtranCellRelation=31" lastModified="1287505441467" mimName="ERBS_NODE_MODEL" mimVersion="A.9.50.J.9.1">
    <attr name="isRemoveAllowed">false</attr>
    <attr name="neighborCellRef">SubNetwork=ONRM_RootMo_R,MeContext=LTE02ERBS00153,ManagedElement=1,ENodeBFunction=1,EUtraNetwork=1,ExternalENodeBFunction=319,ExternalEUtranCellFDD=2</attr>
    <attr name="anrCreated">false</attr>
    <attr name="isHoAllowed">true</attr>
  </mo>
  <mo fdn="SubNetwork=ONRM_RootMo_R,MeContext=LTE02ERBS00153,ManagedElement=1,ENodeBFunction=1,EUtranCellFDD=LTE02ERBS00153-1,EUtranFreqRelation=1,EUtranCellRelation=4" lastModified="1287505441478" mimName="ERBS_NODE_MODEL" mimVersion="A.9.50.J.9.1">
    <attr name="isRemoveAllowed">false</attr>
    <attr name="neighborCellRef">SubNetwork=ONRM_RootMo_R,MeContext=LTE02ERBS00153,ManagedElement=1,ENodeBFunction=1,EUtraNetwork=1,ExternalENodeBFunction=305,ExternalEUtranCellFDD=1</attr>
    <attr name="anrCreated">false</attr>
    <attr name="isHoAllowed">true</attr>
  </mo>
  <mo fdn="SubNetwork=ONRM_RootMo_R,MeContext=LTE02ERBS00153,ManagedElement=1,ENodeBFunction=1,EUtranCellFDD=LTE02ERBS00153-1,EUtranFreqRelation=1,EUtranCellRelation=5" lastModified="1287505441479" mimName="ERBS_NODE_MODEL" mimVersion="A.9.50.J.9.1">
    <attr name="isRemoveAllowed">false</attr>
    <attr name="neighborCellRef">SubNetwork=ONRM_RootMo_R,MeContext=LTE02ERBS00153,ManagedElement=1,ENodeBFunction=1,EUtraNetwork=1,ExternalENodeBFunction=305,ExternalEUtranCellFDD=2</attr>
    <attr name="anrCreated">false</attr>
    <attr name="isHoAllowed">true</attr>
  </mo>
  <mo fdn="SubNetwork=ONRM_RootMo_R,MeContext=LTE02ERBS00153,ManagedElement=1,ENodeBFunction=1,EUtranCellFDD=LTE02ERBS00153-1,EUtranFreqRelation=1,EUtranCellRelation=8" lastModified="1287505441472" mimName="ERBS_NODE_MODEL" mimVersion="A.9.50.J.9.1">
    <attr name="isRemoveAllowed">false</attr>
    <attr name="neighborCellRef">SubNetwork=ONRM_RootMo_R,MeContext=LTE02ERBS00153,ManagedElement=1,ENodeBFunction=1,EUtraNetwork=1,ExternalENodeBFunction=307,ExternalEUtranCellFDD=1</attr>
    <attr name="anrCreated">false</attr>
    <attr name="isHoAllowed">true</attr>
  </mo>
  <mo fdn="SubNetwork=ONRM_RootMo_R,MeContext=LTE02ERBS00153,ManagedElement=1,ENodeBFunction=1,EUtranCellFDD=LTE02ERBS00153-1,EUtranFreqRelation=1,EUtranCellRelation=9" lastModified="1287505441473" mimName="ERBS_NODE_MODEL" mimVersion="A.9.50.J.9.1">
    <attr name="isRemoveAllowed">false</attr>
    <attr name="neighborCellRef">SubNetwork=ONRM_RootMo_R,MeContext=LTE02ERBS00153,ManagedElement=1,ENodeBFunction=1,EUtraNetwork=1,ExternalENodeBFunction=307,ExternalEUtranCellFDD=2</attr>
    <attr name="anrCreated">false</attr>
    <attr name="isHoAllowed">true</attr>
  </mo>
  <mo fdn="SubNetwork=ONRM_RootMo_R,MeContext=LTE02ERBS00153,ManagedElement=1,ENodeBFunction=1,EUtranCellFDD=LTE02ERBS00153-1,EUtranFreqRelation=2,EUtranCellRelation=10" lastModified="1287505441449" mimName="ERBS_NODE_MODEL" mimVersion="A.9.50.J.9.1">
    <attr name="isRemoveAllowed">false</attr>
    <attr name="neighborCellRef">SubNetwork=ONRM_RootMo_R,MeContext=LTE02ERBS00153,ManagedElement=1,ENodeBFunction=1,EUtraNetwork=1,ExternalENodeBFunction=308,ExternalEUtranCellFDD=1</attr>
    <attr name="anrCreated">false</attr>
    <attr name="isHoAllowed">true</attr>
  </mo>
  <mo fdn="SubNetwork=ONRM_RootMo_R,MeContext=LTE02ERBS00153,ManagedElement=1,ENodeBFunction=1,EUtranCellFDD=LTE02ERBS00153-1,EUtranFreqRelation=2,EUtranCellRelation=11" lastModified="1287505441446" mimName="ERBS_NODE_MODEL" mimVersion="A.9.50.J.9.1">
    <attr name="isRemoveAllowed">false</attr>
    <attr name="neighborCellRef">SubNetwork=ONRM_RootMo_R,MeContext=LTE02ERBS00153,ManagedElement=1,ENodeBFunction=1,EUtraNetwork=1,ExternalENodeBFunction=308,ExternalEUtranCellFDD=2</attr>
    <attr name="anrCreated">false</attr>
    <attr name="isHoAllowed">true</attr>
  </mo>
  <mo fdn="SubNetwork=ONRM_RootMo_R,MeContext=LTE02ERBS00153,ManagedElement=1,ENodeBFunction=1,EUtranCellFDD=LTE02ERBS00153-1,EUtranFreqRelation=2,EUtranCellRelation=14" lastModified="1287505441442" mimName="ERBS_NODE_MODEL" mimVersion="A.9.50.J.9.1">
    <attr name="isRemoveAllowed">false</attr>
    <attr name="neighborCellRef">SubNetwork=ONRM_RootMo_R,MeContext=LTE02ERBS00153,ManagedElement=1,ENodeBFunction=1,EUtraNetwork=1,ExternalENodeBFunction=310,ExternalEUtranCellFDD=1</attr>
    <attr name="anrCreated">false</attr>
    <attr name="isHoAllowed">true</attr>
  </mo>
  <mo fdn="SubNetwork=ONRM_RootMo_R,MeContext=LTE02ERBS00153,ManagedElement=1,ENodeBFunction=1,EUtranCellFDD=LTE02ERBS00153-1,EUtranFreqRelation=2,EUtranCellRelation=15" lastModified="1287505441463" mimName="ERBS_NODE_MODEL" mimVersion="A.9.50.J.9.1">
    <attr name="isRemoveAllowed">false</attr>
    <attr name="neighborCellRef">SubNetwork=ONRM_RootMo_R,MeContext=LTE02ERBS00153,ManagedElement=1,ENodeBFunction=1,EUtraNetwork=1,ExternalENodeBFunction=310,ExternalEUtranCellFDD=2</attr>
    <attr name="anrCreated">false</attr>
    <attr name="isHoAllowed">true</attr>
  </mo>
  <mo fdn="SubNetwork=ONRM_RootMo_R,MeContext=LTE02ERBS00153,ManagedElement=1,ENodeBFunction=1,EUtranCellFDD=LTE02ERBS00153-1,EUtranFreqRelation=2,EUtranCellRelation=18" lastModified="1287505441457" mimName="ERBS_NODE_MODEL" mimVersion="A.9.50.J.9.1">
    <attr name="isRemoveAllowed">false</attr>
    <attr name="neighborCellRef">SubNetwork=ONRM_RootMo_R,MeContext=LTE02ERBS00153,ManagedElement=1,ENodeBFunction=1,EUtraNetwork=1,ExternalENodeBFunction=312,ExternalEUtranCellFDD=1</attr>
    <attr name="anrCreated">false</attr>
    <attr name="isHoAllowed">true</attr>
  </mo>
  <mo fdn="SubNetwork=ONRM_RootMo_R,MeContext=LTE02ERBS00153,ManagedElement=1,ENodeBFunction=1,EUtranCellFDD=LTE02ERBS00153-1,EUtranFreqRelation=2,EUtranCellRelation=19" lastModified="1287505441454" mimName="ERBS_NODE_MODEL" mimVersion="A.9.50.J.9.1">
    <attr name="isRemoveAllowed">false</attr>
    <attr name="neighborCellRef">SubNetwork=ONRM_RootMo_R,MeContext=LTE02ERBS00153,ManagedElement=1,ENodeBFunction=1,EUtraNetwork=1,ExternalENodeBFunction=312,ExternalEUtranCellFDD=2</attr>
    <attr name="anrCreated">false</attr>
    <attr name="isHoAllowed">true</attr>
  </mo>
  <mo fdn="SubNetwork=ONRM_RootMo_R,MeContext=LTE02ERBS00153,ManagedElement=1,ENodeBFunction=1,EUtranCellFDD=LTE02ERBS00153-1,EUtranFreqRelation=2,EUtranCellRelation=20" lastModified="1287505441452" mimName="ERBS_NODE_MODEL" mimVersion="A.9.50.J.9.1">
    <attr name="isRemoveAllowed">false</attr>
    <attr name="neighborCellRef">SubNetwork=ONRM_RootMo_R,MeContext=LTE02ERBS00153,ManagedElement=1,ENodeBFunction=1,EUtraNetwork=1,ExternalENodeBFunction=314,ExternalEUtranCellFDD=1</attr>
    <attr name="anrCreated">false</attr>
    <attr name="isHoAllowed">true</attr>
  </mo>
  <mo fdn="SubNetwork=ONRM_RootMo_R,MeContext=LTE02ERBS00153,ManagedElement=1,ENodeBFunction=1,EUtranCellFDD=LTE02ERBS00153-1,EUtranFreqRelation=2,EUtranCellRelation=21" lastModified="1287505441450" mimName="ERBS_NODE_MODEL" mimVersion="A.9.50.J.9.1">
    <attr name="isRemoveAllowed">false</attr>
    <attr name="neighborCellRef">SubNetwork=ONRM_RootMo_R,MeContext=LTE02ERBS00153,ManagedElement=1,ENodeBFunction=1,EUtraNetwork=1,ExternalENodeBFunction=314,ExternalEUtranCellFDD=2</attr>
    <attr name="anrCreated">false</attr>
    <attr name="isHoAllowed">true</attr>
  </mo>
  <mo fdn="SubNetwork=ONRM_RootMo_R,MeContext=LTE02ERBS00153,ManagedElement=1,ENodeBFunction=1,EUtranCellFDD=LTE02ERBS00153-1,EUtranFreqRelation=2,EUtranCellRelation=24" lastModified="1287505441448" mimName="ERBS_NODE_MODEL" mimVersion="A.9.50.J.9.1">
    <attr name="isRemoveAllowed">false</attr>
    <attr name="neighborCellRef">SubNetwork=ONRM_RootMo_R,MeContext=LTE02ERBS00153,ManagedElement=1,ENodeBFunction=1,EUtraNetwork=1,ExternalENodeBFunction=316,ExternalEUtranCellFDD=1</attr>
    <attr name="anrCreated">false</attr>
    <attr name="isHoAllowed">true</attr>
  </mo>
  <mo fdn="SubNetwork=ONRM_RootMo_R,MeContext=LTE02ERBS00153,ManagedElement=1,ENodeBFunction=1,EUtranCellFDD=LTE02ERBS00153-1,EUtranFreqRelation=2,EUtranCellRelation=25" lastModified="1287505441445" mimName="ERBS_NODE_MODEL" mimVersion="A.9.50.J.9.1">
    <attr name="isRemoveAllowed">false</attr>
    <attr name="neighborCellRef">SubNetwork=ONRM_RootMo_R,MeContext=LTE02ERBS00153,ManagedElement=1,ENodeBFunction=1,EUtraNetwork=1,ExternalENodeBFunction=316,ExternalEUtranCellFDD=2</attr>
    <attr name="anrCreated">false</attr>
    <attr name="isHoAllowed">true</attr>
  </mo>
  <mo fdn="SubNetwork=ONRM_RootMo_R,MeContext=LTE02ERBS00153,ManagedElement=1,ENodeBFunction=1,EUtranCellFDD=LTE02ERBS00153-1,EUtranFreqRelation=2,EUtranCellRelation=28" lastModified="1287505441461" mimName="ERBS_NODE_MODEL" mimVersion="A.9.50.J.9.1">
    <attr name="isRemoveAllowed">false</attr>
    <attr name="neighborCellRef">SubNetwork=ONRM_RootMo_R,MeContext=LTE02ERBS00153,ManagedElement=1,ENodeBFunction=1,EUtraNetwork=1,ExternalENodeBFunction=318,ExternalEUtranCellFDD=1</attr>
    <attr name="anrCreated">false</attr>
    <attr name="isHoAllowed">true</attr>
  </mo>
  <mo fdn="SubNetwork=ONRM_RootMo_R,MeContext=LTE02ERBS00153,ManagedElement=1,ENodeBFunction=1,EUtranCellFDD=LTE02ERBS00153-1,EUtranFreqRelation=2,EUtranCellRelation=29" lastModified="1287505441459" mimName="ERBS_NODE_MODEL" mimVersion="A.9.50.J.9.1">
    <attr name="isRemoveAllowed">false</attr>
    <attr name="neighborCellRef">SubNetwork=ONRM_RootMo_R,MeContext=LTE02ERBS00153,ManagedElement=1,ENodeBFunction=1,EUtraNetwork=1,ExternalENodeBFunction=318,ExternalEUtranCellFDD=2</attr>
    <attr name="anrCreated">false</attr>
    <attr name="isHoAllowed">true</attr>
  </mo>
  <mo fdn="SubNetwork=ONRM_RootMo_R,MeContext=LTE02ERBS00153,ManagedElement=1,ENodeBFunction=1,EUtranCellFDD=LTE02ERBS00153-1,EUtranFreqRelation=2,EUtranCellRelation=32" lastModified="1287505441444" mimName="ERBS_NODE_MODEL" mimVersion="A.9.50.J.9.1">
    <attr name="isRemoveAllowed">false</attr>
    <attr name="neighborCellRef">SubNetwork=ONRM_RootMo_R,MeContext=LTE02ERBS00153,ManagedElement=1,ENodeBFunction=1,EUtraNetwork=1,ExternalENodeBFunction=320,ExternalEUtranCellFDD=1</attr>
    <attr name="anrCreated">false</attr>
    <attr name="isHoAllowed">true</attr>
  </mo>
  <mo fdn="SubNetwork=ONRM_RootMo_R,MeContext=LTE02ERBS00153,ManagedElement=1,ENodeBFunction=1,EUtranCellFDD=LTE02ERBS00153-1,EUtranFreqRelation=2,EUtranCellRelation=33" lastModified="1287505441451" mimName="ERBS_NODE_MODEL" mimVersion="A.9.50.J.9.1">
    <attr name="isRemoveAllowed">false</attr>
    <attr name="neighborCellRef">SubNetwork=ONRM_RootMo_R,MeContext=LTE02ERBS00153,ManagedElement=1,ENodeBFunction=1,EUtraNetwork=1,ExternalENodeBFunction=320,ExternalEUtranCellFDD=2</attr>
    <attr name="anrCreated">false</attr>
    <attr name="isHoAllowed">true</attr>
  </mo>
  <mo fdn="SubNetwork=ONRM_RootMo_R,MeContext=LTE02ERBS00153,ManagedElement=1,ENodeBFunction=1,EUtranCellFDD=LTE02ERBS00153-1,EUtranFreqRelation=2,EUtranCellRelation=6" lastModified="1287505441456" mimName="ERBS_NODE_MODEL" mimVersion="A.9.50.J.9.1">
    <attr name="isRemoveAllowed">false</attr>
    <attr name="neighborCellRef">SubNetwork=ONRM_RootMo_R,MeContext=LTE02ERBS00153,ManagedElement=1,ENodeBFunction=1,EUtraNetwork=1,ExternalENodeBFunction=306,ExternalEUtranCellFDD=1</attr>
    <attr name="anrCreated">false</attr>
    <attr name="isHoAllowed">true</attr>
  </mo>
  <mo fdn="SubNetwork=ONRM_RootMo_R,MeContext=LTE02ERBS00153,ManagedElement=1,ENodeBFunction=1,EUtranCellFDD=LTE02ERBS00153-1,EUtranFreqRelation=2,EUtranCellRelation=7" lastModified="1287505441458" mimName="ERBS_NODE_MODEL" mimVersion="A.9.50.J.9.1">
    <attr name="isRemoveAllowed">false</attr>
    <attr name="neighborCellRef">SubNetwork=ONRM_RootMo_R,MeContext=LTE02ERBS00153,ManagedElement=1,ENodeBFunction=1,EUtraNetwork=1,ExternalENodeBFunction=306,ExternalEUtranCellFDD=2</attr>
    <attr name="anrCreated">false</attr>
    <attr name="isHoAllowed">true</attr>
  </mo>
  <mo fdn="SubNetwork=ONRM_RootMo_R,MeContext=LTE02ERBS00153,ManagedElement=1,ENodeBFunction=1,EUtranCellFDD=LTE02ERBS00153-2" lastModified="1287512232059" mimName="ERBS_NODE_MODEL" mimVersion="A.9.50.J.9.1">
    <attr name="EUtranCellFDDId">LTE02ERBS00153-2</attr>
    <attr name="earfcnul">18000</attr>
    <attr name="cellId">2</attr>
    <attr name="tac">48906</attr>
    <attr name="bPlmnList">
      <seq count="1">
        <item>
          <struct>
            <attr name="mcc">311</attr>
            <attr name="mnc">480</attr>
            <attr name="mncLength">2</attr>
          </struct>
        </item>
      </seq>
    </attr>
    <attr name="earfcndl">0</attr>
    <attr name="userLabel">LTE02ERBS00153-2</attr>
  </mo>
  <mo fdn="SubNetwork=ONRM_RootMo_R,MeContext=LTE02ERBS00153,ManagedElement=1,ENodeBFunction=1,EUtranCellFDD=LTE02ERBS00153-2,EUtranFreqRelation=1,EUtranCellRelation=1" lastModified="1287501652571" mimName="ERBS_NODE_MODEL" mimVersion="A.9.50.J.9.1">
    <attr name="isRemoveAllowed">false</attr>
    <attr name="neighborCellRef">SubNetwork=ONRM_RootMo_R,MeContext=LTE02ERBS00153,ManagedElement=1,ENodeBFunction=1,EUtranCellFDD=LTE02ERBS00153-1</attr>
    <attr name="anrCreated">false</attr>
    <attr name="isHoAllowed">true</attr>
  </mo>
  <mo fdn="SubNetwork=ONRM_RootMo_R,MeContext=LTE02ERBS00153,ManagedElement=1,ENodeBFunction=1,EUtranCellFDD=LTE02ERBS00153-2,EUtranFreqRelation=1,EUtranCellRelation=12" lastModified="1287505442513" mimName="ERBS_NODE_MODEL" mimVersion="A.9.50.J.9.1">
    <attr name="isRemoveAllowed">false</attr>
    <attr name="neighborCellRef">SubNetwork=ONRM_RootMo_R,MeContext=LTE02ERBS00153,ManagedElement=1,ENodeBFunction=1,EUtraNetwork=1,ExternalENodeBFunction=309,ExternalEUtranCellFDD=1</attr>
    <attr name="anrCreated">false</attr>
    <attr name="isHoAllowed">true</attr>
  </mo>
  <mo fdn="SubNetwork=ONRM_RootMo_R,MeContext=LTE02ERBS00153,ManagedElement=1,ENodeBFunction=1,EUtranCellFDD=LTE02ERBS00153-2,EUtranFreqRelation=1,EUtranCellRelation=13" lastModified="1287505442511" mimName="ERBS_NODE_MODEL" mimVersion="A.9.50.J.9.1">
    <attr name="isRemoveAllowed">false</attr>
    <attr name="neighborCellRef">SubNetwork=ONRM_RootMo_R,MeContext=LTE02ERBS00153,ManagedElement=1,ENodeBFunction=1,EUtraNetwork=1,ExternalENodeBFunction=309,ExternalEUtranCellFDD=2</attr>
    <attr name="anrCreated">false</attr>
    <attr name="isHoAllowed">true</attr>
  </mo>
  <mo fdn="SubNetwork=ONRM_RootMo_R,MeContext=LTE02ERBS00153,ManagedElement=1,ENodeBFunction=1,EUtranCellFDD=LTE02ERBS00153-2,EUtranFreqRelation=1,EUtranCellRelation=16" lastModified="1287505442518" mimName="ERBS_NODE_MODEL" mimVersion="A.9.50.J.9.1">
    <attr name="isRemoveAllowed">false</attr>
    <attr name="neighborCellRef">SubNetwork=ONRM_RootMo_R,MeContext=LTE02ERBS00153,ManagedElement=1,ENodeBFunction=1,EUtraNetwork=1,ExternalENodeBFunction=311,ExternalEUtranCellFDD=1</attr>
    <attr name="anrCreated">false</attr>
    <attr name="isHoAllowed">true</attr>
  </mo>
  <mo fdn="SubNetwork=ONRM_RootMo_R,MeContext=LTE02ERBS00153,ManagedElement=1,ENodeBFunction=1,EUtranCellFDD=LTE02ERBS00153-2,EUtranFreqRelation=1,EUtranCellRelation=17" lastModified="1287505442517" mimName="ERBS_NODE_MODEL" mimVersion="A.9.50.J.9.1">
    <attr name="isRemoveAllowed">false</attr>
    <attr name="neighborCellRef">SubNetwork=ONRM_RootMo_R,MeContext=LTE02ERBS00153,ManagedElement=1,ENodeBFunction=1,EUtraNetwork=1,ExternalENodeBFunction=311,ExternalEUtranCellFDD=2</attr>
    <attr name="anrCreated">false</attr>
    <attr name="isHoAllowed">true</attr>
  </mo>
  <mo fdn="SubNetwork=ONRM_RootMo_R,MeContext=LTE02ERBS00153,ManagedElement=1,ENodeBFunction=1,EUtranCellFDD=LTE02ERBS00153-2,EUtranFreqRelation=1,EUtranCellRelation=2" lastModified="1287501652567" mimName="ERBS_NODE_MODEL" mimVersion="A.9.50.J.9.1">
    <attr name="isRemoveAllowed">false</attr>
    <attr name="neighborCellRef">SubNetwork=ONRM_RootMo_R,MeContext=LTE02ERBS00153,ManagedElement=1,ENodeBFunction=1,EUtranCellFDD=LTE02ERBS00153-3</attr>
    <attr name="anrCreated">false</attr>
    <attr name="isHoAllowed">true</attr>
  </mo>
  <mo fdn="SubNetwork=ONRM_RootMo_R,MeContext=LTE02ERBS00153,ManagedElement=1,ENodeBFunction=1,EUtranCellFDD=LTE02ERBS00153-2,EUtranFreqRelation=1,EUtranCellRelation=22" lastModified="1287505442510" mimName="ERBS_NODE_MODEL" mimVersion="A.9.50.J.9.1">
    <attr name="isRemoveAllowed">false</attr>
    <attr name="neighborCellRef">SubNetwork=ONRM_RootMo_R,MeContext=LTE02ERBS00153,ManagedElement=1,ENodeBFunction=1,EUtraNetwork=1,ExternalENodeBFunction=315,ExternalEUtranCellFDD=1</attr>
    <attr name="anrCreated">false</attr>
    <attr name="isHoAllowed">true</attr>
  </mo>
  <mo fdn="SubNetwork=ONRM_RootMo_R,MeContext=LTE02ERBS00153,ManagedElement=1,ENodeBFunction=1,EUtranCellFDD=LTE02ERBS00153-2,EUtranFreqRelation=1,EUtranCellRelation=23" lastModified="1287505442508" mimName="ERBS_NODE_MODEL" mimVersion="A.9.50.J.9.1">
    <attr name="isRemoveAllowed">false</attr>
    <attr name="neighborCellRef">SubNetwork=ONRM_RootMo_R,MeContext=LTE02ERBS00153,ManagedElement=1,ENodeBFunction=1,EUtraNetwork=1,ExternalENodeBFunction=315,ExternalEUtranCellFDD=2</attr>
    <attr name="anrCreated">false</attr>
    <attr name="isHoAllowed">true</attr>
  </mo>
  <mo fdn="SubNetwork=ONRM_RootMo_R,MeContext=LTE02ERBS00153,ManagedElement=1,ENodeBFunction=1,EUtranCellFDD=LTE02ERBS00153-2,EUtranFreqRelation=1,EUtranCellRelation=26" lastModified="1287505442517" mimName="ERBS_NODE_MODEL" mimVersion="A.9.50.J.9.1">
    <attr name="isRemoveAllowed">false</attr>
    <attr name="neighborCellRef">SubNetwork=ONRM_RootMo_R,MeContext=LTE02ERBS00153,ManagedElement=1,ENodeBFunction=1,EUtraNetwork=1,ExternalENodeBFunction=317,ExternalEUtranCellFDD=1</attr>
    <attr name="anrCreated">false</attr>
    <attr name="isHoAllowed">true</attr>
  </mo>
  <mo fdn="SubNetwork=ONRM_RootMo_R,MeContext=LTE02ERBS00153,ManagedElement=1,ENodeBFunction=1,EUtranCellFDD=LTE02ERBS00153-2,EUtranFreqRelation=1,EUtranCellRelation=27" lastModified="1287505442516" mimName="ERBS_NODE_MODEL" mimVersion="A.9.50.J.9.1">
    <attr name="isRemoveAllowed">false</attr>
    <attr name="neighborCellRef">SubNetwork=ONRM_RootMo_R,MeContext=LTE02ERBS00153,ManagedElement=1,ENodeBFunction=1,EUtraNetwork=1,ExternalENodeBFunction=317,ExternalEUtranCellFDD=2</attr>
    <attr name="anrCreated">false</attr>
    <attr name="isHoAllowed">true</attr>
  </mo>
  <mo fdn="SubNetwork=ONRM_RootMo_R,MeContext=LTE02ERBS00153,ManagedElement=1,ENodeBFunction=1,EUtranCellFDD=LTE02ERBS00153-2,EUtranFreqRelation=1,EUtranCellRelation=3" lastModified="1287501652562" mimName="ERBS_NODE_MODEL" mimVersion="A.9.50.J.9.1">
    <attr name="isRemoveAllowed">false</attr>
    <attr name="neighborCellRef">SubNetwork=ONRM_RootMo_R,MeContext=LTE02ERBS00153,ManagedElement=1,ENodeBFunction=1,EUtranCellFDD=LTE02ERBS00153-4</attr>
    <attr name="anrCreated">false</attr>
    <attr name="isHoAllowed">true</attr>
  </mo>
  <mo fdn="SubNetwork=ONRM_RootMo_R,MeContext=LTE02ERBS00153,ManagedElement=1,ENodeBFunction=1,EUtranCellFDD=LTE02ERBS00153-2,EUtranFreqRelation=1,EUtranCellRelation=30" lastModified="1287505442512" mimName="ERBS_NODE_MODEL" mimVersion="A.9.50.J.9.1">
    <attr name="isRemoveAllowed">false</attr>
    <attr name="neighborCellRef">SubNetwork=ONRM_RootMo_R,MeContext=LTE02ERBS00153,ManagedElement=1,ENodeBFunction=1,EUtraNetwork=1,ExternalENodeBFunction=319,ExternalEUtranCellFDD=1</attr>
    <attr name="anrCreated">false</attr>
    <attr name="isHoAllowed">true</attr>
  </mo>
  <mo fdn="SubNetwork=ONRM_RootMo_R,MeContext=LTE02ERBS00153,ManagedElement=1,ENodeBFunction=1,EUtranCellFDD=LTE02ERBS00153-2,EUtranFreqRelation=1,EUtranCellRelation=31" lastModified="1287505442509" mimName="ERBS_NODE_MODEL" mimVersion="A.9.50.J.9.1">
    <attr name="isRemoveAllowed">false</attr>
    <attr name="neighborCellRef">SubNetwork=ONRM_RootMo_R,MeContext=LTE02ERBS00153,ManagedElement=1,ENodeBFunction=1,EUtraNetwork=1,ExternalENodeBFunction=319,ExternalEUtranCellFDD=2</attr>
    <attr name="anrCreated">false</attr>
    <attr name="isHoAllowed">true</attr>
  </mo>
  <mo fdn="SubNetwork=ONRM_RootMo_R,MeContext=LTE02ERBS00153,ManagedElement=1,ENodeBFunction=1,EUtranCellFDD=LTE02ERBS00153-2,EUtranFreqRelation=1,EUtranCellRelation=4" lastModified="1287505442519" mimName="ERBS_NODE_MODEL" mimVersion="A.9.50.J.9.1">
    <attr name="isRemoveAllowed">false</attr>
    <attr name="neighborCellRef">SubNetwork=ONRM_RootMo_R,MeContext=LTE02ERBS00153,ManagedElement=1,ENodeBFunction=1,EUtraNetwork=1,ExternalENodeBFunction=305,ExternalEUtranCellFDD=1</attr>
    <attr name="anrCreated">false</attr>
    <attr name="isHoAllowed">true</attr>
  </mo>
  <mo fdn="SubNetwork=ONRM_RootMo_R,MeContext=LTE02ERBS00153,ManagedElement=1,ENodeBFunction=1,EUtranCellFDD=LTE02ERBS00153-2,EUtranFreqRelation=1,EUtranCellRelation=5" lastModified="1287505442521" mimName="ERBS_NODE_MODEL" mimVersion="A.9.50.J.9.1">
    <attr name="isRemoveAllowed">false</attr>
    <attr name="neighborCellRef">SubNetwork=ONRM_RootMo_R,MeContext=LTE02ERBS00153,ManagedElement=1,ENodeBFunction=1,EUtraNetwork=1,ExternalENodeBFunction=305,ExternalEUtranCellFDD=2</attr>
    <attr name="anrCreated">false</attr>
    <attr name="isHoAllowed">true</attr>
  </mo>
  <mo fdn="SubNetwork=ONRM_RootMo_R,MeContext=LTE02ERBS00153,ManagedElement=1,ENodeBFunction=1,EUtranCellFDD=LTE02ERBS00153-2,EUtranFreqRelation=1,EUtranCellRelation=8" lastModified="1287505442514" mimName="ERBS_NODE_MODEL" mimVersion="A.9.50.J.9.1">
    <attr name="isRemoveAllowed">false</attr>
    <attr name="neighborCellRef">SubNetwork=ONRM_RootMo_R,MeContext=LTE02ERBS00153,ManagedElement=1,ENodeBFunction=1,EUtraNetwork=1,ExternalENodeBFunction=307,ExternalEUtranCellFDD=1</attr>
    <attr name="anrCreated">false</attr>
    <attr name="isHoAllowed">true</attr>
  </mo>
  <mo fdn="SubNetwork=ONRM_RootMo_R,MeContext=LTE02ERBS00153,ManagedElement=1,ENodeBFunction=1,EUtranCellFDD=LTE02ERBS00153-2,EUtranFreqRelation=1,EUtranCellRelation=9" lastModified="1287505442515" mimName="ERBS_NODE_MODEL" mimVersion="A.9.50.J.9.1">
    <attr name="isRemoveAllowed">false</attr>
    <attr name="neighborCellRef">SubNetwork=ONRM_RootMo_R,MeContext=LTE02ERBS00153,ManagedElement=1,ENodeBFunction=1,EUtraNetwork=1,ExternalENodeBFunction=307,ExternalEUtranCellFDD=2</attr>
    <attr name="anrCreated">false</attr>
    <attr name="isHoAllowed">true</attr>
  </mo>
  <mo fdn="SubNetwork=ONRM_RootMo_R,MeContext=LTE02ERBS00153,ManagedElement=1,ENodeBFunction=1,EUtranCellFDD=LTE02ERBS00153-2,EUtranFreqRelation=2,EUtranCellRelation=10" lastModified="1287505442490" mimName="ERBS_NODE_MODEL" mimVersion="A.9.50.J.9.1">
    <attr name="isRemoveAllowed">false</attr>
    <attr name="neighborCellRef">SubNetwork=ONRM_RootMo_R,MeContext=LTE02ERBS00153,ManagedElement=1,ENodeBFunction=1,EUtraNetwork=1,ExternalENodeBFunction=308,ExternalEUtranCellFDD=1</attr>
    <attr name="anrCreated">false</attr>
    <attr name="isHoAllowed">true</attr>
  </mo>
  <mo fdn="SubNetwork=ONRM_RootMo_R,MeContext=LTE02ERBS00153,ManagedElement=1,ENodeBFunction=1,EUtranCellFDD=LTE02ERBS00153-2,EUtranFreqRelation=2,EUtranCellRelation=11" lastModified="1287505442488" mimName="ERBS_NODE_MODEL" mimVersion="A.9.50.J.9.1">
    <attr name="isRemoveAllowed">false</attr>
    <attr name="neighborCellRef">SubNetwork=ONRM_RootMo_R,MeContext=LTE02ERBS00153,ManagedElement=1,ENodeBFunction=1,EUtraNetwork=1,ExternalENodeBFunction=308,ExternalEUtranCellFDD=2</attr>
    <attr name="anrCreated">false</attr>
    <attr name="isHoAllowed">true</attr>
  </mo>
  <mo fdn="SubNetwork=ONRM_RootMo_R,MeContext=LTE02ERBS00153,ManagedElement=1,ENodeBFunction=1,EUtranCellFDD=LTE02ERBS00153-2,EUtranFreqRelation=2,EUtranCellRelation=14" lastModified="1287505442484" mimName="ERBS_NODE_MODEL" mimVersion="A.9.50.J.9.1">
    <attr name="isRemoveAllowed">false</attr>
    <attr name="neighborCellRef">SubNetwork=ONRM_RootMo_R,MeContext=LTE02ERBS00153,ManagedElement=1,ENodeBFunction=1,EUtraNetwork=1,ExternalENodeBFunction=310,ExternalEUtranCellFDD=1</attr>
    <attr name="anrCreated">false</attr>
    <attr name="isHoAllowed">true</attr>
  </mo>
  <mo fdn="SubNetwork=ONRM_RootMo_R,MeContext=LTE02ERBS00153,ManagedElement=1,ENodeBFunction=1,EUtranCellFDD=LTE02ERBS00153-2,EUtranFreqRelation=2,EUtranCellRelation=15" lastModified="1287505442504" mimName="ERBS_NODE_MODEL" mimVersion="A.9.50.J.9.1">
    <attr name="isRemoveAllowed">false</attr>
    <attr name="neighborCellRef">SubNetwork=ONRM_RootMo_R,MeContext=LTE02ERBS00153,ManagedElement=1,ENodeBFunction=1,EUtraNetwork=1,ExternalENodeBFunction=310,ExternalEUtranCellFDD=2</attr>
    <attr name="anrCreated">false</attr>
    <attr name="isHoAllowed">true</attr>
  </mo>
  <mo fdn="SubNetwork=ONRM_RootMo_R,MeContext=LTE02ERBS00153,ManagedElement=1,ENodeBFunction=1,EUtranCellFDD=LTE02ERBS00153-2,EUtranFreqRelation=2,EUtranCellRelation=18" lastModified="1287505442497" mimName="ERBS_NODE_MODEL" mimVersion="A.9.50.J.9.1">
    <attr name="isRemoveAllowed">false</attr>
    <attr name="neighborCellRef">SubNetwork=ONRM_RootMo_R,MeContext=LTE02ERBS00153,ManagedElement=1,ENodeBFunction=1,EUtraNetwork=1,ExternalENodeBFunction=312,ExternalEUtranCellFDD=1</attr>
    <attr name="anrCreated">false</attr>
    <attr name="isHoAllowed">true</attr>
  </mo>
  <mo fdn="SubNetwork=ONRM_RootMo_R,MeContext=LTE02ERBS00153,ManagedElement=1,ENodeBFunction=1,EUtranCellFDD=LTE02ERBS00153-2,EUtranFreqRelation=2,EUtranCellRelation=19" lastModified="1287505442495" mimName="ERBS_NODE_MODEL" mimVersion="A.9.50.J.9.1">
    <attr name="isRemoveAllowed">false</attr>
    <attr name="neighborCellRef">SubNetwork=ONRM_RootMo_R,MeContext=LTE02ERBS00153,ManagedElement=1,ENodeBFunction=1,EUtraNetwork=1,ExternalENodeBFunction=312,ExternalEUtranCellFDD=2</attr>
    <attr name="anrCreated">false</attr>
    <attr name="isHoAllowed">true</attr>
  </mo>
  <mo fdn="SubNetwork=ONRM_RootMo_R,MeContext=LTE02ERBS00153,ManagedElement=1,ENodeBFunction=1,EUtranCellFDD=LTE02ERBS00153-2,EUtranFreqRelation=2,EUtranCellRelation=20" lastModified="1287505442494" mimName="ERBS_NODE_MODEL" mimVersion="A.9.50.J.9.1">
    <attr name="isRemoveAllowed">false</attr>
    <attr name="neighborCellRef">SubNetwork=ONRM_RootMo_R,MeContext=LTE02ERBS00153,ManagedElement=1,ENodeBFunction=1,EUtraNetwork=1,ExternalENodeBFunction=314,ExternalEUtranCellFDD=1</attr>
    <attr name="anrCreated">false</attr>
    <attr name="isHoAllowed">true</attr>
  </mo>
  <mo fdn="SubNetwork=ONRM_RootMo_R,MeContext=LTE02ERBS00153,ManagedElement=1,ENodeBFunction=1,EUtranCellFDD=LTE02ERBS00153-2,EUtranFreqRelation=2,EUtranCellRelation=21" lastModified="1287505442491" mimName="ERBS_NODE_MODEL" mimVersion="A.9.50.J.9.1">
    <attr name="isRemoveAllowed">false</attr>
    <attr name="neighborCellRef">SubNetwork=ONRM_RootMo_R,MeContext=LTE02ERBS00153,ManagedElement=1,ENodeBFunction=1,EUtraNetwork=1,ExternalENodeBFunction=314,ExternalEUtranCellFDD=2</attr>
    <attr name="anrCreated">false</attr>
    <attr name="isHoAllowed">true</attr>
  </mo>
  <mo fdn="SubNetwork=ONRM_RootMo_R,MeContext=LTE02ERBS00153,ManagedElement=1,ENodeBFunction=1,EUtranCellFDD=LTE02ERBS00153-2,EUtranFreqRelation=2,EUtranCellRelation=24" lastModified="1287505442489" mimName="ERBS_NODE_MODEL" mimVersion="A.9.50.J.9.1">
    <attr name="isRemoveAllowed">false</attr>
    <attr name="neighborCellRef">SubNetwork=ONRM_RootMo_R,MeContext=LTE02ERBS00153,ManagedElement=1,ENodeBFunction=1,EUtraNetwork=1,ExternalENodeBFunction=316,ExternalEUtranCellFDD=1</attr>
    <attr name="anrCreated">false</attr>
    <attr name="isHoAllowed">true</attr>
  </mo>
  <mo fdn="SubNetwork=ONRM_RootMo_R,MeContext=LTE02ERBS00153,ManagedElement=1,ENodeBFunction=1,EUtranCellFDD=LTE02ERBS00153-2,EUtranFreqRelation=2,EUtranCellRelation=25" lastModified="1287505442487" mimName="ERBS_NODE_MODEL" mimVersion="A.9.50.J.9.1">
    <attr name="isRemoveAllowed">false</attr>
    <attr name="neighborCellRef">SubNetwork=ONRM_RootMo_R,MeContext=LTE02ERBS00153,ManagedElement=1,ENodeBFunction=1,EUtraNetwork=1,ExternalENodeBFunction=316,ExternalEUtranCellFDD=2</attr>
    <attr name="anrCreated">false</attr>
    <attr name="isHoAllowed">true</attr>
  </mo>
  <mo fdn="SubNetwork=ONRM_RootMo_R,MeContext=LTE02ERBS00153,ManagedElement=1,ENodeBFunction=1,EUtranCellFDD=LTE02ERBS00153-2,EUtranFreqRelation=2,EUtranCellRelation=28" lastModified="1287505442503" mimName="ERBS_NODE_MODEL" mimVersion="A.9.50.J.9.1">
    <attr name="isRemoveAllowed">false</attr>
    <attr name="neighborCellRef">SubNetwork=ONRM_RootMo_R,MeContext=LTE02ERBS00153,ManagedElement=1,ENodeBFunction=1,EUtraNetwork=1,ExternalENodeBFunction=318,ExternalEUtranCellFDD=1</attr>
    <attr name="anrCreated">false</attr>
    <attr name="isHoAllowed">true</attr>
  </mo>
  <mo fdn="SubNetwork=ONRM_RootMo_R,MeContext=LTE02ERBS00153,ManagedElement=1,ENodeBFunction=1,EUtranCellFDD=LTE02ERBS00153-2,EUtranFreqRelation=2,EUtranCellRelation=29" lastModified="1287505442501" mimName="ERBS_NODE_MODEL" mimVersion="A.9.50.J.9.1">
    <attr name="isRemoveAllowed">false</attr>
    <attr name="neighborCellRef">SubNetwork=ONRM_RootMo_R,MeContext=LTE02ERBS00153,ManagedElement=1,ENodeBFunction=1,EUtraNetwork=1,ExternalENodeBFunction=318,ExternalEUtranCellFDD=2</attr>
    <attr name="anrCreated">false</attr>
    <attr name="isHoAllowed">true</attr>
  </mo>
  <mo fdn="SubNetwork=ONRM_RootMo_R,MeContext=LTE02ERBS00153,ManagedElement=1,ENodeBFunction=1,EUtranCellFDD=LTE02ERBS00153-2,EUtranFreqRelation=2,EUtranCellRelation=32" lastModified="1287505442485" mimName="ERBS_NODE_MODEL" mimVersion="A.9.50.J.9.1">
    <attr name="isRemoveAllowed">false</attr>
    <attr name="neighborCellRef">SubNetwork=ONRM_RootMo_R,MeContext=LTE02ERBS00153,ManagedElement=1,ENodeBFunction=1,EUtraNetwork=1,ExternalENodeBFunction=320,ExternalEUtranCellFDD=1</attr>
    <attr name="anrCreated">false</attr>
    <attr name="isHoAllowed">true</attr>
  </mo>
  <mo fdn="SubNetwork=ONRM_RootMo_R,MeContext=LTE02ERBS00153,ManagedElement=1,ENodeBFunction=1,EUtranCellFDD=LTE02ERBS00153-2,EUtranFreqRelation=2,EUtranCellRelation=33" lastModified="1287505442493" mimName="ERBS_NODE_MODEL" mimVersion="A.9.50.J.9.1">
    <attr name="isRemoveAllowed">false</attr>
    <attr name="neighborCellRef">SubNetwork=ONRM_RootMo_R,MeContext=LTE02ERBS00153,ManagedElement=1,ENodeBFunction=1,EUtraNetwork=1,ExternalENodeBFunction=320,ExternalEUtranCellFDD=2</attr>
    <attr name="anrCreated">false</attr>
    <attr name="isHoAllowed">true</attr>
  </mo>
  <mo fdn="SubNetwork=ONRM_RootMo_R,MeContext=LTE02ERBS00153,ManagedElement=1,ENodeBFunction=1,EUtranCellFDD=LTE02ERBS00153-2,EUtranFreqRelation=2,EUtranCellRelation=6" lastModified="1287505442496" mimName="ERBS_NODE_MODEL" mimVersion="A.9.50.J.9.1">
    <attr name="isRemoveAllowed">false</attr>
    <attr name="neighborCellRef">SubNetwork=ONRM_RootMo_R,MeContext=LTE02ERBS00153,ManagedElement=1,ENodeBFunction=1,EUtraNetwork=1,ExternalENodeBFunction=306,ExternalEUtranCellFDD=1</attr>
    <attr name="anrCreated">false</attr>
    <attr name="isHoAllowed">true</attr>
  </mo>
  <mo fdn="SubNetwork=ONRM_RootMo_R,MeContext=LTE02ERBS00153,ManagedElement=1,ENodeBFunction=1,EUtranCellFDD=LTE02ERBS00153-2,EUtranFreqRelation=2,EUtranCellRelation=7" lastModified="1287505442498" mimName="ERBS_NODE_MODEL" mimVersion="A.9.50.J.9.1">
    <attr name="isRemoveAllowed">false</attr>
    <attr name="neighborCellRef">SubNetwork=ONRM_RootMo_R,MeContext=LTE02ERBS00153,ManagedElement=1,ENodeBFunction=1,EUtraNetwork=1,ExternalENodeBFunction=306,ExternalEUtranCellFDD=2</attr>
    <attr name="anrCreated">false</attr>
    <attr name="isHoAllowed">true</attr>
  </mo>
  <mo fdn="SubNetwork=ONRM_RootMo_R,MeContext=LTE02ERBS00153,ManagedElement=1,ENodeBFunction=1,EUtranCellFDD=LTE02ERBS00153-3" lastModified="1287512232443" mimName="ERBS_NODE_MODEL" mimVersion="A.9.50.J.9.1">
    <attr name="EUtranCellFDDId">LTE02ERBS00153-3</attr>
    <attr name="earfcnul">18000</attr>
    <attr name="cellId">3</attr>
    <attr name="tac">48906</attr>
    <attr name="bPlmnList">
      <seq count="1">
        <item>
          <struct>
            <attr name="mcc">311</attr>
            <attr name="mnc">480</attr>
            <attr name="mncLength">2</attr>
          </struct>
        </item>
      </seq>
    </attr>
    <attr name="earfcndl">0</attr>
    <attr name="userLabel">LTE02ERBS00153-3</attr>
  </mo>
  <mo fdn="SubNetwork=ONRM_RootMo_R,MeContext=LTE02ERBS00153,ManagedElement=1,ENodeBFunction=1,EUtranCellFDD=LTE02ERBS00153-3,EUtranFreqRelation=1,EUtranCellRelation=1" lastModified="1287501652515" mimName="ERBS_NODE_MODEL" mimVersion="A.9.50.J.9.1">
    <attr name="isRemoveAllowed">false</attr>
    <attr name="neighborCellRef">SubNetwork=ONRM_RootMo_R,MeContext=LTE02ERBS00153,ManagedElement=1,ENodeBFunction=1,EUtranCellFDD=LTE02ERBS00153-1</attr>
    <attr name="anrCreated">false</attr>
    <attr name="isHoAllowed">true</attr>
  </mo>
  <mo fdn="SubNetwork=ONRM_RootMo_R,MeContext=LTE02ERBS00153,ManagedElement=1,ENodeBFunction=1,EUtranCellFDD=LTE02ERBS00153-3,EUtranFreqRelation=1,EUtranCellRelation=12" lastModified="1287505443497" mimName="ERBS_NODE_MODEL" mimVersion="A.9.50.J.9.1">
    <attr name="isRemoveAllowed">false</attr>
    <attr name="neighborCellRef">SubNetwork=ONRM_RootMo_R,MeContext=LTE02ERBS00153,ManagedElement=1,ENodeBFunction=1,EUtraNetwork=1,ExternalENodeBFunction=309,ExternalEUtranCellFDD=3</attr>
    <attr name="anrCreated">false</attr>
    <attr name="isHoAllowed">true</attr>
  </mo>
  <mo fdn="SubNetwork=ONRM_RootMo_R,MeContext=LTE02ERBS00153,ManagedElement=1,ENodeBFunction=1,EUtranCellFDD=LTE02ERBS00153-3,EUtranFreqRelation=1,EUtranCellRelation=13" lastModified="1287505443495" mimName="ERBS_NODE_MODEL" mimVersion="A.9.50.J.9.1">
    <attr name="isRemoveAllowed">false</attr>
    <attr name="neighborCellRef">SubNetwork=ONRM_RootMo_R,MeContext=LTE02ERBS00153,ManagedElement=1,ENodeBFunction=1,EUtraNetwork=1,ExternalENodeBFunction=309,ExternalEUtranCellFDD=4</attr>
    <attr name="anrCreated">false</attr>
    <attr name="isHoAllowed">true</attr>
  </mo>
  <mo fdn="SubNetwork=ONRM_RootMo_R,MeContext=LTE02ERBS00153,ManagedElement=1,ENodeBFunction=1,EUtranCellFDD=LTE02ERBS00153-3,EUtranFreqRelation=1,EUtranCellRelation=16" lastModified="1287505443502" mimName="ERBS_NODE_MODEL" mimVersion="A.9.50.J.9.1">
    <attr name="isRemoveAllowed">false</attr>
    <attr name="neighborCellRef">SubNetwork=ONRM_RootMo_R,MeContext=LTE02ERBS00153,ManagedElement=1,ENodeBFunction=1,EUtraNetwork=1,ExternalENodeBFunction=311,ExternalEUtranCellFDD=3</attr>
    <attr name="anrCreated">false</attr>
    <attr name="isHoAllowed">true</attr>
  </mo>
  <mo fdn="SubNetwork=ONRM_RootMo_R,MeContext=LTE02ERBS00153,ManagedElement=1,ENodeBFunction=1,EUtranCellFDD=LTE02ERBS00153-3,EUtranFreqRelation=1,EUtranCellRelation=17" lastModified="1287505443501" mimName="ERBS_NODE_MODEL" mimVersion="A.9.50.J.9.1">
    <attr name="isRemoveAllowed">false</attr>
    <attr name="neighborCellRef">SubNetwork=ONRM_RootMo_R,MeContext=LTE02ERBS00153,ManagedElement=1,ENodeBFunction=1,EUtraNetwork=1,ExternalENodeBFunction=311,ExternalEUtranCellFDD=4</attr>
    <attr name="anrCreated">false</attr>
    <attr name="isHoAllowed">true</attr>
  </mo>
  <mo fdn="SubNetwork=ONRM_RootMo_R,MeContext=LTE02ERBS00153,ManagedElement=1,ENodeBFunction=1,EUtranCellFDD=LTE02ERBS00153-3,EUtranFreqRelation=1,EUtranCellRelation=2" lastModified="1287501652513" mimName="ERBS_NODE_MODEL" mimVersion="A.9.50.J.9.1">
    <attr name="isRemoveAllowed">false</attr>
    <attr name="neighborCellRef">SubNetwork=ONRM_RootMo_R,MeContext=LTE02ERBS00153,ManagedElement=1,ENodeBFunction=1,EUtranCellFDD=LTE02ERBS00153-2</attr>
    <attr name="anrCreated">false</attr>
    <attr name="isHoAllowed">true</attr>
  </mo>
  <mo fdn="SubNetwork=ONRM_RootMo_R,MeContext=LTE02ERBS00153,ManagedElement=1,ENodeBFunction=1,EUtranCellFDD=LTE02ERBS00153-3,EUtranFreqRelation=1,EUtranCellRelation=22" lastModified="1287505443494" mimName="ERBS_NODE_MODEL" mimVersion="A.9.50.J.9.1">
    <attr name="isRemoveAllowed">false</attr>
    <attr name="neighborCellRef">SubNetwork=ONRM_RootMo_R,MeContext=LTE02ERBS00153,ManagedElement=1,ENodeBFunction=1,EUtraNetwork=1,ExternalENodeBFunction=315,ExternalEUtranCellFDD=3</attr>
    <attr name="anrCreated">false</attr>
    <attr name="isHoAllowed">true</attr>
  </mo>
  <mo fdn="SubNetwork=ONRM_RootMo_R,MeContext=LTE02ERBS00153,ManagedElement=1,ENodeBFunction=1,EUtranCellFDD=LTE02ERBS00153-3,EUtranFreqRelation=1,EUtranCellRelation=23" lastModified="1287505443492" mimName="ERBS_NODE_MODEL" mimVersion="A.9.50.J.9.1">
    <attr name="isRemoveAllowed">false</attr>
    <attr name="neighborCellRef">SubNetwork=ONRM_RootMo_R,MeContext=LTE02ERBS00153,ManagedElement=1,ENodeBFunction=1,EUtraNetwork=1,ExternalENodeBFunction=315,ExternalEUtranCellFDD=4</attr>
    <attr name="anrCreated">false</attr>
    <attr name="isHoAllowed">true</attr>
  </mo>
  <mo fdn="SubNetwork=ONRM_RootMo_R,MeContext=LTE02ERBS00153,ManagedElement=1,ENodeBFunction=1,EUtranCellFDD=LTE02ERBS00153-3,EUtranFreqRelation=1,EUtranCellRelation=26" lastModified="1287505443500" mimName="ERBS_NODE_MODEL" mimVersion="A.9.50.J.9.1">
    <attr name="isRemoveAllowed">false</attr>
    <attr name="neighborCellRef">SubNetwork=ONRM_RootMo_R,MeContext=LTE02ERBS00153,ManagedElement=1,ENodeBFunction=1,EUtraNetwork=1,ExternalENodeBFunction=317,ExternalEUtranCellFDD=3</attr>
    <attr name="anrCreated">false</attr>
    <attr name="isHoAllowed">true</attr>
  </mo>
  <mo fdn="SubNetwork=ONRM_RootMo_R,MeContext=LTE02ERBS00153,ManagedElement=1,ENodeBFunction=1,EUtranCellFDD=LTE02ERBS00153-3,EUtranFreqRelation=1,EUtranCellRelation=27" lastModified="1287505443499" mimName="ERBS_NODE_MODEL" mimVersion="A.9.50.J.9.1">
    <attr name="isRemoveAllowed">false</attr>
    <attr name="neighborCellRef">SubNetwork=ONRM_RootMo_R,MeContext=LTE02ERBS00153,ManagedElement=1,ENodeBFunction=1,EUtraNetwork=1,ExternalENodeBFunction=317,ExternalEUtranCellFDD=4</attr>
    <attr name="anrCreated">false</attr>
    <attr name="isHoAllowed">true</attr>
  </mo>
  <mo fdn="SubNetwork=ONRM_RootMo_R,MeContext=LTE02ERBS00153,ManagedElement=1,ENodeBFunction=1,EUtranCellFDD=LTE02ERBS00153-3,EUtranFreqRelation=1,EUtranCellRelation=3" lastModified="1287501652509" mimName="ERBS_NODE_MODEL" mimVersion="A.9.50.J.9.1">
    <attr name="isRemoveAllowed">false</attr>
    <attr name="neighborCellRef">SubNetwork=ONRM_RootMo_R,MeContext=LTE02ERBS00153,ManagedElement=1,ENodeBFunction=1,EUtranCellFDD=LTE02ERBS00153-4</attr>
    <attr name="anrCreated">false</attr>
    <attr name="isHoAllowed">true</attr>
  </mo>
  <mo fdn="SubNetwork=ONRM_RootMo_R,MeContext=LTE02ERBS00153,ManagedElement=1,ENodeBFunction=1,EUtranCellFDD=LTE02ERBS00153-3,EUtranFreqRelation=1,EUtranCellRelation=30" lastModified="1287505443496" mimName="ERBS_NODE_MODEL" mimVersion="A.9.50.J.9.1">
    <attr name="isRemoveAllowed">false</attr>
    <attr name="neighborCellRef">SubNetwork=ONRM_RootMo_R,MeContext=LTE02ERBS00153,ManagedElement=1,ENodeBFunction=1,EUtraNetwork=1,ExternalENodeBFunction=319,ExternalEUtranCellFDD=3</attr>
    <attr name="anrCreated">false</attr>
    <attr name="isHoAllowed">true</attr>
  </mo>
  <mo fdn="SubNetwork=ONRM_RootMo_R,MeContext=LTE02ERBS00153,ManagedElement=1,ENodeBFunction=1,EUtranCellFDD=LTE02ERBS00153-3,EUtranFreqRelation=1,EUtranCellRelation=31" lastModified="1287505443493" mimName="ERBS_NODE_MODEL" mimVersion="A.9.50.J.9.1">
    <attr name="isRemoveAllowed">false</attr>
    <attr name="neighborCellRef">SubNetwork=ONRM_RootMo_R,MeContext=LTE02ERBS00153,ManagedElement=1,ENodeBFunction=1,EUtraNetwork=1,ExternalENodeBFunction=319,ExternalEUtranCellFDD=4</attr>
    <attr name="anrCreated">false</attr>
    <attr name="isHoAllowed">true</attr>
  </mo>
  <mo fdn="SubNetwork=ONRM_RootMo_R,MeContext=LTE02ERBS00153,ManagedElement=1,ENodeBFunction=1,EUtranCellFDD=LTE02ERBS00153-3,EUtranFreqRelation=1,EUtranCellRelation=4" lastModified="1287505443502" mimName="ERBS_NODE_MODEL" mimVersion="A.9.50.J.9.1">
    <attr name="isRemoveAllowed">false</attr>
    <attr name="neighborCellRef">SubNetwork=ONRM_RootMo_R,MeContext=LTE02ERBS00153,ManagedElement=1,ENodeBFunction=1,EUtraNetwork=1,ExternalENodeBFunction=305,ExternalEUtranCellFDD=3</attr>
    <attr name="anrCreated">false</attr>
    <attr name="isHoAllowed">true</attr>
  </mo>
  <mo fdn="SubNetwork=ONRM_RootMo_R,MeContext=LTE02ERBS00153,ManagedElement=1,ENodeBFunction=1,EUtranCellFDD=LTE02ERBS00153-3,EUtranFreqRelation=1,EUtranCellRelation=5" lastModified="1287505443503" mimName="ERBS_NODE_MODEL" mimVersion="A.9.50.J.9.1">
    <attr name="isRemoveAllowed">false</attr>
    <attr name="neighborCellRef">SubNetwork=ONRM_RootMo_R,MeContext=LTE02ERBS00153,ManagedElement=1,ENodeBFunction=1,EUtraNetwork=1,ExternalENodeBFunction=305,ExternalEUtranCellFDD=4</attr>
    <attr name="anrCreated">false</attr>
    <attr name="isHoAllowed">true</attr>
  </mo>
  <mo fdn="SubNetwork=ONRM_RootMo_R,MeContext=LTE02ERBS00153,ManagedElement=1,ENodeBFunction=1,EUtranCellFDD=LTE02ERBS00153-3,EUtranFreqRelation=1,EUtranCellRelation=8" lastModified="1287505443497" mimName="ERBS_NODE_MODEL" mimVersion="A.9.50.J.9.1">
    <attr name="isRemoveAllowed">false</attr>
    <attr name="neighborCellRef">SubNetwork=ONRM_RootMo_R,MeContext=LTE02ERBS00153,ManagedElement=1,ENodeBFunction=1,EUtraNetwork=1,ExternalENodeBFunction=307,ExternalEUtranCellFDD=3</attr>
    <attr name="anrCreated">false</attr>
    <attr name="isHoAllowed">true</attr>
  </mo>
  <mo fdn="SubNetwork=ONRM_RootMo_R,MeContext=LTE02ERBS00153,ManagedElement=1,ENodeBFunction=1,EUtranCellFDD=LTE02ERBS00153-3,EUtranFreqRelation=1,EUtranCellRelation=9" lastModified="1287505443498" mimName="ERBS_NODE_MODEL" mimVersion="A.9.50.J.9.1">
    <attr name="isRemoveAllowed">false</attr>
    <attr name="neighborCellRef">SubNetwork=ONRM_RootMo_R,MeContext=LTE02ERBS00153,ManagedElement=1,ENodeBFunction=1,EUtraNetwork=1,ExternalENodeBFunction=307,ExternalEUtranCellFDD=4</attr>
    <attr name="anrCreated">false</attr>
    <attr name="isHoAllowed">true</attr>
  </mo>
  <mo fdn="SubNetwork=ONRM_RootMo_R,MeContext=LTE02ERBS00153,ManagedElement=1,ENodeBFunction=1,EUtranCellFDD=LTE02ERBS00153-3,EUtranFreqRelation=2,EUtranCellRelation=10" lastModified="1287505443476" mimName="ERBS_NODE_MODEL" mimVersion="A.9.50.J.9.1">
    <attr name="isRemoveAllowed">false</attr>
    <attr name="neighborCellRef">SubNetwork=ONRM_RootMo_R,MeContext=LTE02ERBS00153,ManagedElement=1,ENodeBFunction=1,EUtraNetwork=1,ExternalENodeBFunction=308,ExternalEUtranCellFDD=3</attr>
    <attr name="anrCreated">false</attr>
    <attr name="isHoAllowed">true</attr>
  </mo>
  <mo fdn="SubNetwork=ONRM_RootMo_R,MeContext=LTE02ERBS00153,ManagedElement=1,ENodeBFunction=1,EUtranCellFDD=LTE02ERBS00153-3,EUtranFreqRelation=2,EUtranCellRelation=11" lastModified="1287505443473" mimName="ERBS_NODE_MODEL" mimVersion="A.9.50.J.9.1">
    <attr name="isRemoveAllowed">false</attr>
    <attr name="neighborCellRef">SubNetwork=ONRM_RootMo_R,MeContext=LTE02ERBS00153,ManagedElement=1,ENodeBFunction=1,EUtraNetwork=1,ExternalENodeBFunction=308,ExternalEUtranCellFDD=4</attr>
    <attr name="anrCreated">false</attr>
    <attr name="isHoAllowed">true</attr>
  </mo>
  <mo fdn="SubNetwork=ONRM_RootMo_R,MeContext=LTE02ERBS00153,ManagedElement=1,ENodeBFunction=1,EUtranCellFDD=LTE02ERBS00153-3,EUtranFreqRelation=2,EUtranCellRelation=14" lastModified="1287505443468" mimName="ERBS_NODE_MODEL" mimVersion="A.9.50.J.9.1">
    <attr name="isRemoveAllowed">false</attr>
    <attr name="neighborCellRef">SubNetwork=ONRM_RootMo_R,MeContext=LTE02ERBS00153,ManagedElement=1,ENodeBFunction=1,EUtraNetwork=1,ExternalENodeBFunction=310,ExternalEUtranCellFDD=3</attr>
    <attr name="anrCreated">false</attr>
    <attr name="isHoAllowed">true</attr>
  </mo>
  <mo fdn="SubNetwork=ONRM_RootMo_R,MeContext=LTE02ERBS00153,ManagedElement=1,ENodeBFunction=1,EUtranCellFDD=LTE02ERBS00153-3,EUtranFreqRelation=2,EUtranCellRelation=15" lastModified="1287505443489" mimName="ERBS_NODE_MODEL" mimVersion="A.9.50.J.9.1">
    <attr name="isRemoveAllowed">false</attr>
    <attr name="neighborCellRef">SubNetwork=ONRM_RootMo_R,MeContext=LTE02ERBS00153,ManagedElement=1,ENodeBFunction=1,EUtraNetwork=1,ExternalENodeBFunction=310,ExternalEUtranCellFDD=4</attr>
    <attr name="anrCreated">false</attr>
    <attr name="isHoAllowed">true</attr>
  </mo>
  <mo fdn="SubNetwork=ONRM_RootMo_R,MeContext=LTE02ERBS00153,ManagedElement=1,ENodeBFunction=1,EUtranCellFDD=LTE02ERBS00153-3,EUtranFreqRelation=2,EUtranCellRelation=18" lastModified="1287505443485" mimName="ERBS_NODE_MODEL" mimVersion="A.9.50.J.9.1">
    <attr name="isRemoveAllowed">false</attr>
    <attr name="neighborCellRef">SubNetwork=ONRM_RootMo_R,MeContext=LTE02ERBS00153,ManagedElement=1,ENodeBFunction=1,EUtraNetwork=1,ExternalENodeBFunction=312,ExternalEUtranCellFDD=3</attr>
    <attr name="anrCreated">false</attr>
    <attr name="isHoAllowed">true</attr>
  </mo>
  <mo fdn="SubNetwork=ONRM_RootMo_R,MeContext=LTE02ERBS00153,ManagedElement=1,ENodeBFunction=1,EUtranCellFDD=LTE02ERBS00153-3,EUtranFreqRelation=2,EUtranCellRelation=19" lastModified="1287505443482" mimName="ERBS_NODE_MODEL" mimVersion="A.9.50.J.9.1">
    <attr name="isRemoveAllowed">false</attr>
    <attr name="neighborCellRef">SubNetwork=ONRM_RootMo_R,MeContext=LTE02ERBS00153,ManagedElement=1,ENodeBFunction=1,EUtraNetwork=1,ExternalENodeBFunction=312,ExternalEUtranCellFDD=4</attr>
    <attr name="anrCreated">false</attr>
    <attr name="isHoAllowed">true</attr>
  </mo>
  <mo fdn="SubNetwork=ONRM_RootMo_R,MeContext=LTE02ERBS00153,ManagedElement=1,ENodeBFunction=1,EUtranCellFDD=LTE02ERBS00153-3,EUtranFreqRelation=2,EUtranCellRelation=20" lastModified="1287505443480" mimName="ERBS_NODE_MODEL" mimVersion="A.9.50.J.9.1">
    <attr name="isRemoveAllowed">false</attr>
    <attr name="neighborCellRef">SubNetwork=ONRM_RootMo_R,MeContext=LTE02ERBS00153,ManagedElement=1,ENodeBFunction=1,EUtraNetwork=1,ExternalENodeBFunction=314,ExternalEUtranCellFDD=3</attr>
    <attr name="anrCreated">false</attr>
    <attr name="isHoAllowed">true</attr>
  </mo>
  <mo fdn="SubNetwork=ONRM_RootMo_R,MeContext=LTE02ERBS00153,ManagedElement=1,ENodeBFunction=1,EUtranCellFDD=LTE02ERBS00153-3,EUtranFreqRelation=2,EUtranCellRelation=21" lastModified="1287505443477" mimName="ERBS_NODE_MODEL" mimVersion="A.9.50.J.9.1">
    <attr name="isRemoveAllowed">false</attr>
    <attr name="neighborCellRef">SubNetwork=ONRM_RootMo_R,MeContext=LTE02ERBS00153,ManagedElement=1,ENodeBFunction=1,EUtraNetwork=1,ExternalENodeBFunction=314,ExternalEUtranCellFDD=4</attr>
    <attr name="anrCreated">false</attr>
    <attr name="isHoAllowed">true</attr>
  </mo>
  <mo fdn="SubNetwork=ONRM_RootMo_R,MeContext=LTE02ERBS00153,ManagedElement=1,ENodeBFunction=1,EUtranCellFDD=LTE02ERBS00153-3,EUtranFreqRelation=2,EUtranCellRelation=24" lastModified="1287505443475" mimName="ERBS_NODE_MODEL" mimVersion="A.9.50.J.9.1">
    <attr name="isRemoveAllowed">false</attr>
    <attr name="neighborCellRef">SubNetwork=ONRM_RootMo_R,MeContext=LTE02ERBS00153,ManagedElement=1,ENodeBFunction=1,EUtraNetwork=1,ExternalENodeBFunction=316,ExternalEUtranCellFDD=3</attr>
    <attr name="anrCreated">false</attr>
    <attr name="isHoAllowed">true</attr>
  </mo>
  <mo fdn="SubNetwork=ONRM_RootMo_R,MeContext=LTE02ERBS00153,ManagedElement=1,ENodeBFunction=1,EUtranCellFDD=LTE02ERBS00153-3,EUtranFreqRelation=2,EUtranCellRelation=25" lastModified="1287505443471" mimName="ERBS_NODE_MODEL" mimVersion="A.9.50.J.9.1">
    <attr name="isRemoveAllowed">false</attr>
    <attr name="neighborCellRef">SubNetwork=ONRM_RootMo_R,MeContext=LTE02ERBS00153,ManagedElement=1,ENodeBFunction=1,EUtraNetwork=1,ExternalENodeBFunction=316,ExternalEUtranCellFDD=4</attr>
    <attr name="anrCreated">false</attr>
    <attr name="isHoAllowed">true</attr>
  </mo>
  <mo fdn="SubNetwork=ONRM_RootMo_R,MeContext=LTE02ERBS00153,ManagedElement=1,ENodeBFunction=1,EUtranCellFDD=LTE02ERBS00153-3,EUtranFreqRelation=2,EUtranCellRelation=28" lastModified="1287505443488" mimName="ERBS_NODE_MODEL" mimVersion="A.9.50.J.9.1">
    <attr name="isRemoveAllowed">false</attr>
    <attr name="neighborCellRef">SubNetwork=ONRM_RootMo_R,MeContext=LTE02ERBS00153,ManagedElement=1,ENodeBFunction=1,EUtraNetwork=1,ExternalENodeBFunction=318,ExternalEUtranCellFDD=3</attr>
    <attr name="anrCreated">false</attr>
    <attr name="isHoAllowed">true</attr>
  </mo>
  <mo fdn="SubNetwork=ONRM_RootMo_R,MeContext=LTE02ERBS00153,ManagedElement=1,ENodeBFunction=1,EUtranCellFDD=LTE02ERBS00153-3,EUtranFreqRelation=2,EUtranCellRelation=29" lastModified="1287505443487" mimName="ERBS_NODE_MODEL" mimVersion="A.9.50.J.9.1">
    <attr name="isRemoveAllowed">false</attr>
    <attr name="neighborCellRef">SubNetwork=ONRM_RootMo_R,MeContext=LTE02ERBS00153,ManagedElement=1,ENodeBFunction=1,EUtraNetwork=1,ExternalENodeBFunction=318,ExternalEUtranCellFDD=4</attr>
    <attr name="anrCreated">false</attr>
    <attr name="isHoAllowed">true</attr>
  </mo>
  <mo fdn="SubNetwork=ONRM_RootMo_R,MeContext=LTE02ERBS00153,ManagedElement=1,ENodeBFunction=1,EUtranCellFDD=LTE02ERBS00153-3,EUtranFreqRelation=2,EUtranCellRelation=32" lastModified="1287505443469" mimName="ERBS_NODE_MODEL" mimVersion="A.9.50.J.9.1">
    <attr name="isRemoveAllowed">false</attr>
    <attr name="neighborCellRef">SubNetwork=ONRM_RootMo_R,MeContext=LTE02ERBS00153,ManagedElement=1,ENodeBFunction=1,EUtraNetwork=1,ExternalENodeBFunction=320,ExternalEUtranCellFDD=3</attr>
    <attr name="anrCreated">false</attr>
    <attr name="isHoAllowed">true</attr>
  </mo>
  <mo fdn="SubNetwork=ONRM_RootMo_R,MeContext=LTE02ERBS00153,ManagedElement=1,ENodeBFunction=1,EUtranCellFDD=LTE02ERBS00153-3,EUtranFreqRelation=2,EUtranCellRelation=33" lastModified="1287505443479" mimName="ERBS_NODE_MODEL" mimVersion="A.9.50.J.9.1">
    <attr name="isRemoveAllowed">false</attr>
    <attr name="neighborCellRef">SubNetwork=ONRM_RootMo_R,MeContext=LTE02ERBS00153,ManagedElement=1,ENodeBFunction=1,EUtraNetwork=1,ExternalENodeBFunction=320,ExternalEUtranCellFDD=4</attr>
    <attr name="anrCreated">false</attr>
    <attr name="isHoAllowed">true</attr>
  </mo>
  <mo fdn="SubNetwork=ONRM_RootMo_R,MeContext=LTE02ERBS00153,ManagedElement=1,ENodeBFunction=1,EUtranCellFDD=LTE02ERBS00153-3,EUtranFreqRelation=2,EUtranCellRelation=6" lastModified="1287505443484" mimName="ERBS_NODE_MODEL" mimVersion="A.9.50.J.9.1">
    <attr name="isRemoveAllowed">false</attr>
    <attr name="neighborCellRef">SubNetwork=ONRM_RootMo_R,MeContext=LTE02ERBS00153,ManagedElement=1,ENodeBFunction=1,EUtraNetwork=1,ExternalENodeBFunction=306,ExternalEUtranCellFDD=3</attr>
    <attr name="anrCreated">false</attr>
    <attr name="isHoAllowed">true</attr>
  </mo>
  <mo fdn="SubNetwork=ONRM_RootMo_R,MeContext=LTE02ERBS00153,ManagedElement=1,ENodeBFunction=1,EUtranCellFDD=LTE02ERBS00153-3,EUtranFreqRelation=2,EUtranCellRelation=7" lastModified="1287505443486" mimName="ERBS_NODE_MODEL" mimVersion="A.9.50.J.9.1">
    <attr name="isRemoveAllowed">false</attr>
    <attr name="neighborCellRef">SubNetwork=ONRM_RootMo_R,MeContext=LTE02ERBS00153,ManagedElement=1,ENodeBFunction=1,EUtraNetwork=1,ExternalENodeBFunction=306,ExternalEUtranCellFDD=4</attr>
    <attr name="anrCreated">false</attr>
    <attr name="isHoAllowed">true</attr>
  </mo>
  <mo fdn="SubNetwork=ONRM_RootMo_R,MeContext=LTE02ERBS00153,ManagedElement=1,ENodeBFunction=1,EUtranCellFDD=LTE02ERBS00153-4" lastModified="1287512232974" mimName="ERBS_NODE_MODEL" mimVersion="A.9.50.J.9.1">
    <attr name="EUtranCellFDDId">LTE02ERBS00153-4</attr>
    <attr name="earfcnul">18000</attr>
    <attr name="cellId">4</attr>
    <attr name="tac">1</attr>
    <attr name="bPlmnList">
      <seq count="1">
        <item>
          <struct>
            <attr name="mcc">311</attr>
            <attr name="mnc">480</attr>
            <attr name="mncLength">2</attr>
          </struct>
        </item>
      </seq>
    </attr>
    <attr name="earfcndl">0</attr>
    <attr name="userLabel">LTE02ERBS00153-4</attr>
  </mo>
  <mo fdn="SubNetwork=ONRM_RootMo_R,MeContext=LTE02ERBS00153,ManagedElement=1,ENodeBFunction=1,EUtranCellFDD=LTE02ERBS00153-4,EUtranFreqRelation=1,EUtranCellRelation=1" lastModified="1287501624837" mimName="ERBS_NODE_MODEL" mimVersion="A.9.50.J.9.1">
    <attr name="isRemoveAllowed">false</attr>
    <attr name="neighborCellRef">SubNetwork=ONRM_RootMo_R,MeContext=LTE02ERBS00153,ManagedElement=1,ENodeBFunction=1,EUtranCellFDD=LTE02ERBS00153-1</attr>
    <attr name="anrCreated">false</attr>
    <attr name="isHoAllowed">true</attr>
  </mo>
  <mo fdn="SubNetwork=ONRM_RootMo_R,MeContext=LTE02ERBS00153,ManagedElement=1,ENodeBFunction=1,EUtranCellFDD=LTE02ERBS00153-4,EUtranFreqRelation=1,EUtranCellRelation=12" lastModified="1287505444768" mimName="ERBS_NODE_MODEL" mimVersion="A.9.50.J.9.1">
    <attr name="isRemoveAllowed">false</attr>
    <attr name="neighborCellRef">SubNetwork=ONRM_RootMo_R,MeContext=LTE02ERBS00153,ManagedElement=1,ENodeBFunction=1,EUtraNetwork=1,ExternalENodeBFunction=309,ExternalEUtranCellFDD=3</attr>
    <attr name="anrCreated">false</attr>
    <attr name="isHoAllowed">true</attr>
  </mo>
  <mo fdn="SubNetwork=ONRM_RootMo_R,MeContext=LTE02ERBS00153,ManagedElement=1,ENodeBFunction=1,EUtranCellFDD=LTE02ERBS00153-4,EUtranFreqRelation=1,EUtranCellRelation=13" lastModified="1287505444766" mimName="ERBS_NODE_MODEL" mimVersion="A.9.50.J.9.1">
    <attr name="isRemoveAllowed">false</attr>
    <attr name="neighborCellRef">SubNetwork=ONRM_RootMo_R,MeContext=LTE02ERBS00153,ManagedElement=1,ENodeBFunction=1,EUtraNetwork=1,ExternalENodeBFunction=309,ExternalEUtranCellFDD=4</attr>
    <attr name="anrCreated">false</attr>
    <attr name="isHoAllowed">true</attr>
  </mo>
  <mo fdn="SubNetwork=ONRM_RootMo_R,MeContext=LTE02ERBS00153,ManagedElement=1,ENodeBFunction=1,EUtranCellFDD=LTE02ERBS00153-4,EUtranFreqRelation=1,EUtranCellRelation=16" lastModified="1287505444774" mimName="ERBS_NODE_MODEL" mimVersion="A.9.50.J.9.1">
    <attr name="isRemoveAllowed">false</attr>
    <attr name="neighborCellRef">SubNetwork=ONRM_RootMo_R,MeContext=LTE02ERBS00153,ManagedElement=1,ENodeBFunction=1,EUtraNetwork=1,ExternalENodeBFunction=311,ExternalEUtranCellFDD=3</attr>
    <attr name="anrCreated">false</attr>
    <attr name="isHoAllowed">true</attr>
  </mo>
  <mo fdn="SubNetwork=ONRM_RootMo_R,MeContext=LTE02ERBS00153,ManagedElement=1,ENodeBFunction=1,EUtranCellFDD=LTE02ERBS00153-4,EUtranFreqRelation=1,EUtranCellRelation=17" lastModified="1287505444773" mimName="ERBS_NODE_MODEL" mimVersion="A.9.50.J.9.1">
    <attr name="isRemoveAllowed">false</attr>
    <attr name="neighborCellRef">SubNetwork=ONRM_RootMo_R,MeContext=LTE02ERBS00153,ManagedElement=1,ENodeBFunction=1,EUtraNetwork=1,ExternalENodeBFunction=311,ExternalEUtranCellFDD=4</attr>
    <attr name="anrCreated">false</attr>
    <attr name="isHoAllowed">true</attr>
  </mo>
  <mo fdn="SubNetwork=ONRM_RootMo_R,MeContext=LTE02ERBS00153,ManagedElement=1,ENodeBFunction=1,EUtranCellFDD=LTE02ERBS00153-4,EUtranFreqRelation=1,EUtranCellRelation=2" lastModified="1287501624833" mimName="ERBS_NODE_MODEL" mimVersion="A.9.50.J.9.1">
    <attr name="isRemoveAllowed">false</attr>
    <attr name="neighborCellRef">SubNetwork=ONRM_RootMo_R,MeContext=LTE02ERBS00153,ManagedElement=1,ENodeBFunction=1,EUtranCellFDD=LTE02ERBS00153-2</attr>
    <attr name="anrCreated">false</attr>
    <attr name="isHoAllowed">true</attr>
  </mo>
  <mo fdn="SubNetwork=ONRM_RootMo_R,MeContext=LTE02ERBS00153,ManagedElement=1,ENodeBFunction=1,EUtranCellFDD=LTE02ERBS00153-4,EUtranFreqRelation=1,EUtranCellRelation=22" lastModified="1287505444765" mimName="ERBS_NODE_MODEL" mimVersion="A.9.50.J.9.1">
    <attr name="isRemoveAllowed">false</attr>
    <attr name="neighborCellRef">SubNetwork=ONRM_RootMo_R,MeContext=LTE02ERBS00153,ManagedElement=1,ENodeBFunction=1,EUtraNetwork=1,ExternalENodeBFunction=315,ExternalEUtranCellFDD=3</attr>
    <attr name="anrCreated">false</attr>
    <attr name="isHoAllowed">true</attr>
  </mo>
  <mo fdn="SubNetwork=ONRM_RootMo_R,MeContext=LTE02ERBS00153,ManagedElement=1,ENodeBFunction=1,EUtranCellFDD=LTE02ERBS00153-4,EUtranFreqRelation=1,EUtranCellRelation=23" lastModified="1287505444763" mimName="ERBS_NODE_MODEL" mimVersion="A.9.50.J.9.1">
    <attr name="isRemoveAllowed">false</attr>
    <attr name="neighborCellRef">SubNetwork=ONRM_RootMo_R,MeContext=LTE02ERBS00153,ManagedElement=1,ENodeBFunction=1,EUtraNetwork=1,ExternalENodeBFunction=315,ExternalEUtranCellFDD=4</attr>
    <attr name="anrCreated">false</attr>
    <attr name="isHoAllowed">true</attr>
  </mo>
  <mo fdn="SubNetwork=ONRM_RootMo_R,MeContext=LTE02ERBS00153,ManagedElement=1,ENodeBFunction=1,EUtranCellFDD=LTE02ERBS00153-4,EUtranFreqRelation=1,EUtranCellRelation=26" lastModified="1287505444772" mimName="ERBS_NODE_MODEL" mimVersion="A.9.50.J.9.1">
    <attr name="isRemoveAllowed">false</attr>
    <attr name="neighborCellRef">SubNetwork=ONRM_RootMo_R,MeContext=LTE02ERBS00153,ManagedElement=1,ENodeBFunction=1,EUtraNetwork=1,ExternalENodeBFunction=317,ExternalEUtranCellFDD=3</attr>
    <attr name="anrCreated">false</attr>
    <attr name="isHoAllowed">true</attr>
  </mo>
  <mo fdn="SubNetwork=ONRM_RootMo_R,MeContext=LTE02ERBS00153,ManagedElement=1,ENodeBFunction=1,EUtranCellFDD=LTE02ERBS00153-4,EUtranFreqRelation=1,EUtranCellRelation=27" lastModified="1287505444771" mimName="ERBS_NODE_MODEL" mimVersion="A.9.50.J.9.1">
    <attr name="isRemoveAllowed">false</attr>
    <attr name="neighborCellRef">SubNetwork=ONRM_RootMo_R,MeContext=LTE02ERBS00153,ManagedElement=1,ENodeBFunction=1,EUtraNetwork=1,ExternalENodeBFunction=317,ExternalEUtranCellFDD=4</attr>
    <attr name="anrCreated">false</attr>
    <attr name="isHoAllowed">true</attr>
  </mo>
  <mo fdn="SubNetwork=ONRM_RootMo_R,MeContext=LTE02ERBS00153,ManagedElement=1,ENodeBFunction=1,EUtranCellFDD=LTE02ERBS00153-4,EUtranFreqRelation=1,EUtranCellRelation=3" lastModified="1287501624823" mimName="ERBS_NODE_MODEL" mimVersion="A.9.50.J.9.1">
    <attr name="isRemoveAllowed">false</attr>
    <attr name="neighborCellRef">SubNetwork=ONRM_RootMo_R,MeContext=LTE02ERBS00153,ManagedElement=1,ENodeBFunction=1,EUtranCellFDD=LTE02ERBS00153-3</attr>
    <attr name="anrCreated">false</attr>
    <attr name="isHoAllowed">true</attr>
  </mo>
  <mo fdn="SubNetwork=ONRM_RootMo_R,MeContext=LTE02ERBS00153,ManagedElement=1,ENodeBFunction=1,EUtranCellFDD=LTE02ERBS00153-4,EUtranFreqRelation=1,EUtranCellRelation=30" lastModified="1287505444767" mimName="ERBS_NODE_MODEL" mimVersion="A.9.50.J.9.1">
    <attr name="isRemoveAllowed">false</attr>
    <attr name="neighborCellRef">SubNetwork=ONRM_RootMo_R,MeContext=LTE02ERBS00153,ManagedElement=1,ENodeBFunction=1,EUtraNetwork=1,ExternalENodeBFunction=319,ExternalEUtranCellFDD=3</attr>
    <attr name="anrCreated">false</attr>
    <attr name="isHoAllowed">true</attr>
  </mo>
  <mo fdn="SubNetwork=ONRM_RootMo_R,MeContext=LTE02ERBS00153,ManagedElement=1,ENodeBFunction=1,EUtranCellFDD=LTE02ERBS00153-4,EUtranFreqRelation=1,EUtranCellRelation=31" lastModified="1287505444764" mimName="ERBS_NODE_MODEL" mimVersion="A.9.50.J.9.1">
    <attr name="isRemoveAllowed">false</attr>
    <attr name="neighborCellRef">SubNetwork=ONRM_RootMo_R,MeContext=LTE02ERBS00153,ManagedElement=1,ENodeBFunction=1,EUtraNetwork=1,ExternalENodeBFunction=319,ExternalEUtranCellFDD=4</attr>
    <attr name="anrCreated">false</attr>
    <attr name="isHoAllowed">true</attr>
  </mo>
  <mo fdn="SubNetwork=ONRM_RootMo_R,MeContext=LTE02ERBS00153,ManagedElement=1,ENodeBFunction=1,EUtranCellFDD=LTE02ERBS00153-4,EUtranFreqRelation=1,EUtranCellRelation=4" lastModified="1287505444775" mimName="ERBS_NODE_MODEL" mimVersion="A.9.50.J.9.1">
    <attr name="isRemoveAllowed">false</attr>
    <attr name="neighborCellRef">SubNetwork=ONRM_RootMo_R,MeContext=LTE02ERBS00153,ManagedElement=1,ENodeBFunction=1,EUtraNetwork=1,ExternalENodeBFunction=305,ExternalEUtranCellFDD=3</attr>
    <attr name="anrCreated">false</attr>
    <attr name="isHoAllowed">true</attr>
  </mo>
  <mo fdn="SubNetwork=ONRM_RootMo_R,MeContext=LTE02ERBS00153,ManagedElement=1,ENodeBFunction=1,EUtranCellFDD=LTE02ERBS00153-4,EUtranFreqRelation=1,EUtranCellRelation=5" lastModified="1287505444776" mimName="ERBS_NODE_MODEL" mimVersion="A.9.50.J.9.1">
    <attr name="isRemoveAllowed">false</attr>
    <attr name="neighborCellRef">SubNetwork=ONRM_RootMo_R,MeContext=LTE02ERBS00153,ManagedElement=1,ENodeBFunction=1,EUtraNetwork=1,ExternalENodeBFunction=305,ExternalEUtranCellFDD=4</attr>
    <attr name="anrCreated">false</attr>
    <attr name="isHoAllowed">true</attr>
  </mo>
  <mo fdn="SubNetwork=ONRM_RootMo_R,MeContext=LTE02ERBS00153,ManagedElement=1,ENodeBFunction=1,EUtranCellFDD=LTE02ERBS00153-4,EUtranFreqRelation=1,EUtranCellRelation=8" lastModified="1287505444769" mimName="ERBS_NODE_MODEL" mimVersion="A.9.50.J.9.1">
    <attr name="isRemoveAllowed">false</attr>
    <attr name="neighborCellRef">SubNetwork=ONRM_RootMo_R,MeContext=LTE02ERBS00153,ManagedElement=1,ENodeBFunction=1,EUtraNetwork=1,ExternalENodeBFunction=307,ExternalEUtranCellFDD=3</attr>
    <attr name="anrCreated">false</attr>
    <attr name="isHoAllowed">true</attr>
  </mo>
  <mo fdn="SubNetwork=ONRM_RootMo_R,MeContext=LTE02ERBS00153,ManagedElement=1,ENodeBFunction=1,EUtranCellFDD=LTE02ERBS00153-4,EUtranFreqRelation=1,EUtranCellRelation=9" lastModified="1287505444770" mimName="ERBS_NODE_MODEL" mimVersion="A.9.50.J.9.1">
    <attr name="isRemoveAllowed">false</attr>
    <attr name="neighborCellRef">SubNetwork=ONRM_RootMo_R,MeContext=LTE02ERBS00153,ManagedElement=1,ENodeBFunction=1,EUtraNetwork=1,ExternalENodeBFunction=307,ExternalEUtranCellFDD=4</attr>
    <attr name="anrCreated">false</attr>
    <attr name="isHoAllowed">true</attr>
  </mo>
  <mo fdn="SubNetwork=ONRM_RootMo_R,MeContext=LTE02ERBS00153,ManagedElement=1,ENodeBFunction=1,EUtranCellFDD=LTE02ERBS00153-4,EUtranFreqRelation=2,EUtranCellRelation=10" lastModified="1287505444746" mimName="ERBS_NODE_MODEL" mimVersion="A.9.50.J.9.1">
    <attr name="isRemoveAllowed">false</attr>
    <attr name="neighborCellRef">SubNetwork=ONRM_RootMo_R,MeContext=LTE02ERBS00153,ManagedElement=1,ENodeBFunction=1,EUtraNetwork=1,ExternalENodeBFunction=308,ExternalEUtranCellFDD=3</attr>
    <attr name="anrCreated">false</attr>
    <attr name="isHoAllowed">true</attr>
  </mo>
  <mo fdn="SubNetwork=ONRM_RootMo_R,MeContext=LTE02ERBS00153,ManagedElement=1,ENodeBFunction=1,EUtranCellFDD=LTE02ERBS00153-4,EUtranFreqRelation=2,EUtranCellRelation=11" lastModified="1287505444743" mimName="ERBS_NODE_MODEL" mimVersion="A.9.50.J.9.1">
    <attr name="isRemoveAllowed">false</attr>
    <attr name="neighborCellRef">SubNetwork=ONRM_RootMo_R,MeContext=LTE02ERBS00153,ManagedElement=1,ENodeBFunction=1,EUtraNetwork=1,ExternalENodeBFunction=308,ExternalEUtranCellFDD=4</attr>
    <attr name="anrCreated">false</attr>
    <attr name="isHoAllowed">true</attr>
  </mo>
  <mo fdn="SubNetwork=ONRM_RootMo_R,MeContext=LTE02ERBS00153,ManagedElement=1,ENodeBFunction=1,EUtranCellFDD=LTE02ERBS00153-4,EUtranFreqRelation=2,EUtranCellRelation=14" lastModified="1287505444739" mimName="ERBS_NODE_MODEL" mimVersion="A.9.50.J.9.1">
    <attr name="isRemoveAllowed">false</attr>
    <attr name="neighborCellRef">SubNetwork=ONRM_RootMo_R,MeContext=LTE02ERBS00153,ManagedElement=1,ENodeBFunction=1,EUtraNetwork=1,ExternalENodeBFunction=310,ExternalEUtranCellFDD=3</attr>
    <attr name="anrCreated">false</attr>
    <attr name="isHoAllowed">true</attr>
  </mo>
  <mo fdn="SubNetwork=ONRM_RootMo_R,MeContext=LTE02ERBS00153,ManagedElement=1,ENodeBFunction=1,EUtranCellFDD=LTE02ERBS00153-4,EUtranFreqRelation=2,EUtranCellRelation=15" lastModified="1287505444759" mimName="ERBS_NODE_MODEL" mimVersion="A.9.50.J.9.1">
    <attr name="isRemoveAllowed">false</attr>
    <attr name="neighborCellRef">SubNetwork=ONRM_RootMo_R,MeContext=LTE02ERBS00153,ManagedElement=1,ENodeBFunction=1,EUtraNetwork=1,ExternalENodeBFunction=310,ExternalEUtranCellFDD=4</attr>
    <attr name="anrCreated">false</attr>
    <attr name="isHoAllowed">true</attr>
  </mo>
  <mo fdn="SubNetwork=ONRM_RootMo_R,MeContext=LTE02ERBS00153,ManagedElement=1,ENodeBFunction=1,EUtranCellFDD=LTE02ERBS00153-4,EUtranFreqRelation=2,EUtranCellRelation=18" lastModified="1287505444753" mimName="ERBS_NODE_MODEL" mimVersion="A.9.50.J.9.1">
    <attr name="isRemoveAllowed">false</attr>
    <attr name="neighborCellRef">SubNetwork=ONRM_RootMo_R,MeContext=LTE02ERBS00153,ManagedElement=1,ENodeBFunction=1,EUtraNetwork=1,ExternalENodeBFunction=312,ExternalEUtranCellFDD=3</attr>
    <attr name="anrCreated">false</attr>
    <attr name="isHoAllowed">true</attr>
  </mo>
  <mo fdn="SubNetwork=ONRM_RootMo_R,MeContext=LTE02ERBS00153,ManagedElement=1,ENodeBFunction=1,EUtranCellFDD=LTE02ERBS00153-4,EUtranFreqRelation=2,EUtranCellRelation=19" lastModified="1287505444750" mimName="ERBS_NODE_MODEL" mimVersion="A.9.50.J.9.1">
    <attr name="isRemoveAllowed">false</attr>
    <attr name="neighborCellRef">SubNetwork=ONRM_RootMo_R,MeContext=LTE02ERBS00153,ManagedElement=1,ENodeBFunction=1,EUtraNetwork=1,ExternalENodeBFunction=312,ExternalEUtranCellFDD=4</attr>
    <attr name="anrCreated">false</attr>
    <attr name="isHoAllowed">true</attr>
  </mo>
  <mo fdn="SubNetwork=ONRM_RootMo_R,MeContext=LTE02ERBS00153,ManagedElement=1,ENodeBFunction=1,EUtranCellFDD=LTE02ERBS00153-4,EUtranFreqRelation=2,EUtranCellRelation=20" lastModified="1287505444749" mimName="ERBS_NODE_MODEL" mimVersion="A.9.50.J.9.1">
    <attr name="isRemoveAllowed">false</attr>
    <attr name="neighborCellRef">SubNetwork=ONRM_RootMo_R,MeContext=LTE02ERBS00153,ManagedElement=1,ENodeBFunction=1,EUtraNetwork=1,ExternalENodeBFunction=314,ExternalEUtranCellFDD=3</attr>
    <attr name="anrCreated">false</attr>
    <attr name="isHoAllowed">true</attr>
  </mo>
  <mo fdn="SubNetwork=ONRM_RootMo_R,MeContext=LTE02ERBS00153,ManagedElement=1,ENodeBFunction=1,EUtranCellFDD=LTE02ERBS00153-4,EUtranFreqRelation=2,EUtranCellRelation=21" lastModified="1287505444747" mimName="ERBS_NODE_MODEL" mimVersion="A.9.50.J.9.1">
    <attr name="isRemoveAllowed">false</attr>
    <attr name="neighborCellRef">SubNetwork=ONRM_RootMo_R,MeContext=LTE02ERBS00153,ManagedElement=1,ENodeBFunction=1,EUtraNetwork=1,ExternalENodeBFunction=314,ExternalEUtranCellFDD=4</attr>
    <attr name="anrCreated">false</attr>
    <attr name="isHoAllowed">true</attr>
  </mo>
  <mo fdn="SubNetwork=ONRM_RootMo_R,MeContext=LTE02ERBS00153,ManagedElement=1,ENodeBFunction=1,EUtranCellFDD=LTE02ERBS00153-4,EUtranFreqRelation=2,EUtranCellRelation=24" lastModified="1287505444744" mimName="ERBS_NODE_MODEL" mimVersion="A.9.50.J.9.1">
    <attr name="isRemoveAllowed">false</attr>
    <attr name="neighborCellRef">SubNetwork=ONRM_RootMo_R,MeContext=LTE02ERBS00153,ManagedElement=1,ENodeBFunction=1,EUtraNetwork=1,ExternalENodeBFunction=316,ExternalEUtranCellFDD=3</attr>
    <attr name="anrCreated">false</attr>
    <attr name="isHoAllowed">true</attr>
  </mo>
  <mo fdn="SubNetwork=ONRM_RootMo_R,MeContext=LTE02ERBS00153,ManagedElement=1,ENodeBFunction=1,EUtranCellFDD=LTE02ERBS00153-4,EUtranFreqRelation=2,EUtranCellRelation=25" lastModified="1287505444742" mimName="ERBS_NODE_MODEL" mimVersion="A.9.50.J.9.1">
    <attr name="isRemoveAllowed">false</attr>
    <attr name="neighborCellRef">SubNetwork=ONRM_RootMo_R,MeContext=LTE02ERBS00153,ManagedElement=1,ENodeBFunction=1,EUtraNetwork=1,ExternalENodeBFunction=316,ExternalEUtranCellFDD=4</attr>
    <attr name="anrCreated">false</attr>
    <attr name="isHoAllowed">true</attr>
  </mo>
  <mo fdn="SubNetwork=ONRM_RootMo_R,MeContext=LTE02ERBS00153,ManagedElement=1,ENodeBFunction=1,EUtranCellFDD=LTE02ERBS00153-4,EUtranFreqRelation=2,EUtranCellRelation=28" lastModified="1287505444758" mimName="ERBS_NODE_MODEL" mimVersion="A.9.50.J.9.1">
    <attr name="isRemoveAllowed">false</attr>
    <attr name="neighborCellRef">SubNetwork=ONRM_RootMo_R,MeContext=LTE02ERBS00153,ManagedElement=1,ENodeBFunction=1,EUtraNetwork=1,ExternalENodeBFunction=318,ExternalEUtranCellFDD=3</attr>
    <attr name="anrCreated">false</attr>
    <attr name="isHoAllowed">true</attr>
  </mo>
  <mo fdn="SubNetwork=ONRM_RootMo_R,MeContext=LTE02ERBS00153,ManagedElement=1,ENodeBFunction=1,EUtranCellFDD=LTE02ERBS00153-4,EUtranFreqRelation=2,EUtranCellRelation=29" lastModified="1287505444756" mimName="ERBS_NODE_MODEL" mimVersion="A.9.50.J.9.1">
    <attr name="isRemoveAllowed">false</attr>
    <attr name="neighborCellRef">SubNetwork=ONRM_RootMo_R,MeContext=LTE02ERBS00153,ManagedElement=1,ENodeBFunction=1,EUtraNetwork=1,ExternalENodeBFunction=318,ExternalEUtranCellFDD=4</attr>
    <attr name="anrCreated">false</attr>
    <attr name="isHoAllowed">true</attr>
  </mo>
  <mo fdn="SubNetwork=ONRM_RootMo_R,MeContext=LTE02ERBS00153,ManagedElement=1,ENodeBFunction=1,EUtranCellFDD=LTE02ERBS00153-4,EUtranFreqRelation=2,EUtranCellRelation=32" lastModified="1287505444741" mimName="ERBS_NODE_MODEL" mimVersion="A.9.50.J.9.1">
    <attr name="isRemoveAllowed">false</attr>
    <attr name="neighborCellRef">SubNetwork=ONRM_RootMo_R,MeContext=LTE02ERBS00153,ManagedElement=1,ENodeBFunction=1,EUtraNetwork=1,ExternalENodeBFunction=320,ExternalEUtranCellFDD=3</attr>
    <attr name="anrCreated">false</attr>
    <attr name="isHoAllowed">true</attr>
  </mo>
  <mo fdn="SubNetwork=ONRM_RootMo_R,MeContext=LTE02ERBS00153,ManagedElement=1,ENodeBFunction=1,EUtranCellFDD=LTE02ERBS00153-4,EUtranFreqRelation=2,EUtranCellRelation=33" lastModified="1287505444748" mimName="ERBS_NODE_MODEL" mimVersion="A.9.50.J.9.1">
    <attr name="isRemoveAllowed">false</attr>
    <attr name="neighborCellRef">SubNetwork=ONRM_RootMo_R,MeContext=LTE02ERBS00153,ManagedElement=1,ENodeBFunction=1,EUtraNetwork=1,ExternalENodeBFunction=320,ExternalEUtranCellFDD=4</attr>
    <attr name="anrCreated">false</attr>
    <attr name="isHoAllowed">true</attr>
  </mo>
  <mo fdn="SubNetwork=ONRM_RootMo_R,MeContext=LTE02ERBS00153,ManagedElement=1,ENodeBFunction=1,EUtranCellFDD=LTE02ERBS00153-4,EUtranFreqRelation=2,EUtranCellRelation=6" lastModified="1287505444751" mimName="ERBS_NODE_MODEL" mimVersion="A.9.50.J.9.1">
    <attr name="isRemoveAllowed">false</attr>
    <attr name="neighborCellRef">SubNetwork=ONRM_RootMo_R,MeContext=LTE02ERBS00153,ManagedElement=1,ENodeBFunction=1,EUtraNetwork=1,ExternalENodeBFunction=306,ExternalEUtranCellFDD=3</attr>
    <attr name="anrCreated">false</attr>
    <attr name="isHoAllowed">true</attr>
  </mo>
  <mo fdn="SubNetwork=ONRM_RootMo_R,MeContext=LTE02ERBS00153,ManagedElement=1,ENodeBFunction=1,EUtranCellFDD=LTE02ERBS00153-4,EUtranFreqRelation=2,EUtranCellRelation=7" lastModified="1287505444755" mimName="ERBS_NODE_MODEL" mimVersion="A.9.50.J.9.1">
    <attr name="isRemoveAllowed">false</attr>
    <attr name="neighborCellRef">SubNetwork=ONRM_RootMo_R,MeContext=LTE02ERBS00153,ManagedElement=1,ENodeBFunction=1,EUtraNetwork=1,ExternalENodeBFunction=306,ExternalEUtranCellFDD=4</attr>
    <attr name="anrCreated">false</attr>
    <attr name="isHoAllowed">true</attr>
  </mo>
</model>
