<?xml version="1.0" encoding="UTF-8" standalone="no"?><!-- Generated by nmsadm --><!-- Generated on Thu Oct 28 14:35:48 BST 2010 --><!-- Generated from configuration valid --><!-- Query - Base MO SubNetwork=ONRM_RootMo_R,MeContext=LTE01ERBS00015; Scope 8 --><model>
  <mo fdn="SubNetwork=ONRM_RootMo_R,MeContext=LTE01ERBS00015" lastModified="1287512096919" mimName="ERBS_NODE_MODEL" mimVersion="A.9.50.J.9.1">
    <attr name="MeContextId">LTE01ERBS00015</attr>
    <attr name="neMIMversion">vA.9.40</attr>
    <attr name="siteRef">SubNetwork=ONRM_RootMo_R,Site=LTE01ERBS00015</attr>
    <attr name="userLabel">LTE01ERBS00015</attr>
  </mo>
  <mo fdn="SubNetwork=ONRM_RootMo_R,MeContext=LTE01ERBS00015,ManagedElement=1,ENodeBFunction=1" lastModified="1287501128971" mimName="ERBS_NODE_MODEL" mimVersion="A.9.50.J.9.1">
    <attr name="eNodeBPlmnId">
      <struct>
        <attr name="mcc">311</attr>
        <attr name="mnc">480</attr>
        <attr name="mncLength">2</attr>
      </struct>
    </attr>
    <attr name="eNBId">188054</attr>
  </mo>
  <mo fdn="SubNetwork=ONRM_RootMo_R,MeContext=LTE01ERBS00015,ManagedElement=1,ENodeBFunction=1,EUtranCellFDD=LTE01ERBS00015-1" lastModified="1287512073058" mimName="ERBS_NODE_MODEL" mimVersion="A.9.50.J.9.1">
    <attr name="EUtranCellFDDId">LTE01ERBS00015-1</attr>
    <attr name="earfcnul">18000</attr>
    <attr name="cellId">1</attr>
    <attr name="tac">48138</attr>
    <attr name="bPlmnList">
      <seq count="1">
        <item>
          <struct>
            <attr name="mcc">311</attr>
            <attr name="mnc">480</attr>
            <attr name="mncLength">2</attr>
          </struct>
        </item>
      </seq>
    </attr>
    <attr name="earfcndl">0</attr>
    <attr name="userLabel">LTE01ERBS00015-1</attr>
  </mo>
  <mo fdn="SubNetwork=ONRM_RootMo_R,MeContext=LTE01ERBS00015,ManagedElement=1,ENodeBFunction=1,EUtranCellFDD=LTE01ERBS00015-1,EUtranFreqRelation=1,EUtranCellRelation=1" lastModified="1287501122618" mimName="ERBS_NODE_MODEL" mimVersion="A.9.50.J.9.1">
    <attr name="isRemoveAllowed">false</attr>
    <attr name="neighborCellRef">SubNetwork=ONRM_RootMo_R,MeContext=LTE01ERBS00015,ManagedElement=1,ENodeBFunction=1,EUtranCellFDD=LTE01ERBS00015-2</attr>
    <attr name="anrCreated">false</attr>
    <attr name="isHoAllowed">true</attr>
  </mo>
  <mo fdn="SubNetwork=ONRM_RootMo_R,MeContext=LTE01ERBS00015,ManagedElement=1,ENodeBFunction=1,EUtranCellFDD=LTE01ERBS00015-1,EUtranFreqRelation=1,EUtranCellRelation=12" lastModified="1287501696713" mimName="ERBS_NODE_MODEL" mimVersion="A.9.50.J.9.1">
    <attr name="isRemoveAllowed">false</attr>
    <attr name="neighborCellRef">SubNetwork=ONRM_RootMo_R,MeContext=LTE01ERBS00015,ManagedElement=1,ENodeBFunction=1,EUtraNetwork=1,ExternalENodeBFunction=5,ExternalEUtranCellFDD=1</attr>
    <attr name="anrCreated">false</attr>
    <attr name="isHoAllowed">true</attr>
  </mo>
  <mo fdn="SubNetwork=ONRM_RootMo_R,MeContext=LTE01ERBS00015,ManagedElement=1,ENodeBFunction=1,EUtranCellFDD=LTE01ERBS00015-1,EUtranFreqRelation=1,EUtranCellRelation=13" lastModified="1287501696697" mimName="ERBS_NODE_MODEL" mimVersion="A.9.50.J.9.1">
    <attr name="isRemoveAllowed">false</attr>
    <attr name="neighborCellRef">SubNetwork=ONRM_RootMo_R,MeContext=LTE01ERBS00015,ManagedElement=1,ENodeBFunction=1,EUtraNetwork=1,ExternalENodeBFunction=5,ExternalEUtranCellFDD=2</attr>
    <attr name="anrCreated">false</attr>
    <attr name="isHoAllowed">true</attr>
  </mo>
  <mo fdn="SubNetwork=ONRM_RootMo_R,MeContext=LTE01ERBS00015,ManagedElement=1,ENodeBFunction=1,EUtranCellFDD=LTE01ERBS00015-1,EUtranFreqRelation=1,EUtranCellRelation=16" lastModified="1287501696723" mimName="ERBS_NODE_MODEL" mimVersion="A.9.50.J.9.1">
    <attr name="isRemoveAllowed">false</attr>
    <attr name="neighborCellRef">SubNetwork=ONRM_RootMo_R,MeContext=LTE01ERBS00015,ManagedElement=1,ENodeBFunction=1,EUtraNetwork=1,ExternalENodeBFunction=7,ExternalEUtranCellFDD=1</attr>
    <attr name="anrCreated">false</attr>
    <attr name="isHoAllowed">true</attr>
  </mo>
  <mo fdn="SubNetwork=ONRM_RootMo_R,MeContext=LTE01ERBS00015,ManagedElement=1,ENodeBFunction=1,EUtranCellFDD=LTE01ERBS00015-1,EUtranFreqRelation=1,EUtranCellRelation=17" lastModified="1287501696722" mimName="ERBS_NODE_MODEL" mimVersion="A.9.50.J.9.1">
    <attr name="isRemoveAllowed">false</attr>
    <attr name="neighborCellRef">SubNetwork=ONRM_RootMo_R,MeContext=LTE01ERBS00015,ManagedElement=1,ENodeBFunction=1,EUtraNetwork=1,ExternalENodeBFunction=7,ExternalEUtranCellFDD=2</attr>
    <attr name="anrCreated">false</attr>
    <attr name="isHoAllowed">true</attr>
  </mo>
  <mo fdn="SubNetwork=ONRM_RootMo_R,MeContext=LTE01ERBS00015,ManagedElement=1,ENodeBFunction=1,EUtranCellFDD=LTE01ERBS00015-1,EUtranFreqRelation=1,EUtranCellRelation=2" lastModified="1287501122591" mimName="ERBS_NODE_MODEL" mimVersion="A.9.50.J.9.1">
    <attr name="isRemoveAllowed">false</attr>
    <attr name="neighborCellRef">SubNetwork=ONRM_RootMo_R,MeContext=LTE01ERBS00015,ManagedElement=1,ENodeBFunction=1,EUtranCellFDD=LTE01ERBS00015-3</attr>
    <attr name="anrCreated">false</attr>
    <attr name="isHoAllowed">true</attr>
  </mo>
  <mo fdn="SubNetwork=ONRM_RootMo_R,MeContext=LTE01ERBS00015,ManagedElement=1,ENodeBFunction=1,EUtranCellFDD=LTE01ERBS00015-1,EUtranFreqRelation=1,EUtranCellRelation=20" lastModified="1287504796744" mimName="ERBS_NODE_MODEL" mimVersion="A.9.50.J.9.1">
    <attr name="isRemoveAllowed">false</attr>
    <attr name="neighborCellRef">SubNetwork=ONRM_RootMo_R,MeContext=LTE01ERBS00015,ManagedElement=1,ENodeBFunction=1,EUtraNetwork=1,ExternalENodeBFunction=9,ExternalEUtranCellFDD=1</attr>
    <attr name="anrCreated">false</attr>
    <attr name="isHoAllowed">true</attr>
  </mo>
  <mo fdn="SubNetwork=ONRM_RootMo_R,MeContext=LTE01ERBS00015,ManagedElement=1,ENodeBFunction=1,EUtranCellFDD=LTE01ERBS00015-1,EUtranFreqRelation=1,EUtranCellRelation=21" lastModified="1287504796741" mimName="ERBS_NODE_MODEL" mimVersion="A.9.50.J.9.1">
    <attr name="isRemoveAllowed">false</attr>
    <attr name="neighborCellRef">SubNetwork=ONRM_RootMo_R,MeContext=LTE01ERBS00015,ManagedElement=1,ENodeBFunction=1,EUtraNetwork=1,ExternalENodeBFunction=9,ExternalEUtranCellFDD=2</attr>
    <attr name="anrCreated">false</attr>
    <attr name="isHoAllowed">true</attr>
  </mo>
  <mo fdn="SubNetwork=ONRM_RootMo_R,MeContext=LTE01ERBS00015,ManagedElement=1,ENodeBFunction=1,EUtranCellFDD=LTE01ERBS00015-1,EUtranFreqRelation=1,EUtranCellRelation=24" lastModified="1287501696715" mimName="ERBS_NODE_MODEL" mimVersion="A.9.50.J.9.1">
    <attr name="isRemoveAllowed">false</attr>
    <attr name="neighborCellRef">SubNetwork=ONRM_RootMo_R,MeContext=LTE01ERBS00015,ManagedElement=1,ENodeBFunction=1,EUtraNetwork=1,ExternalENodeBFunction=11,ExternalEUtranCellFDD=1</attr>
    <attr name="anrCreated">false</attr>
    <attr name="isHoAllowed">true</attr>
  </mo>
  <mo fdn="SubNetwork=ONRM_RootMo_R,MeContext=LTE01ERBS00015,ManagedElement=1,ENodeBFunction=1,EUtranCellFDD=LTE01ERBS00015-1,EUtranFreqRelation=1,EUtranCellRelation=25" lastModified="1287501696711" mimName="ERBS_NODE_MODEL" mimVersion="A.9.50.J.9.1">
    <attr name="isRemoveAllowed">false</attr>
    <attr name="neighborCellRef">SubNetwork=ONRM_RootMo_R,MeContext=LTE01ERBS00015,ManagedElement=1,ENodeBFunction=1,EUtraNetwork=1,ExternalENodeBFunction=11,ExternalEUtranCellFDD=2</attr>
    <attr name="anrCreated">false</attr>
    <attr name="isHoAllowed">true</attr>
  </mo>
  <mo fdn="SubNetwork=ONRM_RootMo_R,MeContext=LTE01ERBS00015,ManagedElement=1,ENodeBFunction=1,EUtranCellFDD=LTE01ERBS00015-1,EUtranFreqRelation=1,EUtranCellRelation=28" lastModified="1287504796747" mimName="ERBS_NODE_MODEL" mimVersion="A.9.50.J.9.1">
    <attr name="isRemoveAllowed">false</attr>
    <attr name="neighborCellRef">SubNetwork=ONRM_RootMo_R,MeContext=LTE01ERBS00015,ManagedElement=1,ENodeBFunction=1,EUtraNetwork=1,ExternalENodeBFunction=13,ExternalEUtranCellFDD=1</attr>
    <attr name="anrCreated">false</attr>
    <attr name="isHoAllowed">true</attr>
  </mo>
  <mo fdn="SubNetwork=ONRM_RootMo_R,MeContext=LTE01ERBS00015,ManagedElement=1,ENodeBFunction=1,EUtranCellFDD=LTE01ERBS00015-1,EUtranFreqRelation=1,EUtranCellRelation=29" lastModified="1287504796746" mimName="ERBS_NODE_MODEL" mimVersion="A.9.50.J.9.1">
    <attr name="isRemoveAllowed">false</attr>
    <attr name="neighborCellRef">SubNetwork=ONRM_RootMo_R,MeContext=LTE01ERBS00015,ManagedElement=1,ENodeBFunction=1,EUtraNetwork=1,ExternalENodeBFunction=13,ExternalEUtranCellFDD=2</attr>
    <attr name="anrCreated">false</attr>
    <attr name="isHoAllowed">true</attr>
  </mo>
  <mo fdn="SubNetwork=ONRM_RootMo_R,MeContext=LTE01ERBS00015,ManagedElement=1,ENodeBFunction=1,EUtranCellFDD=LTE01ERBS00015-1,EUtranFreqRelation=1,EUtranCellRelation=3" lastModified="1287501122566" mimName="ERBS_NODE_MODEL" mimVersion="A.9.50.J.9.1">
    <attr name="isRemoveAllowed">false</attr>
    <attr name="neighborCellRef">SubNetwork=ONRM_RootMo_R,MeContext=LTE01ERBS00015,ManagedElement=1,ENodeBFunction=1,EUtranCellFDD=LTE01ERBS00015-4</attr>
    <attr name="anrCreated">false</attr>
    <attr name="isHoAllowed">true</attr>
  </mo>
  <mo fdn="SubNetwork=ONRM_RootMo_R,MeContext=LTE01ERBS00015,ManagedElement=1,ENodeBFunction=1,EUtranCellFDD=LTE01ERBS00015-1,EUtranFreqRelation=1,EUtranCellRelation=4" lastModified="1287501696724" mimName="ERBS_NODE_MODEL" mimVersion="A.9.50.J.9.1">
    <attr name="isRemoveAllowed">false</attr>
    <attr name="neighborCellRef">SubNetwork=ONRM_RootMo_R,MeContext=LTE01ERBS00015,ManagedElement=1,ENodeBFunction=1,EUtraNetwork=1,ExternalENodeBFunction=1,ExternalEUtranCellFDD=1</attr>
    <attr name="anrCreated">false</attr>
    <attr name="isHoAllowed">true</attr>
  </mo>
  <mo fdn="SubNetwork=ONRM_RootMo_R,MeContext=LTE01ERBS00015,ManagedElement=1,ENodeBFunction=1,EUtranCellFDD=LTE01ERBS00015-1,EUtranFreqRelation=1,EUtranCellRelation=5" lastModified="1287501696725" mimName="ERBS_NODE_MODEL" mimVersion="A.9.50.J.9.1">
    <attr name="isRemoveAllowed">false</attr>
    <attr name="neighborCellRef">SubNetwork=ONRM_RootMo_R,MeContext=LTE01ERBS00015,ManagedElement=1,ENodeBFunction=1,EUtraNetwork=1,ExternalENodeBFunction=1,ExternalEUtranCellFDD=2</attr>
    <attr name="anrCreated">false</attr>
    <attr name="isHoAllowed">true</attr>
  </mo>
  <mo fdn="SubNetwork=ONRM_RootMo_R,MeContext=LTE01ERBS00015,ManagedElement=1,ENodeBFunction=1,EUtranCellFDD=LTE01ERBS00015-1,EUtranFreqRelation=1,EUtranCellRelation=8" lastModified="1287501696718" mimName="ERBS_NODE_MODEL" mimVersion="A.9.50.J.9.1">
    <attr name="isRemoveAllowed">false</attr>
    <attr name="neighborCellRef">SubNetwork=ONRM_RootMo_R,MeContext=LTE01ERBS00015,ManagedElement=1,ENodeBFunction=1,EUtraNetwork=1,ExternalENodeBFunction=3,ExternalEUtranCellFDD=1</attr>
    <attr name="anrCreated">false</attr>
    <attr name="isHoAllowed">true</attr>
  </mo>
  <mo fdn="SubNetwork=ONRM_RootMo_R,MeContext=LTE01ERBS00015,ManagedElement=1,ENodeBFunction=1,EUtranCellFDD=LTE01ERBS00015-1,EUtranFreqRelation=1,EUtranCellRelation=9" lastModified="1287501696720" mimName="ERBS_NODE_MODEL" mimVersion="A.9.50.J.9.1">
    <attr name="isRemoveAllowed">false</attr>
    <attr name="neighborCellRef">SubNetwork=ONRM_RootMo_R,MeContext=LTE01ERBS00015,ManagedElement=1,ENodeBFunction=1,EUtraNetwork=1,ExternalENodeBFunction=3,ExternalEUtranCellFDD=2</attr>
    <attr name="anrCreated">false</attr>
    <attr name="isHoAllowed">true</attr>
  </mo>
  <mo fdn="SubNetwork=ONRM_RootMo_R,MeContext=LTE01ERBS00015,ManagedElement=1,ENodeBFunction=1,EUtranCellFDD=LTE01ERBS00015-1,EUtranFreqRelation=2,EUtranCellRelation=10" lastModified="1287504796729" mimName="ERBS_NODE_MODEL" mimVersion="A.9.50.J.9.1">
    <attr name="isRemoveAllowed">false</attr>
    <attr name="neighborCellRef">SubNetwork=ONRM_RootMo_R,MeContext=LTE01ERBS00015,ManagedElement=1,ENodeBFunction=1,EUtraNetwork=1,ExternalENodeBFunction=4,ExternalEUtranCellFDD=1</attr>
    <attr name="anrCreated">false</attr>
    <attr name="isHoAllowed">true</attr>
  </mo>
  <mo fdn="SubNetwork=ONRM_RootMo_R,MeContext=LTE01ERBS00015,ManagedElement=1,ENodeBFunction=1,EUtranCellFDD=LTE01ERBS00015-1,EUtranFreqRelation=2,EUtranCellRelation=11" lastModified="1287504796727" mimName="ERBS_NODE_MODEL" mimVersion="A.9.50.J.9.1">
    <attr name="isRemoveAllowed">false</attr>
    <attr name="neighborCellRef">SubNetwork=ONRM_RootMo_R,MeContext=LTE01ERBS00015,ManagedElement=1,ENodeBFunction=1,EUtraNetwork=1,ExternalENodeBFunction=4,ExternalEUtranCellFDD=2</attr>
    <attr name="anrCreated">false</attr>
    <attr name="isHoAllowed">true</attr>
  </mo>
  <mo fdn="SubNetwork=ONRM_RootMo_R,MeContext=LTE01ERBS00015,ManagedElement=1,ENodeBFunction=1,EUtranCellFDD=LTE01ERBS00015-1,EUtranFreqRelation=2,EUtranCellRelation=14" lastModified="1287504796713" mimName="ERBS_NODE_MODEL" mimVersion="A.9.50.J.9.1">
    <attr name="isRemoveAllowed">false</attr>
    <attr name="neighborCellRef">SubNetwork=ONRM_RootMo_R,MeContext=LTE01ERBS00015,ManagedElement=1,ENodeBFunction=1,EUtraNetwork=1,ExternalENodeBFunction=6,ExternalEUtranCellFDD=1</attr>
    <attr name="anrCreated">false</attr>
    <attr name="isHoAllowed">true</attr>
  </mo>
  <mo fdn="SubNetwork=ONRM_RootMo_R,MeContext=LTE01ERBS00015,ManagedElement=1,ENodeBFunction=1,EUtranCellFDD=LTE01ERBS00015-1,EUtranFreqRelation=2,EUtranCellRelation=15" lastModified="1287504796738" mimName="ERBS_NODE_MODEL" mimVersion="A.9.50.J.9.1">
    <attr name="isRemoveAllowed">false</attr>
    <attr name="neighborCellRef">SubNetwork=ONRM_RootMo_R,MeContext=LTE01ERBS00015,ManagedElement=1,ENodeBFunction=1,EUtraNetwork=1,ExternalENodeBFunction=6,ExternalEUtranCellFDD=2</attr>
    <attr name="anrCreated">false</attr>
    <attr name="isHoAllowed">true</attr>
  </mo>
  <mo fdn="SubNetwork=ONRM_RootMo_R,MeContext=LTE01ERBS00015,ManagedElement=1,ENodeBFunction=1,EUtranCellFDD=LTE01ERBS00015-1,EUtranFreqRelation=2,EUtranCellRelation=18" lastModified="1287504796734" mimName="ERBS_NODE_MODEL" mimVersion="A.9.50.J.9.1">
    <attr name="isRemoveAllowed">false</attr>
    <attr name="neighborCellRef">SubNetwork=ONRM_RootMo_R,MeContext=LTE01ERBS00015,ManagedElement=1,ENodeBFunction=1,EUtraNetwork=1,ExternalENodeBFunction=8,ExternalEUtranCellFDD=1</attr>
    <attr name="anrCreated">false</attr>
    <attr name="isHoAllowed">true</attr>
  </mo>
  <mo fdn="SubNetwork=ONRM_RootMo_R,MeContext=LTE01ERBS00015,ManagedElement=1,ENodeBFunction=1,EUtranCellFDD=LTE01ERBS00015-1,EUtranFreqRelation=2,EUtranCellRelation=19" lastModified="1287504796731" mimName="ERBS_NODE_MODEL" mimVersion="A.9.50.J.9.1">
    <attr name="isRemoveAllowed">false</attr>
    <attr name="neighborCellRef">SubNetwork=ONRM_RootMo_R,MeContext=LTE01ERBS00015,ManagedElement=1,ENodeBFunction=1,EUtraNetwork=1,ExternalENodeBFunction=8,ExternalEUtranCellFDD=2</attr>
    <attr name="anrCreated">false</attr>
    <attr name="isHoAllowed">true</attr>
  </mo>
  <mo fdn="SubNetwork=ONRM_RootMo_R,MeContext=LTE01ERBS00015,ManagedElement=1,ENodeBFunction=1,EUtranCellFDD=LTE01ERBS00015-1,EUtranFreqRelation=2,EUtranCellRelation=22" lastModified="1287504796720" mimName="ERBS_NODE_MODEL" mimVersion="A.9.50.J.9.1">
    <attr name="isRemoveAllowed">false</attr>
    <attr name="neighborCellRef">SubNetwork=ONRM_RootMo_R,MeContext=LTE01ERBS00015,ManagedElement=1,ENodeBFunction=1,EUtraNetwork=1,ExternalENodeBFunction=10,ExternalEUtranCellFDD=1</attr>
    <attr name="anrCreated">false</attr>
    <attr name="isHoAllowed">true</attr>
  </mo>
  <mo fdn="SubNetwork=ONRM_RootMo_R,MeContext=LTE01ERBS00015,ManagedElement=1,ENodeBFunction=1,EUtranCellFDD=LTE01ERBS00015-1,EUtranFreqRelation=2,EUtranCellRelation=23" lastModified="1287504796716" mimName="ERBS_NODE_MODEL" mimVersion="A.9.50.J.9.1">
    <attr name="isRemoveAllowed">false</attr>
    <attr name="neighborCellRef">SubNetwork=ONRM_RootMo_R,MeContext=LTE01ERBS00015,ManagedElement=1,ENodeBFunction=1,EUtraNetwork=1,ExternalENodeBFunction=10,ExternalEUtranCellFDD=2</attr>
    <attr name="anrCreated">false</attr>
    <attr name="isHoAllowed">true</attr>
  </mo>
  <mo fdn="SubNetwork=ONRM_RootMo_R,MeContext=LTE01ERBS00015,ManagedElement=1,ENodeBFunction=1,EUtranCellFDD=LTE01ERBS00015-1,EUtranFreqRelation=2,EUtranCellRelation=26" lastModified="1287504796736" mimName="ERBS_NODE_MODEL" mimVersion="A.9.50.J.9.1">
    <attr name="isRemoveAllowed">false</attr>
    <attr name="neighborCellRef">SubNetwork=ONRM_RootMo_R,MeContext=LTE01ERBS00015,ManagedElement=1,ENodeBFunction=1,EUtraNetwork=1,ExternalENodeBFunction=12,ExternalEUtranCellFDD=1</attr>
    <attr name="anrCreated">false</attr>
    <attr name="isHoAllowed">true</attr>
  </mo>
  <mo fdn="SubNetwork=ONRM_RootMo_R,MeContext=LTE01ERBS00015,ManagedElement=1,ENodeBFunction=1,EUtranCellFDD=LTE01ERBS00015-1,EUtranFreqRelation=2,EUtranCellRelation=27" lastModified="1287504796735" mimName="ERBS_NODE_MODEL" mimVersion="A.9.50.J.9.1">
    <attr name="isRemoveAllowed">false</attr>
    <attr name="neighborCellRef">SubNetwork=ONRM_RootMo_R,MeContext=LTE01ERBS00015,ManagedElement=1,ENodeBFunction=1,EUtraNetwork=1,ExternalENodeBFunction=12,ExternalEUtranCellFDD=2</attr>
    <attr name="anrCreated">false</attr>
    <attr name="isHoAllowed">true</attr>
  </mo>
  <mo fdn="SubNetwork=ONRM_RootMo_R,MeContext=LTE01ERBS00015,ManagedElement=1,ENodeBFunction=1,EUtranCellFDD=LTE01ERBS00015-1,EUtranFreqRelation=2,EUtranCellRelation=30" lastModified="1287504796725" mimName="ERBS_NODE_MODEL" mimVersion="A.9.50.J.9.1">
    <attr name="isRemoveAllowed">false</attr>
    <attr name="neighborCellRef">SubNetwork=ONRM_RootMo_R,MeContext=LTE01ERBS00015,ManagedElement=1,ENodeBFunction=1,EUtraNetwork=1,ExternalENodeBFunction=14,ExternalEUtranCellFDD=1</attr>
    <attr name="anrCreated">false</attr>
    <attr name="isHoAllowed">true</attr>
  </mo>
  <mo fdn="SubNetwork=ONRM_RootMo_R,MeContext=LTE01ERBS00015,ManagedElement=1,ENodeBFunction=1,EUtranCellFDD=LTE01ERBS00015-1,EUtranFreqRelation=2,EUtranCellRelation=31" lastModified="1287504796723" mimName="ERBS_NODE_MODEL" mimVersion="A.9.50.J.9.1">
    <attr name="isRemoveAllowed">false</attr>
    <attr name="neighborCellRef">SubNetwork=ONRM_RootMo_R,MeContext=LTE01ERBS00015,ManagedElement=1,ENodeBFunction=1,EUtraNetwork=1,ExternalENodeBFunction=14,ExternalEUtranCellFDD=2</attr>
    <attr name="anrCreated">false</attr>
    <attr name="isHoAllowed">true</attr>
  </mo>
  <mo fdn="SubNetwork=ONRM_RootMo_R,MeContext=LTE01ERBS00015,ManagedElement=1,ENodeBFunction=1,EUtranCellFDD=LTE01ERBS00015-1,EUtranFreqRelation=2,EUtranCellRelation=32" lastModified="1287504796718" mimName="ERBS_NODE_MODEL" mimVersion="A.9.50.J.9.1">
    <attr name="isRemoveAllowed">false</attr>
    <attr name="neighborCellRef">SubNetwork=ONRM_RootMo_R,MeContext=LTE01ERBS00015,ManagedElement=1,ENodeBFunction=1,EUtraNetwork=1,ExternalENodeBFunction=16,ExternalEUtranCellFDD=1</attr>
    <attr name="anrCreated">false</attr>
    <attr name="isHoAllowed">true</attr>
  </mo>
  <mo fdn="SubNetwork=ONRM_RootMo_R,MeContext=LTE01ERBS00015,ManagedElement=1,ENodeBFunction=1,EUtranCellFDD=LTE01ERBS00015-1,EUtranFreqRelation=2,EUtranCellRelation=33" lastModified="1287504796730" mimName="ERBS_NODE_MODEL" mimVersion="A.9.50.J.9.1">
    <attr name="isRemoveAllowed">false</attr>
    <attr name="neighborCellRef">SubNetwork=ONRM_RootMo_R,MeContext=LTE01ERBS00015,ManagedElement=1,ENodeBFunction=1,EUtraNetwork=1,ExternalENodeBFunction=16,ExternalEUtranCellFDD=2</attr>
    <attr name="anrCreated">false</attr>
    <attr name="isHoAllowed">true</attr>
  </mo>
  <mo fdn="SubNetwork=ONRM_RootMo_R,MeContext=LTE01ERBS00015,ManagedElement=1,ENodeBFunction=1,EUtranCellFDD=LTE01ERBS00015-1,EUtranFreqRelation=2,EUtranCellRelation=6" lastModified="1287504796732" mimName="ERBS_NODE_MODEL" mimVersion="A.9.50.J.9.1">
    <attr name="isRemoveAllowed">false</attr>
    <attr name="neighborCellRef">SubNetwork=ONRM_RootMo_R,MeContext=LTE01ERBS00015,ManagedElement=1,ENodeBFunction=1,EUtraNetwork=1,ExternalENodeBFunction=2,ExternalEUtranCellFDD=1</attr>
    <attr name="anrCreated">false</attr>
    <attr name="isHoAllowed">true</attr>
  </mo>
  <mo fdn="SubNetwork=ONRM_RootMo_R,MeContext=LTE01ERBS00015,ManagedElement=1,ENodeBFunction=1,EUtranCellFDD=LTE01ERBS00015-1,EUtranFreqRelation=2,EUtranCellRelation=7" lastModified="1287504796737" mimName="ERBS_NODE_MODEL" mimVersion="A.9.50.J.9.1">
    <attr name="isRemoveAllowed">false</attr>
    <attr name="neighborCellRef">SubNetwork=ONRM_RootMo_R,MeContext=LTE01ERBS00015,ManagedElement=1,ENodeBFunction=1,EUtraNetwork=1,ExternalENodeBFunction=2,ExternalEUtranCellFDD=2</attr>
    <attr name="anrCreated">false</attr>
    <attr name="isHoAllowed">true</attr>
  </mo>
  <mo fdn="SubNetwork=ONRM_RootMo_R,MeContext=LTE01ERBS00015,ManagedElement=1,ENodeBFunction=1,EUtranCellFDD=LTE01ERBS00015-2" lastModified="1287512072605" mimName="ERBS_NODE_MODEL" mimVersion="A.9.50.J.9.1">
    <attr name="EUtranCellFDDId">LTE01ERBS00015-2</attr>
    <attr name="earfcnul">18000</attr>
    <attr name="cellId">2</attr>
    <attr name="tac">48138</attr>
    <attr name="bPlmnList">
      <seq count="1">
        <item>
          <struct>
            <attr name="mcc">311</attr>
            <attr name="mnc">480</attr>
            <attr name="mncLength">2</attr>
          </struct>
        </item>
      </seq>
    </attr>
    <attr name="earfcndl">0</attr>
    <attr name="userLabel">LTE01ERBS00015-2</attr>
  </mo>
  <mo fdn="SubNetwork=ONRM_RootMo_R,MeContext=LTE01ERBS00015,ManagedElement=1,ENodeBFunction=1,EUtranCellFDD=LTE01ERBS00015-2,EUtranFreqRelation=1,EUtranCellRelation=1" lastModified="1287501120226" mimName="ERBS_NODE_MODEL" mimVersion="A.9.50.J.9.1">
    <attr name="isRemoveAllowed">false</attr>
    <attr name="neighborCellRef">SubNetwork=ONRM_RootMo_R,MeContext=LTE01ERBS00015,ManagedElement=1,ENodeBFunction=1,EUtranCellFDD=LTE01ERBS00015-1</attr>
    <attr name="anrCreated">false</attr>
    <attr name="isHoAllowed">true</attr>
  </mo>
  <mo fdn="SubNetwork=ONRM_RootMo_R,MeContext=LTE01ERBS00015,ManagedElement=1,ENodeBFunction=1,EUtranCellFDD=LTE01ERBS00015-2,EUtranFreqRelation=1,EUtranCellRelation=12" lastModified="1287501696023" mimName="ERBS_NODE_MODEL" mimVersion="A.9.50.J.9.1">
    <attr name="isRemoveAllowed">false</attr>
    <attr name="neighborCellRef">SubNetwork=ONRM_RootMo_R,MeContext=LTE01ERBS00015,ManagedElement=1,ENodeBFunction=1,EUtraNetwork=1,ExternalENodeBFunction=5,ExternalEUtranCellFDD=1</attr>
    <attr name="anrCreated">false</attr>
    <attr name="isHoAllowed">true</attr>
  </mo>
  <mo fdn="SubNetwork=ONRM_RootMo_R,MeContext=LTE01ERBS00015,ManagedElement=1,ENodeBFunction=1,EUtranCellFDD=LTE01ERBS00015-2,EUtranFreqRelation=1,EUtranCellRelation=13" lastModified="1287501696004" mimName="ERBS_NODE_MODEL" mimVersion="A.9.50.J.9.1">
    <attr name="isRemoveAllowed">false</attr>
    <attr name="neighborCellRef">SubNetwork=ONRM_RootMo_R,MeContext=LTE01ERBS00015,ManagedElement=1,ENodeBFunction=1,EUtraNetwork=1,ExternalENodeBFunction=5,ExternalEUtranCellFDD=2</attr>
    <attr name="anrCreated">false</attr>
    <attr name="isHoAllowed">true</attr>
  </mo>
  <mo fdn="SubNetwork=ONRM_RootMo_R,MeContext=LTE01ERBS00015,ManagedElement=1,ENodeBFunction=1,EUtranCellFDD=LTE01ERBS00015-2,EUtranFreqRelation=1,EUtranCellRelation=16" lastModified="1287501696036" mimName="ERBS_NODE_MODEL" mimVersion="A.9.50.J.9.1">
    <attr name="isRemoveAllowed">false</attr>
    <attr name="neighborCellRef">SubNetwork=ONRM_RootMo_R,MeContext=LTE01ERBS00015,ManagedElement=1,ENodeBFunction=1,EUtraNetwork=1,ExternalENodeBFunction=7,ExternalEUtranCellFDD=1</attr>
    <attr name="anrCreated">false</attr>
    <attr name="isHoAllowed">true</attr>
  </mo>
  <mo fdn="SubNetwork=ONRM_RootMo_R,MeContext=LTE01ERBS00015,ManagedElement=1,ENodeBFunction=1,EUtranCellFDD=LTE01ERBS00015-2,EUtranFreqRelation=1,EUtranCellRelation=17" lastModified="1287501696034" mimName="ERBS_NODE_MODEL" mimVersion="A.9.50.J.9.1">
    <attr name="isRemoveAllowed">false</attr>
    <attr name="neighborCellRef">SubNetwork=ONRM_RootMo_R,MeContext=LTE01ERBS00015,ManagedElement=1,ENodeBFunction=1,EUtraNetwork=1,ExternalENodeBFunction=7,ExternalEUtranCellFDD=2</attr>
    <attr name="anrCreated">false</attr>
    <attr name="isHoAllowed">true</attr>
  </mo>
  <mo fdn="SubNetwork=ONRM_RootMo_R,MeContext=LTE01ERBS00015,ManagedElement=1,ENodeBFunction=1,EUtranCellFDD=LTE01ERBS00015-2,EUtranFreqRelation=1,EUtranCellRelation=2" lastModified="1287501120153" mimName="ERBS_NODE_MODEL" mimVersion="A.9.50.J.9.1">
    <attr name="isRemoveAllowed">false</attr>
    <attr name="neighborCellRef">SubNetwork=ONRM_RootMo_R,MeContext=LTE01ERBS00015,ManagedElement=1,ENodeBFunction=1,EUtranCellFDD=LTE01ERBS00015-3</attr>
    <attr name="anrCreated">false</attr>
    <attr name="isHoAllowed">true</attr>
  </mo>
  <mo fdn="SubNetwork=ONRM_RootMo_R,MeContext=LTE01ERBS00015,ManagedElement=1,ENodeBFunction=1,EUtranCellFDD=LTE01ERBS00015-2,EUtranFreqRelation=1,EUtranCellRelation=20" lastModified="1287504795211" mimName="ERBS_NODE_MODEL" mimVersion="A.9.50.J.9.1">
    <attr name="isRemoveAllowed">false</attr>
    <attr name="neighborCellRef">SubNetwork=ONRM_RootMo_R,MeContext=LTE01ERBS00015,ManagedElement=1,ENodeBFunction=1,EUtraNetwork=1,ExternalENodeBFunction=9,ExternalEUtranCellFDD=1</attr>
    <attr name="anrCreated">false</attr>
    <attr name="isHoAllowed">true</attr>
  </mo>
  <mo fdn="SubNetwork=ONRM_RootMo_R,MeContext=LTE01ERBS00015,ManagedElement=1,ENodeBFunction=1,EUtranCellFDD=LTE01ERBS00015-2,EUtranFreqRelation=1,EUtranCellRelation=21" lastModified="1287504795210" mimName="ERBS_NODE_MODEL" mimVersion="A.9.50.J.9.1">
    <attr name="isRemoveAllowed">false</attr>
    <attr name="neighborCellRef">SubNetwork=ONRM_RootMo_R,MeContext=LTE01ERBS00015,ManagedElement=1,ENodeBFunction=1,EUtraNetwork=1,ExternalENodeBFunction=9,ExternalEUtranCellFDD=2</attr>
    <attr name="anrCreated">false</attr>
    <attr name="isHoAllowed">true</attr>
  </mo>
  <mo fdn="SubNetwork=ONRM_RootMo_R,MeContext=LTE01ERBS00015,ManagedElement=1,ENodeBFunction=1,EUtranCellFDD=LTE01ERBS00015-2,EUtranFreqRelation=1,EUtranCellRelation=24" lastModified="1287501696027" mimName="ERBS_NODE_MODEL" mimVersion="A.9.50.J.9.1">
    <attr name="isRemoveAllowed">false</attr>
    <attr name="neighborCellRef">SubNetwork=ONRM_RootMo_R,MeContext=LTE01ERBS00015,ManagedElement=1,ENodeBFunction=1,EUtraNetwork=1,ExternalENodeBFunction=11,ExternalEUtranCellFDD=1</attr>
    <attr name="anrCreated">false</attr>
    <attr name="isHoAllowed">true</attr>
  </mo>
  <mo fdn="SubNetwork=ONRM_RootMo_R,MeContext=LTE01ERBS00015,ManagedElement=1,ENodeBFunction=1,EUtranCellFDD=LTE01ERBS00015-2,EUtranFreqRelation=1,EUtranCellRelation=25" lastModified="1287501696021" mimName="ERBS_NODE_MODEL" mimVersion="A.9.50.J.9.1">
    <attr name="isRemoveAllowed">false</attr>
    <attr name="neighborCellRef">SubNetwork=ONRM_RootMo_R,MeContext=LTE01ERBS00015,ManagedElement=1,ENodeBFunction=1,EUtraNetwork=1,ExternalENodeBFunction=11,ExternalEUtranCellFDD=2</attr>
    <attr name="anrCreated">false</attr>
    <attr name="isHoAllowed">true</attr>
  </mo>
  <mo fdn="SubNetwork=ONRM_RootMo_R,MeContext=LTE01ERBS00015,ManagedElement=1,ENodeBFunction=1,EUtranCellFDD=LTE01ERBS00015-2,EUtranFreqRelation=1,EUtranCellRelation=28" lastModified="1287504795214" mimName="ERBS_NODE_MODEL" mimVersion="A.9.50.J.9.1">
    <attr name="isRemoveAllowed">false</attr>
    <attr name="neighborCellRef">SubNetwork=ONRM_RootMo_R,MeContext=LTE01ERBS00015,ManagedElement=1,ENodeBFunction=1,EUtraNetwork=1,ExternalENodeBFunction=13,ExternalEUtranCellFDD=1</attr>
    <attr name="anrCreated">false</attr>
    <attr name="isHoAllowed">true</attr>
  </mo>
  <mo fdn="SubNetwork=ONRM_RootMo_R,MeContext=LTE01ERBS00015,ManagedElement=1,ENodeBFunction=1,EUtranCellFDD=LTE01ERBS00015-2,EUtranFreqRelation=1,EUtranCellRelation=29" lastModified="1287504795212" mimName="ERBS_NODE_MODEL" mimVersion="A.9.50.J.9.1">
    <attr name="isRemoveAllowed">false</attr>
    <attr name="neighborCellRef">SubNetwork=ONRM_RootMo_R,MeContext=LTE01ERBS00015,ManagedElement=1,ENodeBFunction=1,EUtraNetwork=1,ExternalENodeBFunction=13,ExternalEUtranCellFDD=2</attr>
    <attr name="anrCreated">false</attr>
    <attr name="isHoAllowed">true</attr>
  </mo>
  <mo fdn="SubNetwork=ONRM_RootMo_R,MeContext=LTE01ERBS00015,ManagedElement=1,ENodeBFunction=1,EUtranCellFDD=LTE01ERBS00015-2,EUtranFreqRelation=1,EUtranCellRelation=3" lastModified="1287501120002" mimName="ERBS_NODE_MODEL" mimVersion="A.9.50.J.9.1">
    <attr name="isRemoveAllowed">false</attr>
    <attr name="neighborCellRef">SubNetwork=ONRM_RootMo_R,MeContext=LTE01ERBS00015,ManagedElement=1,ENodeBFunction=1,EUtranCellFDD=LTE01ERBS00015-4</attr>
    <attr name="anrCreated">false</attr>
    <attr name="isHoAllowed">true</attr>
  </mo>
  <mo fdn="SubNetwork=ONRM_RootMo_R,MeContext=LTE01ERBS00015,ManagedElement=1,ENodeBFunction=1,EUtranCellFDD=LTE01ERBS00015-2,EUtranFreqRelation=1,EUtranCellRelation=4" lastModified="1287501696037" mimName="ERBS_NODE_MODEL" mimVersion="A.9.50.J.9.1">
    <attr name="isRemoveAllowed">false</attr>
    <attr name="neighborCellRef">SubNetwork=ONRM_RootMo_R,MeContext=LTE01ERBS00015,ManagedElement=1,ENodeBFunction=1,EUtraNetwork=1,ExternalENodeBFunction=1,ExternalEUtranCellFDD=1</attr>
    <attr name="anrCreated">false</attr>
    <attr name="isHoAllowed">true</attr>
  </mo>
  <mo fdn="SubNetwork=ONRM_RootMo_R,MeContext=LTE01ERBS00015,ManagedElement=1,ENodeBFunction=1,EUtranCellFDD=LTE01ERBS00015-2,EUtranFreqRelation=1,EUtranCellRelation=5" lastModified="1287501696038" mimName="ERBS_NODE_MODEL" mimVersion="A.9.50.J.9.1">
    <attr name="isRemoveAllowed">false</attr>
    <attr name="neighborCellRef">SubNetwork=ONRM_RootMo_R,MeContext=LTE01ERBS00015,ManagedElement=1,ENodeBFunction=1,EUtraNetwork=1,ExternalENodeBFunction=1,ExternalEUtranCellFDD=2</attr>
    <attr name="anrCreated">false</attr>
    <attr name="isHoAllowed">true</attr>
  </mo>
  <mo fdn="SubNetwork=ONRM_RootMo_R,MeContext=LTE01ERBS00015,ManagedElement=1,ENodeBFunction=1,EUtranCellFDD=LTE01ERBS00015-2,EUtranFreqRelation=1,EUtranCellRelation=8" lastModified="1287501696030" mimName="ERBS_NODE_MODEL" mimVersion="A.9.50.J.9.1">
    <attr name="isRemoveAllowed">false</attr>
    <attr name="neighborCellRef">SubNetwork=ONRM_RootMo_R,MeContext=LTE01ERBS00015,ManagedElement=1,ENodeBFunction=1,EUtraNetwork=1,ExternalENodeBFunction=3,ExternalEUtranCellFDD=1</attr>
    <attr name="anrCreated">false</attr>
    <attr name="isHoAllowed">true</attr>
  </mo>
  <mo fdn="SubNetwork=ONRM_RootMo_R,MeContext=LTE01ERBS00015,ManagedElement=1,ENodeBFunction=1,EUtranCellFDD=LTE01ERBS00015-2,EUtranFreqRelation=1,EUtranCellRelation=9" lastModified="1287501696032" mimName="ERBS_NODE_MODEL" mimVersion="A.9.50.J.9.1">
    <attr name="isRemoveAllowed">false</attr>
    <attr name="neighborCellRef">SubNetwork=ONRM_RootMo_R,MeContext=LTE01ERBS00015,ManagedElement=1,ENodeBFunction=1,EUtraNetwork=1,ExternalENodeBFunction=3,ExternalEUtranCellFDD=2</attr>
    <attr name="anrCreated">false</attr>
    <attr name="isHoAllowed">true</attr>
  </mo>
  <mo fdn="SubNetwork=ONRM_RootMo_R,MeContext=LTE01ERBS00015,ManagedElement=1,ENodeBFunction=1,EUtranCellFDD=LTE01ERBS00015-2,EUtranFreqRelation=2,EUtranCellRelation=10" lastModified="1287504795198" mimName="ERBS_NODE_MODEL" mimVersion="A.9.50.J.9.1">
    <attr name="isRemoveAllowed">false</attr>
    <attr name="neighborCellRef">SubNetwork=ONRM_RootMo_R,MeContext=LTE01ERBS00015,ManagedElement=1,ENodeBFunction=1,EUtraNetwork=1,ExternalENodeBFunction=4,ExternalEUtranCellFDD=1</attr>
    <attr name="anrCreated">false</attr>
    <attr name="isHoAllowed">true</attr>
  </mo>
  <mo fdn="SubNetwork=ONRM_RootMo_R,MeContext=LTE01ERBS00015,ManagedElement=1,ENodeBFunction=1,EUtranCellFDD=LTE01ERBS00015-2,EUtranFreqRelation=2,EUtranCellRelation=11" lastModified="1287504795196" mimName="ERBS_NODE_MODEL" mimVersion="A.9.50.J.9.1">
    <attr name="isRemoveAllowed">false</attr>
    <attr name="neighborCellRef">SubNetwork=ONRM_RootMo_R,MeContext=LTE01ERBS00015,ManagedElement=1,ENodeBFunction=1,EUtraNetwork=1,ExternalENodeBFunction=4,ExternalEUtranCellFDD=2</attr>
    <attr name="anrCreated">false</attr>
    <attr name="isHoAllowed">true</attr>
  </mo>
  <mo fdn="SubNetwork=ONRM_RootMo_R,MeContext=LTE01ERBS00015,ManagedElement=1,ENodeBFunction=1,EUtranCellFDD=LTE01ERBS00015-2,EUtranFreqRelation=2,EUtranCellRelation=14" lastModified="1287504795183" mimName="ERBS_NODE_MODEL" mimVersion="A.9.50.J.9.1">
    <attr name="isRemoveAllowed">false</attr>
    <attr name="neighborCellRef">SubNetwork=ONRM_RootMo_R,MeContext=LTE01ERBS00015,ManagedElement=1,ENodeBFunction=1,EUtraNetwork=1,ExternalENodeBFunction=6,ExternalEUtranCellFDD=1</attr>
    <attr name="anrCreated">false</attr>
    <attr name="isHoAllowed">true</attr>
  </mo>
  <mo fdn="SubNetwork=ONRM_RootMo_R,MeContext=LTE01ERBS00015,ManagedElement=1,ENodeBFunction=1,EUtranCellFDD=LTE01ERBS00015-2,EUtranFreqRelation=2,EUtranCellRelation=15" lastModified="1287504795207" mimName="ERBS_NODE_MODEL" mimVersion="A.9.50.J.9.1">
    <attr name="isRemoveAllowed">false</attr>
    <attr name="neighborCellRef">SubNetwork=ONRM_RootMo_R,MeContext=LTE01ERBS00015,ManagedElement=1,ENodeBFunction=1,EUtraNetwork=1,ExternalENodeBFunction=6,ExternalEUtranCellFDD=2</attr>
    <attr name="anrCreated">false</attr>
    <attr name="isHoAllowed">true</attr>
  </mo>
  <mo fdn="SubNetwork=ONRM_RootMo_R,MeContext=LTE01ERBS00015,ManagedElement=1,ENodeBFunction=1,EUtranCellFDD=LTE01ERBS00015-2,EUtranFreqRelation=2,EUtranCellRelation=18" lastModified="1287504795203" mimName="ERBS_NODE_MODEL" mimVersion="A.9.50.J.9.1">
    <attr name="isRemoveAllowed">false</attr>
    <attr name="neighborCellRef">SubNetwork=ONRM_RootMo_R,MeContext=LTE01ERBS00015,ManagedElement=1,ENodeBFunction=1,EUtraNetwork=1,ExternalENodeBFunction=8,ExternalEUtranCellFDD=1</attr>
    <attr name="anrCreated">false</attr>
    <attr name="isHoAllowed">true</attr>
  </mo>
  <mo fdn="SubNetwork=ONRM_RootMo_R,MeContext=LTE01ERBS00015,ManagedElement=1,ENodeBFunction=1,EUtranCellFDD=LTE01ERBS00015-2,EUtranFreqRelation=2,EUtranCellRelation=19" lastModified="1287504795200" mimName="ERBS_NODE_MODEL" mimVersion="A.9.50.J.9.1">
    <attr name="isRemoveAllowed">false</attr>
    <attr name="neighborCellRef">SubNetwork=ONRM_RootMo_R,MeContext=LTE01ERBS00015,ManagedElement=1,ENodeBFunction=1,EUtraNetwork=1,ExternalENodeBFunction=8,ExternalEUtranCellFDD=2</attr>
    <attr name="anrCreated">false</attr>
    <attr name="isHoAllowed">true</attr>
  </mo>
  <mo fdn="SubNetwork=ONRM_RootMo_R,MeContext=LTE01ERBS00015,ManagedElement=1,ENodeBFunction=1,EUtranCellFDD=LTE01ERBS00015-2,EUtranFreqRelation=2,EUtranCellRelation=22" lastModified="1287504795191" mimName="ERBS_NODE_MODEL" mimVersion="A.9.50.J.9.1">
    <attr name="isRemoveAllowed">false</attr>
    <attr name="neighborCellRef">SubNetwork=ONRM_RootMo_R,MeContext=LTE01ERBS00015,ManagedElement=1,ENodeBFunction=1,EUtraNetwork=1,ExternalENodeBFunction=10,ExternalEUtranCellFDD=1</attr>
    <attr name="anrCreated">false</attr>
    <attr name="isHoAllowed">true</attr>
  </mo>
  <mo fdn="SubNetwork=ONRM_RootMo_R,MeContext=LTE01ERBS00015,ManagedElement=1,ENodeBFunction=1,EUtranCellFDD=LTE01ERBS00015-2,EUtranFreqRelation=2,EUtranCellRelation=23" lastModified="1287504795186" mimName="ERBS_NODE_MODEL" mimVersion="A.9.50.J.9.1">
    <attr name="isRemoveAllowed">false</attr>
    <attr name="neighborCellRef">SubNetwork=ONRM_RootMo_R,MeContext=LTE01ERBS00015,ManagedElement=1,ENodeBFunction=1,EUtraNetwork=1,ExternalENodeBFunction=10,ExternalEUtranCellFDD=2</attr>
    <attr name="anrCreated">false</attr>
    <attr name="isHoAllowed">true</attr>
  </mo>
  <mo fdn="SubNetwork=ONRM_RootMo_R,MeContext=LTE01ERBS00015,ManagedElement=1,ENodeBFunction=1,EUtranCellFDD=LTE01ERBS00015-2,EUtranFreqRelation=2,EUtranCellRelation=26" lastModified="1287504795205" mimName="ERBS_NODE_MODEL" mimVersion="A.9.50.J.9.1">
    <attr name="isRemoveAllowed">false</attr>
    <attr name="neighborCellRef">SubNetwork=ONRM_RootMo_R,MeContext=LTE01ERBS00015,ManagedElement=1,ENodeBFunction=1,EUtraNetwork=1,ExternalENodeBFunction=12,ExternalEUtranCellFDD=1</attr>
    <attr name="anrCreated">false</attr>
    <attr name="isHoAllowed">true</attr>
  </mo>
  <mo fdn="SubNetwork=ONRM_RootMo_R,MeContext=LTE01ERBS00015,ManagedElement=1,ENodeBFunction=1,EUtranCellFDD=LTE01ERBS00015-2,EUtranFreqRelation=2,EUtranCellRelation=27" lastModified="1287504795204" mimName="ERBS_NODE_MODEL" mimVersion="A.9.50.J.9.1">
    <attr name="isRemoveAllowed">false</attr>
    <attr name="neighborCellRef">SubNetwork=ONRM_RootMo_R,MeContext=LTE01ERBS00015,ManagedElement=1,ENodeBFunction=1,EUtraNetwork=1,ExternalENodeBFunction=12,ExternalEUtranCellFDD=2</attr>
    <attr name="anrCreated">false</attr>
    <attr name="isHoAllowed">true</attr>
  </mo>
  <mo fdn="SubNetwork=ONRM_RootMo_R,MeContext=LTE01ERBS00015,ManagedElement=1,ENodeBFunction=1,EUtranCellFDD=LTE01ERBS00015-2,EUtranFreqRelation=2,EUtranCellRelation=30" lastModified="1287504795194" mimName="ERBS_NODE_MODEL" mimVersion="A.9.50.J.9.1">
    <attr name="isRemoveAllowed">false</attr>
    <attr name="neighborCellRef">SubNetwork=ONRM_RootMo_R,MeContext=LTE01ERBS00015,ManagedElement=1,ENodeBFunction=1,EUtraNetwork=1,ExternalENodeBFunction=14,ExternalEUtranCellFDD=1</attr>
    <attr name="anrCreated">false</attr>
    <attr name="isHoAllowed">true</attr>
  </mo>
  <mo fdn="SubNetwork=ONRM_RootMo_R,MeContext=LTE01ERBS00015,ManagedElement=1,ENodeBFunction=1,EUtranCellFDD=LTE01ERBS00015-2,EUtranFreqRelation=2,EUtranCellRelation=31" lastModified="1287504795192" mimName="ERBS_NODE_MODEL" mimVersion="A.9.50.J.9.1">
    <attr name="isRemoveAllowed">false</attr>
    <attr name="neighborCellRef">SubNetwork=ONRM_RootMo_R,MeContext=LTE01ERBS00015,ManagedElement=1,ENodeBFunction=1,EUtraNetwork=1,ExternalENodeBFunction=14,ExternalEUtranCellFDD=2</attr>
    <attr name="anrCreated">false</attr>
    <attr name="isHoAllowed">true</attr>
  </mo>
  <mo fdn="SubNetwork=ONRM_RootMo_R,MeContext=LTE01ERBS00015,ManagedElement=1,ENodeBFunction=1,EUtranCellFDD=LTE01ERBS00015-2,EUtranFreqRelation=2,EUtranCellRelation=32" lastModified="1287504795189" mimName="ERBS_NODE_MODEL" mimVersion="A.9.50.J.9.1">
    <attr name="isRemoveAllowed">false</attr>
    <attr name="neighborCellRef">SubNetwork=ONRM_RootMo_R,MeContext=LTE01ERBS00015,ManagedElement=1,ENodeBFunction=1,EUtraNetwork=1,ExternalENodeBFunction=16,ExternalEUtranCellFDD=1</attr>
    <attr name="anrCreated">false</attr>
    <attr name="isHoAllowed">true</attr>
  </mo>
  <mo fdn="SubNetwork=ONRM_RootMo_R,MeContext=LTE01ERBS00015,ManagedElement=1,ENodeBFunction=1,EUtranCellFDD=LTE01ERBS00015-2,EUtranFreqRelation=2,EUtranCellRelation=33" lastModified="1287504795199" mimName="ERBS_NODE_MODEL" mimVersion="A.9.50.J.9.1">
    <attr name="isRemoveAllowed">false</attr>
    <attr name="neighborCellRef">SubNetwork=ONRM_RootMo_R,MeContext=LTE01ERBS00015,ManagedElement=1,ENodeBFunction=1,EUtraNetwork=1,ExternalENodeBFunction=16,ExternalEUtranCellFDD=2</attr>
    <attr name="anrCreated">false</attr>
    <attr name="isHoAllowed">true</attr>
  </mo>
  <mo fdn="SubNetwork=ONRM_RootMo_R,MeContext=LTE01ERBS00015,ManagedElement=1,ENodeBFunction=1,EUtranCellFDD=LTE01ERBS00015-2,EUtranFreqRelation=2,EUtranCellRelation=6" lastModified="1287504795201" mimName="ERBS_NODE_MODEL" mimVersion="A.9.50.J.9.1">
    <attr name="isRemoveAllowed">false</attr>
    <attr name="neighborCellRef">SubNetwork=ONRM_RootMo_R,MeContext=LTE01ERBS00015,ManagedElement=1,ENodeBFunction=1,EUtraNetwork=1,ExternalENodeBFunction=2,ExternalEUtranCellFDD=1</attr>
    <attr name="anrCreated">false</attr>
    <attr name="isHoAllowed">true</attr>
  </mo>
  <mo fdn="SubNetwork=ONRM_RootMo_R,MeContext=LTE01ERBS00015,ManagedElement=1,ENodeBFunction=1,EUtranCellFDD=LTE01ERBS00015-2,EUtranFreqRelation=2,EUtranCellRelation=7" lastModified="1287504795206" mimName="ERBS_NODE_MODEL" mimVersion="A.9.50.J.9.1">
    <attr name="isRemoveAllowed">false</attr>
    <attr name="neighborCellRef">SubNetwork=ONRM_RootMo_R,MeContext=LTE01ERBS00015,ManagedElement=1,ENodeBFunction=1,EUtraNetwork=1,ExternalENodeBFunction=2,ExternalEUtranCellFDD=2</attr>
    <attr name="anrCreated">false</attr>
    <attr name="isHoAllowed">true</attr>
  </mo>
  <mo fdn="SubNetwork=ONRM_RootMo_R,MeContext=LTE01ERBS00015,ManagedElement=1,ENodeBFunction=1,EUtranCellFDD=LTE01ERBS00015-3" lastModified="1287512074128" mimName="ERBS_NODE_MODEL" mimVersion="A.9.50.J.9.1">
    <attr name="EUtranCellFDDId">LTE01ERBS00015-3</attr>
    <attr name="earfcnul">18000</attr>
    <attr name="cellId">3</attr>
    <attr name="tac">48138</attr>
    <attr name="bPlmnList">
      <seq count="1">
        <item>
          <struct>
            <attr name="mcc">311</attr>
            <attr name="mnc">480</attr>
            <attr name="mncLength">2</attr>
          </struct>
        </item>
      </seq>
    </attr>
    <attr name="earfcndl">0</attr>
    <attr name="userLabel">LTE01ERBS00015-3</attr>
  </mo>
  <mo fdn="SubNetwork=ONRM_RootMo_R,MeContext=LTE01ERBS00015,ManagedElement=1,ENodeBFunction=1,EUtranCellFDD=LTE01ERBS00015-3,EUtranFreqRelation=1,EUtranCellRelation=1" lastModified="1287501119480" mimName="ERBS_NODE_MODEL" mimVersion="A.9.50.J.9.1">
    <attr name="isRemoveAllowed">false</attr>
    <attr name="neighborCellRef">SubNetwork=ONRM_RootMo_R,MeContext=LTE01ERBS00015,ManagedElement=1,ENodeBFunction=1,EUtranCellFDD=LTE01ERBS00015-1</attr>
    <attr name="anrCreated">false</attr>
    <attr name="isHoAllowed">true</attr>
  </mo>
  <mo fdn="SubNetwork=ONRM_RootMo_R,MeContext=LTE01ERBS00015,ManagedElement=1,ENodeBFunction=1,EUtranCellFDD=LTE01ERBS00015-3,EUtranFreqRelation=1,EUtranCellRelation=12" lastModified="1287501695769" mimName="ERBS_NODE_MODEL" mimVersion="A.9.50.J.9.1">
    <attr name="isRemoveAllowed">false</attr>
    <attr name="neighborCellRef">SubNetwork=ONRM_RootMo_R,MeContext=LTE01ERBS00015,ManagedElement=1,ENodeBFunction=1,EUtraNetwork=1,ExternalENodeBFunction=5,ExternalEUtranCellFDD=3</attr>
    <attr name="anrCreated">false</attr>
    <attr name="isHoAllowed">true</attr>
  </mo>
  <mo fdn="SubNetwork=ONRM_RootMo_R,MeContext=LTE01ERBS00015,ManagedElement=1,ENodeBFunction=1,EUtranCellFDD=LTE01ERBS00015-3,EUtranFreqRelation=1,EUtranCellRelation=13" lastModified="1287501695752" mimName="ERBS_NODE_MODEL" mimVersion="A.9.50.J.9.1">
    <attr name="isRemoveAllowed">false</attr>
    <attr name="neighborCellRef">SubNetwork=ONRM_RootMo_R,MeContext=LTE01ERBS00015,ManagedElement=1,ENodeBFunction=1,EUtraNetwork=1,ExternalENodeBFunction=5,ExternalEUtranCellFDD=4</attr>
    <attr name="anrCreated">false</attr>
    <attr name="isHoAllowed">true</attr>
  </mo>
  <mo fdn="SubNetwork=ONRM_RootMo_R,MeContext=LTE01ERBS00015,ManagedElement=1,ENodeBFunction=1,EUtranCellFDD=LTE01ERBS00015-3,EUtranFreqRelation=1,EUtranCellRelation=16" lastModified="1287501695775" mimName="ERBS_NODE_MODEL" mimVersion="A.9.50.J.9.1">
    <attr name="isRemoveAllowed">false</attr>
    <attr name="neighborCellRef">SubNetwork=ONRM_RootMo_R,MeContext=LTE01ERBS00015,ManagedElement=1,ENodeBFunction=1,EUtraNetwork=1,ExternalENodeBFunction=7,ExternalEUtranCellFDD=3</attr>
    <attr name="anrCreated">false</attr>
    <attr name="isHoAllowed">true</attr>
  </mo>
  <mo fdn="SubNetwork=ONRM_RootMo_R,MeContext=LTE01ERBS00015,ManagedElement=1,ENodeBFunction=1,EUtranCellFDD=LTE01ERBS00015-3,EUtranFreqRelation=1,EUtranCellRelation=17" lastModified="1287501695774" mimName="ERBS_NODE_MODEL" mimVersion="A.9.50.J.9.1">
    <attr name="isRemoveAllowed">false</attr>
    <attr name="neighborCellRef">SubNetwork=ONRM_RootMo_R,MeContext=LTE01ERBS00015,ManagedElement=1,ENodeBFunction=1,EUtraNetwork=1,ExternalENodeBFunction=7,ExternalEUtranCellFDD=4</attr>
    <attr name="anrCreated">false</attr>
    <attr name="isHoAllowed">true</attr>
  </mo>
  <mo fdn="SubNetwork=ONRM_RootMo_R,MeContext=LTE01ERBS00015,ManagedElement=1,ENodeBFunction=1,EUtranCellFDD=LTE01ERBS00015-3,EUtranFreqRelation=1,EUtranCellRelation=2" lastModified="1287501119383" mimName="ERBS_NODE_MODEL" mimVersion="A.9.50.J.9.1">
    <attr name="isRemoveAllowed">false</attr>
    <attr name="neighborCellRef">SubNetwork=ONRM_RootMo_R,MeContext=LTE01ERBS00015,ManagedElement=1,ENodeBFunction=1,EUtranCellFDD=LTE01ERBS00015-2</attr>
    <attr name="anrCreated">false</attr>
    <attr name="isHoAllowed">true</attr>
  </mo>
  <mo fdn="SubNetwork=ONRM_RootMo_R,MeContext=LTE01ERBS00015,ManagedElement=1,ENodeBFunction=1,EUtranCellFDD=LTE01ERBS00015-3,EUtranFreqRelation=1,EUtranCellRelation=20" lastModified="1287504800252" mimName="ERBS_NODE_MODEL" mimVersion="A.9.50.J.9.1">
    <attr name="isRemoveAllowed">false</attr>
    <attr name="neighborCellRef">SubNetwork=ONRM_RootMo_R,MeContext=LTE01ERBS00015,ManagedElement=1,ENodeBFunction=1,EUtraNetwork=1,ExternalENodeBFunction=9,ExternalEUtranCellFDD=3</attr>
    <attr name="anrCreated">false</attr>
    <attr name="isHoAllowed">true</attr>
  </mo>
  <mo fdn="SubNetwork=ONRM_RootMo_R,MeContext=LTE01ERBS00015,ManagedElement=1,ENodeBFunction=1,EUtranCellFDD=LTE01ERBS00015-3,EUtranFreqRelation=1,EUtranCellRelation=21" lastModified="1287504800251" mimName="ERBS_NODE_MODEL" mimVersion="A.9.50.J.9.1">
    <attr name="isRemoveAllowed">false</attr>
    <attr name="neighborCellRef">SubNetwork=ONRM_RootMo_R,MeContext=LTE01ERBS00015,ManagedElement=1,ENodeBFunction=1,EUtraNetwork=1,ExternalENodeBFunction=9,ExternalEUtranCellFDD=4</attr>
    <attr name="anrCreated">false</attr>
    <attr name="isHoAllowed">true</attr>
  </mo>
  <mo fdn="SubNetwork=ONRM_RootMo_R,MeContext=LTE01ERBS00015,ManagedElement=1,ENodeBFunction=1,EUtranCellFDD=LTE01ERBS00015-3,EUtranFreqRelation=1,EUtranCellRelation=24" lastModified="1287501695770" mimName="ERBS_NODE_MODEL" mimVersion="A.9.50.J.9.1">
    <attr name="isRemoveAllowed">false</attr>
    <attr name="neighborCellRef">SubNetwork=ONRM_RootMo_R,MeContext=LTE01ERBS00015,ManagedElement=1,ENodeBFunction=1,EUtraNetwork=1,ExternalENodeBFunction=11,ExternalEUtranCellFDD=3</attr>
    <attr name="anrCreated">false</attr>
    <attr name="isHoAllowed">true</attr>
  </mo>
  <mo fdn="SubNetwork=ONRM_RootMo_R,MeContext=LTE01ERBS00015,ManagedElement=1,ENodeBFunction=1,EUtranCellFDD=LTE01ERBS00015-3,EUtranFreqRelation=1,EUtranCellRelation=25" lastModified="1287501695768" mimName="ERBS_NODE_MODEL" mimVersion="A.9.50.J.9.1">
    <attr name="isRemoveAllowed">false</attr>
    <attr name="neighborCellRef">SubNetwork=ONRM_RootMo_R,MeContext=LTE01ERBS00015,ManagedElement=1,ENodeBFunction=1,EUtraNetwork=1,ExternalENodeBFunction=11,ExternalEUtranCellFDD=4</attr>
    <attr name="anrCreated">false</attr>
    <attr name="isHoAllowed">true</attr>
  </mo>
  <mo fdn="SubNetwork=ONRM_RootMo_R,MeContext=LTE01ERBS00015,ManagedElement=1,ENodeBFunction=1,EUtranCellFDD=LTE01ERBS00015-3,EUtranFreqRelation=1,EUtranCellRelation=28" lastModified="1287504800255" mimName="ERBS_NODE_MODEL" mimVersion="A.9.50.J.9.1">
    <attr name="isRemoveAllowed">false</attr>
    <attr name="neighborCellRef">SubNetwork=ONRM_RootMo_R,MeContext=LTE01ERBS00015,ManagedElement=1,ENodeBFunction=1,EUtraNetwork=1,ExternalENodeBFunction=13,ExternalEUtranCellFDD=3</attr>
    <attr name="anrCreated">false</attr>
    <attr name="isHoAllowed">true</attr>
  </mo>
  <mo fdn="SubNetwork=ONRM_RootMo_R,MeContext=LTE01ERBS00015,ManagedElement=1,ENodeBFunction=1,EUtranCellFDD=LTE01ERBS00015-3,EUtranFreqRelation=1,EUtranCellRelation=29" lastModified="1287504800254" mimName="ERBS_NODE_MODEL" mimVersion="A.9.50.J.9.1">
    <attr name="isRemoveAllowed">false</attr>
    <attr name="neighborCellRef">SubNetwork=ONRM_RootMo_R,MeContext=LTE01ERBS00015,ManagedElement=1,ENodeBFunction=1,EUtraNetwork=1,ExternalENodeBFunction=13,ExternalEUtranCellFDD=4</attr>
    <attr name="anrCreated">false</attr>
    <attr name="isHoAllowed">true</attr>
  </mo>
  <mo fdn="SubNetwork=ONRM_RootMo_R,MeContext=LTE01ERBS00015,ManagedElement=1,ENodeBFunction=1,EUtranCellFDD=LTE01ERBS00015-3,EUtranFreqRelation=1,EUtranCellRelation=3" lastModified="1287501117258" mimName="ERBS_NODE_MODEL" mimVersion="A.9.50.J.9.1">
    <attr name="isRemoveAllowed">false</attr>
    <attr name="neighborCellRef">SubNetwork=ONRM_RootMo_R,MeContext=LTE01ERBS00015,ManagedElement=1,ENodeBFunction=1,EUtranCellFDD=LTE01ERBS00015-4</attr>
    <attr name="anrCreated">false</attr>
    <attr name="isHoAllowed">true</attr>
  </mo>
  <mo fdn="SubNetwork=ONRM_RootMo_R,MeContext=LTE01ERBS00015,ManagedElement=1,ENodeBFunction=1,EUtranCellFDD=LTE01ERBS00015-3,EUtranFreqRelation=1,EUtranCellRelation=4" lastModified="1287501695776" mimName="ERBS_NODE_MODEL" mimVersion="A.9.50.J.9.1">
    <attr name="isRemoveAllowed">false</attr>
    <attr name="neighborCellRef">SubNetwork=ONRM_RootMo_R,MeContext=LTE01ERBS00015,ManagedElement=1,ENodeBFunction=1,EUtraNetwork=1,ExternalENodeBFunction=1,ExternalEUtranCellFDD=3</attr>
    <attr name="anrCreated">false</attr>
    <attr name="isHoAllowed">true</attr>
  </mo>
  <mo fdn="SubNetwork=ONRM_RootMo_R,MeContext=LTE01ERBS00015,ManagedElement=1,ENodeBFunction=1,EUtranCellFDD=LTE01ERBS00015-3,EUtranFreqRelation=1,EUtranCellRelation=5" lastModified="1287501695777" mimName="ERBS_NODE_MODEL" mimVersion="A.9.50.J.9.1">
    <attr name="isRemoveAllowed">false</attr>
    <attr name="neighborCellRef">SubNetwork=ONRM_RootMo_R,MeContext=LTE01ERBS00015,ManagedElement=1,ENodeBFunction=1,EUtraNetwork=1,ExternalENodeBFunction=1,ExternalEUtranCellFDD=4</attr>
    <attr name="anrCreated">false</attr>
    <attr name="isHoAllowed">true</attr>
  </mo>
  <mo fdn="SubNetwork=ONRM_RootMo_R,MeContext=LTE01ERBS00015,ManagedElement=1,ENodeBFunction=1,EUtranCellFDD=LTE01ERBS00015-3,EUtranFreqRelation=1,EUtranCellRelation=8" lastModified="1287501695771" mimName="ERBS_NODE_MODEL" mimVersion="A.9.50.J.9.1">
    <attr name="isRemoveAllowed">false</attr>
    <attr name="neighborCellRef">SubNetwork=ONRM_RootMo_R,MeContext=LTE01ERBS00015,ManagedElement=1,ENodeBFunction=1,EUtraNetwork=1,ExternalENodeBFunction=3,ExternalEUtranCellFDD=3</attr>
    <attr name="anrCreated">false</attr>
    <attr name="isHoAllowed">true</attr>
  </mo>
  <mo fdn="SubNetwork=ONRM_RootMo_R,MeContext=LTE01ERBS00015,ManagedElement=1,ENodeBFunction=1,EUtranCellFDD=LTE01ERBS00015-3,EUtranFreqRelation=1,EUtranCellRelation=9" lastModified="1287501695773" mimName="ERBS_NODE_MODEL" mimVersion="A.9.50.J.9.1">
    <attr name="isRemoveAllowed">false</attr>
    <attr name="neighborCellRef">SubNetwork=ONRM_RootMo_R,MeContext=LTE01ERBS00015,ManagedElement=1,ENodeBFunction=1,EUtraNetwork=1,ExternalENodeBFunction=3,ExternalEUtranCellFDD=4</attr>
    <attr name="anrCreated">false</attr>
    <attr name="isHoAllowed">true</attr>
  </mo>
  <mo fdn="SubNetwork=ONRM_RootMo_R,MeContext=LTE01ERBS00015,ManagedElement=1,ENodeBFunction=1,EUtranCellFDD=LTE01ERBS00015-3,EUtranFreqRelation=2,EUtranCellRelation=10" lastModified="1287504800237" mimName="ERBS_NODE_MODEL" mimVersion="A.9.50.J.9.1">
    <attr name="isRemoveAllowed">false</attr>
    <attr name="neighborCellRef">SubNetwork=ONRM_RootMo_R,MeContext=LTE01ERBS00015,ManagedElement=1,ENodeBFunction=1,EUtraNetwork=1,ExternalENodeBFunction=4,ExternalEUtranCellFDD=3</attr>
    <attr name="anrCreated">false</attr>
    <attr name="isHoAllowed">true</attr>
  </mo>
  <mo fdn="SubNetwork=ONRM_RootMo_R,MeContext=LTE01ERBS00015,ManagedElement=1,ENodeBFunction=1,EUtranCellFDD=LTE01ERBS00015-3,EUtranFreqRelation=2,EUtranCellRelation=11" lastModified="1287504800235" mimName="ERBS_NODE_MODEL" mimVersion="A.9.50.J.9.1">
    <attr name="isRemoveAllowed">false</attr>
    <attr name="neighborCellRef">SubNetwork=ONRM_RootMo_R,MeContext=LTE01ERBS00015,ManagedElement=1,ENodeBFunction=1,EUtraNetwork=1,ExternalENodeBFunction=4,ExternalEUtranCellFDD=4</attr>
    <attr name="anrCreated">false</attr>
    <attr name="isHoAllowed">true</attr>
  </mo>
  <mo fdn="SubNetwork=ONRM_RootMo_R,MeContext=LTE01ERBS00015,ManagedElement=1,ENodeBFunction=1,EUtranCellFDD=LTE01ERBS00015-3,EUtranFreqRelation=2,EUtranCellRelation=14" lastModified="1287504800222" mimName="ERBS_NODE_MODEL" mimVersion="A.9.50.J.9.1">
    <attr name="isRemoveAllowed">false</attr>
    <attr name="neighborCellRef">SubNetwork=ONRM_RootMo_R,MeContext=LTE01ERBS00015,ManagedElement=1,ENodeBFunction=1,EUtraNetwork=1,ExternalENodeBFunction=6,ExternalEUtranCellFDD=3</attr>
    <attr name="anrCreated">false</attr>
    <attr name="isHoAllowed">true</attr>
  </mo>
  <mo fdn="SubNetwork=ONRM_RootMo_R,MeContext=LTE01ERBS00015,ManagedElement=1,ENodeBFunction=1,EUtranCellFDD=LTE01ERBS00015-3,EUtranFreqRelation=2,EUtranCellRelation=15" lastModified="1287504800248" mimName="ERBS_NODE_MODEL" mimVersion="A.9.50.J.9.1">
    <attr name="isRemoveAllowed">false</attr>
    <attr name="neighborCellRef">SubNetwork=ONRM_RootMo_R,MeContext=LTE01ERBS00015,ManagedElement=1,ENodeBFunction=1,EUtraNetwork=1,ExternalENodeBFunction=6,ExternalEUtranCellFDD=4</attr>
    <attr name="anrCreated">false</attr>
    <attr name="isHoAllowed">true</attr>
  </mo>
  <mo fdn="SubNetwork=ONRM_RootMo_R,MeContext=LTE01ERBS00015,ManagedElement=1,ENodeBFunction=1,EUtranCellFDD=LTE01ERBS00015-3,EUtranFreqRelation=2,EUtranCellRelation=18" lastModified="1287504800244" mimName="ERBS_NODE_MODEL" mimVersion="A.9.50.J.9.1">
    <attr name="isRemoveAllowed">false</attr>
    <attr name="neighborCellRef">SubNetwork=ONRM_RootMo_R,MeContext=LTE01ERBS00015,ManagedElement=1,ENodeBFunction=1,EUtraNetwork=1,ExternalENodeBFunction=8,ExternalEUtranCellFDD=3</attr>
    <attr name="anrCreated">false</attr>
    <attr name="isHoAllowed">true</attr>
  </mo>
  <mo fdn="SubNetwork=ONRM_RootMo_R,MeContext=LTE01ERBS00015,ManagedElement=1,ENodeBFunction=1,EUtranCellFDD=LTE01ERBS00015-3,EUtranFreqRelation=2,EUtranCellRelation=19" lastModified="1287504800241" mimName="ERBS_NODE_MODEL" mimVersion="A.9.50.J.9.1">
    <attr name="isRemoveAllowed">false</attr>
    <attr name="neighborCellRef">SubNetwork=ONRM_RootMo_R,MeContext=LTE01ERBS00015,ManagedElement=1,ENodeBFunction=1,EUtraNetwork=1,ExternalENodeBFunction=8,ExternalEUtranCellFDD=4</attr>
    <attr name="anrCreated">false</attr>
    <attr name="isHoAllowed">true</attr>
  </mo>
  <mo fdn="SubNetwork=ONRM_RootMo_R,MeContext=LTE01ERBS00015,ManagedElement=1,ENodeBFunction=1,EUtranCellFDD=LTE01ERBS00015-3,EUtranFreqRelation=2,EUtranCellRelation=22" lastModified="1287504800229" mimName="ERBS_NODE_MODEL" mimVersion="A.9.50.J.9.1">
    <attr name="isRemoveAllowed">false</attr>
    <attr name="neighborCellRef">SubNetwork=ONRM_RootMo_R,MeContext=LTE01ERBS00015,ManagedElement=1,ENodeBFunction=1,EUtraNetwork=1,ExternalENodeBFunction=10,ExternalEUtranCellFDD=3</attr>
    <attr name="anrCreated">false</attr>
    <attr name="isHoAllowed">true</attr>
  </mo>
  <mo fdn="SubNetwork=ONRM_RootMo_R,MeContext=LTE01ERBS00015,ManagedElement=1,ENodeBFunction=1,EUtranCellFDD=LTE01ERBS00015-3,EUtranFreqRelation=2,EUtranCellRelation=23" lastModified="1287504800225" mimName="ERBS_NODE_MODEL" mimVersion="A.9.50.J.9.1">
    <attr name="isRemoveAllowed">false</attr>
    <attr name="neighborCellRef">SubNetwork=ONRM_RootMo_R,MeContext=LTE01ERBS00015,ManagedElement=1,ENodeBFunction=1,EUtraNetwork=1,ExternalENodeBFunction=10,ExternalEUtranCellFDD=4</attr>
    <attr name="anrCreated">false</attr>
    <attr name="isHoAllowed">true</attr>
  </mo>
  <mo fdn="SubNetwork=ONRM_RootMo_R,MeContext=LTE01ERBS00015,ManagedElement=1,ENodeBFunction=1,EUtranCellFDD=LTE01ERBS00015-3,EUtranFreqRelation=2,EUtranCellRelation=26" lastModified="1287504800245" mimName="ERBS_NODE_MODEL" mimVersion="A.9.50.J.9.1">
    <attr name="isRemoveAllowed">false</attr>
    <attr name="neighborCellRef">SubNetwork=ONRM_RootMo_R,MeContext=LTE01ERBS00015,ManagedElement=1,ENodeBFunction=1,EUtraNetwork=1,ExternalENodeBFunction=12,ExternalEUtranCellFDD=3</attr>
    <attr name="anrCreated">false</attr>
    <attr name="isHoAllowed">true</attr>
  </mo>
  <mo fdn="SubNetwork=ONRM_RootMo_R,MeContext=LTE01ERBS00015,ManagedElement=1,ENodeBFunction=1,EUtranCellFDD=LTE01ERBS00015-3,EUtranFreqRelation=2,EUtranCellRelation=27" lastModified="1287504800244" mimName="ERBS_NODE_MODEL" mimVersion="A.9.50.J.9.1">
    <attr name="isRemoveAllowed">false</attr>
    <attr name="neighborCellRef">SubNetwork=ONRM_RootMo_R,MeContext=LTE01ERBS00015,ManagedElement=1,ENodeBFunction=1,EUtraNetwork=1,ExternalENodeBFunction=12,ExternalEUtranCellFDD=4</attr>
    <attr name="anrCreated">false</attr>
    <attr name="isHoAllowed">true</attr>
  </mo>
  <mo fdn="SubNetwork=ONRM_RootMo_R,MeContext=LTE01ERBS00015,ManagedElement=1,ENodeBFunction=1,EUtranCellFDD=LTE01ERBS00015-3,EUtranFreqRelation=2,EUtranCellRelation=30" lastModified="1287504800232" mimName="ERBS_NODE_MODEL" mimVersion="A.9.50.J.9.1">
    <attr name="isRemoveAllowed">false</attr>
    <attr name="neighborCellRef">SubNetwork=ONRM_RootMo_R,MeContext=LTE01ERBS00015,ManagedElement=1,ENodeBFunction=1,EUtraNetwork=1,ExternalENodeBFunction=14,ExternalEUtranCellFDD=3</attr>
    <attr name="anrCreated">false</attr>
    <attr name="isHoAllowed">true</attr>
  </mo>
  <mo fdn="SubNetwork=ONRM_RootMo_R,MeContext=LTE01ERBS00015,ManagedElement=1,ENodeBFunction=1,EUtranCellFDD=LTE01ERBS00015-3,EUtranFreqRelation=2,EUtranCellRelation=31" lastModified="1287504800231" mimName="ERBS_NODE_MODEL" mimVersion="A.9.50.J.9.1">
    <attr name="isRemoveAllowed">false</attr>
    <attr name="neighborCellRef">SubNetwork=ONRM_RootMo_R,MeContext=LTE01ERBS00015,ManagedElement=1,ENodeBFunction=1,EUtraNetwork=1,ExternalENodeBFunction=14,ExternalEUtranCellFDD=4</attr>
    <attr name="anrCreated">false</attr>
    <attr name="isHoAllowed">true</attr>
  </mo>
  <mo fdn="SubNetwork=ONRM_RootMo_R,MeContext=LTE01ERBS00015,ManagedElement=1,ENodeBFunction=1,EUtranCellFDD=LTE01ERBS00015-3,EUtranFreqRelation=2,EUtranCellRelation=32" lastModified="1287504800227" mimName="ERBS_NODE_MODEL" mimVersion="A.9.50.J.9.1">
    <attr name="isRemoveAllowed">false</attr>
    <attr name="neighborCellRef">SubNetwork=ONRM_RootMo_R,MeContext=LTE01ERBS00015,ManagedElement=1,ENodeBFunction=1,EUtraNetwork=1,ExternalENodeBFunction=16,ExternalEUtranCellFDD=3</attr>
    <attr name="anrCreated">false</attr>
    <attr name="isHoAllowed">true</attr>
  </mo>
  <mo fdn="SubNetwork=ONRM_RootMo_R,MeContext=LTE01ERBS00015,ManagedElement=1,ENodeBFunction=1,EUtranCellFDD=LTE01ERBS00015-3,EUtranFreqRelation=2,EUtranCellRelation=33" lastModified="1287504800239" mimName="ERBS_NODE_MODEL" mimVersion="A.9.50.J.9.1">
    <attr name="isRemoveAllowed">false</attr>
    <attr name="neighborCellRef">SubNetwork=ONRM_RootMo_R,MeContext=LTE01ERBS00015,ManagedElement=1,ENodeBFunction=1,EUtraNetwork=1,ExternalENodeBFunction=16,ExternalEUtranCellFDD=4</attr>
    <attr name="anrCreated">false</attr>
    <attr name="isHoAllowed">true</attr>
  </mo>
  <mo fdn="SubNetwork=ONRM_RootMo_R,MeContext=LTE01ERBS00015,ManagedElement=1,ENodeBFunction=1,EUtranCellFDD=LTE01ERBS00015-3,EUtranFreqRelation=2,EUtranCellRelation=6" lastModified="1287504800242" mimName="ERBS_NODE_MODEL" mimVersion="A.9.50.J.9.1">
    <attr name="isRemoveAllowed">false</attr>
    <attr name="neighborCellRef">SubNetwork=ONRM_RootMo_R,MeContext=LTE01ERBS00015,ManagedElement=1,ENodeBFunction=1,EUtraNetwork=1,ExternalENodeBFunction=2,ExternalEUtranCellFDD=3</attr>
    <attr name="anrCreated">false</attr>
    <attr name="isHoAllowed">true</attr>
  </mo>
  <mo fdn="SubNetwork=ONRM_RootMo_R,MeContext=LTE01ERBS00015,ManagedElement=1,ENodeBFunction=1,EUtranCellFDD=LTE01ERBS00015-3,EUtranFreqRelation=2,EUtranCellRelation=7" lastModified="1287504800247" mimName="ERBS_NODE_MODEL" mimVersion="A.9.50.J.9.1">
    <attr name="isRemoveAllowed">false</attr>
    <attr name="neighborCellRef">SubNetwork=ONRM_RootMo_R,MeContext=LTE01ERBS00015,ManagedElement=1,ENodeBFunction=1,EUtraNetwork=1,ExternalENodeBFunction=2,ExternalEUtranCellFDD=4</attr>
    <attr name="anrCreated">false</attr>
    <attr name="isHoAllowed">true</attr>
  </mo>
  <mo fdn="SubNetwork=ONRM_RootMo_R,MeContext=LTE01ERBS00015,ManagedElement=1,ENodeBFunction=1,EUtranCellFDD=LTE01ERBS00015-4" lastModified="1287512073637" mimName="ERBS_NODE_MODEL" mimVersion="A.9.50.J.9.1">
    <attr name="EUtranCellFDDId">LTE01ERBS00015-4</attr>
    <attr name="earfcnul">18000</attr>
    <attr name="cellId">4</attr>
    <attr name="tac">1</attr>
    <attr name="bPlmnList">
      <seq count="1">
        <item>
          <struct>
            <attr name="mcc">311</attr>
            <attr name="mnc">480</attr>
            <attr name="mncLength">2</attr>
          </struct>
        </item>
      </seq>
    </attr>
    <attr name="earfcndl">0</attr>
    <attr name="userLabel">LTE01ERBS00015-4</attr>
  </mo>
  <mo fdn="SubNetwork=ONRM_RootMo_R,MeContext=LTE01ERBS00015,ManagedElement=1,ENodeBFunction=1,EUtranCellFDD=LTE01ERBS00015-4,EUtranFreqRelation=1,EUtranCellRelation=1" lastModified="1287501116454" mimName="ERBS_NODE_MODEL" mimVersion="A.9.50.J.9.1">
    <attr name="isRemoveAllowed">false</attr>
    <attr name="neighborCellRef">SubNetwork=ONRM_RootMo_R,MeContext=LTE01ERBS00015,ManagedElement=1,ENodeBFunction=1,EUtranCellFDD=LTE01ERBS00015-1</attr>
    <attr name="anrCreated">false</attr>
    <attr name="isHoAllowed">true</attr>
  </mo>
  <mo fdn="SubNetwork=ONRM_RootMo_R,MeContext=LTE01ERBS00015,ManagedElement=1,ENodeBFunction=1,EUtranCellFDD=LTE01ERBS00015-4,EUtranFreqRelation=1,EUtranCellRelation=12" lastModified="1287501695499" mimName="ERBS_NODE_MODEL" mimVersion="A.9.50.J.9.1">
    <attr name="isRemoveAllowed">false</attr>
    <attr name="neighborCellRef">SubNetwork=ONRM_RootMo_R,MeContext=LTE01ERBS00015,ManagedElement=1,ENodeBFunction=1,EUtraNetwork=1,ExternalENodeBFunction=5,ExternalEUtranCellFDD=3</attr>
    <attr name="anrCreated">false</attr>
    <attr name="isHoAllowed">true</attr>
  </mo>
  <mo fdn="SubNetwork=ONRM_RootMo_R,MeContext=LTE01ERBS00015,ManagedElement=1,ENodeBFunction=1,EUtranCellFDD=LTE01ERBS00015-4,EUtranFreqRelation=1,EUtranCellRelation=13" lastModified="1287501695484" mimName="ERBS_NODE_MODEL" mimVersion="A.9.50.J.9.1">
    <attr name="isRemoveAllowed">false</attr>
    <attr name="neighborCellRef">SubNetwork=ONRM_RootMo_R,MeContext=LTE01ERBS00015,ManagedElement=1,ENodeBFunction=1,EUtraNetwork=1,ExternalENodeBFunction=5,ExternalEUtranCellFDD=4</attr>
    <attr name="anrCreated">false</attr>
    <attr name="isHoAllowed">true</attr>
  </mo>
  <mo fdn="SubNetwork=ONRM_RootMo_R,MeContext=LTE01ERBS00015,ManagedElement=1,ENodeBFunction=1,EUtranCellFDD=LTE01ERBS00015-4,EUtranFreqRelation=1,EUtranCellRelation=16" lastModified="1287501695510" mimName="ERBS_NODE_MODEL" mimVersion="A.9.50.J.9.1">
    <attr name="isRemoveAllowed">false</attr>
    <attr name="neighborCellRef">SubNetwork=ONRM_RootMo_R,MeContext=LTE01ERBS00015,ManagedElement=1,ENodeBFunction=1,EUtraNetwork=1,ExternalENodeBFunction=7,ExternalEUtranCellFDD=3</attr>
    <attr name="anrCreated">false</attr>
    <attr name="isHoAllowed">true</attr>
  </mo>
  <mo fdn="SubNetwork=ONRM_RootMo_R,MeContext=LTE01ERBS00015,ManagedElement=1,ENodeBFunction=1,EUtranCellFDD=LTE01ERBS00015-4,EUtranFreqRelation=1,EUtranCellRelation=17" lastModified="1287501695509" mimName="ERBS_NODE_MODEL" mimVersion="A.9.50.J.9.1">
    <attr name="isRemoveAllowed">false</attr>
    <attr name="neighborCellRef">SubNetwork=ONRM_RootMo_R,MeContext=LTE01ERBS00015,ManagedElement=1,ENodeBFunction=1,EUtraNetwork=1,ExternalENodeBFunction=7,ExternalEUtranCellFDD=4</attr>
    <attr name="anrCreated">false</attr>
    <attr name="isHoAllowed">true</attr>
  </mo>
  <mo fdn="SubNetwork=ONRM_RootMo_R,MeContext=LTE01ERBS00015,ManagedElement=1,ENodeBFunction=1,EUtranCellFDD=LTE01ERBS00015-4,EUtranFreqRelation=1,EUtranCellRelation=2" lastModified="1287501116339" mimName="ERBS_NODE_MODEL" mimVersion="A.9.50.J.9.1">
    <attr name="isRemoveAllowed">false</attr>
    <attr name="neighborCellRef">SubNetwork=ONRM_RootMo_R,MeContext=LTE01ERBS00015,ManagedElement=1,ENodeBFunction=1,EUtranCellFDD=LTE01ERBS00015-2</attr>
    <attr name="anrCreated">false</attr>
    <attr name="isHoAllowed">true</attr>
  </mo>
  <mo fdn="SubNetwork=ONRM_RootMo_R,MeContext=LTE01ERBS00015,ManagedElement=1,ENodeBFunction=1,EUtranCellFDD=LTE01ERBS00015-4,EUtranFreqRelation=1,EUtranCellRelation=20" lastModified="1287504798713" mimName="ERBS_NODE_MODEL" mimVersion="A.9.50.J.9.1">
    <attr name="isRemoveAllowed">false</attr>
    <attr name="neighborCellRef">SubNetwork=ONRM_RootMo_R,MeContext=LTE01ERBS00015,ManagedElement=1,ENodeBFunction=1,EUtraNetwork=1,ExternalENodeBFunction=9,ExternalEUtranCellFDD=3</attr>
    <attr name="anrCreated">false</attr>
    <attr name="isHoAllowed">true</attr>
  </mo>
  <mo fdn="SubNetwork=ONRM_RootMo_R,MeContext=LTE01ERBS00015,ManagedElement=1,ENodeBFunction=1,EUtranCellFDD=LTE01ERBS00015-4,EUtranFreqRelation=1,EUtranCellRelation=21" lastModified="1287504798712" mimName="ERBS_NODE_MODEL" mimVersion="A.9.50.J.9.1">
    <attr name="isRemoveAllowed">false</attr>
    <attr name="neighborCellRef">SubNetwork=ONRM_RootMo_R,MeContext=LTE01ERBS00015,ManagedElement=1,ENodeBFunction=1,EUtraNetwork=1,ExternalENodeBFunction=9,ExternalEUtranCellFDD=4</attr>
    <attr name="anrCreated">false</attr>
    <attr name="isHoAllowed">true</attr>
  </mo>
  <mo fdn="SubNetwork=ONRM_RootMo_R,MeContext=LTE01ERBS00015,ManagedElement=1,ENodeBFunction=1,EUtranCellFDD=LTE01ERBS00015-4,EUtranFreqRelation=1,EUtranCellRelation=24" lastModified="1287501695502" mimName="ERBS_NODE_MODEL" mimVersion="A.9.50.J.9.1">
    <attr name="isRemoveAllowed">false</attr>
    <attr name="neighborCellRef">SubNetwork=ONRM_RootMo_R,MeContext=LTE01ERBS00015,ManagedElement=1,ENodeBFunction=1,EUtraNetwork=1,ExternalENodeBFunction=11,ExternalEUtranCellFDD=3</attr>
    <attr name="anrCreated">false</attr>
    <attr name="isHoAllowed">true</attr>
  </mo>
  <mo fdn="SubNetwork=ONRM_RootMo_R,MeContext=LTE01ERBS00015,ManagedElement=1,ENodeBFunction=1,EUtranCellFDD=LTE01ERBS00015-4,EUtranFreqRelation=1,EUtranCellRelation=25" lastModified="1287501695497" mimName="ERBS_NODE_MODEL" mimVersion="A.9.50.J.9.1">
    <attr name="isRemoveAllowed">false</attr>
    <attr name="neighborCellRef">SubNetwork=ONRM_RootMo_R,MeContext=LTE01ERBS00015,ManagedElement=1,ENodeBFunction=1,EUtraNetwork=1,ExternalENodeBFunction=11,ExternalEUtranCellFDD=4</attr>
    <attr name="anrCreated">false</attr>
    <attr name="isHoAllowed">true</attr>
  </mo>
  <mo fdn="SubNetwork=ONRM_RootMo_R,MeContext=LTE01ERBS00015,ManagedElement=1,ENodeBFunction=1,EUtranCellFDD=LTE01ERBS00015-4,EUtranFreqRelation=1,EUtranCellRelation=28" lastModified="1287504798716" mimName="ERBS_NODE_MODEL" mimVersion="A.9.50.J.9.1">
    <attr name="isRemoveAllowed">false</attr>
    <attr name="neighborCellRef">SubNetwork=ONRM_RootMo_R,MeContext=LTE01ERBS00015,ManagedElement=1,ENodeBFunction=1,EUtraNetwork=1,ExternalENodeBFunction=13,ExternalEUtranCellFDD=3</attr>
    <attr name="anrCreated">false</attr>
    <attr name="isHoAllowed">true</attr>
  </mo>
  <mo fdn="SubNetwork=ONRM_RootMo_R,MeContext=LTE01ERBS00015,ManagedElement=1,ENodeBFunction=1,EUtranCellFDD=LTE01ERBS00015-4,EUtranFreqRelation=1,EUtranCellRelation=29" lastModified="1287504798715" mimName="ERBS_NODE_MODEL" mimVersion="A.9.50.J.9.1">
    <attr name="isRemoveAllowed">false</attr>
    <attr name="neighborCellRef">SubNetwork=ONRM_RootMo_R,MeContext=LTE01ERBS00015,ManagedElement=1,ENodeBFunction=1,EUtraNetwork=1,ExternalENodeBFunction=13,ExternalEUtranCellFDD=4</attr>
    <attr name="anrCreated">false</attr>
    <attr name="isHoAllowed">true</attr>
  </mo>
  <mo fdn="SubNetwork=ONRM_RootMo_R,MeContext=LTE01ERBS00015,ManagedElement=1,ENodeBFunction=1,EUtranCellFDD=LTE01ERBS00015-4,EUtranFreqRelation=1,EUtranCellRelation=3" lastModified="1287501116267" mimName="ERBS_NODE_MODEL" mimVersion="A.9.50.J.9.1">
    <attr name="isRemoveAllowed">false</attr>
    <attr name="neighborCellRef">SubNetwork=ONRM_RootMo_R,MeContext=LTE01ERBS00015,ManagedElement=1,ENodeBFunction=1,EUtranCellFDD=LTE01ERBS00015-3</attr>
    <attr name="anrCreated">false</attr>
    <attr name="isHoAllowed">true</attr>
  </mo>
  <mo fdn="SubNetwork=ONRM_RootMo_R,MeContext=LTE01ERBS00015,ManagedElement=1,ENodeBFunction=1,EUtranCellFDD=LTE01ERBS00015-4,EUtranFreqRelation=1,EUtranCellRelation=4" lastModified="1287501695513" mimName="ERBS_NODE_MODEL" mimVersion="A.9.50.J.9.1">
    <attr name="isRemoveAllowed">false</attr>
    <attr name="neighborCellRef">SubNetwork=ONRM_RootMo_R,MeContext=LTE01ERBS00015,ManagedElement=1,ENodeBFunction=1,EUtraNetwork=1,ExternalENodeBFunction=1,ExternalEUtranCellFDD=3</attr>
    <attr name="anrCreated">false</attr>
    <attr name="isHoAllowed">true</attr>
  </mo>
  <mo fdn="SubNetwork=ONRM_RootMo_R,MeContext=LTE01ERBS00015,ManagedElement=1,ENodeBFunction=1,EUtranCellFDD=LTE01ERBS00015-4,EUtranFreqRelation=1,EUtranCellRelation=5" lastModified="1287501695514" mimName="ERBS_NODE_MODEL" mimVersion="A.9.50.J.9.1">
    <attr name="isRemoveAllowed">false</attr>
    <attr name="neighborCellRef">SubNetwork=ONRM_RootMo_R,MeContext=LTE01ERBS00015,ManagedElement=1,ENodeBFunction=1,EUtraNetwork=1,ExternalENodeBFunction=1,ExternalEUtranCellFDD=4</attr>
    <attr name="anrCreated">false</attr>
    <attr name="isHoAllowed">true</attr>
  </mo>
  <mo fdn="SubNetwork=ONRM_RootMo_R,MeContext=LTE01ERBS00015,ManagedElement=1,ENodeBFunction=1,EUtranCellFDD=LTE01ERBS00015-4,EUtranFreqRelation=1,EUtranCellRelation=8" lastModified="1287501695505" mimName="ERBS_NODE_MODEL" mimVersion="A.9.50.J.9.1">
    <attr name="isRemoveAllowed">false</attr>
    <attr name="neighborCellRef">SubNetwork=ONRM_RootMo_R,MeContext=LTE01ERBS00015,ManagedElement=1,ENodeBFunction=1,EUtraNetwork=1,ExternalENodeBFunction=3,ExternalEUtranCellFDD=3</attr>
    <attr name="anrCreated">false</attr>
    <attr name="isHoAllowed">true</attr>
  </mo>
  <mo fdn="SubNetwork=ONRM_RootMo_R,MeContext=LTE01ERBS00015,ManagedElement=1,ENodeBFunction=1,EUtranCellFDD=LTE01ERBS00015-4,EUtranFreqRelation=1,EUtranCellRelation=9" lastModified="1287501695507" mimName="ERBS_NODE_MODEL" mimVersion="A.9.50.J.9.1">
    <attr name="isRemoveAllowed">false</attr>
    <attr name="neighborCellRef">SubNetwork=ONRM_RootMo_R,MeContext=LTE01ERBS00015,ManagedElement=1,ENodeBFunction=1,EUtraNetwork=1,ExternalENodeBFunction=3,ExternalEUtranCellFDD=4</attr>
    <attr name="anrCreated">false</attr>
    <attr name="isHoAllowed">true</attr>
  </mo>
  <mo fdn="SubNetwork=ONRM_RootMo_R,MeContext=LTE01ERBS00015,ManagedElement=1,ENodeBFunction=1,EUtranCellFDD=LTE01ERBS00015-4,EUtranFreqRelation=2,EUtranCellRelation=10" lastModified="1287504798700" mimName="ERBS_NODE_MODEL" mimVersion="A.9.50.J.9.1">
    <attr name="isRemoveAllowed">false</attr>
    <attr name="neighborCellRef">SubNetwork=ONRM_RootMo_R,MeContext=LTE01ERBS00015,ManagedElement=1,ENodeBFunction=1,EUtraNetwork=1,ExternalENodeBFunction=4,ExternalEUtranCellFDD=3</attr>
    <attr name="anrCreated">false</attr>
    <attr name="isHoAllowed">true</attr>
  </mo>
  <mo fdn="SubNetwork=ONRM_RootMo_R,MeContext=LTE01ERBS00015,ManagedElement=1,ENodeBFunction=1,EUtranCellFDD=LTE01ERBS00015-4,EUtranFreqRelation=2,EUtranCellRelation=11" lastModified="1287504798698" mimName="ERBS_NODE_MODEL" mimVersion="A.9.50.J.9.1">
    <attr name="isRemoveAllowed">false</attr>
    <attr name="neighborCellRef">SubNetwork=ONRM_RootMo_R,MeContext=LTE01ERBS00015,ManagedElement=1,ENodeBFunction=1,EUtraNetwork=1,ExternalENodeBFunction=4,ExternalEUtranCellFDD=4</attr>
    <attr name="anrCreated">false</attr>
    <attr name="isHoAllowed">true</attr>
  </mo>
  <mo fdn="SubNetwork=ONRM_RootMo_R,MeContext=LTE01ERBS00015,ManagedElement=1,ENodeBFunction=1,EUtranCellFDD=LTE01ERBS00015-4,EUtranFreqRelation=2,EUtranCellRelation=14" lastModified="1287504798687" mimName="ERBS_NODE_MODEL" mimVersion="A.9.50.J.9.1">
    <attr name="isRemoveAllowed">false</attr>
    <attr name="neighborCellRef">SubNetwork=ONRM_RootMo_R,MeContext=LTE01ERBS00015,ManagedElement=1,ENodeBFunction=1,EUtraNetwork=1,ExternalENodeBFunction=6,ExternalEUtranCellFDD=3</attr>
    <attr name="anrCreated">false</attr>
    <attr name="isHoAllowed">true</attr>
  </mo>
  <mo fdn="SubNetwork=ONRM_RootMo_R,MeContext=LTE01ERBS00015,ManagedElement=1,ENodeBFunction=1,EUtranCellFDD=LTE01ERBS00015-4,EUtranFreqRelation=2,EUtranCellRelation=15" lastModified="1287504798709" mimName="ERBS_NODE_MODEL" mimVersion="A.9.50.J.9.1">
    <attr name="isRemoveAllowed">false</attr>
    <attr name="neighborCellRef">SubNetwork=ONRM_RootMo_R,MeContext=LTE01ERBS00015,ManagedElement=1,ENodeBFunction=1,EUtraNetwork=1,ExternalENodeBFunction=6,ExternalEUtranCellFDD=4</attr>
    <attr name="anrCreated">false</attr>
    <attr name="isHoAllowed">true</attr>
  </mo>
  <mo fdn="SubNetwork=ONRM_RootMo_R,MeContext=LTE01ERBS00015,ManagedElement=1,ENodeBFunction=1,EUtranCellFDD=LTE01ERBS00015-4,EUtranFreqRelation=2,EUtranCellRelation=18" lastModified="1287504798705" mimName="ERBS_NODE_MODEL" mimVersion="A.9.50.J.9.1">
    <attr name="isRemoveAllowed">false</attr>
    <attr name="neighborCellRef">SubNetwork=ONRM_RootMo_R,MeContext=LTE01ERBS00015,ManagedElement=1,ENodeBFunction=1,EUtraNetwork=1,ExternalENodeBFunction=8,ExternalEUtranCellFDD=3</attr>
    <attr name="anrCreated">false</attr>
    <attr name="isHoAllowed">true</attr>
  </mo>
  <mo fdn="SubNetwork=ONRM_RootMo_R,MeContext=LTE01ERBS00015,ManagedElement=1,ENodeBFunction=1,EUtranCellFDD=LTE01ERBS00015-4,EUtranFreqRelation=2,EUtranCellRelation=19" lastModified="1287504798702" mimName="ERBS_NODE_MODEL" mimVersion="A.9.50.J.9.1">
    <attr name="isRemoveAllowed">false</attr>
    <attr name="neighborCellRef">SubNetwork=ONRM_RootMo_R,MeContext=LTE01ERBS00015,ManagedElement=1,ENodeBFunction=1,EUtraNetwork=1,ExternalENodeBFunction=8,ExternalEUtranCellFDD=4</attr>
    <attr name="anrCreated">false</attr>
    <attr name="isHoAllowed">true</attr>
  </mo>
  <mo fdn="SubNetwork=ONRM_RootMo_R,MeContext=LTE01ERBS00015,ManagedElement=1,ENodeBFunction=1,EUtranCellFDD=LTE01ERBS00015-4,EUtranFreqRelation=2,EUtranCellRelation=22" lastModified="1287504798692" mimName="ERBS_NODE_MODEL" mimVersion="A.9.50.J.9.1">
    <attr name="isRemoveAllowed">false</attr>
    <attr name="neighborCellRef">SubNetwork=ONRM_RootMo_R,MeContext=LTE01ERBS00015,ManagedElement=1,ENodeBFunction=1,EUtraNetwork=1,ExternalENodeBFunction=10,ExternalEUtranCellFDD=3</attr>
    <attr name="anrCreated">false</attr>
    <attr name="isHoAllowed">true</attr>
  </mo>
  <mo fdn="SubNetwork=ONRM_RootMo_R,MeContext=LTE01ERBS00015,ManagedElement=1,ENodeBFunction=1,EUtranCellFDD=LTE01ERBS00015-4,EUtranFreqRelation=2,EUtranCellRelation=23" lastModified="1287504798689" mimName="ERBS_NODE_MODEL" mimVersion="A.9.50.J.9.1">
    <attr name="isRemoveAllowed">false</attr>
    <attr name="neighborCellRef">SubNetwork=ONRM_RootMo_R,MeContext=LTE01ERBS00015,ManagedElement=1,ENodeBFunction=1,EUtraNetwork=1,ExternalENodeBFunction=10,ExternalEUtranCellFDD=4</attr>
    <attr name="anrCreated">false</attr>
    <attr name="isHoAllowed">true</attr>
  </mo>
  <mo fdn="SubNetwork=ONRM_RootMo_R,MeContext=LTE01ERBS00015,ManagedElement=1,ENodeBFunction=1,EUtranCellFDD=LTE01ERBS00015-4,EUtranFreqRelation=2,EUtranCellRelation=26" lastModified="1287504798708" mimName="ERBS_NODE_MODEL" mimVersion="A.9.50.J.9.1">
    <attr name="isRemoveAllowed">false</attr>
    <attr name="neighborCellRef">SubNetwork=ONRM_RootMo_R,MeContext=LTE01ERBS00015,ManagedElement=1,ENodeBFunction=1,EUtraNetwork=1,ExternalENodeBFunction=12,ExternalEUtranCellFDD=3</attr>
    <attr name="anrCreated">false</attr>
    <attr name="isHoAllowed">true</attr>
  </mo>
  <mo fdn="SubNetwork=ONRM_RootMo_R,MeContext=LTE01ERBS00015,ManagedElement=1,ENodeBFunction=1,EUtranCellFDD=LTE01ERBS00015-4,EUtranFreqRelation=2,EUtranCellRelation=27" lastModified="1287504798706" mimName="ERBS_NODE_MODEL" mimVersion="A.9.50.J.9.1">
    <attr name="isRemoveAllowed">false</attr>
    <attr name="neighborCellRef">SubNetwork=ONRM_RootMo_R,MeContext=LTE01ERBS00015,ManagedElement=1,ENodeBFunction=1,EUtraNetwork=1,ExternalENodeBFunction=12,ExternalEUtranCellFDD=4</attr>
    <attr name="anrCreated">false</attr>
    <attr name="isHoAllowed">true</attr>
  </mo>
  <mo fdn="SubNetwork=ONRM_RootMo_R,MeContext=LTE01ERBS00015,ManagedElement=1,ENodeBFunction=1,EUtranCellFDD=LTE01ERBS00015-4,EUtranFreqRelation=2,EUtranCellRelation=30" lastModified="1287504798695" mimName="ERBS_NODE_MODEL" mimVersion="A.9.50.J.9.1">
    <attr name="isRemoveAllowed">false</attr>
    <attr name="neighborCellRef">SubNetwork=ONRM_RootMo_R,MeContext=LTE01ERBS00015,ManagedElement=1,ENodeBFunction=1,EUtraNetwork=1,ExternalENodeBFunction=14,ExternalEUtranCellFDD=3</attr>
    <attr name="anrCreated">false</attr>
    <attr name="isHoAllowed">true</attr>
  </mo>
  <mo fdn="SubNetwork=ONRM_RootMo_R,MeContext=LTE01ERBS00015,ManagedElement=1,ENodeBFunction=1,EUtranCellFDD=LTE01ERBS00015-4,EUtranFreqRelation=2,EUtranCellRelation=31" lastModified="1287504798693" mimName="ERBS_NODE_MODEL" mimVersion="A.9.50.J.9.1">
    <attr name="isRemoveAllowed">false</attr>
    <attr name="neighborCellRef">SubNetwork=ONRM_RootMo_R,MeContext=LTE01ERBS00015,ManagedElement=1,ENodeBFunction=1,EUtraNetwork=1,ExternalENodeBFunction=14,ExternalEUtranCellFDD=4</attr>
    <attr name="anrCreated">false</attr>
    <attr name="isHoAllowed">true</attr>
  </mo>
  <mo fdn="SubNetwork=ONRM_RootMo_R,MeContext=LTE01ERBS00015,ManagedElement=1,ENodeBFunction=1,EUtranCellFDD=LTE01ERBS00015-4,EUtranFreqRelation=2,EUtranCellRelation=32" lastModified="1287504798690" mimName="ERBS_NODE_MODEL" mimVersion="A.9.50.J.9.1">
    <attr name="isRemoveAllowed">false</attr>
    <attr name="neighborCellRef">SubNetwork=ONRM_RootMo_R,MeContext=LTE01ERBS00015,ManagedElement=1,ENodeBFunction=1,EUtraNetwork=1,ExternalENodeBFunction=16,ExternalEUtranCellFDD=3</attr>
    <attr name="anrCreated">false</attr>
    <attr name="isHoAllowed">true</attr>
  </mo>
  <mo fdn="SubNetwork=ONRM_RootMo_R,MeContext=LTE01ERBS00015,ManagedElement=1,ENodeBFunction=1,EUtranCellFDD=LTE01ERBS00015-4,EUtranFreqRelation=2,EUtranCellRelation=33" lastModified="1287504798701" mimName="ERBS_NODE_MODEL" mimVersion="A.9.50.J.9.1">
    <attr name="isRemoveAllowed">false</attr>
    <attr name="neighborCellRef">SubNetwork=ONRM_RootMo_R,MeContext=LTE01ERBS00015,ManagedElement=1,ENodeBFunction=1,EUtraNetwork=1,ExternalENodeBFunction=16,ExternalEUtranCellFDD=4</attr>
    <attr name="anrCreated">false</attr>
    <attr name="isHoAllowed">true</attr>
  </mo>
  <mo fdn="SubNetwork=ONRM_RootMo_R,MeContext=LTE01ERBS00015,ManagedElement=1,ENodeBFunction=1,EUtranCellFDD=LTE01ERBS00015-4,EUtranFreqRelation=2,EUtranCellRelation=6" lastModified="1287504798704" mimName="ERBS_NODE_MODEL" mimVersion="A.9.50.J.9.1">
    <attr name="isRemoveAllowed">false</attr>
    <attr name="neighborCellRef">SubNetwork=ONRM_RootMo_R,MeContext=LTE01ERBS00015,ManagedElement=1,ENodeBFunction=1,EUtraNetwork=1,ExternalENodeBFunction=2,ExternalEUtranCellFDD=3</attr>
    <attr name="anrCreated">false</attr>
    <attr name="isHoAllowed">true</attr>
  </mo>
  <mo fdn="SubNetwork=ONRM_RootMo_R,MeContext=LTE01ERBS00015,ManagedElement=1,ENodeBFunction=1,EUtranCellFDD=LTE01ERBS00015-4,EUtranFreqRelation=2,EUtranCellRelation=7" lastModified="1287504798708" mimName="ERBS_NODE_MODEL" mimVersion="A.9.50.J.9.1">
    <attr name="isRemoveAllowed">false</attr>
    <attr name="neighborCellRef">SubNetwork=ONRM_RootMo_R,MeContext=LTE01ERBS00015,ManagedElement=1,ENodeBFunction=1,EUtraNetwork=1,ExternalENodeBFunction=2,ExternalEUtranCellFDD=4</attr>
    <attr name="anrCreated">false</attr>
    <attr name="isHoAllowed">true</attr>
  </mo>
</model>
