<?xml version="1.0" encoding="UTF-8" standalone="no"?><!-- Generated by nmsadm --><!-- Generated on Thu Oct 28 14:36:34 BST 2010 --><!-- Generated from configuration valid --><!-- Query - Base MO SubNetwork=ONRM_RootMo_R,MeContext=LTE02ERBS00019; Scope 8 --><model>
  <mo fdn="SubNetwork=ONRM_RootMo_R,MeContext=LTE02ERBS00019" lastModified="1287512157525" mimName="ERBS_NODE_MODEL" mimVersion="A.9.50.J.9.1">
    <attr name="MeContextId">LTE02ERBS00019</attr>
    <attr name="neMIMversion">vA.9.40</attr>
    <attr name="siteRef">SubNetwork=ONRM_RootMo_R,Site=LTE02ERBS00019</attr>
    <attr name="userLabel">LTE02ERBS00019</attr>
  </mo>
  <mo fdn="SubNetwork=ONRM_RootMo_R,MeContext=LTE02ERBS00019,ManagedElement=1,ENodeBFunction=1" lastModified="1287501558649" mimName="ERBS_NODE_MODEL" mimVersion="A.9.50.J.9.1">
    <attr name="eNodeBPlmnId">
      <struct>
        <attr name="mcc">311</attr>
        <attr name="mnc">480</attr>
        <attr name="mncLength">2</attr>
      </struct>
    </attr>
    <attr name="eNBId">190341</attr>
  </mo>
  <mo fdn="SubNetwork=ONRM_RootMo_R,MeContext=LTE02ERBS00019,ManagedElement=1,ENodeBFunction=1,EUtranCellFDD=LTE02ERBS00019-1" lastModified="1287512143805" mimName="ERBS_NODE_MODEL" mimVersion="A.9.50.J.9.1">
    <attr name="EUtranCellFDDId">LTE02ERBS00019-1</attr>
    <attr name="earfcnul">18000</attr>
    <attr name="cellId">1</attr>
    <attr name="tac">48650</attr>
    <attr name="bPlmnList">
      <seq count="1">
        <item>
          <struct>
            <attr name="mcc">311</attr>
            <attr name="mnc">480</attr>
            <attr name="mncLength">2</attr>
          </struct>
        </item>
      </seq>
    </attr>
    <attr name="earfcndl">0</attr>
    <attr name="userLabel">LTE02ERBS00019-1</attr>
  </mo>
  <mo fdn="SubNetwork=ONRM_RootMo_R,MeContext=LTE02ERBS00019,ManagedElement=1,ENodeBFunction=1,EUtranCellFDD=LTE02ERBS00019-1,EUtranFreqRelation=1,EUtranCellRelation=1" lastModified="1287501557906" mimName="ERBS_NODE_MODEL" mimVersion="A.9.50.J.9.1">
    <attr name="isRemoveAllowed">false</attr>
    <attr name="neighborCellRef">SubNetwork=ONRM_RootMo_R,MeContext=LTE02ERBS00019,ManagedElement=1,ENodeBFunction=1,EUtranCellFDD=LTE02ERBS00019-2</attr>
    <attr name="anrCreated">false</attr>
    <attr name="isHoAllowed">true</attr>
  </mo>
  <mo fdn="SubNetwork=ONRM_RootMo_R,MeContext=LTE02ERBS00019,ManagedElement=1,ENodeBFunction=1,EUtranCellFDD=LTE02ERBS00019-1,EUtranFreqRelation=1,EUtranCellRelation=10" lastModified="1287505069648" mimName="ERBS_NODE_MODEL" mimVersion="A.9.50.J.9.1">
    <attr name="isRemoveAllowed">false</attr>
    <attr name="neighborCellRef">SubNetwork=ONRM_RootMo_R,MeContext=LTE02ERBS00019,ManagedElement=1,ENodeBFunction=1,EUtraNetwork=1,ExternalENodeBFunction=181,ExternalEUtranCellFDD=1</attr>
    <attr name="anrCreated">false</attr>
    <attr name="isHoAllowed">true</attr>
  </mo>
  <mo fdn="SubNetwork=ONRM_RootMo_R,MeContext=LTE02ERBS00019,ManagedElement=1,ENodeBFunction=1,EUtranCellFDD=LTE02ERBS00019-1,EUtranFreqRelation=1,EUtranCellRelation=11" lastModified="1287505069647" mimName="ERBS_NODE_MODEL" mimVersion="A.9.50.J.9.1">
    <attr name="isRemoveAllowed">false</attr>
    <attr name="neighborCellRef">SubNetwork=ONRM_RootMo_R,MeContext=LTE02ERBS00019,ManagedElement=1,ENodeBFunction=1,EUtraNetwork=1,ExternalENodeBFunction=181,ExternalEUtranCellFDD=2</attr>
    <attr name="anrCreated">false</attr>
    <attr name="isHoAllowed">true</attr>
  </mo>
  <mo fdn="SubNetwork=ONRM_RootMo_R,MeContext=LTE02ERBS00019,ManagedElement=1,ENodeBFunction=1,EUtranCellFDD=LTE02ERBS00019-1,EUtranFreqRelation=1,EUtranCellRelation=14" lastModified="1287505069642" mimName="ERBS_NODE_MODEL" mimVersion="A.9.50.J.9.1">
    <attr name="isRemoveAllowed">false</attr>
    <attr name="neighborCellRef">SubNetwork=ONRM_RootMo_R,MeContext=LTE02ERBS00019,ManagedElement=1,ENodeBFunction=1,EUtraNetwork=1,ExternalENodeBFunction=183,ExternalEUtranCellFDD=1</attr>
    <attr name="anrCreated">false</attr>
    <attr name="isHoAllowed">true</attr>
  </mo>
  <mo fdn="SubNetwork=ONRM_RootMo_R,MeContext=LTE02ERBS00019,ManagedElement=1,ENodeBFunction=1,EUtranCellFDD=LTE02ERBS00019-1,EUtranFreqRelation=1,EUtranCellRelation=15" lastModified="1287505069654" mimName="ERBS_NODE_MODEL" mimVersion="A.9.50.J.9.1">
    <attr name="isRemoveAllowed">false</attr>
    <attr name="neighborCellRef">SubNetwork=ONRM_RootMo_R,MeContext=LTE02ERBS00019,ManagedElement=1,ENodeBFunction=1,EUtraNetwork=1,ExternalENodeBFunction=183,ExternalEUtranCellFDD=2</attr>
    <attr name="anrCreated">false</attr>
    <attr name="isHoAllowed">true</attr>
  </mo>
  <mo fdn="SubNetwork=ONRM_RootMo_R,MeContext=LTE02ERBS00019,ManagedElement=1,ENodeBFunction=1,EUtranCellFDD=LTE02ERBS00019-1,EUtranFreqRelation=1,EUtranCellRelation=18" lastModified="1287505069651" mimName="ERBS_NODE_MODEL" mimVersion="A.9.50.J.9.1">
    <attr name="isRemoveAllowed">false</attr>
    <attr name="neighborCellRef">SubNetwork=ONRM_RootMo_R,MeContext=LTE02ERBS00019,ManagedElement=1,ENodeBFunction=1,EUtraNetwork=1,ExternalENodeBFunction=185,ExternalEUtranCellFDD=1</attr>
    <attr name="anrCreated">false</attr>
    <attr name="isHoAllowed">true</attr>
  </mo>
  <mo fdn="SubNetwork=ONRM_RootMo_R,MeContext=LTE02ERBS00019,ManagedElement=1,ENodeBFunction=1,EUtranCellFDD=LTE02ERBS00019-1,EUtranFreqRelation=1,EUtranCellRelation=19" lastModified="1287505069649" mimName="ERBS_NODE_MODEL" mimVersion="A.9.50.J.9.1">
    <attr name="isRemoveAllowed">false</attr>
    <attr name="neighborCellRef">SubNetwork=ONRM_RootMo_R,MeContext=LTE02ERBS00019,ManagedElement=1,ENodeBFunction=1,EUtraNetwork=1,ExternalENodeBFunction=185,ExternalEUtranCellFDD=2</attr>
    <attr name="anrCreated">false</attr>
    <attr name="isHoAllowed">true</attr>
  </mo>
  <mo fdn="SubNetwork=ONRM_RootMo_R,MeContext=LTE02ERBS00019,ManagedElement=1,ENodeBFunction=1,EUtranCellFDD=LTE02ERBS00019-1,EUtranFreqRelation=1,EUtranCellRelation=2" lastModified="1287501557902" mimName="ERBS_NODE_MODEL" mimVersion="A.9.50.J.9.1">
    <attr name="isRemoveAllowed">false</attr>
    <attr name="neighborCellRef">SubNetwork=ONRM_RootMo_R,MeContext=LTE02ERBS00019,ManagedElement=1,ENodeBFunction=1,EUtranCellFDD=LTE02ERBS00019-3</attr>
    <attr name="anrCreated">false</attr>
    <attr name="isHoAllowed">true</attr>
  </mo>
  <mo fdn="SubNetwork=ONRM_RootMo_R,MeContext=LTE02ERBS00019,ManagedElement=1,ENodeBFunction=1,EUtranCellFDD=LTE02ERBS00019-1,EUtranFreqRelation=1,EUtranCellRelation=22" lastModified="1287505069643" mimName="ERBS_NODE_MODEL" mimVersion="A.9.50.J.9.1">
    <attr name="isRemoveAllowed">false</attr>
    <attr name="neighborCellRef">SubNetwork=ONRM_RootMo_R,MeContext=LTE02ERBS00019,ManagedElement=1,ENodeBFunction=1,EUtraNetwork=1,ExternalENodeBFunction=187,ExternalEUtranCellFDD=1</attr>
    <attr name="anrCreated">false</attr>
    <attr name="isHoAllowed">true</attr>
  </mo>
  <mo fdn="SubNetwork=ONRM_RootMo_R,MeContext=LTE02ERBS00019,ManagedElement=1,ENodeBFunction=1,EUtranCellFDD=LTE02ERBS00019-1,EUtranFreqRelation=1,EUtranCellRelation=23" lastModified="1287505069640" mimName="ERBS_NODE_MODEL" mimVersion="A.9.50.J.9.1">
    <attr name="isRemoveAllowed">false</attr>
    <attr name="neighborCellRef">SubNetwork=ONRM_RootMo_R,MeContext=LTE02ERBS00019,ManagedElement=1,ENodeBFunction=1,EUtraNetwork=1,ExternalENodeBFunction=187,ExternalEUtranCellFDD=2</attr>
    <attr name="anrCreated">false</attr>
    <attr name="isHoAllowed">true</attr>
  </mo>
  <mo fdn="SubNetwork=ONRM_RootMo_R,MeContext=LTE02ERBS00019,ManagedElement=1,ENodeBFunction=1,EUtranCellFDD=LTE02ERBS00019-1,EUtranFreqRelation=1,EUtranCellRelation=26" lastModified="1287505069652" mimName="ERBS_NODE_MODEL" mimVersion="A.9.50.J.9.1">
    <attr name="isRemoveAllowed">false</attr>
    <attr name="neighborCellRef">SubNetwork=ONRM_RootMo_R,MeContext=LTE02ERBS00019,ManagedElement=1,ENodeBFunction=1,EUtraNetwork=1,ExternalENodeBFunction=189,ExternalEUtranCellFDD=1</attr>
    <attr name="anrCreated">false</attr>
    <attr name="isHoAllowed">true</attr>
  </mo>
  <mo fdn="SubNetwork=ONRM_RootMo_R,MeContext=LTE02ERBS00019,ManagedElement=1,ENodeBFunction=1,EUtranCellFDD=LTE02ERBS00019-1,EUtranFreqRelation=1,EUtranCellRelation=27" lastModified="1287505069650" mimName="ERBS_NODE_MODEL" mimVersion="A.9.50.J.9.1">
    <attr name="isRemoveAllowed">false</attr>
    <attr name="neighborCellRef">SubNetwork=ONRM_RootMo_R,MeContext=LTE02ERBS00019,ManagedElement=1,ENodeBFunction=1,EUtraNetwork=1,ExternalENodeBFunction=189,ExternalEUtranCellFDD=2</attr>
    <attr name="anrCreated">false</attr>
    <attr name="isHoAllowed">true</attr>
  </mo>
  <mo fdn="SubNetwork=ONRM_RootMo_R,MeContext=LTE02ERBS00019,ManagedElement=1,ENodeBFunction=1,EUtranCellFDD=LTE02ERBS00019-1,EUtranFreqRelation=1,EUtranCellRelation=3" lastModified="1287501557900" mimName="ERBS_NODE_MODEL" mimVersion="A.9.50.J.9.1">
    <attr name="isRemoveAllowed">false</attr>
    <attr name="neighborCellRef">SubNetwork=ONRM_RootMo_R,MeContext=LTE02ERBS00019,ManagedElement=1,ENodeBFunction=1,EUtranCellFDD=LTE02ERBS00019-4</attr>
    <attr name="anrCreated">false</attr>
    <attr name="isHoAllowed">true</attr>
  </mo>
  <mo fdn="SubNetwork=ONRM_RootMo_R,MeContext=LTE02ERBS00019,ManagedElement=1,ENodeBFunction=1,EUtranCellFDD=LTE02ERBS00019-1,EUtranFreqRelation=1,EUtranCellRelation=30" lastModified="1287505069646" mimName="ERBS_NODE_MODEL" mimVersion="A.9.50.J.9.1">
    <attr name="isRemoveAllowed">false</attr>
    <attr name="neighborCellRef">SubNetwork=ONRM_RootMo_R,MeContext=LTE02ERBS00019,ManagedElement=1,ENodeBFunction=1,EUtraNetwork=1,ExternalENodeBFunction=191,ExternalEUtranCellFDD=1</attr>
    <attr name="anrCreated">false</attr>
    <attr name="isHoAllowed">true</attr>
  </mo>
  <mo fdn="SubNetwork=ONRM_RootMo_R,MeContext=LTE02ERBS00019,ManagedElement=1,ENodeBFunction=1,EUtranCellFDD=LTE02ERBS00019-1,EUtranFreqRelation=1,EUtranCellRelation=31" lastModified="1287505069645" mimName="ERBS_NODE_MODEL" mimVersion="A.9.50.J.9.1">
    <attr name="isRemoveAllowed">false</attr>
    <attr name="neighborCellRef">SubNetwork=ONRM_RootMo_R,MeContext=LTE02ERBS00019,ManagedElement=1,ENodeBFunction=1,EUtraNetwork=1,ExternalENodeBFunction=191,ExternalEUtranCellFDD=2</attr>
    <attr name="anrCreated">false</attr>
    <attr name="isHoAllowed">true</attr>
  </mo>
  <mo fdn="SubNetwork=ONRM_RootMo_R,MeContext=LTE02ERBS00019,ManagedElement=1,ENodeBFunction=1,EUtranCellFDD=LTE02ERBS00019-1,EUtranFreqRelation=1,EUtranCellRelation=4" lastModified="1287505069653" mimName="ERBS_NODE_MODEL" mimVersion="A.9.50.J.9.1">
    <attr name="isRemoveAllowed">false</attr>
    <attr name="neighborCellRef">SubNetwork=ONRM_RootMo_R,MeContext=LTE02ERBS00019,ManagedElement=1,ENodeBFunction=1,EUtraNetwork=1,ExternalENodeBFunction=177,ExternalEUtranCellFDD=1</attr>
    <attr name="anrCreated">false</attr>
    <attr name="isHoAllowed">true</attr>
  </mo>
  <mo fdn="SubNetwork=ONRM_RootMo_R,MeContext=LTE02ERBS00019,ManagedElement=1,ENodeBFunction=1,EUtranCellFDD=LTE02ERBS00019-1,EUtranFreqRelation=1,EUtranCellRelation=5" lastModified="1287505069655" mimName="ERBS_NODE_MODEL" mimVersion="A.9.50.J.9.1">
    <attr name="isRemoveAllowed">false</attr>
    <attr name="neighborCellRef">SubNetwork=ONRM_RootMo_R,MeContext=LTE02ERBS00019,ManagedElement=1,ENodeBFunction=1,EUtraNetwork=1,ExternalENodeBFunction=177,ExternalEUtranCellFDD=2</attr>
    <attr name="anrCreated">false</attr>
    <attr name="isHoAllowed">true</attr>
  </mo>
  <mo fdn="SubNetwork=ONRM_RootMo_R,MeContext=LTE02ERBS00019,ManagedElement=1,ENodeBFunction=1,EUtranCellFDD=LTE02ERBS00019-1,EUtranFreqRelation=2,EUtranCellRelation=12" lastModified="1287505069620" mimName="ERBS_NODE_MODEL" mimVersion="A.9.50.J.9.1">
    <attr name="isRemoveAllowed">false</attr>
    <attr name="neighborCellRef">SubNetwork=ONRM_RootMo_R,MeContext=LTE02ERBS00019,ManagedElement=1,ENodeBFunction=1,EUtraNetwork=1,ExternalENodeBFunction=182,ExternalEUtranCellFDD=1</attr>
    <attr name="anrCreated">false</attr>
    <attr name="isHoAllowed">true</attr>
  </mo>
  <mo fdn="SubNetwork=ONRM_RootMo_R,MeContext=LTE02ERBS00019,ManagedElement=1,ENodeBFunction=1,EUtranCellFDD=LTE02ERBS00019-1,EUtranFreqRelation=2,EUtranCellRelation=13" lastModified="1287505069619" mimName="ERBS_NODE_MODEL" mimVersion="A.9.50.J.9.1">
    <attr name="isRemoveAllowed">false</attr>
    <attr name="neighborCellRef">SubNetwork=ONRM_RootMo_R,MeContext=LTE02ERBS00019,ManagedElement=1,ENodeBFunction=1,EUtraNetwork=1,ExternalENodeBFunction=182,ExternalEUtranCellFDD=2</attr>
    <attr name="anrCreated">false</attr>
    <attr name="isHoAllowed">true</attr>
  </mo>
  <mo fdn="SubNetwork=ONRM_RootMo_R,MeContext=LTE02ERBS00019,ManagedElement=1,ENodeBFunction=1,EUtranCellFDD=LTE02ERBS00019-1,EUtranFreqRelation=2,EUtranCellRelation=16" lastModified="1287505069636" mimName="ERBS_NODE_MODEL" mimVersion="A.9.50.J.9.1">
    <attr name="isRemoveAllowed">false</attr>
    <attr name="neighborCellRef">SubNetwork=ONRM_RootMo_R,MeContext=LTE02ERBS00019,ManagedElement=1,ENodeBFunction=1,EUtraNetwork=1,ExternalENodeBFunction=184,ExternalEUtranCellFDD=1</attr>
    <attr name="anrCreated">false</attr>
    <attr name="isHoAllowed">true</attr>
  </mo>
  <mo fdn="SubNetwork=ONRM_RootMo_R,MeContext=LTE02ERBS00019,ManagedElement=1,ENodeBFunction=1,EUtranCellFDD=LTE02ERBS00019-1,EUtranFreqRelation=2,EUtranCellRelation=17" lastModified="1287505069634" mimName="ERBS_NODE_MODEL" mimVersion="A.9.50.J.9.1">
    <attr name="isRemoveAllowed">false</attr>
    <attr name="neighborCellRef">SubNetwork=ONRM_RootMo_R,MeContext=LTE02ERBS00019,ManagedElement=1,ENodeBFunction=1,EUtraNetwork=1,ExternalENodeBFunction=184,ExternalEUtranCellFDD=2</attr>
    <attr name="anrCreated">false</attr>
    <attr name="isHoAllowed">true</attr>
  </mo>
  <mo fdn="SubNetwork=ONRM_RootMo_R,MeContext=LTE02ERBS00019,ManagedElement=1,ENodeBFunction=1,EUtranCellFDD=LTE02ERBS00019-1,EUtranFreqRelation=2,EUtranCellRelation=20" lastModified="1287505069626" mimName="ERBS_NODE_MODEL" mimVersion="A.9.50.J.9.1">
    <attr name="isRemoveAllowed">false</attr>
    <attr name="neighborCellRef">SubNetwork=ONRM_RootMo_R,MeContext=LTE02ERBS00019,ManagedElement=1,ENodeBFunction=1,EUtraNetwork=1,ExternalENodeBFunction=186,ExternalEUtranCellFDD=1</attr>
    <attr name="anrCreated">false</attr>
    <attr name="isHoAllowed">true</attr>
  </mo>
  <mo fdn="SubNetwork=ONRM_RootMo_R,MeContext=LTE02ERBS00019,ManagedElement=1,ENodeBFunction=1,EUtranCellFDD=LTE02ERBS00019-1,EUtranFreqRelation=2,EUtranCellRelation=21" lastModified="1287505069624" mimName="ERBS_NODE_MODEL" mimVersion="A.9.50.J.9.1">
    <attr name="isRemoveAllowed">false</attr>
    <attr name="neighborCellRef">SubNetwork=ONRM_RootMo_R,MeContext=LTE02ERBS00019,ManagedElement=1,ENodeBFunction=1,EUtraNetwork=1,ExternalENodeBFunction=186,ExternalEUtranCellFDD=2</attr>
    <attr name="anrCreated">false</attr>
    <attr name="isHoAllowed">true</attr>
  </mo>
  <mo fdn="SubNetwork=ONRM_RootMo_R,MeContext=LTE02ERBS00019,ManagedElement=1,ENodeBFunction=1,EUtranCellFDD=LTE02ERBS00019-1,EUtranFreqRelation=2,EUtranCellRelation=24" lastModified="1287505069623" mimName="ERBS_NODE_MODEL" mimVersion="A.9.50.J.9.1">
    <attr name="isRemoveAllowed">false</attr>
    <attr name="neighborCellRef">SubNetwork=ONRM_RootMo_R,MeContext=LTE02ERBS00019,ManagedElement=1,ENodeBFunction=1,EUtraNetwork=1,ExternalENodeBFunction=188,ExternalEUtranCellFDD=1</attr>
    <attr name="anrCreated">false</attr>
    <attr name="isHoAllowed">true</attr>
  </mo>
  <mo fdn="SubNetwork=ONRM_RootMo_R,MeContext=LTE02ERBS00019,ManagedElement=1,ENodeBFunction=1,EUtranCellFDD=LTE02ERBS00019-1,EUtranFreqRelation=2,EUtranCellRelation=25" lastModified="1287505069622" mimName="ERBS_NODE_MODEL" mimVersion="A.9.50.J.9.1">
    <attr name="isRemoveAllowed">false</attr>
    <attr name="neighborCellRef">SubNetwork=ONRM_RootMo_R,MeContext=LTE02ERBS00019,ManagedElement=1,ENodeBFunction=1,EUtraNetwork=1,ExternalENodeBFunction=188,ExternalEUtranCellFDD=2</attr>
    <attr name="anrCreated">false</attr>
    <attr name="isHoAllowed">true</attr>
  </mo>
  <mo fdn="SubNetwork=ONRM_RootMo_R,MeContext=LTE02ERBS00019,ManagedElement=1,ENodeBFunction=1,EUtranCellFDD=LTE02ERBS00019-1,EUtranFreqRelation=2,EUtranCellRelation=28" lastModified="1287505069638" mimName="ERBS_NODE_MODEL" mimVersion="A.9.50.J.9.1">
    <attr name="isRemoveAllowed">false</attr>
    <attr name="neighborCellRef">SubNetwork=ONRM_RootMo_R,MeContext=LTE02ERBS00019,ManagedElement=1,ENodeBFunction=1,EUtraNetwork=1,ExternalENodeBFunction=190,ExternalEUtranCellFDD=1</attr>
    <attr name="anrCreated">false</attr>
    <attr name="isHoAllowed">true</attr>
  </mo>
  <mo fdn="SubNetwork=ONRM_RootMo_R,MeContext=LTE02ERBS00019,ManagedElement=1,ENodeBFunction=1,EUtranCellFDD=LTE02ERBS00019-1,EUtranFreqRelation=2,EUtranCellRelation=29" lastModified="1287505069635" mimName="ERBS_NODE_MODEL" mimVersion="A.9.50.J.9.1">
    <attr name="isRemoveAllowed">false</attr>
    <attr name="neighborCellRef">SubNetwork=ONRM_RootMo_R,MeContext=LTE02ERBS00019,ManagedElement=1,ENodeBFunction=1,EUtraNetwork=1,ExternalENodeBFunction=190,ExternalEUtranCellFDD=2</attr>
    <attr name="anrCreated">false</attr>
    <attr name="isHoAllowed">true</attr>
  </mo>
  <mo fdn="SubNetwork=ONRM_RootMo_R,MeContext=LTE02ERBS00019,ManagedElement=1,ENodeBFunction=1,EUtranCellFDD=LTE02ERBS00019-1,EUtranFreqRelation=2,EUtranCellRelation=32" lastModified="1287505069617" mimName="ERBS_NODE_MODEL" mimVersion="A.9.50.J.9.1">
    <attr name="isRemoveAllowed">false</attr>
    <attr name="neighborCellRef">SubNetwork=ONRM_RootMo_R,MeContext=LTE02ERBS00019,ManagedElement=1,ENodeBFunction=1,EUtraNetwork=1,ExternalENodeBFunction=192,ExternalEUtranCellFDD=1</attr>
    <attr name="anrCreated">false</attr>
    <attr name="isHoAllowed">true</attr>
  </mo>
  <mo fdn="SubNetwork=ONRM_RootMo_R,MeContext=LTE02ERBS00019,ManagedElement=1,ENodeBFunction=1,EUtranCellFDD=LTE02ERBS00019-1,EUtranFreqRelation=2,EUtranCellRelation=33" lastModified="1287505069627" mimName="ERBS_NODE_MODEL" mimVersion="A.9.50.J.9.1">
    <attr name="isRemoveAllowed">false</attr>
    <attr name="neighborCellRef">SubNetwork=ONRM_RootMo_R,MeContext=LTE02ERBS00019,ManagedElement=1,ENodeBFunction=1,EUtraNetwork=1,ExternalENodeBFunction=192,ExternalEUtranCellFDD=2</attr>
    <attr name="anrCreated">false</attr>
    <attr name="isHoAllowed">true</attr>
  </mo>
  <mo fdn="SubNetwork=ONRM_RootMo_R,MeContext=LTE02ERBS00019,ManagedElement=1,ENodeBFunction=1,EUtranCellFDD=LTE02ERBS00019-1,EUtranFreqRelation=2,EUtranCellRelation=6" lastModified="1287505069632" mimName="ERBS_NODE_MODEL" mimVersion="A.9.50.J.9.1">
    <attr name="isRemoveAllowed">false</attr>
    <attr name="neighborCellRef">SubNetwork=ONRM_RootMo_R,MeContext=LTE02ERBS00019,ManagedElement=1,ENodeBFunction=1,EUtraNetwork=1,ExternalENodeBFunction=178,ExternalEUtranCellFDD=1</attr>
    <attr name="anrCreated">false</attr>
    <attr name="isHoAllowed">true</attr>
  </mo>
  <mo fdn="SubNetwork=ONRM_RootMo_R,MeContext=LTE02ERBS00019,ManagedElement=1,ENodeBFunction=1,EUtranCellFDD=LTE02ERBS00019-1,EUtranFreqRelation=2,EUtranCellRelation=7" lastModified="1287505069633" mimName="ERBS_NODE_MODEL" mimVersion="A.9.50.J.9.1">
    <attr name="isRemoveAllowed">false</attr>
    <attr name="neighborCellRef">SubNetwork=ONRM_RootMo_R,MeContext=LTE02ERBS00019,ManagedElement=1,ENodeBFunction=1,EUtraNetwork=1,ExternalENodeBFunction=178,ExternalEUtranCellFDD=2</attr>
    <attr name="anrCreated">false</attr>
    <attr name="isHoAllowed">true</attr>
  </mo>
  <mo fdn="SubNetwork=ONRM_RootMo_R,MeContext=LTE02ERBS00019,ManagedElement=1,ENodeBFunction=1,EUtranCellFDD=LTE02ERBS00019-1,EUtranFreqRelation=2,EUtranCellRelation=8" lastModified="1287505069628" mimName="ERBS_NODE_MODEL" mimVersion="A.9.50.J.9.1">
    <attr name="isRemoveAllowed">false</attr>
    <attr name="neighborCellRef">SubNetwork=ONRM_RootMo_R,MeContext=LTE02ERBS00019,ManagedElement=1,ENodeBFunction=1,EUtraNetwork=1,ExternalENodeBFunction=180,ExternalEUtranCellFDD=1</attr>
    <attr name="anrCreated">false</attr>
    <attr name="isHoAllowed">true</attr>
  </mo>
  <mo fdn="SubNetwork=ONRM_RootMo_R,MeContext=LTE02ERBS00019,ManagedElement=1,ENodeBFunction=1,EUtranCellFDD=LTE02ERBS00019-1,EUtranFreqRelation=2,EUtranCellRelation=9" lastModified="1287505069630" mimName="ERBS_NODE_MODEL" mimVersion="A.9.50.J.9.1">
    <attr name="isRemoveAllowed">false</attr>
    <attr name="neighborCellRef">SubNetwork=ONRM_RootMo_R,MeContext=LTE02ERBS00019,ManagedElement=1,ENodeBFunction=1,EUtraNetwork=1,ExternalENodeBFunction=180,ExternalEUtranCellFDD=2</attr>
    <attr name="anrCreated">false</attr>
    <attr name="isHoAllowed">true</attr>
  </mo>
  <mo fdn="SubNetwork=ONRM_RootMo_R,MeContext=LTE02ERBS00019,ManagedElement=1,ENodeBFunction=1,EUtranCellFDD=LTE02ERBS00019-2" lastModified="1287512144395" mimName="ERBS_NODE_MODEL" mimVersion="A.9.50.J.9.1">
    <attr name="EUtranCellFDDId">LTE02ERBS00019-2</attr>
    <attr name="earfcnul">18000</attr>
    <attr name="cellId">2</attr>
    <attr name="tac">48650</attr>
    <attr name="bPlmnList">
      <seq count="1">
        <item>
          <struct>
            <attr name="mcc">311</attr>
            <attr name="mnc">480</attr>
            <attr name="mncLength">2</attr>
          </struct>
        </item>
      </seq>
    </attr>
    <attr name="earfcndl">0</attr>
    <attr name="userLabel">LTE02ERBS00019-2</attr>
  </mo>
  <mo fdn="SubNetwork=ONRM_RootMo_R,MeContext=LTE02ERBS00019,ManagedElement=1,ENodeBFunction=1,EUtranCellFDD=LTE02ERBS00019-2,EUtranFreqRelation=1,EUtranCellRelation=1" lastModified="1287501557684" mimName="ERBS_NODE_MODEL" mimVersion="A.9.50.J.9.1">
    <attr name="isRemoveAllowed">false</attr>
    <attr name="neighborCellRef">SubNetwork=ONRM_RootMo_R,MeContext=LTE02ERBS00019,ManagedElement=1,ENodeBFunction=1,EUtranCellFDD=LTE02ERBS00019-1</attr>
    <attr name="anrCreated">false</attr>
    <attr name="isHoAllowed">true</attr>
  </mo>
  <mo fdn="SubNetwork=ONRM_RootMo_R,MeContext=LTE02ERBS00019,ManagedElement=1,ENodeBFunction=1,EUtranCellFDD=LTE02ERBS00019-2,EUtranFreqRelation=1,EUtranCellRelation=10" lastModified="1287505071783" mimName="ERBS_NODE_MODEL" mimVersion="A.9.50.J.9.1">
    <attr name="isRemoveAllowed">false</attr>
    <attr name="neighborCellRef">SubNetwork=ONRM_RootMo_R,MeContext=LTE02ERBS00019,ManagedElement=1,ENodeBFunction=1,EUtraNetwork=1,ExternalENodeBFunction=181,ExternalEUtranCellFDD=1</attr>
    <attr name="anrCreated">false</attr>
    <attr name="isHoAllowed">true</attr>
  </mo>
  <mo fdn="SubNetwork=ONRM_RootMo_R,MeContext=LTE02ERBS00019,ManagedElement=1,ENodeBFunction=1,EUtranCellFDD=LTE02ERBS00019-2,EUtranFreqRelation=1,EUtranCellRelation=11" lastModified="1287505071783" mimName="ERBS_NODE_MODEL" mimVersion="A.9.50.J.9.1">
    <attr name="isRemoveAllowed">false</attr>
    <attr name="neighborCellRef">SubNetwork=ONRM_RootMo_R,MeContext=LTE02ERBS00019,ManagedElement=1,ENodeBFunction=1,EUtraNetwork=1,ExternalENodeBFunction=181,ExternalEUtranCellFDD=2</attr>
    <attr name="anrCreated">false</attr>
    <attr name="isHoAllowed">true</attr>
  </mo>
  <mo fdn="SubNetwork=ONRM_RootMo_R,MeContext=LTE02ERBS00019,ManagedElement=1,ENodeBFunction=1,EUtranCellFDD=LTE02ERBS00019-2,EUtranFreqRelation=1,EUtranCellRelation=14" lastModified="1287505071779" mimName="ERBS_NODE_MODEL" mimVersion="A.9.50.J.9.1">
    <attr name="isRemoveAllowed">false</attr>
    <attr name="neighborCellRef">SubNetwork=ONRM_RootMo_R,MeContext=LTE02ERBS00019,ManagedElement=1,ENodeBFunction=1,EUtraNetwork=1,ExternalENodeBFunction=183,ExternalEUtranCellFDD=1</attr>
    <attr name="anrCreated">false</attr>
    <attr name="isHoAllowed">true</attr>
  </mo>
  <mo fdn="SubNetwork=ONRM_RootMo_R,MeContext=LTE02ERBS00019,ManagedElement=1,ENodeBFunction=1,EUtranCellFDD=LTE02ERBS00019-2,EUtranFreqRelation=1,EUtranCellRelation=15" lastModified="1287505071790" mimName="ERBS_NODE_MODEL" mimVersion="A.9.50.J.9.1">
    <attr name="isRemoveAllowed">false</attr>
    <attr name="neighborCellRef">SubNetwork=ONRM_RootMo_R,MeContext=LTE02ERBS00019,ManagedElement=1,ENodeBFunction=1,EUtraNetwork=1,ExternalENodeBFunction=183,ExternalEUtranCellFDD=2</attr>
    <attr name="anrCreated">false</attr>
    <attr name="isHoAllowed">true</attr>
  </mo>
  <mo fdn="SubNetwork=ONRM_RootMo_R,MeContext=LTE02ERBS00019,ManagedElement=1,ENodeBFunction=1,EUtranCellFDD=LTE02ERBS00019-2,EUtranFreqRelation=1,EUtranCellRelation=18" lastModified="1287505071787" mimName="ERBS_NODE_MODEL" mimVersion="A.9.50.J.9.1">
    <attr name="isRemoveAllowed">false</attr>
    <attr name="neighborCellRef">SubNetwork=ONRM_RootMo_R,MeContext=LTE02ERBS00019,ManagedElement=1,ENodeBFunction=1,EUtraNetwork=1,ExternalENodeBFunction=185,ExternalEUtranCellFDD=1</attr>
    <attr name="anrCreated">false</attr>
    <attr name="isHoAllowed">true</attr>
  </mo>
  <mo fdn="SubNetwork=ONRM_RootMo_R,MeContext=LTE02ERBS00019,ManagedElement=1,ENodeBFunction=1,EUtranCellFDD=LTE02ERBS00019-2,EUtranFreqRelation=1,EUtranCellRelation=19" lastModified="1287505071784" mimName="ERBS_NODE_MODEL" mimVersion="A.9.50.J.9.1">
    <attr name="isRemoveAllowed">false</attr>
    <attr name="neighborCellRef">SubNetwork=ONRM_RootMo_R,MeContext=LTE02ERBS00019,ManagedElement=1,ENodeBFunction=1,EUtraNetwork=1,ExternalENodeBFunction=185,ExternalEUtranCellFDD=2</attr>
    <attr name="anrCreated">false</attr>
    <attr name="isHoAllowed">true</attr>
  </mo>
  <mo fdn="SubNetwork=ONRM_RootMo_R,MeContext=LTE02ERBS00019,ManagedElement=1,ENodeBFunction=1,EUtranCellFDD=LTE02ERBS00019-2,EUtranFreqRelation=1,EUtranCellRelation=2" lastModified="1287501557681" mimName="ERBS_NODE_MODEL" mimVersion="A.9.50.J.9.1">
    <attr name="isRemoveAllowed">false</attr>
    <attr name="neighborCellRef">SubNetwork=ONRM_RootMo_R,MeContext=LTE02ERBS00019,ManagedElement=1,ENodeBFunction=1,EUtranCellFDD=LTE02ERBS00019-3</attr>
    <attr name="anrCreated">false</attr>
    <attr name="isHoAllowed">true</attr>
  </mo>
  <mo fdn="SubNetwork=ONRM_RootMo_R,MeContext=LTE02ERBS00019,ManagedElement=1,ENodeBFunction=1,EUtranCellFDD=LTE02ERBS00019-2,EUtranFreqRelation=1,EUtranCellRelation=22" lastModified="1287505071780" mimName="ERBS_NODE_MODEL" mimVersion="A.9.50.J.9.1">
    <attr name="isRemoveAllowed">false</attr>
    <attr name="neighborCellRef">SubNetwork=ONRM_RootMo_R,MeContext=LTE02ERBS00019,ManagedElement=1,ENodeBFunction=1,EUtraNetwork=1,ExternalENodeBFunction=187,ExternalEUtranCellFDD=1</attr>
    <attr name="anrCreated">false</attr>
    <attr name="isHoAllowed">true</attr>
  </mo>
  <mo fdn="SubNetwork=ONRM_RootMo_R,MeContext=LTE02ERBS00019,ManagedElement=1,ENodeBFunction=1,EUtranCellFDD=LTE02ERBS00019-2,EUtranFreqRelation=1,EUtranCellRelation=23" lastModified="1287505071777" mimName="ERBS_NODE_MODEL" mimVersion="A.9.50.J.9.1">
    <attr name="isRemoveAllowed">false</attr>
    <attr name="neighborCellRef">SubNetwork=ONRM_RootMo_R,MeContext=LTE02ERBS00019,ManagedElement=1,ENodeBFunction=1,EUtraNetwork=1,ExternalENodeBFunction=187,ExternalEUtranCellFDD=2</attr>
    <attr name="anrCreated">false</attr>
    <attr name="isHoAllowed">true</attr>
  </mo>
  <mo fdn="SubNetwork=ONRM_RootMo_R,MeContext=LTE02ERBS00019,ManagedElement=1,ENodeBFunction=1,EUtranCellFDD=LTE02ERBS00019-2,EUtranFreqRelation=1,EUtranCellRelation=26" lastModified="1287505071789" mimName="ERBS_NODE_MODEL" mimVersion="A.9.50.J.9.1">
    <attr name="isRemoveAllowed">false</attr>
    <attr name="neighborCellRef">SubNetwork=ONRM_RootMo_R,MeContext=LTE02ERBS00019,ManagedElement=1,ENodeBFunction=1,EUtraNetwork=1,ExternalENodeBFunction=189,ExternalEUtranCellFDD=1</attr>
    <attr name="anrCreated">false</attr>
    <attr name="isHoAllowed">true</attr>
  </mo>
  <mo fdn="SubNetwork=ONRM_RootMo_R,MeContext=LTE02ERBS00019,ManagedElement=1,ENodeBFunction=1,EUtranCellFDD=LTE02ERBS00019-2,EUtranFreqRelation=1,EUtranCellRelation=27" lastModified="1287505071785" mimName="ERBS_NODE_MODEL" mimVersion="A.9.50.J.9.1">
    <attr name="isRemoveAllowed">false</attr>
    <attr name="neighborCellRef">SubNetwork=ONRM_RootMo_R,MeContext=LTE02ERBS00019,ManagedElement=1,ENodeBFunction=1,EUtraNetwork=1,ExternalENodeBFunction=189,ExternalEUtranCellFDD=2</attr>
    <attr name="anrCreated">false</attr>
    <attr name="isHoAllowed">true</attr>
  </mo>
  <mo fdn="SubNetwork=ONRM_RootMo_R,MeContext=LTE02ERBS00019,ManagedElement=1,ENodeBFunction=1,EUtranCellFDD=LTE02ERBS00019-2,EUtranFreqRelation=1,EUtranCellRelation=3" lastModified="1287501557678" mimName="ERBS_NODE_MODEL" mimVersion="A.9.50.J.9.1">
    <attr name="isRemoveAllowed">false</attr>
    <attr name="neighborCellRef">SubNetwork=ONRM_RootMo_R,MeContext=LTE02ERBS00019,ManagedElement=1,ENodeBFunction=1,EUtranCellFDD=LTE02ERBS00019-4</attr>
    <attr name="anrCreated">false</attr>
    <attr name="isHoAllowed">true</attr>
  </mo>
  <mo fdn="SubNetwork=ONRM_RootMo_R,MeContext=LTE02ERBS00019,ManagedElement=1,ENodeBFunction=1,EUtranCellFDD=LTE02ERBS00019-2,EUtranFreqRelation=1,EUtranCellRelation=30" lastModified="1287505071782" mimName="ERBS_NODE_MODEL" mimVersion="A.9.50.J.9.1">
    <attr name="isRemoveAllowed">false</attr>
    <attr name="neighborCellRef">SubNetwork=ONRM_RootMo_R,MeContext=LTE02ERBS00019,ManagedElement=1,ENodeBFunction=1,EUtraNetwork=1,ExternalENodeBFunction=191,ExternalEUtranCellFDD=1</attr>
    <attr name="anrCreated">false</attr>
    <attr name="isHoAllowed">true</attr>
  </mo>
  <mo fdn="SubNetwork=ONRM_RootMo_R,MeContext=LTE02ERBS00019,ManagedElement=1,ENodeBFunction=1,EUtranCellFDD=LTE02ERBS00019-2,EUtranFreqRelation=1,EUtranCellRelation=31" lastModified="1287505071781" mimName="ERBS_NODE_MODEL" mimVersion="A.9.50.J.9.1">
    <attr name="isRemoveAllowed">false</attr>
    <attr name="neighborCellRef">SubNetwork=ONRM_RootMo_R,MeContext=LTE02ERBS00019,ManagedElement=1,ENodeBFunction=1,EUtraNetwork=1,ExternalENodeBFunction=191,ExternalEUtranCellFDD=2</attr>
    <attr name="anrCreated">false</attr>
    <attr name="isHoAllowed">true</attr>
  </mo>
  <mo fdn="SubNetwork=ONRM_RootMo_R,MeContext=LTE02ERBS00019,ManagedElement=1,ENodeBFunction=1,EUtranCellFDD=LTE02ERBS00019-2,EUtranFreqRelation=1,EUtranCellRelation=4" lastModified="1287505071790" mimName="ERBS_NODE_MODEL" mimVersion="A.9.50.J.9.1">
    <attr name="isRemoveAllowed">false</attr>
    <attr name="neighborCellRef">SubNetwork=ONRM_RootMo_R,MeContext=LTE02ERBS00019,ManagedElement=1,ENodeBFunction=1,EUtraNetwork=1,ExternalENodeBFunction=177,ExternalEUtranCellFDD=1</attr>
    <attr name="anrCreated">false</attr>
    <attr name="isHoAllowed">true</attr>
  </mo>
  <mo fdn="SubNetwork=ONRM_RootMo_R,MeContext=LTE02ERBS00019,ManagedElement=1,ENodeBFunction=1,EUtranCellFDD=LTE02ERBS00019-2,EUtranFreqRelation=1,EUtranCellRelation=5" lastModified="1287505071791" mimName="ERBS_NODE_MODEL" mimVersion="A.9.50.J.9.1">
    <attr name="isRemoveAllowed">false</attr>
    <attr name="neighborCellRef">SubNetwork=ONRM_RootMo_R,MeContext=LTE02ERBS00019,ManagedElement=1,ENodeBFunction=1,EUtraNetwork=1,ExternalENodeBFunction=177,ExternalEUtranCellFDD=2</attr>
    <attr name="anrCreated">false</attr>
    <attr name="isHoAllowed">true</attr>
  </mo>
  <mo fdn="SubNetwork=ONRM_RootMo_R,MeContext=LTE02ERBS00019,ManagedElement=1,ENodeBFunction=1,EUtranCellFDD=LTE02ERBS00019-2,EUtranFreqRelation=2,EUtranCellRelation=12" lastModified="1287505071755" mimName="ERBS_NODE_MODEL" mimVersion="A.9.50.J.9.1">
    <attr name="isRemoveAllowed">false</attr>
    <attr name="neighborCellRef">SubNetwork=ONRM_RootMo_R,MeContext=LTE02ERBS00019,ManagedElement=1,ENodeBFunction=1,EUtraNetwork=1,ExternalENodeBFunction=182,ExternalEUtranCellFDD=1</attr>
    <attr name="anrCreated">false</attr>
    <attr name="isHoAllowed">true</attr>
  </mo>
  <mo fdn="SubNetwork=ONRM_RootMo_R,MeContext=LTE02ERBS00019,ManagedElement=1,ENodeBFunction=1,EUtranCellFDD=LTE02ERBS00019-2,EUtranFreqRelation=2,EUtranCellRelation=13" lastModified="1287505071753" mimName="ERBS_NODE_MODEL" mimVersion="A.9.50.J.9.1">
    <attr name="isRemoveAllowed">false</attr>
    <attr name="neighborCellRef">SubNetwork=ONRM_RootMo_R,MeContext=LTE02ERBS00019,ManagedElement=1,ENodeBFunction=1,EUtraNetwork=1,ExternalENodeBFunction=182,ExternalEUtranCellFDD=2</attr>
    <attr name="anrCreated">false</attr>
    <attr name="isHoAllowed">true</attr>
  </mo>
  <mo fdn="SubNetwork=ONRM_RootMo_R,MeContext=LTE02ERBS00019,ManagedElement=1,ENodeBFunction=1,EUtranCellFDD=LTE02ERBS00019-2,EUtranFreqRelation=2,EUtranCellRelation=16" lastModified="1287505071773" mimName="ERBS_NODE_MODEL" mimVersion="A.9.50.J.9.1">
    <attr name="isRemoveAllowed">false</attr>
    <attr name="neighborCellRef">SubNetwork=ONRM_RootMo_R,MeContext=LTE02ERBS00019,ManagedElement=1,ENodeBFunction=1,EUtraNetwork=1,ExternalENodeBFunction=184,ExternalEUtranCellFDD=1</attr>
    <attr name="anrCreated">false</attr>
    <attr name="isHoAllowed">true</attr>
  </mo>
  <mo fdn="SubNetwork=ONRM_RootMo_R,MeContext=LTE02ERBS00019,ManagedElement=1,ENodeBFunction=1,EUtranCellFDD=LTE02ERBS00019-2,EUtranFreqRelation=2,EUtranCellRelation=17" lastModified="1287505071771" mimName="ERBS_NODE_MODEL" mimVersion="A.9.50.J.9.1">
    <attr name="isRemoveAllowed">false</attr>
    <attr name="neighborCellRef">SubNetwork=ONRM_RootMo_R,MeContext=LTE02ERBS00019,ManagedElement=1,ENodeBFunction=1,EUtraNetwork=1,ExternalENodeBFunction=184,ExternalEUtranCellFDD=2</attr>
    <attr name="anrCreated">false</attr>
    <attr name="isHoAllowed">true</attr>
  </mo>
  <mo fdn="SubNetwork=ONRM_RootMo_R,MeContext=LTE02ERBS00019,ManagedElement=1,ENodeBFunction=1,EUtranCellFDD=LTE02ERBS00019-2,EUtranFreqRelation=2,EUtranCellRelation=20" lastModified="1287505071761" mimName="ERBS_NODE_MODEL" mimVersion="A.9.50.J.9.1">
    <attr name="isRemoveAllowed">false</attr>
    <attr name="neighborCellRef">SubNetwork=ONRM_RootMo_R,MeContext=LTE02ERBS00019,ManagedElement=1,ENodeBFunction=1,EUtraNetwork=1,ExternalENodeBFunction=186,ExternalEUtranCellFDD=1</attr>
    <attr name="anrCreated">false</attr>
    <attr name="isHoAllowed">true</attr>
  </mo>
  <mo fdn="SubNetwork=ONRM_RootMo_R,MeContext=LTE02ERBS00019,ManagedElement=1,ENodeBFunction=1,EUtranCellFDD=LTE02ERBS00019-2,EUtranFreqRelation=2,EUtranCellRelation=21" lastModified="1287505071760" mimName="ERBS_NODE_MODEL" mimVersion="A.9.50.J.9.1">
    <attr name="isRemoveAllowed">false</attr>
    <attr name="neighborCellRef">SubNetwork=ONRM_RootMo_R,MeContext=LTE02ERBS00019,ManagedElement=1,ENodeBFunction=1,EUtraNetwork=1,ExternalENodeBFunction=186,ExternalEUtranCellFDD=2</attr>
    <attr name="anrCreated">false</attr>
    <attr name="isHoAllowed">true</attr>
  </mo>
  <mo fdn="SubNetwork=ONRM_RootMo_R,MeContext=LTE02ERBS00019,ManagedElement=1,ENodeBFunction=1,EUtranCellFDD=LTE02ERBS00019-2,EUtranFreqRelation=2,EUtranCellRelation=24" lastModified="1287505071758" mimName="ERBS_NODE_MODEL" mimVersion="A.9.50.J.9.1">
    <attr name="isRemoveAllowed">false</attr>
    <attr name="neighborCellRef">SubNetwork=ONRM_RootMo_R,MeContext=LTE02ERBS00019,ManagedElement=1,ENodeBFunction=1,EUtraNetwork=1,ExternalENodeBFunction=188,ExternalEUtranCellFDD=1</attr>
    <attr name="anrCreated">false</attr>
    <attr name="isHoAllowed">true</attr>
  </mo>
  <mo fdn="SubNetwork=ONRM_RootMo_R,MeContext=LTE02ERBS00019,ManagedElement=1,ENodeBFunction=1,EUtranCellFDD=LTE02ERBS00019-2,EUtranFreqRelation=2,EUtranCellRelation=25" lastModified="1287505071757" mimName="ERBS_NODE_MODEL" mimVersion="A.9.50.J.9.1">
    <attr name="isRemoveAllowed">false</attr>
    <attr name="neighborCellRef">SubNetwork=ONRM_RootMo_R,MeContext=LTE02ERBS00019,ManagedElement=1,ENodeBFunction=1,EUtraNetwork=1,ExternalENodeBFunction=188,ExternalEUtranCellFDD=2</attr>
    <attr name="anrCreated">false</attr>
    <attr name="isHoAllowed">true</attr>
  </mo>
  <mo fdn="SubNetwork=ONRM_RootMo_R,MeContext=LTE02ERBS00019,ManagedElement=1,ENodeBFunction=1,EUtranCellFDD=LTE02ERBS00019-2,EUtranFreqRelation=2,EUtranCellRelation=28" lastModified="1287505071774" mimName="ERBS_NODE_MODEL" mimVersion="A.9.50.J.9.1">
    <attr name="isRemoveAllowed">false</attr>
    <attr name="neighborCellRef">SubNetwork=ONRM_RootMo_R,MeContext=LTE02ERBS00019,ManagedElement=1,ENodeBFunction=1,EUtraNetwork=1,ExternalENodeBFunction=190,ExternalEUtranCellFDD=1</attr>
    <attr name="anrCreated">false</attr>
    <attr name="isHoAllowed">true</attr>
  </mo>
  <mo fdn="SubNetwork=ONRM_RootMo_R,MeContext=LTE02ERBS00019,ManagedElement=1,ENodeBFunction=1,EUtranCellFDD=LTE02ERBS00019-2,EUtranFreqRelation=2,EUtranCellRelation=29" lastModified="1287505071772" mimName="ERBS_NODE_MODEL" mimVersion="A.9.50.J.9.1">
    <attr name="isRemoveAllowed">false</attr>
    <attr name="neighborCellRef">SubNetwork=ONRM_RootMo_R,MeContext=LTE02ERBS00019,ManagedElement=1,ENodeBFunction=1,EUtraNetwork=1,ExternalENodeBFunction=190,ExternalEUtranCellFDD=2</attr>
    <attr name="anrCreated">false</attr>
    <attr name="isHoAllowed">true</attr>
  </mo>
  <mo fdn="SubNetwork=ONRM_RootMo_R,MeContext=LTE02ERBS00019,ManagedElement=1,ENodeBFunction=1,EUtranCellFDD=LTE02ERBS00019-2,EUtranFreqRelation=2,EUtranCellRelation=32" lastModified="1287505071752" mimName="ERBS_NODE_MODEL" mimVersion="A.9.50.J.9.1">
    <attr name="isRemoveAllowed">false</attr>
    <attr name="neighborCellRef">SubNetwork=ONRM_RootMo_R,MeContext=LTE02ERBS00019,ManagedElement=1,ENodeBFunction=1,EUtraNetwork=1,ExternalENodeBFunction=192,ExternalEUtranCellFDD=1</attr>
    <attr name="anrCreated">false</attr>
    <attr name="isHoAllowed">true</attr>
  </mo>
  <mo fdn="SubNetwork=ONRM_RootMo_R,MeContext=LTE02ERBS00019,ManagedElement=1,ENodeBFunction=1,EUtranCellFDD=LTE02ERBS00019-2,EUtranFreqRelation=2,EUtranCellRelation=33" lastModified="1287505071764" mimName="ERBS_NODE_MODEL" mimVersion="A.9.50.J.9.1">
    <attr name="isRemoveAllowed">false</attr>
    <attr name="neighborCellRef">SubNetwork=ONRM_RootMo_R,MeContext=LTE02ERBS00019,ManagedElement=1,ENodeBFunction=1,EUtraNetwork=1,ExternalENodeBFunction=192,ExternalEUtranCellFDD=2</attr>
    <attr name="anrCreated">false</attr>
    <attr name="isHoAllowed">true</attr>
  </mo>
  <mo fdn="SubNetwork=ONRM_RootMo_R,MeContext=LTE02ERBS00019,ManagedElement=1,ENodeBFunction=1,EUtranCellFDD=LTE02ERBS00019-2,EUtranFreqRelation=2,EUtranCellRelation=6" lastModified="1287505071768" mimName="ERBS_NODE_MODEL" mimVersion="A.9.50.J.9.1">
    <attr name="isRemoveAllowed">false</attr>
    <attr name="neighborCellRef">SubNetwork=ONRM_RootMo_R,MeContext=LTE02ERBS00019,ManagedElement=1,ENodeBFunction=1,EUtraNetwork=1,ExternalENodeBFunction=178,ExternalEUtranCellFDD=1</attr>
    <attr name="anrCreated">false</attr>
    <attr name="isHoAllowed">true</attr>
  </mo>
  <mo fdn="SubNetwork=ONRM_RootMo_R,MeContext=LTE02ERBS00019,ManagedElement=1,ENodeBFunction=1,EUtranCellFDD=LTE02ERBS00019-2,EUtranFreqRelation=2,EUtranCellRelation=7" lastModified="1287505071769" mimName="ERBS_NODE_MODEL" mimVersion="A.9.50.J.9.1">
    <attr name="isRemoveAllowed">false</attr>
    <attr name="neighborCellRef">SubNetwork=ONRM_RootMo_R,MeContext=LTE02ERBS00019,ManagedElement=1,ENodeBFunction=1,EUtraNetwork=1,ExternalENodeBFunction=178,ExternalEUtranCellFDD=2</attr>
    <attr name="anrCreated">false</attr>
    <attr name="isHoAllowed">true</attr>
  </mo>
  <mo fdn="SubNetwork=ONRM_RootMo_R,MeContext=LTE02ERBS00019,ManagedElement=1,ENodeBFunction=1,EUtranCellFDD=LTE02ERBS00019-2,EUtranFreqRelation=2,EUtranCellRelation=8" lastModified="1287505071765" mimName="ERBS_NODE_MODEL" mimVersion="A.9.50.J.9.1">
    <attr name="isRemoveAllowed">false</attr>
    <attr name="neighborCellRef">SubNetwork=ONRM_RootMo_R,MeContext=LTE02ERBS00019,ManagedElement=1,ENodeBFunction=1,EUtraNetwork=1,ExternalENodeBFunction=180,ExternalEUtranCellFDD=1</attr>
    <attr name="anrCreated">false</attr>
    <attr name="isHoAllowed">true</attr>
  </mo>
  <mo fdn="SubNetwork=ONRM_RootMo_R,MeContext=LTE02ERBS00019,ManagedElement=1,ENodeBFunction=1,EUtranCellFDD=LTE02ERBS00019-2,EUtranFreqRelation=2,EUtranCellRelation=9" lastModified="1287505071767" mimName="ERBS_NODE_MODEL" mimVersion="A.9.50.J.9.1">
    <attr name="isRemoveAllowed">false</attr>
    <attr name="neighborCellRef">SubNetwork=ONRM_RootMo_R,MeContext=LTE02ERBS00019,ManagedElement=1,ENodeBFunction=1,EUtraNetwork=1,ExternalENodeBFunction=180,ExternalEUtranCellFDD=2</attr>
    <attr name="anrCreated">false</attr>
    <attr name="isHoAllowed">true</attr>
  </mo>
  <mo fdn="SubNetwork=ONRM_RootMo_R,MeContext=LTE02ERBS00019,ManagedElement=1,ENodeBFunction=1,EUtranCellFDD=LTE02ERBS00019-3" lastModified="1287512145427" mimName="ERBS_NODE_MODEL" mimVersion="A.9.50.J.9.1">
    <attr name="EUtranCellFDDId">LTE02ERBS00019-3</attr>
    <attr name="earfcnul">18000</attr>
    <attr name="cellId">3</attr>
    <attr name="tac">48650</attr>
    <attr name="bPlmnList">
      <seq count="1">
        <item>
          <struct>
            <attr name="mcc">311</attr>
            <attr name="mnc">480</attr>
            <attr name="mncLength">2</attr>
          </struct>
        </item>
      </seq>
    </attr>
    <attr name="earfcndl">0</attr>
    <attr name="userLabel">LTE02ERBS00019-3</attr>
  </mo>
  <mo fdn="SubNetwork=ONRM_RootMo_R,MeContext=LTE02ERBS00019,ManagedElement=1,ENodeBFunction=1,EUtranCellFDD=LTE02ERBS00019-3,EUtranFreqRelation=1,EUtranCellRelation=1" lastModified="1287501557642" mimName="ERBS_NODE_MODEL" mimVersion="A.9.50.J.9.1">
    <attr name="isRemoveAllowed">false</attr>
    <attr name="neighborCellRef">SubNetwork=ONRM_RootMo_R,MeContext=LTE02ERBS00019,ManagedElement=1,ENodeBFunction=1,EUtranCellFDD=LTE02ERBS00019-1</attr>
    <attr name="anrCreated">false</attr>
    <attr name="isHoAllowed">true</attr>
  </mo>
  <mo fdn="SubNetwork=ONRM_RootMo_R,MeContext=LTE02ERBS00019,ManagedElement=1,ENodeBFunction=1,EUtranCellFDD=LTE02ERBS00019-3,EUtranFreqRelation=1,EUtranCellRelation=10" lastModified="1287505075201" mimName="ERBS_NODE_MODEL" mimVersion="A.9.50.J.9.1">
    <attr name="isRemoveAllowed">false</attr>
    <attr name="neighborCellRef">SubNetwork=ONRM_RootMo_R,MeContext=LTE02ERBS00019,ManagedElement=1,ENodeBFunction=1,EUtraNetwork=1,ExternalENodeBFunction=181,ExternalEUtranCellFDD=3</attr>
    <attr name="anrCreated">false</attr>
    <attr name="isHoAllowed">true</attr>
  </mo>
  <mo fdn="SubNetwork=ONRM_RootMo_R,MeContext=LTE02ERBS00019,ManagedElement=1,ENodeBFunction=1,EUtranCellFDD=LTE02ERBS00019-3,EUtranFreqRelation=1,EUtranCellRelation=11" lastModified="1287505075198" mimName="ERBS_NODE_MODEL" mimVersion="A.9.50.J.9.1">
    <attr name="isRemoveAllowed">false</attr>
    <attr name="neighborCellRef">SubNetwork=ONRM_RootMo_R,MeContext=LTE02ERBS00019,ManagedElement=1,ENodeBFunction=1,EUtraNetwork=1,ExternalENodeBFunction=181,ExternalEUtranCellFDD=4</attr>
    <attr name="anrCreated">false</attr>
    <attr name="isHoAllowed">true</attr>
  </mo>
  <mo fdn="SubNetwork=ONRM_RootMo_R,MeContext=LTE02ERBS00019,ManagedElement=1,ENodeBFunction=1,EUtranCellFDD=LTE02ERBS00019-3,EUtranFreqRelation=1,EUtranCellRelation=14" lastModified="1287505075189" mimName="ERBS_NODE_MODEL" mimVersion="A.9.50.J.9.1">
    <attr name="isRemoveAllowed">false</attr>
    <attr name="neighborCellRef">SubNetwork=ONRM_RootMo_R,MeContext=LTE02ERBS00019,ManagedElement=1,ENodeBFunction=1,EUtraNetwork=1,ExternalENodeBFunction=183,ExternalEUtranCellFDD=3</attr>
    <attr name="anrCreated">false</attr>
    <attr name="isHoAllowed">true</attr>
  </mo>
  <mo fdn="SubNetwork=ONRM_RootMo_R,MeContext=LTE02ERBS00019,ManagedElement=1,ENodeBFunction=1,EUtranCellFDD=LTE02ERBS00019-3,EUtranFreqRelation=1,EUtranCellRelation=15" lastModified="1287505075208" mimName="ERBS_NODE_MODEL" mimVersion="A.9.50.J.9.1">
    <attr name="isRemoveAllowed">false</attr>
    <attr name="neighborCellRef">SubNetwork=ONRM_RootMo_R,MeContext=LTE02ERBS00019,ManagedElement=1,ENodeBFunction=1,EUtraNetwork=1,ExternalENodeBFunction=183,ExternalEUtranCellFDD=4</attr>
    <attr name="anrCreated">false</attr>
    <attr name="isHoAllowed">true</attr>
  </mo>
  <mo fdn="SubNetwork=ONRM_RootMo_R,MeContext=LTE02ERBS00019,ManagedElement=1,ENodeBFunction=1,EUtranCellFDD=LTE02ERBS00019-3,EUtranFreqRelation=1,EUtranCellRelation=18" lastModified="1287505075205" mimName="ERBS_NODE_MODEL" mimVersion="A.9.50.J.9.1">
    <attr name="isRemoveAllowed">false</attr>
    <attr name="neighborCellRef">SubNetwork=ONRM_RootMo_R,MeContext=LTE02ERBS00019,ManagedElement=1,ENodeBFunction=1,EUtraNetwork=1,ExternalENodeBFunction=185,ExternalEUtranCellFDD=3</attr>
    <attr name="anrCreated">false</attr>
    <attr name="isHoAllowed">true</attr>
  </mo>
  <mo fdn="SubNetwork=ONRM_RootMo_R,MeContext=LTE02ERBS00019,ManagedElement=1,ENodeBFunction=1,EUtranCellFDD=LTE02ERBS00019-3,EUtranFreqRelation=1,EUtranCellRelation=19" lastModified="1287505075203" mimName="ERBS_NODE_MODEL" mimVersion="A.9.50.J.9.1">
    <attr name="isRemoveAllowed">false</attr>
    <attr name="neighborCellRef">SubNetwork=ONRM_RootMo_R,MeContext=LTE02ERBS00019,ManagedElement=1,ENodeBFunction=1,EUtraNetwork=1,ExternalENodeBFunction=185,ExternalEUtranCellFDD=4</attr>
    <attr name="anrCreated">false</attr>
    <attr name="isHoAllowed">true</attr>
  </mo>
  <mo fdn="SubNetwork=ONRM_RootMo_R,MeContext=LTE02ERBS00019,ManagedElement=1,ENodeBFunction=1,EUtranCellFDD=LTE02ERBS00019-3,EUtranFreqRelation=1,EUtranCellRelation=2" lastModified="1287501557637" mimName="ERBS_NODE_MODEL" mimVersion="A.9.50.J.9.1">
    <attr name="isRemoveAllowed">false</attr>
    <attr name="neighborCellRef">SubNetwork=ONRM_RootMo_R,MeContext=LTE02ERBS00019,ManagedElement=1,ENodeBFunction=1,EUtranCellFDD=LTE02ERBS00019-2</attr>
    <attr name="anrCreated">false</attr>
    <attr name="isHoAllowed">true</attr>
  </mo>
  <mo fdn="SubNetwork=ONRM_RootMo_R,MeContext=LTE02ERBS00019,ManagedElement=1,ENodeBFunction=1,EUtranCellFDD=LTE02ERBS00019-3,EUtranFreqRelation=1,EUtranCellRelation=22" lastModified="1287505075190" mimName="ERBS_NODE_MODEL" mimVersion="A.9.50.J.9.1">
    <attr name="isRemoveAllowed">false</attr>
    <attr name="neighborCellRef">SubNetwork=ONRM_RootMo_R,MeContext=LTE02ERBS00019,ManagedElement=1,ENodeBFunction=1,EUtraNetwork=1,ExternalENodeBFunction=187,ExternalEUtranCellFDD=3</attr>
    <attr name="anrCreated">false</attr>
    <attr name="isHoAllowed">true</attr>
  </mo>
  <mo fdn="SubNetwork=ONRM_RootMo_R,MeContext=LTE02ERBS00019,ManagedElement=1,ENodeBFunction=1,EUtranCellFDD=LTE02ERBS00019-3,EUtranFreqRelation=1,EUtranCellRelation=23" lastModified="1287505075188" mimName="ERBS_NODE_MODEL" mimVersion="A.9.50.J.9.1">
    <attr name="isRemoveAllowed">false</attr>
    <attr name="neighborCellRef">SubNetwork=ONRM_RootMo_R,MeContext=LTE02ERBS00019,ManagedElement=1,ENodeBFunction=1,EUtraNetwork=1,ExternalENodeBFunction=187,ExternalEUtranCellFDD=4</attr>
    <attr name="anrCreated">false</attr>
    <attr name="isHoAllowed">true</attr>
  </mo>
  <mo fdn="SubNetwork=ONRM_RootMo_R,MeContext=LTE02ERBS00019,ManagedElement=1,ENodeBFunction=1,EUtranCellFDD=LTE02ERBS00019-3,EUtranFreqRelation=1,EUtranCellRelation=26" lastModified="1287505075206" mimName="ERBS_NODE_MODEL" mimVersion="A.9.50.J.9.1">
    <attr name="isRemoveAllowed">false</attr>
    <attr name="neighborCellRef">SubNetwork=ONRM_RootMo_R,MeContext=LTE02ERBS00019,ManagedElement=1,ENodeBFunction=1,EUtraNetwork=1,ExternalENodeBFunction=189,ExternalEUtranCellFDD=3</attr>
    <attr name="anrCreated">false</attr>
    <attr name="isHoAllowed">true</attr>
  </mo>
  <mo fdn="SubNetwork=ONRM_RootMo_R,MeContext=LTE02ERBS00019,ManagedElement=1,ENodeBFunction=1,EUtranCellFDD=LTE02ERBS00019-3,EUtranFreqRelation=1,EUtranCellRelation=27" lastModified="1287505075204" mimName="ERBS_NODE_MODEL" mimVersion="A.9.50.J.9.1">
    <attr name="isRemoveAllowed">false</attr>
    <attr name="neighborCellRef">SubNetwork=ONRM_RootMo_R,MeContext=LTE02ERBS00019,ManagedElement=1,ENodeBFunction=1,EUtraNetwork=1,ExternalENodeBFunction=189,ExternalEUtranCellFDD=4</attr>
    <attr name="anrCreated">false</attr>
    <attr name="isHoAllowed">true</attr>
  </mo>
  <mo fdn="SubNetwork=ONRM_RootMo_R,MeContext=LTE02ERBS00019,ManagedElement=1,ENodeBFunction=1,EUtranCellFDD=LTE02ERBS00019-3,EUtranFreqRelation=1,EUtranCellRelation=3" lastModified="1287501551799" mimName="ERBS_NODE_MODEL" mimVersion="A.9.50.J.9.1">
    <attr name="isRemoveAllowed">false</attr>
    <attr name="neighborCellRef">SubNetwork=ONRM_RootMo_R,MeContext=LTE02ERBS00019,ManagedElement=1,ENodeBFunction=1,EUtranCellFDD=LTE02ERBS00019-4</attr>
    <attr name="anrCreated">false</attr>
    <attr name="isHoAllowed">true</attr>
  </mo>
  <mo fdn="SubNetwork=ONRM_RootMo_R,MeContext=LTE02ERBS00019,ManagedElement=1,ENodeBFunction=1,EUtranCellFDD=LTE02ERBS00019-3,EUtranFreqRelation=1,EUtranCellRelation=30" lastModified="1287505075195" mimName="ERBS_NODE_MODEL" mimVersion="A.9.50.J.9.1">
    <attr name="isRemoveAllowed">false</attr>
    <attr name="neighborCellRef">SubNetwork=ONRM_RootMo_R,MeContext=LTE02ERBS00019,ManagedElement=1,ENodeBFunction=1,EUtraNetwork=1,ExternalENodeBFunction=191,ExternalEUtranCellFDD=3</attr>
    <attr name="anrCreated">false</attr>
    <attr name="isHoAllowed">true</attr>
  </mo>
  <mo fdn="SubNetwork=ONRM_RootMo_R,MeContext=LTE02ERBS00019,ManagedElement=1,ENodeBFunction=1,EUtranCellFDD=LTE02ERBS00019-3,EUtranFreqRelation=1,EUtranCellRelation=31" lastModified="1287505075191" mimName="ERBS_NODE_MODEL" mimVersion="A.9.50.J.9.1">
    <attr name="isRemoveAllowed">false</attr>
    <attr name="neighborCellRef">SubNetwork=ONRM_RootMo_R,MeContext=LTE02ERBS00019,ManagedElement=1,ENodeBFunction=1,EUtraNetwork=1,ExternalENodeBFunction=191,ExternalEUtranCellFDD=4</attr>
    <attr name="anrCreated">false</attr>
    <attr name="isHoAllowed">true</attr>
  </mo>
  <mo fdn="SubNetwork=ONRM_RootMo_R,MeContext=LTE02ERBS00019,ManagedElement=1,ENodeBFunction=1,EUtranCellFDD=LTE02ERBS00019-3,EUtranFreqRelation=1,EUtranCellRelation=4" lastModified="1287505075207" mimName="ERBS_NODE_MODEL" mimVersion="A.9.50.J.9.1">
    <attr name="isRemoveAllowed">false</attr>
    <attr name="neighborCellRef">SubNetwork=ONRM_RootMo_R,MeContext=LTE02ERBS00019,ManagedElement=1,ENodeBFunction=1,EUtraNetwork=1,ExternalENodeBFunction=177,ExternalEUtranCellFDD=3</attr>
    <attr name="anrCreated">false</attr>
    <attr name="isHoAllowed">true</attr>
  </mo>
  <mo fdn="SubNetwork=ONRM_RootMo_R,MeContext=LTE02ERBS00019,ManagedElement=1,ENodeBFunction=1,EUtranCellFDD=LTE02ERBS00019-3,EUtranFreqRelation=1,EUtranCellRelation=5" lastModified="1287505075209" mimName="ERBS_NODE_MODEL" mimVersion="A.9.50.J.9.1">
    <attr name="isRemoveAllowed">false</attr>
    <attr name="neighborCellRef">SubNetwork=ONRM_RootMo_R,MeContext=LTE02ERBS00019,ManagedElement=1,ENodeBFunction=1,EUtraNetwork=1,ExternalENodeBFunction=177,ExternalEUtranCellFDD=4</attr>
    <attr name="anrCreated">false</attr>
    <attr name="isHoAllowed">true</attr>
  </mo>
  <mo fdn="SubNetwork=ONRM_RootMo_R,MeContext=LTE02ERBS00019,ManagedElement=1,ENodeBFunction=1,EUtranCellFDD=LTE02ERBS00019-3,EUtranFreqRelation=2,EUtranCellRelation=12" lastModified="1287505075157" mimName="ERBS_NODE_MODEL" mimVersion="A.9.50.J.9.1">
    <attr name="isRemoveAllowed">false</attr>
    <attr name="neighborCellRef">SubNetwork=ONRM_RootMo_R,MeContext=LTE02ERBS00019,ManagedElement=1,ENodeBFunction=1,EUtraNetwork=1,ExternalENodeBFunction=182,ExternalEUtranCellFDD=3</attr>
    <attr name="anrCreated">false</attr>
    <attr name="isHoAllowed">true</attr>
  </mo>
  <mo fdn="SubNetwork=ONRM_RootMo_R,MeContext=LTE02ERBS00019,ManagedElement=1,ENodeBFunction=1,EUtranCellFDD=LTE02ERBS00019-3,EUtranFreqRelation=2,EUtranCellRelation=13" lastModified="1287505075154" mimName="ERBS_NODE_MODEL" mimVersion="A.9.50.J.9.1">
    <attr name="isRemoveAllowed">false</attr>
    <attr name="neighborCellRef">SubNetwork=ONRM_RootMo_R,MeContext=LTE02ERBS00019,ManagedElement=1,ENodeBFunction=1,EUtraNetwork=1,ExternalENodeBFunction=182,ExternalEUtranCellFDD=4</attr>
    <attr name="anrCreated">false</attr>
    <attr name="isHoAllowed">true</attr>
  </mo>
  <mo fdn="SubNetwork=ONRM_RootMo_R,MeContext=LTE02ERBS00019,ManagedElement=1,ENodeBFunction=1,EUtranCellFDD=LTE02ERBS00019-3,EUtranFreqRelation=2,EUtranCellRelation=16" lastModified="1287505075181" mimName="ERBS_NODE_MODEL" mimVersion="A.9.50.J.9.1">
    <attr name="isRemoveAllowed">false</attr>
    <attr name="neighborCellRef">SubNetwork=ONRM_RootMo_R,MeContext=LTE02ERBS00019,ManagedElement=1,ENodeBFunction=1,EUtraNetwork=1,ExternalENodeBFunction=184,ExternalEUtranCellFDD=3</attr>
    <attr name="anrCreated">false</attr>
    <attr name="isHoAllowed">true</attr>
  </mo>
  <mo fdn="SubNetwork=ONRM_RootMo_R,MeContext=LTE02ERBS00019,ManagedElement=1,ENodeBFunction=1,EUtranCellFDD=LTE02ERBS00019-3,EUtranFreqRelation=2,EUtranCellRelation=17" lastModified="1287505075176" mimName="ERBS_NODE_MODEL" mimVersion="A.9.50.J.9.1">
    <attr name="isRemoveAllowed">false</attr>
    <attr name="neighborCellRef">SubNetwork=ONRM_RootMo_R,MeContext=LTE02ERBS00019,ManagedElement=1,ENodeBFunction=1,EUtraNetwork=1,ExternalENodeBFunction=184,ExternalEUtranCellFDD=4</attr>
    <attr name="anrCreated">false</attr>
    <attr name="isHoAllowed">true</attr>
  </mo>
  <mo fdn="SubNetwork=ONRM_RootMo_R,MeContext=LTE02ERBS00019,ManagedElement=1,ENodeBFunction=1,EUtranCellFDD=LTE02ERBS00019-3,EUtranFreqRelation=2,EUtranCellRelation=20" lastModified="1287505075163" mimName="ERBS_NODE_MODEL" mimVersion="A.9.50.J.9.1">
    <attr name="isRemoveAllowed">false</attr>
    <attr name="neighborCellRef">SubNetwork=ONRM_RootMo_R,MeContext=LTE02ERBS00019,ManagedElement=1,ENodeBFunction=1,EUtraNetwork=1,ExternalENodeBFunction=186,ExternalEUtranCellFDD=3</attr>
    <attr name="anrCreated">false</attr>
    <attr name="isHoAllowed">true</attr>
  </mo>
  <mo fdn="SubNetwork=ONRM_RootMo_R,MeContext=LTE02ERBS00019,ManagedElement=1,ENodeBFunction=1,EUtranCellFDD=LTE02ERBS00019-3,EUtranFreqRelation=2,EUtranCellRelation=21" lastModified="1287505075161" mimName="ERBS_NODE_MODEL" mimVersion="A.9.50.J.9.1">
    <attr name="isRemoveAllowed">false</attr>
    <attr name="neighborCellRef">SubNetwork=ONRM_RootMo_R,MeContext=LTE02ERBS00019,ManagedElement=1,ENodeBFunction=1,EUtraNetwork=1,ExternalENodeBFunction=186,ExternalEUtranCellFDD=4</attr>
    <attr name="anrCreated">false</attr>
    <attr name="isHoAllowed">true</attr>
  </mo>
  <mo fdn="SubNetwork=ONRM_RootMo_R,MeContext=LTE02ERBS00019,ManagedElement=1,ENodeBFunction=1,EUtranCellFDD=LTE02ERBS00019-3,EUtranFreqRelation=2,EUtranCellRelation=24" lastModified="1287505075160" mimName="ERBS_NODE_MODEL" mimVersion="A.9.50.J.9.1">
    <attr name="isRemoveAllowed">false</attr>
    <attr name="neighborCellRef">SubNetwork=ONRM_RootMo_R,MeContext=LTE02ERBS00019,ManagedElement=1,ENodeBFunction=1,EUtraNetwork=1,ExternalENodeBFunction=188,ExternalEUtranCellFDD=3</attr>
    <attr name="anrCreated">false</attr>
    <attr name="isHoAllowed">true</attr>
  </mo>
  <mo fdn="SubNetwork=ONRM_RootMo_R,MeContext=LTE02ERBS00019,ManagedElement=1,ENodeBFunction=1,EUtranCellFDD=LTE02ERBS00019-3,EUtranFreqRelation=2,EUtranCellRelation=25" lastModified="1287505075158" mimName="ERBS_NODE_MODEL" mimVersion="A.9.50.J.9.1">
    <attr name="isRemoveAllowed">false</attr>
    <attr name="neighborCellRef">SubNetwork=ONRM_RootMo_R,MeContext=LTE02ERBS00019,ManagedElement=1,ENodeBFunction=1,EUtraNetwork=1,ExternalENodeBFunction=188,ExternalEUtranCellFDD=4</attr>
    <attr name="anrCreated">false</attr>
    <attr name="isHoAllowed">true</attr>
  </mo>
  <mo fdn="SubNetwork=ONRM_RootMo_R,MeContext=LTE02ERBS00019,ManagedElement=1,ENodeBFunction=1,EUtranCellFDD=LTE02ERBS00019-3,EUtranFreqRelation=2,EUtranCellRelation=28" lastModified="1287505075184" mimName="ERBS_NODE_MODEL" mimVersion="A.9.50.J.9.1">
    <attr name="isRemoveAllowed">false</attr>
    <attr name="neighborCellRef">SubNetwork=ONRM_RootMo_R,MeContext=LTE02ERBS00019,ManagedElement=1,ENodeBFunction=1,EUtraNetwork=1,ExternalENodeBFunction=190,ExternalEUtranCellFDD=3</attr>
    <attr name="anrCreated">false</attr>
    <attr name="isHoAllowed">true</attr>
  </mo>
  <mo fdn="SubNetwork=ONRM_RootMo_R,MeContext=LTE02ERBS00019,ManagedElement=1,ENodeBFunction=1,EUtranCellFDD=LTE02ERBS00019-3,EUtranFreqRelation=2,EUtranCellRelation=29" lastModified="1287505075179" mimName="ERBS_NODE_MODEL" mimVersion="A.9.50.J.9.1">
    <attr name="isRemoveAllowed">false</attr>
    <attr name="neighborCellRef">SubNetwork=ONRM_RootMo_R,MeContext=LTE02ERBS00019,ManagedElement=1,ENodeBFunction=1,EUtraNetwork=1,ExternalENodeBFunction=190,ExternalEUtranCellFDD=4</attr>
    <attr name="anrCreated">false</attr>
    <attr name="isHoAllowed">true</attr>
  </mo>
  <mo fdn="SubNetwork=ONRM_RootMo_R,MeContext=LTE02ERBS00019,ManagedElement=1,ENodeBFunction=1,EUtranCellFDD=LTE02ERBS00019-3,EUtranFreqRelation=2,EUtranCellRelation=32" lastModified="1287505075151" mimName="ERBS_NODE_MODEL" mimVersion="A.9.50.J.9.1">
    <attr name="isRemoveAllowed">false</attr>
    <attr name="neighborCellRef">SubNetwork=ONRM_RootMo_R,MeContext=LTE02ERBS00019,ManagedElement=1,ENodeBFunction=1,EUtraNetwork=1,ExternalENodeBFunction=192,ExternalEUtranCellFDD=3</attr>
    <attr name="anrCreated">false</attr>
    <attr name="isHoAllowed">true</attr>
  </mo>
  <mo fdn="SubNetwork=ONRM_RootMo_R,MeContext=LTE02ERBS00019,ManagedElement=1,ENodeBFunction=1,EUtranCellFDD=LTE02ERBS00019-3,EUtranFreqRelation=2,EUtranCellRelation=33" lastModified="1287505075166" mimName="ERBS_NODE_MODEL" mimVersion="A.9.50.J.9.1">
    <attr name="isRemoveAllowed">false</attr>
    <attr name="neighborCellRef">SubNetwork=ONRM_RootMo_R,MeContext=LTE02ERBS00019,ManagedElement=1,ENodeBFunction=1,EUtraNetwork=1,ExternalENodeBFunction=192,ExternalEUtranCellFDD=4</attr>
    <attr name="anrCreated">false</attr>
    <attr name="isHoAllowed">true</attr>
  </mo>
  <mo fdn="SubNetwork=ONRM_RootMo_R,MeContext=LTE02ERBS00019,ManagedElement=1,ENodeBFunction=1,EUtranCellFDD=LTE02ERBS00019-3,EUtranFreqRelation=2,EUtranCellRelation=6" lastModified="1287505075172" mimName="ERBS_NODE_MODEL" mimVersion="A.9.50.J.9.1">
    <attr name="isRemoveAllowed">false</attr>
    <attr name="neighborCellRef">SubNetwork=ONRM_RootMo_R,MeContext=LTE02ERBS00019,ManagedElement=1,ENodeBFunction=1,EUtraNetwork=1,ExternalENodeBFunction=178,ExternalEUtranCellFDD=3</attr>
    <attr name="anrCreated">false</attr>
    <attr name="isHoAllowed">true</attr>
  </mo>
  <mo fdn="SubNetwork=ONRM_RootMo_R,MeContext=LTE02ERBS00019,ManagedElement=1,ENodeBFunction=1,EUtranCellFDD=LTE02ERBS00019-3,EUtranFreqRelation=2,EUtranCellRelation=7" lastModified="1287505075173" mimName="ERBS_NODE_MODEL" mimVersion="A.9.50.J.9.1">
    <attr name="isRemoveAllowed">false</attr>
    <attr name="neighborCellRef">SubNetwork=ONRM_RootMo_R,MeContext=LTE02ERBS00019,ManagedElement=1,ENodeBFunction=1,EUtraNetwork=1,ExternalENodeBFunction=178,ExternalEUtranCellFDD=4</attr>
    <attr name="anrCreated">false</attr>
    <attr name="isHoAllowed">true</attr>
  </mo>
  <mo fdn="SubNetwork=ONRM_RootMo_R,MeContext=LTE02ERBS00019,ManagedElement=1,ENodeBFunction=1,EUtranCellFDD=LTE02ERBS00019-3,EUtranFreqRelation=2,EUtranCellRelation=8" lastModified="1287505075169" mimName="ERBS_NODE_MODEL" mimVersion="A.9.50.J.9.1">
    <attr name="isRemoveAllowed">false</attr>
    <attr name="neighborCellRef">SubNetwork=ONRM_RootMo_R,MeContext=LTE02ERBS00019,ManagedElement=1,ENodeBFunction=1,EUtraNetwork=1,ExternalENodeBFunction=180,ExternalEUtranCellFDD=3</attr>
    <attr name="anrCreated">false</attr>
    <attr name="isHoAllowed">true</attr>
  </mo>
  <mo fdn="SubNetwork=ONRM_RootMo_R,MeContext=LTE02ERBS00019,ManagedElement=1,ENodeBFunction=1,EUtranCellFDD=LTE02ERBS00019-3,EUtranFreqRelation=2,EUtranCellRelation=9" lastModified="1287505075170" mimName="ERBS_NODE_MODEL" mimVersion="A.9.50.J.9.1">
    <attr name="isRemoveAllowed">false</attr>
    <attr name="neighborCellRef">SubNetwork=ONRM_RootMo_R,MeContext=LTE02ERBS00019,ManagedElement=1,ENodeBFunction=1,EUtraNetwork=1,ExternalENodeBFunction=180,ExternalEUtranCellFDD=4</attr>
    <attr name="anrCreated">false</attr>
    <attr name="isHoAllowed">true</attr>
  </mo>
  <mo fdn="SubNetwork=ONRM_RootMo_R,MeContext=LTE02ERBS00019,ManagedElement=1,ENodeBFunction=1,EUtranCellFDD=LTE02ERBS00019-4" lastModified="1287512144898" mimName="ERBS_NODE_MODEL" mimVersion="A.9.50.J.9.1">
    <attr name="EUtranCellFDDId">LTE02ERBS00019-4</attr>
    <attr name="earfcnul">18000</attr>
    <attr name="cellId">4</attr>
    <attr name="tac">1</attr>
    <attr name="bPlmnList">
      <seq count="1">
        <item>
          <struct>
            <attr name="mcc">311</attr>
            <attr name="mnc">480</attr>
            <attr name="mncLength">2</attr>
          </struct>
        </item>
      </seq>
    </attr>
    <attr name="earfcndl">0</attr>
    <attr name="userLabel">LTE02ERBS00019-4</attr>
  </mo>
  <mo fdn="SubNetwork=ONRM_RootMo_R,MeContext=LTE02ERBS00019,ManagedElement=1,ENodeBFunction=1,EUtranCellFDD=LTE02ERBS00019-4,EUtranFreqRelation=1,EUtranCellRelation=1" lastModified="1287501551754" mimName="ERBS_NODE_MODEL" mimVersion="A.9.50.J.9.1">
    <attr name="isRemoveAllowed">false</attr>
    <attr name="neighborCellRef">SubNetwork=ONRM_RootMo_R,MeContext=LTE02ERBS00019,ManagedElement=1,ENodeBFunction=1,EUtranCellFDD=LTE02ERBS00019-1</attr>
    <attr name="anrCreated">false</attr>
    <attr name="isHoAllowed">true</attr>
  </mo>
  <mo fdn="SubNetwork=ONRM_RootMo_R,MeContext=LTE02ERBS00019,ManagedElement=1,ENodeBFunction=1,EUtranCellFDD=LTE02ERBS00019-4,EUtranFreqRelation=1,EUtranCellRelation=10" lastModified="1287505073467" mimName="ERBS_NODE_MODEL" mimVersion="A.9.50.J.9.1">
    <attr name="isRemoveAllowed">false</attr>
    <attr name="neighborCellRef">SubNetwork=ONRM_RootMo_R,MeContext=LTE02ERBS00019,ManagedElement=1,ENodeBFunction=1,EUtraNetwork=1,ExternalENodeBFunction=181,ExternalEUtranCellFDD=3</attr>
    <attr name="anrCreated">false</attr>
    <attr name="isHoAllowed">true</attr>
  </mo>
  <mo fdn="SubNetwork=ONRM_RootMo_R,MeContext=LTE02ERBS00019,ManagedElement=1,ENodeBFunction=1,EUtranCellFDD=LTE02ERBS00019-4,EUtranFreqRelation=1,EUtranCellRelation=11" lastModified="1287505073465" mimName="ERBS_NODE_MODEL" mimVersion="A.9.50.J.9.1">
    <attr name="isRemoveAllowed">false</attr>
    <attr name="neighborCellRef">SubNetwork=ONRM_RootMo_R,MeContext=LTE02ERBS00019,ManagedElement=1,ENodeBFunction=1,EUtraNetwork=1,ExternalENodeBFunction=181,ExternalEUtranCellFDD=4</attr>
    <attr name="anrCreated">false</attr>
    <attr name="isHoAllowed">true</attr>
  </mo>
  <mo fdn="SubNetwork=ONRM_RootMo_R,MeContext=LTE02ERBS00019,ManagedElement=1,ENodeBFunction=1,EUtranCellFDD=LTE02ERBS00019-4,EUtranFreqRelation=1,EUtranCellRelation=14" lastModified="1287505073458" mimName="ERBS_NODE_MODEL" mimVersion="A.9.50.J.9.1">
    <attr name="isRemoveAllowed">false</attr>
    <attr name="neighborCellRef">SubNetwork=ONRM_RootMo_R,MeContext=LTE02ERBS00019,ManagedElement=1,ENodeBFunction=1,EUtraNetwork=1,ExternalENodeBFunction=183,ExternalEUtranCellFDD=3</attr>
    <attr name="anrCreated">false</attr>
    <attr name="isHoAllowed">true</attr>
  </mo>
  <mo fdn="SubNetwork=ONRM_RootMo_R,MeContext=LTE02ERBS00019,ManagedElement=1,ENodeBFunction=1,EUtranCellFDD=LTE02ERBS00019-4,EUtranFreqRelation=1,EUtranCellRelation=15" lastModified="1287505073475" mimName="ERBS_NODE_MODEL" mimVersion="A.9.50.J.9.1">
    <attr name="isRemoveAllowed">false</attr>
    <attr name="neighborCellRef">SubNetwork=ONRM_RootMo_R,MeContext=LTE02ERBS00019,ManagedElement=1,ENodeBFunction=1,EUtraNetwork=1,ExternalENodeBFunction=183,ExternalEUtranCellFDD=4</attr>
    <attr name="anrCreated">false</attr>
    <attr name="isHoAllowed">true</attr>
  </mo>
  <mo fdn="SubNetwork=ONRM_RootMo_R,MeContext=LTE02ERBS00019,ManagedElement=1,ENodeBFunction=1,EUtranCellFDD=LTE02ERBS00019-4,EUtranFreqRelation=1,EUtranCellRelation=18" lastModified="1287505073470" mimName="ERBS_NODE_MODEL" mimVersion="A.9.50.J.9.1">
    <attr name="isRemoveAllowed">false</attr>
    <attr name="neighborCellRef">SubNetwork=ONRM_RootMo_R,MeContext=LTE02ERBS00019,ManagedElement=1,ENodeBFunction=1,EUtraNetwork=1,ExternalENodeBFunction=185,ExternalEUtranCellFDD=3</attr>
    <attr name="anrCreated">false</attr>
    <attr name="isHoAllowed">true</attr>
  </mo>
  <mo fdn="SubNetwork=ONRM_RootMo_R,MeContext=LTE02ERBS00019,ManagedElement=1,ENodeBFunction=1,EUtranCellFDD=LTE02ERBS00019-4,EUtranFreqRelation=1,EUtranCellRelation=19" lastModified="1287505073468" mimName="ERBS_NODE_MODEL" mimVersion="A.9.50.J.9.1">
    <attr name="isRemoveAllowed">false</attr>
    <attr name="neighborCellRef">SubNetwork=ONRM_RootMo_R,MeContext=LTE02ERBS00019,ManagedElement=1,ENodeBFunction=1,EUtraNetwork=1,ExternalENodeBFunction=185,ExternalEUtranCellFDD=4</attr>
    <attr name="anrCreated">false</attr>
    <attr name="isHoAllowed">true</attr>
  </mo>
  <mo fdn="SubNetwork=ONRM_RootMo_R,MeContext=LTE02ERBS00019,ManagedElement=1,ENodeBFunction=1,EUtranCellFDD=LTE02ERBS00019-4,EUtranFreqRelation=1,EUtranCellRelation=2" lastModified="1287501551750" mimName="ERBS_NODE_MODEL" mimVersion="A.9.50.J.9.1">
    <attr name="isRemoveAllowed">false</attr>
    <attr name="neighborCellRef">SubNetwork=ONRM_RootMo_R,MeContext=LTE02ERBS00019,ManagedElement=1,ENodeBFunction=1,EUtranCellFDD=LTE02ERBS00019-2</attr>
    <attr name="anrCreated">false</attr>
    <attr name="isHoAllowed">true</attr>
  </mo>
  <mo fdn="SubNetwork=ONRM_RootMo_R,MeContext=LTE02ERBS00019,ManagedElement=1,ENodeBFunction=1,EUtranCellFDD=LTE02ERBS00019-4,EUtranFreqRelation=1,EUtranCellRelation=22" lastModified="1287505073460" mimName="ERBS_NODE_MODEL" mimVersion="A.9.50.J.9.1">
    <attr name="isRemoveAllowed">false</attr>
    <attr name="neighborCellRef">SubNetwork=ONRM_RootMo_R,MeContext=LTE02ERBS00019,ManagedElement=1,ENodeBFunction=1,EUtraNetwork=1,ExternalENodeBFunction=187,ExternalEUtranCellFDD=3</attr>
    <attr name="anrCreated">false</attr>
    <attr name="isHoAllowed">true</attr>
  </mo>
  <mo fdn="SubNetwork=ONRM_RootMo_R,MeContext=LTE02ERBS00019,ManagedElement=1,ENodeBFunction=1,EUtranCellFDD=LTE02ERBS00019-4,EUtranFreqRelation=1,EUtranCellRelation=23" lastModified="1287505073456" mimName="ERBS_NODE_MODEL" mimVersion="A.9.50.J.9.1">
    <attr name="isRemoveAllowed">false</attr>
    <attr name="neighborCellRef">SubNetwork=ONRM_RootMo_R,MeContext=LTE02ERBS00019,ManagedElement=1,ENodeBFunction=1,EUtraNetwork=1,ExternalENodeBFunction=187,ExternalEUtranCellFDD=4</attr>
    <attr name="anrCreated">false</attr>
    <attr name="isHoAllowed">true</attr>
  </mo>
  <mo fdn="SubNetwork=ONRM_RootMo_R,MeContext=LTE02ERBS00019,ManagedElement=1,ENodeBFunction=1,EUtranCellFDD=LTE02ERBS00019-4,EUtranFreqRelation=1,EUtranCellRelation=26" lastModified="1287505073471" mimName="ERBS_NODE_MODEL" mimVersion="A.9.50.J.9.1">
    <attr name="isRemoveAllowed">false</attr>
    <attr name="neighborCellRef">SubNetwork=ONRM_RootMo_R,MeContext=LTE02ERBS00019,ManagedElement=1,ENodeBFunction=1,EUtraNetwork=1,ExternalENodeBFunction=189,ExternalEUtranCellFDD=3</attr>
    <attr name="anrCreated">false</attr>
    <attr name="isHoAllowed">true</attr>
  </mo>
  <mo fdn="SubNetwork=ONRM_RootMo_R,MeContext=LTE02ERBS00019,ManagedElement=1,ENodeBFunction=1,EUtranCellFDD=LTE02ERBS00019-4,EUtranFreqRelation=1,EUtranCellRelation=27" lastModified="1287505073469" mimName="ERBS_NODE_MODEL" mimVersion="A.9.50.J.9.1">
    <attr name="isRemoveAllowed">false</attr>
    <attr name="neighborCellRef">SubNetwork=ONRM_RootMo_R,MeContext=LTE02ERBS00019,ManagedElement=1,ENodeBFunction=1,EUtraNetwork=1,ExternalENodeBFunction=189,ExternalEUtranCellFDD=4</attr>
    <attr name="anrCreated">false</attr>
    <attr name="isHoAllowed">true</attr>
  </mo>
  <mo fdn="SubNetwork=ONRM_RootMo_R,MeContext=LTE02ERBS00019,ManagedElement=1,ENodeBFunction=1,EUtranCellFDD=LTE02ERBS00019-4,EUtranFreqRelation=1,EUtranCellRelation=3" lastModified="1287501551747" mimName="ERBS_NODE_MODEL" mimVersion="A.9.50.J.9.1">
    <attr name="isRemoveAllowed">false</attr>
    <attr name="neighborCellRef">SubNetwork=ONRM_RootMo_R,MeContext=LTE02ERBS00019,ManagedElement=1,ENodeBFunction=1,EUtranCellFDD=LTE02ERBS00019-3</attr>
    <attr name="anrCreated">false</attr>
    <attr name="isHoAllowed">true</attr>
  </mo>
  <mo fdn="SubNetwork=ONRM_RootMo_R,MeContext=LTE02ERBS00019,ManagedElement=1,ENodeBFunction=1,EUtranCellFDD=LTE02ERBS00019-4,EUtranFreqRelation=1,EUtranCellRelation=30" lastModified="1287505073463" mimName="ERBS_NODE_MODEL" mimVersion="A.9.50.J.9.1">
    <attr name="isRemoveAllowed">false</attr>
    <attr name="neighborCellRef">SubNetwork=ONRM_RootMo_R,MeContext=LTE02ERBS00019,ManagedElement=1,ENodeBFunction=1,EUtraNetwork=1,ExternalENodeBFunction=191,ExternalEUtranCellFDD=3</attr>
    <attr name="anrCreated">false</attr>
    <attr name="isHoAllowed">true</attr>
  </mo>
  <mo fdn="SubNetwork=ONRM_RootMo_R,MeContext=LTE02ERBS00019,ManagedElement=1,ENodeBFunction=1,EUtranCellFDD=LTE02ERBS00019-4,EUtranFreqRelation=1,EUtranCellRelation=31" lastModified="1287505073461" mimName="ERBS_NODE_MODEL" mimVersion="A.9.50.J.9.1">
    <attr name="isRemoveAllowed">false</attr>
    <attr name="neighborCellRef">SubNetwork=ONRM_RootMo_R,MeContext=LTE02ERBS00019,ManagedElement=1,ENodeBFunction=1,EUtraNetwork=1,ExternalENodeBFunction=191,ExternalEUtranCellFDD=4</attr>
    <attr name="anrCreated">false</attr>
    <attr name="isHoAllowed">true</attr>
  </mo>
  <mo fdn="SubNetwork=ONRM_RootMo_R,MeContext=LTE02ERBS00019,ManagedElement=1,ENodeBFunction=1,EUtranCellFDD=LTE02ERBS00019-4,EUtranFreqRelation=1,EUtranCellRelation=4" lastModified="1287505073473" mimName="ERBS_NODE_MODEL" mimVersion="A.9.50.J.9.1">
    <attr name="isRemoveAllowed">false</attr>
    <attr name="neighborCellRef">SubNetwork=ONRM_RootMo_R,MeContext=LTE02ERBS00019,ManagedElement=1,ENodeBFunction=1,EUtraNetwork=1,ExternalENodeBFunction=177,ExternalEUtranCellFDD=3</attr>
    <attr name="anrCreated">false</attr>
    <attr name="isHoAllowed">true</attr>
  </mo>
  <mo fdn="SubNetwork=ONRM_RootMo_R,MeContext=LTE02ERBS00019,ManagedElement=1,ENodeBFunction=1,EUtranCellFDD=LTE02ERBS00019-4,EUtranFreqRelation=1,EUtranCellRelation=5" lastModified="1287505073476" mimName="ERBS_NODE_MODEL" mimVersion="A.9.50.J.9.1">
    <attr name="isRemoveAllowed">false</attr>
    <attr name="neighborCellRef">SubNetwork=ONRM_RootMo_R,MeContext=LTE02ERBS00019,ManagedElement=1,ENodeBFunction=1,EUtraNetwork=1,ExternalENodeBFunction=177,ExternalEUtranCellFDD=4</attr>
    <attr name="anrCreated">false</attr>
    <attr name="isHoAllowed">true</attr>
  </mo>
  <mo fdn="SubNetwork=ONRM_RootMo_R,MeContext=LTE02ERBS00019,ManagedElement=1,ENodeBFunction=1,EUtranCellFDD=LTE02ERBS00019-4,EUtranFreqRelation=2,EUtranCellRelation=12" lastModified="1287505073434" mimName="ERBS_NODE_MODEL" mimVersion="A.9.50.J.9.1">
    <attr name="isRemoveAllowed">false</attr>
    <attr name="neighborCellRef">SubNetwork=ONRM_RootMo_R,MeContext=LTE02ERBS00019,ManagedElement=1,ENodeBFunction=1,EUtraNetwork=1,ExternalENodeBFunction=182,ExternalEUtranCellFDD=3</attr>
    <attr name="anrCreated">false</attr>
    <attr name="isHoAllowed">true</attr>
  </mo>
  <mo fdn="SubNetwork=ONRM_RootMo_R,MeContext=LTE02ERBS00019,ManagedElement=1,ENodeBFunction=1,EUtranCellFDD=LTE02ERBS00019-4,EUtranFreqRelation=2,EUtranCellRelation=13" lastModified="1287505073432" mimName="ERBS_NODE_MODEL" mimVersion="A.9.50.J.9.1">
    <attr name="isRemoveAllowed">false</attr>
    <attr name="neighborCellRef">SubNetwork=ONRM_RootMo_R,MeContext=LTE02ERBS00019,ManagedElement=1,ENodeBFunction=1,EUtraNetwork=1,ExternalENodeBFunction=182,ExternalEUtranCellFDD=4</attr>
    <attr name="anrCreated">false</attr>
    <attr name="isHoAllowed">true</attr>
  </mo>
  <mo fdn="SubNetwork=ONRM_RootMo_R,MeContext=LTE02ERBS00019,ManagedElement=1,ENodeBFunction=1,EUtranCellFDD=LTE02ERBS00019-4,EUtranFreqRelation=2,EUtranCellRelation=16" lastModified="1287505073451" mimName="ERBS_NODE_MODEL" mimVersion="A.9.50.J.9.1">
    <attr name="isRemoveAllowed">false</attr>
    <attr name="neighborCellRef">SubNetwork=ONRM_RootMo_R,MeContext=LTE02ERBS00019,ManagedElement=1,ENodeBFunction=1,EUtraNetwork=1,ExternalENodeBFunction=184,ExternalEUtranCellFDD=3</attr>
    <attr name="anrCreated">false</attr>
    <attr name="isHoAllowed">true</attr>
  </mo>
  <mo fdn="SubNetwork=ONRM_RootMo_R,MeContext=LTE02ERBS00019,ManagedElement=1,ENodeBFunction=1,EUtranCellFDD=LTE02ERBS00019-4,EUtranFreqRelation=2,EUtranCellRelation=17" lastModified="1287505073449" mimName="ERBS_NODE_MODEL" mimVersion="A.9.50.J.9.1">
    <attr name="isRemoveAllowed">false</attr>
    <attr name="neighborCellRef">SubNetwork=ONRM_RootMo_R,MeContext=LTE02ERBS00019,ManagedElement=1,ENodeBFunction=1,EUtraNetwork=1,ExternalENodeBFunction=184,ExternalEUtranCellFDD=4</attr>
    <attr name="anrCreated">false</attr>
    <attr name="isHoAllowed">true</attr>
  </mo>
  <mo fdn="SubNetwork=ONRM_RootMo_R,MeContext=LTE02ERBS00019,ManagedElement=1,ENodeBFunction=1,EUtranCellFDD=LTE02ERBS00019-4,EUtranFreqRelation=2,EUtranCellRelation=20" lastModified="1287505073440" mimName="ERBS_NODE_MODEL" mimVersion="A.9.50.J.9.1">
    <attr name="isRemoveAllowed">false</attr>
    <attr name="neighborCellRef">SubNetwork=ONRM_RootMo_R,MeContext=LTE02ERBS00019,ManagedElement=1,ENodeBFunction=1,EUtraNetwork=1,ExternalENodeBFunction=186,ExternalEUtranCellFDD=3</attr>
    <attr name="anrCreated">false</attr>
    <attr name="isHoAllowed">true</attr>
  </mo>
  <mo fdn="SubNetwork=ONRM_RootMo_R,MeContext=LTE02ERBS00019,ManagedElement=1,ENodeBFunction=1,EUtranCellFDD=LTE02ERBS00019-4,EUtranFreqRelation=2,EUtranCellRelation=21" lastModified="1287505073438" mimName="ERBS_NODE_MODEL" mimVersion="A.9.50.J.9.1">
    <attr name="isRemoveAllowed">false</attr>
    <attr name="neighborCellRef">SubNetwork=ONRM_RootMo_R,MeContext=LTE02ERBS00019,ManagedElement=1,ENodeBFunction=1,EUtraNetwork=1,ExternalENodeBFunction=186,ExternalEUtranCellFDD=4</attr>
    <attr name="anrCreated">false</attr>
    <attr name="isHoAllowed">true</attr>
  </mo>
  <mo fdn="SubNetwork=ONRM_RootMo_R,MeContext=LTE02ERBS00019,ManagedElement=1,ENodeBFunction=1,EUtranCellFDD=LTE02ERBS00019-4,EUtranFreqRelation=2,EUtranCellRelation=24" lastModified="1287505073437" mimName="ERBS_NODE_MODEL" mimVersion="A.9.50.J.9.1">
    <attr name="isRemoveAllowed">false</attr>
    <attr name="neighborCellRef">SubNetwork=ONRM_RootMo_R,MeContext=LTE02ERBS00019,ManagedElement=1,ENodeBFunction=1,EUtraNetwork=1,ExternalENodeBFunction=188,ExternalEUtranCellFDD=3</attr>
    <attr name="anrCreated">false</attr>
    <attr name="isHoAllowed">true</attr>
  </mo>
  <mo fdn="SubNetwork=ONRM_RootMo_R,MeContext=LTE02ERBS00019,ManagedElement=1,ENodeBFunction=1,EUtranCellFDD=LTE02ERBS00019-4,EUtranFreqRelation=2,EUtranCellRelation=25" lastModified="1287505073436" mimName="ERBS_NODE_MODEL" mimVersion="A.9.50.J.9.1">
    <attr name="isRemoveAllowed">false</attr>
    <attr name="neighborCellRef">SubNetwork=ONRM_RootMo_R,MeContext=LTE02ERBS00019,ManagedElement=1,ENodeBFunction=1,EUtraNetwork=1,ExternalENodeBFunction=188,ExternalEUtranCellFDD=4</attr>
    <attr name="anrCreated">false</attr>
    <attr name="isHoAllowed">true</attr>
  </mo>
  <mo fdn="SubNetwork=ONRM_RootMo_R,MeContext=LTE02ERBS00019,ManagedElement=1,ENodeBFunction=1,EUtranCellFDD=LTE02ERBS00019-4,EUtranFreqRelation=2,EUtranCellRelation=28" lastModified="1287505073453" mimName="ERBS_NODE_MODEL" mimVersion="A.9.50.J.9.1">
    <attr name="isRemoveAllowed">false</attr>
    <attr name="neighborCellRef">SubNetwork=ONRM_RootMo_R,MeContext=LTE02ERBS00019,ManagedElement=1,ENodeBFunction=1,EUtraNetwork=1,ExternalENodeBFunction=190,ExternalEUtranCellFDD=3</attr>
    <attr name="anrCreated">false</attr>
    <attr name="isHoAllowed">true</attr>
  </mo>
  <mo fdn="SubNetwork=ONRM_RootMo_R,MeContext=LTE02ERBS00019,ManagedElement=1,ENodeBFunction=1,EUtranCellFDD=LTE02ERBS00019-4,EUtranFreqRelation=2,EUtranCellRelation=29" lastModified="1287505073450" mimName="ERBS_NODE_MODEL" mimVersion="A.9.50.J.9.1">
    <attr name="isRemoveAllowed">false</attr>
    <attr name="neighborCellRef">SubNetwork=ONRM_RootMo_R,MeContext=LTE02ERBS00019,ManagedElement=1,ENodeBFunction=1,EUtraNetwork=1,ExternalENodeBFunction=190,ExternalEUtranCellFDD=4</attr>
    <attr name="anrCreated">false</attr>
    <attr name="isHoAllowed">true</attr>
  </mo>
  <mo fdn="SubNetwork=ONRM_RootMo_R,MeContext=LTE02ERBS00019,ManagedElement=1,ENodeBFunction=1,EUtranCellFDD=LTE02ERBS00019-4,EUtranFreqRelation=2,EUtranCellRelation=32" lastModified="1287505073430" mimName="ERBS_NODE_MODEL" mimVersion="A.9.50.J.9.1">
    <attr name="isRemoveAllowed">false</attr>
    <attr name="neighborCellRef">SubNetwork=ONRM_RootMo_R,MeContext=LTE02ERBS00019,ManagedElement=1,ENodeBFunction=1,EUtraNetwork=1,ExternalENodeBFunction=192,ExternalEUtranCellFDD=3</attr>
    <attr name="anrCreated">false</attr>
    <attr name="isHoAllowed">true</attr>
  </mo>
  <mo fdn="SubNetwork=ONRM_RootMo_R,MeContext=LTE02ERBS00019,ManagedElement=1,ENodeBFunction=1,EUtranCellFDD=LTE02ERBS00019-4,EUtranFreqRelation=2,EUtranCellRelation=33" lastModified="1287505073441" mimName="ERBS_NODE_MODEL" mimVersion="A.9.50.J.9.1">
    <attr name="isRemoveAllowed">false</attr>
    <attr name="neighborCellRef">SubNetwork=ONRM_RootMo_R,MeContext=LTE02ERBS00019,ManagedElement=1,ENodeBFunction=1,EUtraNetwork=1,ExternalENodeBFunction=192,ExternalEUtranCellFDD=4</attr>
    <attr name="anrCreated">false</attr>
    <attr name="isHoAllowed">true</attr>
  </mo>
  <mo fdn="SubNetwork=ONRM_RootMo_R,MeContext=LTE02ERBS00019,ManagedElement=1,ENodeBFunction=1,EUtranCellFDD=LTE02ERBS00019-4,EUtranFreqRelation=2,EUtranCellRelation=6" lastModified="1287505073445" mimName="ERBS_NODE_MODEL" mimVersion="A.9.50.J.9.1">
    <attr name="isRemoveAllowed">false</attr>
    <attr name="neighborCellRef">SubNetwork=ONRM_RootMo_R,MeContext=LTE02ERBS00019,ManagedElement=1,ENodeBFunction=1,EUtraNetwork=1,ExternalENodeBFunction=178,ExternalEUtranCellFDD=3</attr>
    <attr name="anrCreated">false</attr>
    <attr name="isHoAllowed">true</attr>
  </mo>
  <mo fdn="SubNetwork=ONRM_RootMo_R,MeContext=LTE02ERBS00019,ManagedElement=1,ENodeBFunction=1,EUtranCellFDD=LTE02ERBS00019-4,EUtranFreqRelation=2,EUtranCellRelation=7" lastModified="1287505073447" mimName="ERBS_NODE_MODEL" mimVersion="A.9.50.J.9.1">
    <attr name="isRemoveAllowed">false</attr>
    <attr name="neighborCellRef">SubNetwork=ONRM_RootMo_R,MeContext=LTE02ERBS00019,ManagedElement=1,ENodeBFunction=1,EUtraNetwork=1,ExternalENodeBFunction=178,ExternalEUtranCellFDD=4</attr>
    <attr name="anrCreated">false</attr>
    <attr name="isHoAllowed">true</attr>
  </mo>
  <mo fdn="SubNetwork=ONRM_RootMo_R,MeContext=LTE02ERBS00019,ManagedElement=1,ENodeBFunction=1,EUtranCellFDD=LTE02ERBS00019-4,EUtranFreqRelation=2,EUtranCellRelation=8" lastModified="1287505073442" mimName="ERBS_NODE_MODEL" mimVersion="A.9.50.J.9.1">
    <attr name="isRemoveAllowed">false</attr>
    <attr name="neighborCellRef">SubNetwork=ONRM_RootMo_R,MeContext=LTE02ERBS00019,ManagedElement=1,ENodeBFunction=1,EUtraNetwork=1,ExternalENodeBFunction=180,ExternalEUtranCellFDD=3</attr>
    <attr name="anrCreated">false</attr>
    <attr name="isHoAllowed">true</attr>
  </mo>
  <mo fdn="SubNetwork=ONRM_RootMo_R,MeContext=LTE02ERBS00019,ManagedElement=1,ENodeBFunction=1,EUtranCellFDD=LTE02ERBS00019-4,EUtranFreqRelation=2,EUtranCellRelation=9" lastModified="1287505073444" mimName="ERBS_NODE_MODEL" mimVersion="A.9.50.J.9.1">
    <attr name="isRemoveAllowed">false</attr>
    <attr name="neighborCellRef">SubNetwork=ONRM_RootMo_R,MeContext=LTE02ERBS00019,ManagedElement=1,ENodeBFunction=1,EUtraNetwork=1,ExternalENodeBFunction=180,ExternalEUtranCellFDD=4</attr>
    <attr name="anrCreated">false</attr>
    <attr name="isHoAllowed">true</attr>
  </mo>
</model>
