<?xml version="1.0" encoding="UTF-8" standalone="no"?><!-- Generated by nmsadm --><!-- Generated on Thu Oct 28 14:37:08 BST 2010 --><!-- Generated from configuration valid --><!-- Query - Base MO SubNetwork=ONRM_RootMo_R,MeContext=LTE02ERBS00152; Scope 8 --><model>
  <mo fdn="SubNetwork=ONRM_RootMo_R,MeContext=LTE02ERBS00152" lastModified="1288105285512" mimName="ERBS_NODE_MODEL" mimVersion="A.9.50.J.9.1">
    <attr name="MeContextId">LTE02ERBS00152</attr>
    <attr name="neMIMversion">vA.9.40</attr>
    <attr name="siteRef">SubNetwork=ONRM_RootMo_R,Site=LTE02ERBS00152</attr>
    <attr name="userLabel">LTE02ERBS00152</attr>
  </mo>
  <mo fdn="SubNetwork=ONRM_RootMo_R,MeContext=LTE02ERBS00152,ManagedElement=1,ENodeBFunction=1" lastModified="1287501656729" mimName="ERBS_NODE_MODEL" mimVersion="A.9.50.J.9.1">
    <attr name="eNodeBPlmnId">
      <struct>
        <attr name="mcc">311</attr>
        <attr name="mnc">480</attr>
        <attr name="mncLength">2</attr>
      </struct>
    </attr>
    <attr name="eNBId">191314</attr>
  </mo>
  <mo fdn="SubNetwork=ONRM_RootMo_R,MeContext=LTE02ERBS00152,ManagedElement=1,ENodeBFunction=1,EUtranCellFDD=LTE02ERBS00152-1" lastModified="1287512231325" mimName="ERBS_NODE_MODEL" mimVersion="A.9.50.J.9.1">
    <attr name="EUtranCellFDDId">LTE02ERBS00152-1</attr>
    <attr name="earfcnul">18000</attr>
    <attr name="cellId">1</attr>
    <attr name="tac">48906</attr>
    <attr name="bPlmnList">
      <seq count="1">
        <item>
          <struct>
            <attr name="mcc">311</attr>
            <attr name="mnc">480</attr>
            <attr name="mncLength">2</attr>
          </struct>
        </item>
      </seq>
    </attr>
    <attr name="earfcndl">0</attr>
    <attr name="userLabel">LTE02ERBS00152-1</attr>
  </mo>
  <mo fdn="SubNetwork=ONRM_RootMo_R,MeContext=LTE02ERBS00152,ManagedElement=1,ENodeBFunction=1,EUtranCellFDD=LTE02ERBS00152-1,EUtranFreqRelation=1,EUtranCellRelation=12" lastModified="1287505440468" mimName="ERBS_NODE_MODEL" mimVersion="A.9.50.J.9.1">
    <attr name="isRemoveAllowed">false</attr>
    <attr name="neighborCellRef">SubNetwork=ONRM_RootMo_R,MeContext=LTE02ERBS00152,ManagedElement=1,ENodeBFunction=1,EUtraNetwork=1,ExternalENodeBFunction=309,ExternalEUtranCellFDD=1</attr>
    <attr name="anrCreated">false</attr>
    <attr name="isHoAllowed">true</attr>
  </mo>
  <mo fdn="SubNetwork=ONRM_RootMo_R,MeContext=LTE02ERBS00152,ManagedElement=1,ENodeBFunction=1,EUtranCellFDD=LTE02ERBS00152-1,EUtranFreqRelation=1,EUtranCellRelation=13" lastModified="1287505440465" mimName="ERBS_NODE_MODEL" mimVersion="A.9.50.J.9.1">
    <attr name="isRemoveAllowed">false</attr>
    <attr name="neighborCellRef">SubNetwork=ONRM_RootMo_R,MeContext=LTE02ERBS00152,ManagedElement=1,ENodeBFunction=1,EUtraNetwork=1,ExternalENodeBFunction=309,ExternalEUtranCellFDD=2</attr>
    <attr name="anrCreated">false</attr>
    <attr name="isHoAllowed">true</attr>
  </mo>
  <mo fdn="SubNetwork=ONRM_RootMo_R,MeContext=LTE02ERBS00152,ManagedElement=1,ENodeBFunction=1,EUtranCellFDD=LTE02ERBS00152-1,EUtranFreqRelation=1,EUtranCellRelation=16" lastModified="1287505440477" mimName="ERBS_NODE_MODEL" mimVersion="A.9.50.J.9.1">
    <attr name="isRemoveAllowed">false</attr>
    <attr name="neighborCellRef">SubNetwork=ONRM_RootMo_R,MeContext=LTE02ERBS00152,ManagedElement=1,ENodeBFunction=1,EUtraNetwork=1,ExternalENodeBFunction=311,ExternalEUtranCellFDD=1</attr>
    <attr name="anrCreated">false</attr>
    <attr name="isHoAllowed">true</attr>
  </mo>
  <mo fdn="SubNetwork=ONRM_RootMo_R,MeContext=LTE02ERBS00152,ManagedElement=1,ENodeBFunction=1,EUtranCellFDD=LTE02ERBS00152-1,EUtranFreqRelation=1,EUtranCellRelation=17" lastModified="1287505440474" mimName="ERBS_NODE_MODEL" mimVersion="A.9.50.J.9.1">
    <attr name="isRemoveAllowed">false</attr>
    <attr name="neighborCellRef">SubNetwork=ONRM_RootMo_R,MeContext=LTE02ERBS00152,ManagedElement=1,ENodeBFunction=1,EUtraNetwork=1,ExternalENodeBFunction=311,ExternalEUtranCellFDD=2</attr>
    <attr name="anrCreated">false</attr>
    <attr name="isHoAllowed">true</attr>
  </mo>
  <mo fdn="SubNetwork=ONRM_RootMo_R,MeContext=LTE02ERBS00152,ManagedElement=1,ENodeBFunction=1,EUtranCellFDD=LTE02ERBS00152-1,EUtranFreqRelation=1,EUtranCellRelation=18" lastModified="1287505440472" mimName="ERBS_NODE_MODEL" mimVersion="A.9.50.J.9.1">
    <attr name="isRemoveAllowed">false</attr>
    <attr name="neighborCellRef">SubNetwork=ONRM_RootMo_R,MeContext=LTE02ERBS00152,ManagedElement=1,ENodeBFunction=1,EUtraNetwork=1,ExternalENodeBFunction=313,ExternalEUtranCellFDD=1</attr>
    <attr name="anrCreated">false</attr>
    <attr name="isHoAllowed">true</attr>
  </mo>
  <mo fdn="SubNetwork=ONRM_RootMo_R,MeContext=LTE02ERBS00152,ManagedElement=1,ENodeBFunction=1,EUtranCellFDD=LTE02ERBS00152-1,EUtranFreqRelation=1,EUtranCellRelation=19" lastModified="1287505440471" mimName="ERBS_NODE_MODEL" mimVersion="A.9.50.J.9.1">
    <attr name="isRemoveAllowed">false</attr>
    <attr name="neighborCellRef">SubNetwork=ONRM_RootMo_R,MeContext=LTE02ERBS00152,ManagedElement=1,ENodeBFunction=1,EUtraNetwork=1,ExternalENodeBFunction=313,ExternalEUtranCellFDD=2</attr>
    <attr name="anrCreated">false</attr>
    <attr name="isHoAllowed">true</attr>
  </mo>
  <mo fdn="SubNetwork=ONRM_RootMo_R,MeContext=LTE02ERBS00152,ManagedElement=1,ENodeBFunction=1,EUtranCellFDD=LTE02ERBS00152-1,EUtranFreqRelation=1,EUtranCellRelation=22" lastModified="1287505440466" mimName="ERBS_NODE_MODEL" mimVersion="A.9.50.J.9.1">
    <attr name="isRemoveAllowed">false</attr>
    <attr name="neighborCellRef">SubNetwork=ONRM_RootMo_R,MeContext=LTE02ERBS00152,ManagedElement=1,ENodeBFunction=1,EUtraNetwork=1,ExternalENodeBFunction=315,ExternalEUtranCellFDD=1</attr>
    <attr name="anrCreated">false</attr>
    <attr name="isHoAllowed">true</attr>
  </mo>
  <mo fdn="SubNetwork=ONRM_RootMo_R,MeContext=LTE02ERBS00152,ManagedElement=1,ENodeBFunction=1,EUtranCellFDD=LTE02ERBS00152-1,EUtranFreqRelation=1,EUtranCellRelation=23" lastModified="1287505440464" mimName="ERBS_NODE_MODEL" mimVersion="A.9.50.J.9.1">
    <attr name="isRemoveAllowed">false</attr>
    <attr name="neighborCellRef">SubNetwork=ONRM_RootMo_R,MeContext=LTE02ERBS00152,ManagedElement=1,ENodeBFunction=1,EUtraNetwork=1,ExternalENodeBFunction=315,ExternalEUtranCellFDD=2</attr>
    <attr name="anrCreated">false</attr>
    <attr name="isHoAllowed">true</attr>
  </mo>
  <mo fdn="SubNetwork=ONRM_RootMo_R,MeContext=LTE02ERBS00152,ManagedElement=1,ENodeBFunction=1,EUtranCellFDD=LTE02ERBS00152-1,EUtranFreqRelation=1,EUtranCellRelation=26" lastModified="1287505440475" mimName="ERBS_NODE_MODEL" mimVersion="A.9.50.J.9.1">
    <attr name="isRemoveAllowed">false</attr>
    <attr name="neighborCellRef">SubNetwork=ONRM_RootMo_R,MeContext=LTE02ERBS00152,ManagedElement=1,ENodeBFunction=1,EUtraNetwork=1,ExternalENodeBFunction=317,ExternalEUtranCellFDD=1</attr>
    <attr name="anrCreated">false</attr>
    <attr name="isHoAllowed">true</attr>
  </mo>
  <mo fdn="SubNetwork=ONRM_RootMo_R,MeContext=LTE02ERBS00152,ManagedElement=1,ENodeBFunction=1,EUtranCellFDD=LTE02ERBS00152-1,EUtranFreqRelation=1,EUtranCellRelation=27" lastModified="1287505440473" mimName="ERBS_NODE_MODEL" mimVersion="A.9.50.J.9.1">
    <attr name="isRemoveAllowed">false</attr>
    <attr name="neighborCellRef">SubNetwork=ONRM_RootMo_R,MeContext=LTE02ERBS00152,ManagedElement=1,ENodeBFunction=1,EUtraNetwork=1,ExternalENodeBFunction=317,ExternalEUtranCellFDD=2</attr>
    <attr name="anrCreated">false</attr>
    <attr name="isHoAllowed">true</attr>
  </mo>
  <mo fdn="SubNetwork=ONRM_RootMo_R,MeContext=LTE02ERBS00152,ManagedElement=1,ENodeBFunction=1,EUtranCellFDD=LTE02ERBS00152-1,EUtranFreqRelation=1,EUtranCellRelation=30" lastModified="1287505440469" mimName="ERBS_NODE_MODEL" mimVersion="A.9.50.J.9.1">
    <attr name="isRemoveAllowed">false</attr>
    <attr name="neighborCellRef">SubNetwork=ONRM_RootMo_R,MeContext=LTE02ERBS00152,ManagedElement=1,ENodeBFunction=1,EUtraNetwork=1,ExternalENodeBFunction=319,ExternalEUtranCellFDD=1</attr>
    <attr name="anrCreated">false</attr>
    <attr name="isHoAllowed">true</attr>
  </mo>
  <mo fdn="SubNetwork=ONRM_RootMo_R,MeContext=LTE02ERBS00152,ManagedElement=1,ENodeBFunction=1,EUtranCellFDD=LTE02ERBS00152-1,EUtranFreqRelation=1,EUtranCellRelation=31" lastModified="1287505440467" mimName="ERBS_NODE_MODEL" mimVersion="A.9.50.J.9.1">
    <attr name="isRemoveAllowed">false</attr>
    <attr name="neighborCellRef">SubNetwork=ONRM_RootMo_R,MeContext=LTE02ERBS00152,ManagedElement=1,ENodeBFunction=1,EUtraNetwork=1,ExternalENodeBFunction=319,ExternalEUtranCellFDD=2</attr>
    <attr name="anrCreated">false</attr>
    <attr name="isHoAllowed">true</attr>
  </mo>
  <mo fdn="SubNetwork=ONRM_RootMo_R,MeContext=LTE02ERBS00152,ManagedElement=1,ENodeBFunction=1,EUtranCellFDD=LTE02ERBS00152-1,EUtranFreqRelation=1,EUtranCellRelation=4" lastModified="1287505440476" mimName="ERBS_NODE_MODEL" mimVersion="A.9.50.J.9.1">
    <attr name="isRemoveAllowed">false</attr>
    <attr name="neighborCellRef">SubNetwork=ONRM_RootMo_R,MeContext=LTE02ERBS00152,ManagedElement=1,ENodeBFunction=1,EUtraNetwork=1,ExternalENodeBFunction=305,ExternalEUtranCellFDD=1</attr>
    <attr name="anrCreated">false</attr>
    <attr name="isHoAllowed">true</attr>
  </mo>
  <mo fdn="SubNetwork=ONRM_RootMo_R,MeContext=LTE02ERBS00152,ManagedElement=1,ENodeBFunction=1,EUtranCellFDD=LTE02ERBS00152-1,EUtranFreqRelation=1,EUtranCellRelation=5" lastModified="1287505440478" mimName="ERBS_NODE_MODEL" mimVersion="A.9.50.J.9.1">
    <attr name="isRemoveAllowed">false</attr>
    <attr name="neighborCellRef">SubNetwork=ONRM_RootMo_R,MeContext=LTE02ERBS00152,ManagedElement=1,ENodeBFunction=1,EUtraNetwork=1,ExternalENodeBFunction=305,ExternalEUtranCellFDD=2</attr>
    <attr name="anrCreated">false</attr>
    <attr name="isHoAllowed">true</attr>
  </mo>
  <mo fdn="SubNetwork=ONRM_RootMo_R,MeContext=LTE02ERBS00152,ManagedElement=1,ENodeBFunction=1,EUtranCellFDD=LTE02ERBS00152-1,EUtranFreqRelation=1,EUtranCellRelation=8" lastModified="1287505440470" mimName="ERBS_NODE_MODEL" mimVersion="A.9.50.J.9.1">
    <attr name="isRemoveAllowed">false</attr>
    <attr name="neighborCellRef">SubNetwork=ONRM_RootMo_R,MeContext=LTE02ERBS00152,ManagedElement=1,ENodeBFunction=1,EUtraNetwork=1,ExternalENodeBFunction=307,ExternalEUtranCellFDD=1</attr>
    <attr name="anrCreated">false</attr>
    <attr name="isHoAllowed">true</attr>
  </mo>
  <mo fdn="SubNetwork=ONRM_RootMo_R,MeContext=LTE02ERBS00152,ManagedElement=1,ENodeBFunction=1,EUtranCellFDD=LTE02ERBS00152-1,EUtranFreqRelation=1,EUtranCellRelation=9" lastModified="1287505440471" mimName="ERBS_NODE_MODEL" mimVersion="A.9.50.J.9.1">
    <attr name="isRemoveAllowed">false</attr>
    <attr name="neighborCellRef">SubNetwork=ONRM_RootMo_R,MeContext=LTE02ERBS00152,ManagedElement=1,ENodeBFunction=1,EUtraNetwork=1,ExternalENodeBFunction=307,ExternalEUtranCellFDD=2</attr>
    <attr name="anrCreated">false</attr>
    <attr name="isHoAllowed">true</attr>
  </mo>
  <mo fdn="SubNetwork=ONRM_RootMo_R,MeContext=LTE02ERBS00152,ManagedElement=1,ENodeBFunction=1,EUtranCellFDD=LTE02ERBS00152-1,EUtranFreqRelation=2,EUtranCellRelation=1" lastModified="1287501649253" mimName="ERBS_NODE_MODEL" mimVersion="A.9.50.J.9.1">
    <attr name="isRemoveAllowed">false</attr>
    <attr name="neighborCellRef">SubNetwork=ONRM_RootMo_R,MeContext=LTE02ERBS00152,ManagedElement=1,ENodeBFunction=1,EUtranCellFDD=LTE02ERBS00152-2</attr>
    <attr name="anrCreated">false</attr>
    <attr name="isHoAllowed">true</attr>
  </mo>
  <mo fdn="SubNetwork=ONRM_RootMo_R,MeContext=LTE02ERBS00152,ManagedElement=1,ENodeBFunction=1,EUtranCellFDD=LTE02ERBS00152-1,EUtranFreqRelation=2,EUtranCellRelation=10" lastModified="1287505440453" mimName="ERBS_NODE_MODEL" mimVersion="A.9.50.J.9.1">
    <attr name="isRemoveAllowed">false</attr>
    <attr name="neighborCellRef">SubNetwork=ONRM_RootMo_R,MeContext=LTE02ERBS00152,ManagedElement=1,ENodeBFunction=1,EUtraNetwork=1,ExternalENodeBFunction=308,ExternalEUtranCellFDD=1</attr>
    <attr name="anrCreated">false</attr>
    <attr name="isHoAllowed">true</attr>
  </mo>
  <mo fdn="SubNetwork=ONRM_RootMo_R,MeContext=LTE02ERBS00152,ManagedElement=1,ENodeBFunction=1,EUtranCellFDD=LTE02ERBS00152-1,EUtranFreqRelation=2,EUtranCellRelation=11" lastModified="1287505440453" mimName="ERBS_NODE_MODEL" mimVersion="A.9.50.J.9.1">
    <attr name="isRemoveAllowed">false</attr>
    <attr name="neighborCellRef">SubNetwork=ONRM_RootMo_R,MeContext=LTE02ERBS00152,ManagedElement=1,ENodeBFunction=1,EUtraNetwork=1,ExternalENodeBFunction=308,ExternalEUtranCellFDD=2</attr>
    <attr name="anrCreated">false</attr>
    <attr name="isHoAllowed">true</attr>
  </mo>
  <mo fdn="SubNetwork=ONRM_RootMo_R,MeContext=LTE02ERBS00152,ManagedElement=1,ENodeBFunction=1,EUtranCellFDD=LTE02ERBS00152-1,EUtranFreqRelation=2,EUtranCellRelation=14" lastModified="1287505440445" mimName="ERBS_NODE_MODEL" mimVersion="A.9.50.J.9.1">
    <attr name="isRemoveAllowed">false</attr>
    <attr name="neighborCellRef">SubNetwork=ONRM_RootMo_R,MeContext=LTE02ERBS00152,ManagedElement=1,ENodeBFunction=1,EUtraNetwork=1,ExternalENodeBFunction=310,ExternalEUtranCellFDD=1</attr>
    <attr name="anrCreated">false</attr>
    <attr name="isHoAllowed">true</attr>
  </mo>
  <mo fdn="SubNetwork=ONRM_RootMo_R,MeContext=LTE02ERBS00152,ManagedElement=1,ENodeBFunction=1,EUtranCellFDD=LTE02ERBS00152-1,EUtranFreqRelation=2,EUtranCellRelation=15" lastModified="1287505440461" mimName="ERBS_NODE_MODEL" mimVersion="A.9.50.J.9.1">
    <attr name="isRemoveAllowed">false</attr>
    <attr name="neighborCellRef">SubNetwork=ONRM_RootMo_R,MeContext=LTE02ERBS00152,ManagedElement=1,ENodeBFunction=1,EUtraNetwork=1,ExternalENodeBFunction=310,ExternalEUtranCellFDD=2</attr>
    <attr name="anrCreated">false</attr>
    <attr name="isHoAllowed">true</attr>
  </mo>
  <mo fdn="SubNetwork=ONRM_RootMo_R,MeContext=LTE02ERBS00152,ManagedElement=1,ENodeBFunction=1,EUtranCellFDD=LTE02ERBS00152-1,EUtranFreqRelation=2,EUtranCellRelation=2" lastModified="1287501649250" mimName="ERBS_NODE_MODEL" mimVersion="A.9.50.J.9.1">
    <attr name="isRemoveAllowed">false</attr>
    <attr name="neighborCellRef">SubNetwork=ONRM_RootMo_R,MeContext=LTE02ERBS00152,ManagedElement=1,ENodeBFunction=1,EUtranCellFDD=LTE02ERBS00152-3</attr>
    <attr name="anrCreated">false</attr>
    <attr name="isHoAllowed">true</attr>
  </mo>
  <mo fdn="SubNetwork=ONRM_RootMo_R,MeContext=LTE02ERBS00152,ManagedElement=1,ENodeBFunction=1,EUtranCellFDD=LTE02ERBS00152-1,EUtranFreqRelation=2,EUtranCellRelation=20" lastModified="1287505440456" mimName="ERBS_NODE_MODEL" mimVersion="A.9.50.J.9.1">
    <attr name="isRemoveAllowed">false</attr>
    <attr name="neighborCellRef">SubNetwork=ONRM_RootMo_R,MeContext=LTE02ERBS00152,ManagedElement=1,ENodeBFunction=1,EUtraNetwork=1,ExternalENodeBFunction=314,ExternalEUtranCellFDD=1</attr>
    <attr name="anrCreated">false</attr>
    <attr name="isHoAllowed">true</attr>
  </mo>
  <mo fdn="SubNetwork=ONRM_RootMo_R,MeContext=LTE02ERBS00152,ManagedElement=1,ENodeBFunction=1,EUtranCellFDD=LTE02ERBS00152-1,EUtranFreqRelation=2,EUtranCellRelation=21" lastModified="1287505440455" mimName="ERBS_NODE_MODEL" mimVersion="A.9.50.J.9.1">
    <attr name="isRemoveAllowed">false</attr>
    <attr name="neighborCellRef">SubNetwork=ONRM_RootMo_R,MeContext=LTE02ERBS00152,ManagedElement=1,ENodeBFunction=1,EUtraNetwork=1,ExternalENodeBFunction=314,ExternalEUtranCellFDD=2</attr>
    <attr name="anrCreated">false</attr>
    <attr name="isHoAllowed">true</attr>
  </mo>
  <mo fdn="SubNetwork=ONRM_RootMo_R,MeContext=LTE02ERBS00152,ManagedElement=1,ENodeBFunction=1,EUtranCellFDD=LTE02ERBS00152-1,EUtranFreqRelation=2,EUtranCellRelation=24" lastModified="1287505440451" mimName="ERBS_NODE_MODEL" mimVersion="A.9.50.J.9.1">
    <attr name="isRemoveAllowed">false</attr>
    <attr name="neighborCellRef">SubNetwork=ONRM_RootMo_R,MeContext=LTE02ERBS00152,ManagedElement=1,ENodeBFunction=1,EUtraNetwork=1,ExternalENodeBFunction=316,ExternalEUtranCellFDD=1</attr>
    <attr name="anrCreated">false</attr>
    <attr name="isHoAllowed">true</attr>
  </mo>
  <mo fdn="SubNetwork=ONRM_RootMo_R,MeContext=LTE02ERBS00152,ManagedElement=1,ENodeBFunction=1,EUtranCellFDD=LTE02ERBS00152-1,EUtranFreqRelation=2,EUtranCellRelation=25" lastModified="1287505440450" mimName="ERBS_NODE_MODEL" mimVersion="A.9.50.J.9.1">
    <attr name="isRemoveAllowed">false</attr>
    <attr name="neighborCellRef">SubNetwork=ONRM_RootMo_R,MeContext=LTE02ERBS00152,ManagedElement=1,ENodeBFunction=1,EUtraNetwork=1,ExternalENodeBFunction=316,ExternalEUtranCellFDD=2</attr>
    <attr name="anrCreated">false</attr>
    <attr name="isHoAllowed">true</attr>
  </mo>
  <mo fdn="SubNetwork=ONRM_RootMo_R,MeContext=LTE02ERBS00152,ManagedElement=1,ENodeBFunction=1,EUtranCellFDD=LTE02ERBS00152-1,EUtranFreqRelation=2,EUtranCellRelation=28" lastModified="1287505440460" mimName="ERBS_NODE_MODEL" mimVersion="A.9.50.J.9.1">
    <attr name="isRemoveAllowed">false</attr>
    <attr name="neighborCellRef">SubNetwork=ONRM_RootMo_R,MeContext=LTE02ERBS00152,ManagedElement=1,ENodeBFunction=1,EUtraNetwork=1,ExternalENodeBFunction=318,ExternalEUtranCellFDD=1</attr>
    <attr name="anrCreated">false</attr>
    <attr name="isHoAllowed">true</attr>
  </mo>
  <mo fdn="SubNetwork=ONRM_RootMo_R,MeContext=LTE02ERBS00152,ManagedElement=1,ENodeBFunction=1,EUtranCellFDD=LTE02ERBS00152-1,EUtranFreqRelation=2,EUtranCellRelation=29" lastModified="1287505440459" mimName="ERBS_NODE_MODEL" mimVersion="A.9.50.J.9.1">
    <attr name="isRemoveAllowed">false</attr>
    <attr name="neighborCellRef">SubNetwork=ONRM_RootMo_R,MeContext=LTE02ERBS00152,ManagedElement=1,ENodeBFunction=1,EUtraNetwork=1,ExternalENodeBFunction=318,ExternalEUtranCellFDD=2</attr>
    <attr name="anrCreated">false</attr>
    <attr name="isHoAllowed">true</attr>
  </mo>
  <mo fdn="SubNetwork=ONRM_RootMo_R,MeContext=LTE02ERBS00152,ManagedElement=1,ENodeBFunction=1,EUtranCellFDD=LTE02ERBS00152-1,EUtranFreqRelation=2,EUtranCellRelation=3" lastModified="1287501649246" mimName="ERBS_NODE_MODEL" mimVersion="A.9.50.J.9.1">
    <attr name="isRemoveAllowed">false</attr>
    <attr name="neighborCellRef">SubNetwork=ONRM_RootMo_R,MeContext=LTE02ERBS00152,ManagedElement=1,ENodeBFunction=1,EUtranCellFDD=LTE02ERBS00152-4</attr>
    <attr name="anrCreated">false</attr>
    <attr name="isHoAllowed">true</attr>
  </mo>
  <mo fdn="SubNetwork=ONRM_RootMo_R,MeContext=LTE02ERBS00152,ManagedElement=1,ENodeBFunction=1,EUtranCellFDD=LTE02ERBS00152-1,EUtranFreqRelation=2,EUtranCellRelation=32" lastModified="1287505440448" mimName="ERBS_NODE_MODEL" mimVersion="A.9.50.J.9.1">
    <attr name="isRemoveAllowed">false</attr>
    <attr name="neighborCellRef">SubNetwork=ONRM_RootMo_R,MeContext=LTE02ERBS00152,ManagedElement=1,ENodeBFunction=1,EUtraNetwork=1,ExternalENodeBFunction=320,ExternalEUtranCellFDD=1</attr>
    <attr name="anrCreated">false</attr>
    <attr name="isHoAllowed">true</attr>
  </mo>
  <mo fdn="SubNetwork=ONRM_RootMo_R,MeContext=LTE02ERBS00152,ManagedElement=1,ENodeBFunction=1,EUtranCellFDD=LTE02ERBS00152-1,EUtranFreqRelation=2,EUtranCellRelation=33" lastModified="1287505440456" mimName="ERBS_NODE_MODEL" mimVersion="A.9.50.J.9.1">
    <attr name="isRemoveAllowed">false</attr>
    <attr name="neighborCellRef">SubNetwork=ONRM_RootMo_R,MeContext=LTE02ERBS00152,ManagedElement=1,ENodeBFunction=1,EUtraNetwork=1,ExternalENodeBFunction=320,ExternalEUtranCellFDD=2</attr>
    <attr name="anrCreated">false</attr>
    <attr name="isHoAllowed">true</attr>
  </mo>
  <mo fdn="SubNetwork=ONRM_RootMo_R,MeContext=LTE02ERBS00152,ManagedElement=1,ENodeBFunction=1,EUtranCellFDD=LTE02ERBS00152-1,EUtranFreqRelation=2,EUtranCellRelation=6" lastModified="1287505440457" mimName="ERBS_NODE_MODEL" mimVersion="A.9.50.J.9.1">
    <attr name="isRemoveAllowed">false</attr>
    <attr name="neighborCellRef">SubNetwork=ONRM_RootMo_R,MeContext=LTE02ERBS00152,ManagedElement=1,ENodeBFunction=1,EUtraNetwork=1,ExternalENodeBFunction=306,ExternalEUtranCellFDD=1</attr>
    <attr name="anrCreated">false</attr>
    <attr name="isHoAllowed">true</attr>
  </mo>
  <mo fdn="SubNetwork=ONRM_RootMo_R,MeContext=LTE02ERBS00152,ManagedElement=1,ENodeBFunction=1,EUtranCellFDD=LTE02ERBS00152-1,EUtranFreqRelation=2,EUtranCellRelation=7" lastModified="1287505440458" mimName="ERBS_NODE_MODEL" mimVersion="A.9.50.J.9.1">
    <attr name="isRemoveAllowed">false</attr>
    <attr name="neighborCellRef">SubNetwork=ONRM_RootMo_R,MeContext=LTE02ERBS00152,ManagedElement=1,ENodeBFunction=1,EUtraNetwork=1,ExternalENodeBFunction=306,ExternalEUtranCellFDD=2</attr>
    <attr name="anrCreated">false</attr>
    <attr name="isHoAllowed">true</attr>
  </mo>
  <mo fdn="SubNetwork=ONRM_RootMo_R,MeContext=LTE02ERBS00152,ManagedElement=1,ENodeBFunction=1,EUtranCellFDD=LTE02ERBS00152-2" lastModified="1287512231813" mimName="ERBS_NODE_MODEL" mimVersion="A.9.50.J.9.1">
    <attr name="EUtranCellFDDId">LTE02ERBS00152-2</attr>
    <attr name="earfcnul">18000</attr>
    <attr name="cellId">2</attr>
    <attr name="tac">48906</attr>
    <attr name="bPlmnList">
      <seq count="1">
        <item>
          <struct>
            <attr name="mcc">311</attr>
            <attr name="mnc">480</attr>
            <attr name="mncLength">2</attr>
          </struct>
        </item>
      </seq>
    </attr>
    <attr name="earfcndl">0</attr>
    <attr name="userLabel">LTE02ERBS00152-2</attr>
  </mo>
  <mo fdn="SubNetwork=ONRM_RootMo_R,MeContext=LTE02ERBS00152,ManagedElement=1,ENodeBFunction=1,EUtranCellFDD=LTE02ERBS00152-2,EUtranFreqRelation=1,EUtranCellRelation=12" lastModified="1287505441835" mimName="ERBS_NODE_MODEL" mimVersion="A.9.50.J.9.1">
    <attr name="isRemoveAllowed">false</attr>
    <attr name="neighborCellRef">SubNetwork=ONRM_RootMo_R,MeContext=LTE02ERBS00152,ManagedElement=1,ENodeBFunction=1,EUtraNetwork=1,ExternalENodeBFunction=309,ExternalEUtranCellFDD=1</attr>
    <attr name="anrCreated">false</attr>
    <attr name="isHoAllowed">true</attr>
  </mo>
  <mo fdn="SubNetwork=ONRM_RootMo_R,MeContext=LTE02ERBS00152,ManagedElement=1,ENodeBFunction=1,EUtranCellFDD=LTE02ERBS00152-2,EUtranFreqRelation=1,EUtranCellRelation=13" lastModified="1287505441831" mimName="ERBS_NODE_MODEL" mimVersion="A.9.50.J.9.1">
    <attr name="isRemoveAllowed">false</attr>
    <attr name="neighborCellRef">SubNetwork=ONRM_RootMo_R,MeContext=LTE02ERBS00152,ManagedElement=1,ENodeBFunction=1,EUtraNetwork=1,ExternalENodeBFunction=309,ExternalEUtranCellFDD=2</attr>
    <attr name="anrCreated">false</attr>
    <attr name="isHoAllowed">true</attr>
  </mo>
  <mo fdn="SubNetwork=ONRM_RootMo_R,MeContext=LTE02ERBS00152,ManagedElement=1,ENodeBFunction=1,EUtranCellFDD=LTE02ERBS00152-2,EUtranFreqRelation=1,EUtranCellRelation=16" lastModified="1287505441847" mimName="ERBS_NODE_MODEL" mimVersion="A.9.50.J.9.1">
    <attr name="isRemoveAllowed">false</attr>
    <attr name="neighborCellRef">SubNetwork=ONRM_RootMo_R,MeContext=LTE02ERBS00152,ManagedElement=1,ENodeBFunction=1,EUtraNetwork=1,ExternalENodeBFunction=311,ExternalEUtranCellFDD=1</attr>
    <attr name="anrCreated">false</attr>
    <attr name="isHoAllowed">true</attr>
  </mo>
  <mo fdn="SubNetwork=ONRM_RootMo_R,MeContext=LTE02ERBS00152,ManagedElement=1,ENodeBFunction=1,EUtranCellFDD=LTE02ERBS00152-2,EUtranFreqRelation=1,EUtranCellRelation=17" lastModified="1287505441843" mimName="ERBS_NODE_MODEL" mimVersion="A.9.50.J.9.1">
    <attr name="isRemoveAllowed">false</attr>
    <attr name="neighborCellRef">SubNetwork=ONRM_RootMo_R,MeContext=LTE02ERBS00152,ManagedElement=1,ENodeBFunction=1,EUtraNetwork=1,ExternalENodeBFunction=311,ExternalEUtranCellFDD=2</attr>
    <attr name="anrCreated">false</attr>
    <attr name="isHoAllowed">true</attr>
  </mo>
  <mo fdn="SubNetwork=ONRM_RootMo_R,MeContext=LTE02ERBS00152,ManagedElement=1,ENodeBFunction=1,EUtranCellFDD=LTE02ERBS00152-2,EUtranFreqRelation=1,EUtranCellRelation=18" lastModified="1287505441840" mimName="ERBS_NODE_MODEL" mimVersion="A.9.50.J.9.1">
    <attr name="isRemoveAllowed">false</attr>
    <attr name="neighborCellRef">SubNetwork=ONRM_RootMo_R,MeContext=LTE02ERBS00152,ManagedElement=1,ENodeBFunction=1,EUtraNetwork=1,ExternalENodeBFunction=313,ExternalEUtranCellFDD=1</attr>
    <attr name="anrCreated">false</attr>
    <attr name="isHoAllowed">true</attr>
  </mo>
  <mo fdn="SubNetwork=ONRM_RootMo_R,MeContext=LTE02ERBS00152,ManagedElement=1,ENodeBFunction=1,EUtranCellFDD=LTE02ERBS00152-2,EUtranFreqRelation=1,EUtranCellRelation=19" lastModified="1287505441839" mimName="ERBS_NODE_MODEL" mimVersion="A.9.50.J.9.1">
    <attr name="isRemoveAllowed">false</attr>
    <attr name="neighborCellRef">SubNetwork=ONRM_RootMo_R,MeContext=LTE02ERBS00152,ManagedElement=1,ENodeBFunction=1,EUtraNetwork=1,ExternalENodeBFunction=313,ExternalEUtranCellFDD=2</attr>
    <attr name="anrCreated">false</attr>
    <attr name="isHoAllowed">true</attr>
  </mo>
  <mo fdn="SubNetwork=ONRM_RootMo_R,MeContext=LTE02ERBS00152,ManagedElement=1,ENodeBFunction=1,EUtranCellFDD=LTE02ERBS00152-2,EUtranFreqRelation=1,EUtranCellRelation=22" lastModified="1287505441832" mimName="ERBS_NODE_MODEL" mimVersion="A.9.50.J.9.1">
    <attr name="isRemoveAllowed">false</attr>
    <attr name="neighborCellRef">SubNetwork=ONRM_RootMo_R,MeContext=LTE02ERBS00152,ManagedElement=1,ENodeBFunction=1,EUtraNetwork=1,ExternalENodeBFunction=315,ExternalEUtranCellFDD=1</attr>
    <attr name="anrCreated">false</attr>
    <attr name="isHoAllowed">true</attr>
  </mo>
  <mo fdn="SubNetwork=ONRM_RootMo_R,MeContext=LTE02ERBS00152,ManagedElement=1,ENodeBFunction=1,EUtranCellFDD=LTE02ERBS00152-2,EUtranFreqRelation=1,EUtranCellRelation=23" lastModified="1287505441829" mimName="ERBS_NODE_MODEL" mimVersion="A.9.50.J.9.1">
    <attr name="isRemoveAllowed">false</attr>
    <attr name="neighborCellRef">SubNetwork=ONRM_RootMo_R,MeContext=LTE02ERBS00152,ManagedElement=1,ENodeBFunction=1,EUtraNetwork=1,ExternalENodeBFunction=315,ExternalEUtranCellFDD=2</attr>
    <attr name="anrCreated">false</attr>
    <attr name="isHoAllowed">true</attr>
  </mo>
  <mo fdn="SubNetwork=ONRM_RootMo_R,MeContext=LTE02ERBS00152,ManagedElement=1,ENodeBFunction=1,EUtranCellFDD=LTE02ERBS00152-2,EUtranFreqRelation=1,EUtranCellRelation=26" lastModified="1287505441845" mimName="ERBS_NODE_MODEL" mimVersion="A.9.50.J.9.1">
    <attr name="isRemoveAllowed">false</attr>
    <attr name="neighborCellRef">SubNetwork=ONRM_RootMo_R,MeContext=LTE02ERBS00152,ManagedElement=1,ENodeBFunction=1,EUtraNetwork=1,ExternalENodeBFunction=317,ExternalEUtranCellFDD=1</attr>
    <attr name="anrCreated">false</attr>
    <attr name="isHoAllowed">true</attr>
  </mo>
  <mo fdn="SubNetwork=ONRM_RootMo_R,MeContext=LTE02ERBS00152,ManagedElement=1,ENodeBFunction=1,EUtranCellFDD=LTE02ERBS00152-2,EUtranFreqRelation=1,EUtranCellRelation=27" lastModified="1287505441842" mimName="ERBS_NODE_MODEL" mimVersion="A.9.50.J.9.1">
    <attr name="isRemoveAllowed">false</attr>
    <attr name="neighborCellRef">SubNetwork=ONRM_RootMo_R,MeContext=LTE02ERBS00152,ManagedElement=1,ENodeBFunction=1,EUtraNetwork=1,ExternalENodeBFunction=317,ExternalEUtranCellFDD=2</attr>
    <attr name="anrCreated">false</attr>
    <attr name="isHoAllowed">true</attr>
  </mo>
  <mo fdn="SubNetwork=ONRM_RootMo_R,MeContext=LTE02ERBS00152,ManagedElement=1,ENodeBFunction=1,EUtranCellFDD=LTE02ERBS00152-2,EUtranFreqRelation=1,EUtranCellRelation=30" lastModified="1287505441836" mimName="ERBS_NODE_MODEL" mimVersion="A.9.50.J.9.1">
    <attr name="isRemoveAllowed">false</attr>
    <attr name="neighborCellRef">SubNetwork=ONRM_RootMo_R,MeContext=LTE02ERBS00152,ManagedElement=1,ENodeBFunction=1,EUtraNetwork=1,ExternalENodeBFunction=319,ExternalEUtranCellFDD=1</attr>
    <attr name="anrCreated">false</attr>
    <attr name="isHoAllowed">true</attr>
  </mo>
  <mo fdn="SubNetwork=ONRM_RootMo_R,MeContext=LTE02ERBS00152,ManagedElement=1,ENodeBFunction=1,EUtranCellFDD=LTE02ERBS00152-2,EUtranFreqRelation=1,EUtranCellRelation=31" lastModified="1287505441834" mimName="ERBS_NODE_MODEL" mimVersion="A.9.50.J.9.1">
    <attr name="isRemoveAllowed">false</attr>
    <attr name="neighborCellRef">SubNetwork=ONRM_RootMo_R,MeContext=LTE02ERBS00152,ManagedElement=1,ENodeBFunction=1,EUtraNetwork=1,ExternalENodeBFunction=319,ExternalEUtranCellFDD=2</attr>
    <attr name="anrCreated">false</attr>
    <attr name="isHoAllowed">true</attr>
  </mo>
  <mo fdn="SubNetwork=ONRM_RootMo_R,MeContext=LTE02ERBS00152,ManagedElement=1,ENodeBFunction=1,EUtranCellFDD=LTE02ERBS00152-2,EUtranFreqRelation=1,EUtranCellRelation=4" lastModified="1287505441845" mimName="ERBS_NODE_MODEL" mimVersion="A.9.50.J.9.1">
    <attr name="isRemoveAllowed">false</attr>
    <attr name="neighborCellRef">SubNetwork=ONRM_RootMo_R,MeContext=LTE02ERBS00152,ManagedElement=1,ENodeBFunction=1,EUtraNetwork=1,ExternalENodeBFunction=305,ExternalEUtranCellFDD=1</attr>
    <attr name="anrCreated">false</attr>
    <attr name="isHoAllowed">true</attr>
  </mo>
  <mo fdn="SubNetwork=ONRM_RootMo_R,MeContext=LTE02ERBS00152,ManagedElement=1,ENodeBFunction=1,EUtranCellFDD=LTE02ERBS00152-2,EUtranFreqRelation=1,EUtranCellRelation=5" lastModified="1287505441848" mimName="ERBS_NODE_MODEL" mimVersion="A.9.50.J.9.1">
    <attr name="isRemoveAllowed">false</attr>
    <attr name="neighborCellRef">SubNetwork=ONRM_RootMo_R,MeContext=LTE02ERBS00152,ManagedElement=1,ENodeBFunction=1,EUtraNetwork=1,ExternalENodeBFunction=305,ExternalEUtranCellFDD=2</attr>
    <attr name="anrCreated">false</attr>
    <attr name="isHoAllowed">true</attr>
  </mo>
  <mo fdn="SubNetwork=ONRM_RootMo_R,MeContext=LTE02ERBS00152,ManagedElement=1,ENodeBFunction=1,EUtranCellFDD=LTE02ERBS00152-2,EUtranFreqRelation=1,EUtranCellRelation=8" lastModified="1287505441837" mimName="ERBS_NODE_MODEL" mimVersion="A.9.50.J.9.1">
    <attr name="isRemoveAllowed">false</attr>
    <attr name="neighborCellRef">SubNetwork=ONRM_RootMo_R,MeContext=LTE02ERBS00152,ManagedElement=1,ENodeBFunction=1,EUtraNetwork=1,ExternalENodeBFunction=307,ExternalEUtranCellFDD=1</attr>
    <attr name="anrCreated">false</attr>
    <attr name="isHoAllowed">true</attr>
  </mo>
  <mo fdn="SubNetwork=ONRM_RootMo_R,MeContext=LTE02ERBS00152,ManagedElement=1,ENodeBFunction=1,EUtranCellFDD=LTE02ERBS00152-2,EUtranFreqRelation=1,EUtranCellRelation=9" lastModified="1287505441838" mimName="ERBS_NODE_MODEL" mimVersion="A.9.50.J.9.1">
    <attr name="isRemoveAllowed">false</attr>
    <attr name="neighborCellRef">SubNetwork=ONRM_RootMo_R,MeContext=LTE02ERBS00152,ManagedElement=1,ENodeBFunction=1,EUtraNetwork=1,ExternalENodeBFunction=307,ExternalEUtranCellFDD=2</attr>
    <attr name="anrCreated">false</attr>
    <attr name="isHoAllowed">true</attr>
  </mo>
  <mo fdn="SubNetwork=ONRM_RootMo_R,MeContext=LTE02ERBS00152,ManagedElement=1,ENodeBFunction=1,EUtranCellFDD=LTE02ERBS00152-2,EUtranFreqRelation=2,EUtranCellRelation=1" lastModified="1287501649813" mimName="ERBS_NODE_MODEL" mimVersion="A.9.50.J.9.1">
    <attr name="isRemoveAllowed">false</attr>
    <attr name="neighborCellRef">SubNetwork=ONRM_RootMo_R,MeContext=LTE02ERBS00152,ManagedElement=1,ENodeBFunction=1,EUtranCellFDD=LTE02ERBS00152-1</attr>
    <attr name="anrCreated">false</attr>
    <attr name="isHoAllowed">true</attr>
  </mo>
  <mo fdn="SubNetwork=ONRM_RootMo_R,MeContext=LTE02ERBS00152,ManagedElement=1,ENodeBFunction=1,EUtranCellFDD=LTE02ERBS00152-2,EUtranFreqRelation=2,EUtranCellRelation=10" lastModified="1287505441813" mimName="ERBS_NODE_MODEL" mimVersion="A.9.50.J.9.1">
    <attr name="isRemoveAllowed">false</attr>
    <attr name="neighborCellRef">SubNetwork=ONRM_RootMo_R,MeContext=LTE02ERBS00152,ManagedElement=1,ENodeBFunction=1,EUtraNetwork=1,ExternalENodeBFunction=308,ExternalEUtranCellFDD=1</attr>
    <attr name="anrCreated">false</attr>
    <attr name="isHoAllowed">true</attr>
  </mo>
  <mo fdn="SubNetwork=ONRM_RootMo_R,MeContext=LTE02ERBS00152,ManagedElement=1,ENodeBFunction=1,EUtranCellFDD=LTE02ERBS00152-2,EUtranFreqRelation=2,EUtranCellRelation=11" lastModified="1287505441812" mimName="ERBS_NODE_MODEL" mimVersion="A.9.50.J.9.1">
    <attr name="isRemoveAllowed">false</attr>
    <attr name="neighborCellRef">SubNetwork=ONRM_RootMo_R,MeContext=LTE02ERBS00152,ManagedElement=1,ENodeBFunction=1,EUtraNetwork=1,ExternalENodeBFunction=308,ExternalEUtranCellFDD=2</attr>
    <attr name="anrCreated">false</attr>
    <attr name="isHoAllowed">true</attr>
  </mo>
  <mo fdn="SubNetwork=ONRM_RootMo_R,MeContext=LTE02ERBS00152,ManagedElement=1,ENodeBFunction=1,EUtranCellFDD=LTE02ERBS00152-2,EUtranFreqRelation=2,EUtranCellRelation=14" lastModified="1287505441804" mimName="ERBS_NODE_MODEL" mimVersion="A.9.50.J.9.1">
    <attr name="isRemoveAllowed">false</attr>
    <attr name="neighborCellRef">SubNetwork=ONRM_RootMo_R,MeContext=LTE02ERBS00152,ManagedElement=1,ENodeBFunction=1,EUtraNetwork=1,ExternalENodeBFunction=310,ExternalEUtranCellFDD=1</attr>
    <attr name="anrCreated">false</attr>
    <attr name="isHoAllowed">true</attr>
  </mo>
  <mo fdn="SubNetwork=ONRM_RootMo_R,MeContext=LTE02ERBS00152,ManagedElement=1,ENodeBFunction=1,EUtranCellFDD=LTE02ERBS00152-2,EUtranFreqRelation=2,EUtranCellRelation=15" lastModified="1287505441825" mimName="ERBS_NODE_MODEL" mimVersion="A.9.50.J.9.1">
    <attr name="isRemoveAllowed">false</attr>
    <attr name="neighborCellRef">SubNetwork=ONRM_RootMo_R,MeContext=LTE02ERBS00152,ManagedElement=1,ENodeBFunction=1,EUtraNetwork=1,ExternalENodeBFunction=310,ExternalEUtranCellFDD=2</attr>
    <attr name="anrCreated">false</attr>
    <attr name="isHoAllowed">true</attr>
  </mo>
  <mo fdn="SubNetwork=ONRM_RootMo_R,MeContext=LTE02ERBS00152,ManagedElement=1,ENodeBFunction=1,EUtranCellFDD=LTE02ERBS00152-2,EUtranFreqRelation=2,EUtranCellRelation=2" lastModified="1287501649809" mimName="ERBS_NODE_MODEL" mimVersion="A.9.50.J.9.1">
    <attr name="isRemoveAllowed">false</attr>
    <attr name="neighborCellRef">SubNetwork=ONRM_RootMo_R,MeContext=LTE02ERBS00152,ManagedElement=1,ENodeBFunction=1,EUtranCellFDD=LTE02ERBS00152-3</attr>
    <attr name="anrCreated">false</attr>
    <attr name="isHoAllowed">true</attr>
  </mo>
  <mo fdn="SubNetwork=ONRM_RootMo_R,MeContext=LTE02ERBS00152,ManagedElement=1,ENodeBFunction=1,EUtranCellFDD=LTE02ERBS00152-2,EUtranFreqRelation=2,EUtranCellRelation=20" lastModified="1287505441815" mimName="ERBS_NODE_MODEL" mimVersion="A.9.50.J.9.1">
    <attr name="isRemoveAllowed">false</attr>
    <attr name="neighborCellRef">SubNetwork=ONRM_RootMo_R,MeContext=LTE02ERBS00152,ManagedElement=1,ENodeBFunction=1,EUtraNetwork=1,ExternalENodeBFunction=314,ExternalEUtranCellFDD=1</attr>
    <attr name="anrCreated">false</attr>
    <attr name="isHoAllowed">true</attr>
  </mo>
  <mo fdn="SubNetwork=ONRM_RootMo_R,MeContext=LTE02ERBS00152,ManagedElement=1,ENodeBFunction=1,EUtranCellFDD=LTE02ERBS00152-2,EUtranFreqRelation=2,EUtranCellRelation=21" lastModified="1287505441814" mimName="ERBS_NODE_MODEL" mimVersion="A.9.50.J.9.1">
    <attr name="isRemoveAllowed">false</attr>
    <attr name="neighborCellRef">SubNetwork=ONRM_RootMo_R,MeContext=LTE02ERBS00152,ManagedElement=1,ENodeBFunction=1,EUtraNetwork=1,ExternalENodeBFunction=314,ExternalEUtranCellFDD=2</attr>
    <attr name="anrCreated">false</attr>
    <attr name="isHoAllowed">true</attr>
  </mo>
  <mo fdn="SubNetwork=ONRM_RootMo_R,MeContext=LTE02ERBS00152,ManagedElement=1,ENodeBFunction=1,EUtranCellFDD=LTE02ERBS00152-2,EUtranFreqRelation=2,EUtranCellRelation=24" lastModified="1287505441811" mimName="ERBS_NODE_MODEL" mimVersion="A.9.50.J.9.1">
    <attr name="isRemoveAllowed">false</attr>
    <attr name="neighborCellRef">SubNetwork=ONRM_RootMo_R,MeContext=LTE02ERBS00152,ManagedElement=1,ENodeBFunction=1,EUtraNetwork=1,ExternalENodeBFunction=316,ExternalEUtranCellFDD=1</attr>
    <attr name="anrCreated">false</attr>
    <attr name="isHoAllowed">true</attr>
  </mo>
  <mo fdn="SubNetwork=ONRM_RootMo_R,MeContext=LTE02ERBS00152,ManagedElement=1,ENodeBFunction=1,EUtranCellFDD=LTE02ERBS00152-2,EUtranFreqRelation=2,EUtranCellRelation=25" lastModified="1287505441809" mimName="ERBS_NODE_MODEL" mimVersion="A.9.50.J.9.1">
    <attr name="isRemoveAllowed">false</attr>
    <attr name="neighborCellRef">SubNetwork=ONRM_RootMo_R,MeContext=LTE02ERBS00152,ManagedElement=1,ENodeBFunction=1,EUtraNetwork=1,ExternalENodeBFunction=316,ExternalEUtranCellFDD=2</attr>
    <attr name="anrCreated">false</attr>
    <attr name="isHoAllowed">true</attr>
  </mo>
  <mo fdn="SubNetwork=ONRM_RootMo_R,MeContext=LTE02ERBS00152,ManagedElement=1,ENodeBFunction=1,EUtranCellFDD=LTE02ERBS00152-2,EUtranFreqRelation=2,EUtranCellRelation=28" lastModified="1287505441824" mimName="ERBS_NODE_MODEL" mimVersion="A.9.50.J.9.1">
    <attr name="isRemoveAllowed">false</attr>
    <attr name="neighborCellRef">SubNetwork=ONRM_RootMo_R,MeContext=LTE02ERBS00152,ManagedElement=1,ENodeBFunction=1,EUtraNetwork=1,ExternalENodeBFunction=318,ExternalEUtranCellFDD=1</attr>
    <attr name="anrCreated">false</attr>
    <attr name="isHoAllowed">true</attr>
  </mo>
  <mo fdn="SubNetwork=ONRM_RootMo_R,MeContext=LTE02ERBS00152,ManagedElement=1,ENodeBFunction=1,EUtranCellFDD=LTE02ERBS00152-2,EUtranFreqRelation=2,EUtranCellRelation=29" lastModified="1287505441822" mimName="ERBS_NODE_MODEL" mimVersion="A.9.50.J.9.1">
    <attr name="isRemoveAllowed">false</attr>
    <attr name="neighborCellRef">SubNetwork=ONRM_RootMo_R,MeContext=LTE02ERBS00152,ManagedElement=1,ENodeBFunction=1,EUtraNetwork=1,ExternalENodeBFunction=318,ExternalEUtranCellFDD=2</attr>
    <attr name="anrCreated">false</attr>
    <attr name="isHoAllowed">true</attr>
  </mo>
  <mo fdn="SubNetwork=ONRM_RootMo_R,MeContext=LTE02ERBS00152,ManagedElement=1,ENodeBFunction=1,EUtranCellFDD=LTE02ERBS00152-2,EUtranFreqRelation=2,EUtranCellRelation=3" lastModified="1287501649804" mimName="ERBS_NODE_MODEL" mimVersion="A.9.50.J.9.1">
    <attr name="isRemoveAllowed">false</attr>
    <attr name="neighborCellRef">SubNetwork=ONRM_RootMo_R,MeContext=LTE02ERBS00152,ManagedElement=1,ENodeBFunction=1,EUtranCellFDD=LTE02ERBS00152-4</attr>
    <attr name="anrCreated">false</attr>
    <attr name="isHoAllowed">true</attr>
  </mo>
  <mo fdn="SubNetwork=ONRM_RootMo_R,MeContext=LTE02ERBS00152,ManagedElement=1,ENodeBFunction=1,EUtranCellFDD=LTE02ERBS00152-2,EUtranFreqRelation=2,EUtranCellRelation=32" lastModified="1287505441806" mimName="ERBS_NODE_MODEL" mimVersion="A.9.50.J.9.1">
    <attr name="isRemoveAllowed">false</attr>
    <attr name="neighborCellRef">SubNetwork=ONRM_RootMo_R,MeContext=LTE02ERBS00152,ManagedElement=1,ENodeBFunction=1,EUtraNetwork=1,ExternalENodeBFunction=320,ExternalEUtranCellFDD=1</attr>
    <attr name="anrCreated">false</attr>
    <attr name="isHoAllowed">true</attr>
  </mo>
  <mo fdn="SubNetwork=ONRM_RootMo_R,MeContext=LTE02ERBS00152,ManagedElement=1,ENodeBFunction=1,EUtranCellFDD=LTE02ERBS00152-2,EUtranFreqRelation=2,EUtranCellRelation=33" lastModified="1287505441816" mimName="ERBS_NODE_MODEL" mimVersion="A.9.50.J.9.1">
    <attr name="isRemoveAllowed">false</attr>
    <attr name="neighborCellRef">SubNetwork=ONRM_RootMo_R,MeContext=LTE02ERBS00152,ManagedElement=1,ENodeBFunction=1,EUtraNetwork=1,ExternalENodeBFunction=320,ExternalEUtranCellFDD=2</attr>
    <attr name="anrCreated">false</attr>
    <attr name="isHoAllowed">true</attr>
  </mo>
  <mo fdn="SubNetwork=ONRM_RootMo_R,MeContext=LTE02ERBS00152,ManagedElement=1,ENodeBFunction=1,EUtranCellFDD=LTE02ERBS00152-2,EUtranFreqRelation=2,EUtranCellRelation=6" lastModified="1287505441817" mimName="ERBS_NODE_MODEL" mimVersion="A.9.50.J.9.1">
    <attr name="isRemoveAllowed">false</attr>
    <attr name="neighborCellRef">SubNetwork=ONRM_RootMo_R,MeContext=LTE02ERBS00152,ManagedElement=1,ENodeBFunction=1,EUtraNetwork=1,ExternalENodeBFunction=306,ExternalEUtranCellFDD=1</attr>
    <attr name="anrCreated">false</attr>
    <attr name="isHoAllowed">true</attr>
  </mo>
  <mo fdn="SubNetwork=ONRM_RootMo_R,MeContext=LTE02ERBS00152,ManagedElement=1,ENodeBFunction=1,EUtranCellFDD=LTE02ERBS00152-2,EUtranFreqRelation=2,EUtranCellRelation=7" lastModified="1287505441818" mimName="ERBS_NODE_MODEL" mimVersion="A.9.50.J.9.1">
    <attr name="isRemoveAllowed">false</attr>
    <attr name="neighborCellRef">SubNetwork=ONRM_RootMo_R,MeContext=LTE02ERBS00152,ManagedElement=1,ENodeBFunction=1,EUtraNetwork=1,ExternalENodeBFunction=306,ExternalEUtranCellFDD=2</attr>
    <attr name="anrCreated">false</attr>
    <attr name="isHoAllowed">true</attr>
  </mo>
  <mo fdn="SubNetwork=ONRM_RootMo_R,MeContext=LTE02ERBS00152,ManagedElement=1,ENodeBFunction=1,EUtranCellFDD=LTE02ERBS00152-3" lastModified="1287512232314" mimName="ERBS_NODE_MODEL" mimVersion="A.9.50.J.9.1">
    <attr name="EUtranCellFDDId">LTE02ERBS00152-3</attr>
    <attr name="earfcnul">18000</attr>
    <attr name="cellId">3</attr>
    <attr name="tac">48906</attr>
    <attr name="bPlmnList">
      <seq count="1">
        <item>
          <struct>
            <attr name="mcc">311</attr>
            <attr name="mnc">480</attr>
            <attr name="mncLength">2</attr>
          </struct>
        </item>
      </seq>
    </attr>
    <attr name="earfcndl">0</attr>
    <attr name="userLabel">LTE02ERBS00152-3</attr>
  </mo>
  <mo fdn="SubNetwork=ONRM_RootMo_R,MeContext=LTE02ERBS00152,ManagedElement=1,ENodeBFunction=1,EUtranCellFDD=LTE02ERBS00152-3,EUtranFreqRelation=1,EUtranCellRelation=12" lastModified="1287505443179" mimName="ERBS_NODE_MODEL" mimVersion="A.9.50.J.9.1">
    <attr name="isRemoveAllowed">false</attr>
    <attr name="neighborCellRef">SubNetwork=ONRM_RootMo_R,MeContext=LTE02ERBS00152,ManagedElement=1,ENodeBFunction=1,EUtraNetwork=1,ExternalENodeBFunction=309,ExternalEUtranCellFDD=3</attr>
    <attr name="anrCreated">false</attr>
    <attr name="isHoAllowed">true</attr>
  </mo>
  <mo fdn="SubNetwork=ONRM_RootMo_R,MeContext=LTE02ERBS00152,ManagedElement=1,ENodeBFunction=1,EUtranCellFDD=LTE02ERBS00152-3,EUtranFreqRelation=1,EUtranCellRelation=13" lastModified="1287505443176" mimName="ERBS_NODE_MODEL" mimVersion="A.9.50.J.9.1">
    <attr name="isRemoveAllowed">false</attr>
    <attr name="neighborCellRef">SubNetwork=ONRM_RootMo_R,MeContext=LTE02ERBS00152,ManagedElement=1,ENodeBFunction=1,EUtraNetwork=1,ExternalENodeBFunction=309,ExternalEUtranCellFDD=4</attr>
    <attr name="anrCreated">false</attr>
    <attr name="isHoAllowed">true</attr>
  </mo>
  <mo fdn="SubNetwork=ONRM_RootMo_R,MeContext=LTE02ERBS00152,ManagedElement=1,ENodeBFunction=1,EUtranCellFDD=LTE02ERBS00152-3,EUtranFreqRelation=1,EUtranCellRelation=16" lastModified="1287505443192" mimName="ERBS_NODE_MODEL" mimVersion="A.9.50.J.9.1">
    <attr name="isRemoveAllowed">false</attr>
    <attr name="neighborCellRef">SubNetwork=ONRM_RootMo_R,MeContext=LTE02ERBS00152,ManagedElement=1,ENodeBFunction=1,EUtraNetwork=1,ExternalENodeBFunction=311,ExternalEUtranCellFDD=3</attr>
    <attr name="anrCreated">false</attr>
    <attr name="isHoAllowed">true</attr>
  </mo>
  <mo fdn="SubNetwork=ONRM_RootMo_R,MeContext=LTE02ERBS00152,ManagedElement=1,ENodeBFunction=1,EUtranCellFDD=LTE02ERBS00152-3,EUtranFreqRelation=1,EUtranCellRelation=17" lastModified="1287505443190" mimName="ERBS_NODE_MODEL" mimVersion="A.9.50.J.9.1">
    <attr name="isRemoveAllowed">false</attr>
    <attr name="neighborCellRef">SubNetwork=ONRM_RootMo_R,MeContext=LTE02ERBS00152,ManagedElement=1,ENodeBFunction=1,EUtraNetwork=1,ExternalENodeBFunction=311,ExternalEUtranCellFDD=4</attr>
    <attr name="anrCreated">false</attr>
    <attr name="isHoAllowed">true</attr>
  </mo>
  <mo fdn="SubNetwork=ONRM_RootMo_R,MeContext=LTE02ERBS00152,ManagedElement=1,ENodeBFunction=1,EUtranCellFDD=LTE02ERBS00152-3,EUtranFreqRelation=1,EUtranCellRelation=18" lastModified="1287505443187" mimName="ERBS_NODE_MODEL" mimVersion="A.9.50.J.9.1">
    <attr name="isRemoveAllowed">false</attr>
    <attr name="neighborCellRef">SubNetwork=ONRM_RootMo_R,MeContext=LTE02ERBS00152,ManagedElement=1,ENodeBFunction=1,EUtraNetwork=1,ExternalENodeBFunction=313,ExternalEUtranCellFDD=3</attr>
    <attr name="anrCreated">false</attr>
    <attr name="isHoAllowed">true</attr>
  </mo>
  <mo fdn="SubNetwork=ONRM_RootMo_R,MeContext=LTE02ERBS00152,ManagedElement=1,ENodeBFunction=1,EUtranCellFDD=LTE02ERBS00152-3,EUtranFreqRelation=1,EUtranCellRelation=19" lastModified="1287505443186" mimName="ERBS_NODE_MODEL" mimVersion="A.9.50.J.9.1">
    <attr name="isRemoveAllowed">false</attr>
    <attr name="neighborCellRef">SubNetwork=ONRM_RootMo_R,MeContext=LTE02ERBS00152,ManagedElement=1,ENodeBFunction=1,EUtraNetwork=1,ExternalENodeBFunction=313,ExternalEUtranCellFDD=4</attr>
    <attr name="anrCreated">false</attr>
    <attr name="isHoAllowed">true</attr>
  </mo>
  <mo fdn="SubNetwork=ONRM_RootMo_R,MeContext=LTE02ERBS00152,ManagedElement=1,ENodeBFunction=1,EUtranCellFDD=LTE02ERBS00152-3,EUtranFreqRelation=1,EUtranCellRelation=22" lastModified="1287505443177" mimName="ERBS_NODE_MODEL" mimVersion="A.9.50.J.9.1">
    <attr name="isRemoveAllowed">false</attr>
    <attr name="neighborCellRef">SubNetwork=ONRM_RootMo_R,MeContext=LTE02ERBS00152,ManagedElement=1,ENodeBFunction=1,EUtraNetwork=1,ExternalENodeBFunction=315,ExternalEUtranCellFDD=3</attr>
    <attr name="anrCreated">false</attr>
    <attr name="isHoAllowed">true</attr>
  </mo>
  <mo fdn="SubNetwork=ONRM_RootMo_R,MeContext=LTE02ERBS00152,ManagedElement=1,ENodeBFunction=1,EUtranCellFDD=LTE02ERBS00152-3,EUtranFreqRelation=1,EUtranCellRelation=23" lastModified="1287505443174" mimName="ERBS_NODE_MODEL" mimVersion="A.9.50.J.9.1">
    <attr name="isRemoveAllowed">false</attr>
    <attr name="neighborCellRef">SubNetwork=ONRM_RootMo_R,MeContext=LTE02ERBS00152,ManagedElement=1,ENodeBFunction=1,EUtraNetwork=1,ExternalENodeBFunction=315,ExternalEUtranCellFDD=4</attr>
    <attr name="anrCreated">false</attr>
    <attr name="isHoAllowed">true</attr>
  </mo>
  <mo fdn="SubNetwork=ONRM_RootMo_R,MeContext=LTE02ERBS00152,ManagedElement=1,ENodeBFunction=1,EUtranCellFDD=LTE02ERBS00152-3,EUtranFreqRelation=1,EUtranCellRelation=26" lastModified="1287505443191" mimName="ERBS_NODE_MODEL" mimVersion="A.9.50.J.9.1">
    <attr name="isRemoveAllowed">false</attr>
    <attr name="neighborCellRef">SubNetwork=ONRM_RootMo_R,MeContext=LTE02ERBS00152,ManagedElement=1,ENodeBFunction=1,EUtraNetwork=1,ExternalENodeBFunction=317,ExternalEUtranCellFDD=3</attr>
    <attr name="anrCreated">false</attr>
    <attr name="isHoAllowed">true</attr>
  </mo>
  <mo fdn="SubNetwork=ONRM_RootMo_R,MeContext=LTE02ERBS00152,ManagedElement=1,ENodeBFunction=1,EUtranCellFDD=LTE02ERBS00152-3,EUtranFreqRelation=1,EUtranCellRelation=27" lastModified="1287505443189" mimName="ERBS_NODE_MODEL" mimVersion="A.9.50.J.9.1">
    <attr name="isRemoveAllowed">false</attr>
    <attr name="neighborCellRef">SubNetwork=ONRM_RootMo_R,MeContext=LTE02ERBS00152,ManagedElement=1,ENodeBFunction=1,EUtraNetwork=1,ExternalENodeBFunction=317,ExternalEUtranCellFDD=4</attr>
    <attr name="anrCreated">false</attr>
    <attr name="isHoAllowed">true</attr>
  </mo>
  <mo fdn="SubNetwork=ONRM_RootMo_R,MeContext=LTE02ERBS00152,ManagedElement=1,ENodeBFunction=1,EUtranCellFDD=LTE02ERBS00152-3,EUtranFreqRelation=1,EUtranCellRelation=30" lastModified="1287505443180" mimName="ERBS_NODE_MODEL" mimVersion="A.9.50.J.9.1">
    <attr name="isRemoveAllowed">false</attr>
    <attr name="neighborCellRef">SubNetwork=ONRM_RootMo_R,MeContext=LTE02ERBS00152,ManagedElement=1,ENodeBFunction=1,EUtraNetwork=1,ExternalENodeBFunction=319,ExternalEUtranCellFDD=3</attr>
    <attr name="anrCreated">false</attr>
    <attr name="isHoAllowed">true</attr>
  </mo>
  <mo fdn="SubNetwork=ONRM_RootMo_R,MeContext=LTE02ERBS00152,ManagedElement=1,ENodeBFunction=1,EUtranCellFDD=LTE02ERBS00152-3,EUtranFreqRelation=1,EUtranCellRelation=31" lastModified="1287505443178" mimName="ERBS_NODE_MODEL" mimVersion="A.9.50.J.9.1">
    <attr name="isRemoveAllowed">false</attr>
    <attr name="neighborCellRef">SubNetwork=ONRM_RootMo_R,MeContext=LTE02ERBS00152,ManagedElement=1,ENodeBFunction=1,EUtraNetwork=1,ExternalENodeBFunction=319,ExternalEUtranCellFDD=4</attr>
    <attr name="anrCreated">false</attr>
    <attr name="isHoAllowed">true</attr>
  </mo>
  <mo fdn="SubNetwork=ONRM_RootMo_R,MeContext=LTE02ERBS00152,ManagedElement=1,ENodeBFunction=1,EUtranCellFDD=LTE02ERBS00152-3,EUtranFreqRelation=1,EUtranCellRelation=4" lastModified="1287505443192" mimName="ERBS_NODE_MODEL" mimVersion="A.9.50.J.9.1">
    <attr name="isRemoveAllowed">false</attr>
    <attr name="neighborCellRef">SubNetwork=ONRM_RootMo_R,MeContext=LTE02ERBS00152,ManagedElement=1,ENodeBFunction=1,EUtraNetwork=1,ExternalENodeBFunction=305,ExternalEUtranCellFDD=3</attr>
    <attr name="anrCreated">false</attr>
    <attr name="isHoAllowed">true</attr>
  </mo>
  <mo fdn="SubNetwork=ONRM_RootMo_R,MeContext=LTE02ERBS00152,ManagedElement=1,ENodeBFunction=1,EUtranCellFDD=LTE02ERBS00152-3,EUtranFreqRelation=1,EUtranCellRelation=5" lastModified="1287505443194" mimName="ERBS_NODE_MODEL" mimVersion="A.9.50.J.9.1">
    <attr name="isRemoveAllowed">false</attr>
    <attr name="neighborCellRef">SubNetwork=ONRM_RootMo_R,MeContext=LTE02ERBS00152,ManagedElement=1,ENodeBFunction=1,EUtraNetwork=1,ExternalENodeBFunction=305,ExternalEUtranCellFDD=4</attr>
    <attr name="anrCreated">false</attr>
    <attr name="isHoAllowed">true</attr>
  </mo>
  <mo fdn="SubNetwork=ONRM_RootMo_R,MeContext=LTE02ERBS00152,ManagedElement=1,ENodeBFunction=1,EUtranCellFDD=LTE02ERBS00152-3,EUtranFreqRelation=1,EUtranCellRelation=8" lastModified="1287505443182" mimName="ERBS_NODE_MODEL" mimVersion="A.9.50.J.9.1">
    <attr name="isRemoveAllowed">false</attr>
    <attr name="neighborCellRef">SubNetwork=ONRM_RootMo_R,MeContext=LTE02ERBS00152,ManagedElement=1,ENodeBFunction=1,EUtraNetwork=1,ExternalENodeBFunction=307,ExternalEUtranCellFDD=3</attr>
    <attr name="anrCreated">false</attr>
    <attr name="isHoAllowed">true</attr>
  </mo>
  <mo fdn="SubNetwork=ONRM_RootMo_R,MeContext=LTE02ERBS00152,ManagedElement=1,ENodeBFunction=1,EUtranCellFDD=LTE02ERBS00152-3,EUtranFreqRelation=1,EUtranCellRelation=9" lastModified="1287505443184" mimName="ERBS_NODE_MODEL" mimVersion="A.9.50.J.9.1">
    <attr name="isRemoveAllowed">false</attr>
    <attr name="neighborCellRef">SubNetwork=ONRM_RootMo_R,MeContext=LTE02ERBS00152,ManagedElement=1,ENodeBFunction=1,EUtraNetwork=1,ExternalENodeBFunction=307,ExternalEUtranCellFDD=4</attr>
    <attr name="anrCreated">false</attr>
    <attr name="isHoAllowed">true</attr>
  </mo>
  <mo fdn="SubNetwork=ONRM_RootMo_R,MeContext=LTE02ERBS00152,ManagedElement=1,ENodeBFunction=1,EUtranCellFDD=LTE02ERBS00152-3,EUtranFreqRelation=2,EUtranCellRelation=1" lastModified="1287501621915" mimName="ERBS_NODE_MODEL" mimVersion="A.9.50.J.9.1">
    <attr name="isRemoveAllowed">false</attr>
    <attr name="neighborCellRef">SubNetwork=ONRM_RootMo_R,MeContext=LTE02ERBS00152,ManagedElement=1,ENodeBFunction=1,EUtranCellFDD=LTE02ERBS00152-1</attr>
    <attr name="anrCreated">false</attr>
    <attr name="isHoAllowed">true</attr>
  </mo>
  <mo fdn="SubNetwork=ONRM_RootMo_R,MeContext=LTE02ERBS00152,ManagedElement=1,ENodeBFunction=1,EUtranCellFDD=LTE02ERBS00152-3,EUtranFreqRelation=2,EUtranCellRelation=10" lastModified="1287505443156" mimName="ERBS_NODE_MODEL" mimVersion="A.9.50.J.9.1">
    <attr name="isRemoveAllowed">false</attr>
    <attr name="neighborCellRef">SubNetwork=ONRM_RootMo_R,MeContext=LTE02ERBS00152,ManagedElement=1,ENodeBFunction=1,EUtraNetwork=1,ExternalENodeBFunction=308,ExternalEUtranCellFDD=3</attr>
    <attr name="anrCreated">false</attr>
    <attr name="isHoAllowed">true</attr>
  </mo>
  <mo fdn="SubNetwork=ONRM_RootMo_R,MeContext=LTE02ERBS00152,ManagedElement=1,ENodeBFunction=1,EUtranCellFDD=LTE02ERBS00152-3,EUtranFreqRelation=2,EUtranCellRelation=11" lastModified="1287505443153" mimName="ERBS_NODE_MODEL" mimVersion="A.9.50.J.9.1">
    <attr name="isRemoveAllowed">false</attr>
    <attr name="neighborCellRef">SubNetwork=ONRM_RootMo_R,MeContext=LTE02ERBS00152,ManagedElement=1,ENodeBFunction=1,EUtraNetwork=1,ExternalENodeBFunction=308,ExternalEUtranCellFDD=4</attr>
    <attr name="anrCreated">false</attr>
    <attr name="isHoAllowed">true</attr>
  </mo>
  <mo fdn="SubNetwork=ONRM_RootMo_R,MeContext=LTE02ERBS00152,ManagedElement=1,ENodeBFunction=1,EUtranCellFDD=LTE02ERBS00152-3,EUtranFreqRelation=2,EUtranCellRelation=14" lastModified="1287505443145" mimName="ERBS_NODE_MODEL" mimVersion="A.9.50.J.9.1">
    <attr name="isRemoveAllowed">false</attr>
    <attr name="neighborCellRef">SubNetwork=ONRM_RootMo_R,MeContext=LTE02ERBS00152,ManagedElement=1,ENodeBFunction=1,EUtraNetwork=1,ExternalENodeBFunction=310,ExternalEUtranCellFDD=3</attr>
    <attr name="anrCreated">false</attr>
    <attr name="isHoAllowed">true</attr>
  </mo>
  <mo fdn="SubNetwork=ONRM_RootMo_R,MeContext=LTE02ERBS00152,ManagedElement=1,ENodeBFunction=1,EUtranCellFDD=LTE02ERBS00152-3,EUtranFreqRelation=2,EUtranCellRelation=15" lastModified="1287505443169" mimName="ERBS_NODE_MODEL" mimVersion="A.9.50.J.9.1">
    <attr name="isRemoveAllowed">false</attr>
    <attr name="neighborCellRef">SubNetwork=ONRM_RootMo_R,MeContext=LTE02ERBS00152,ManagedElement=1,ENodeBFunction=1,EUtraNetwork=1,ExternalENodeBFunction=310,ExternalEUtranCellFDD=4</attr>
    <attr name="anrCreated">false</attr>
    <attr name="isHoAllowed">true</attr>
  </mo>
  <mo fdn="SubNetwork=ONRM_RootMo_R,MeContext=LTE02ERBS00152,ManagedElement=1,ENodeBFunction=1,EUtranCellFDD=LTE02ERBS00152-3,EUtranFreqRelation=2,EUtranCellRelation=2" lastModified="1287501621912" mimName="ERBS_NODE_MODEL" mimVersion="A.9.50.J.9.1">
    <attr name="isRemoveAllowed">false</attr>
    <attr name="neighborCellRef">SubNetwork=ONRM_RootMo_R,MeContext=LTE02ERBS00152,ManagedElement=1,ENodeBFunction=1,EUtranCellFDD=LTE02ERBS00152-2</attr>
    <attr name="anrCreated">false</attr>
    <attr name="isHoAllowed">true</attr>
  </mo>
  <mo fdn="SubNetwork=ONRM_RootMo_R,MeContext=LTE02ERBS00152,ManagedElement=1,ENodeBFunction=1,EUtranCellFDD=LTE02ERBS00152-3,EUtranFreqRelation=2,EUtranCellRelation=20" lastModified="1287505443159" mimName="ERBS_NODE_MODEL" mimVersion="A.9.50.J.9.1">
    <attr name="isRemoveAllowed">false</attr>
    <attr name="neighborCellRef">SubNetwork=ONRM_RootMo_R,MeContext=LTE02ERBS00152,ManagedElement=1,ENodeBFunction=1,EUtraNetwork=1,ExternalENodeBFunction=314,ExternalEUtranCellFDD=3</attr>
    <attr name="anrCreated">false</attr>
    <attr name="isHoAllowed">true</attr>
  </mo>
  <mo fdn="SubNetwork=ONRM_RootMo_R,MeContext=LTE02ERBS00152,ManagedElement=1,ENodeBFunction=1,EUtranCellFDD=LTE02ERBS00152-3,EUtranFreqRelation=2,EUtranCellRelation=21" lastModified="1287505443157" mimName="ERBS_NODE_MODEL" mimVersion="A.9.50.J.9.1">
    <attr name="isRemoveAllowed">false</attr>
    <attr name="neighborCellRef">SubNetwork=ONRM_RootMo_R,MeContext=LTE02ERBS00152,ManagedElement=1,ENodeBFunction=1,EUtraNetwork=1,ExternalENodeBFunction=314,ExternalEUtranCellFDD=4</attr>
    <attr name="anrCreated">false</attr>
    <attr name="isHoAllowed">true</attr>
  </mo>
  <mo fdn="SubNetwork=ONRM_RootMo_R,MeContext=LTE02ERBS00152,ManagedElement=1,ENodeBFunction=1,EUtranCellFDD=LTE02ERBS00152-3,EUtranFreqRelation=2,EUtranCellRelation=24" lastModified="1287505443150" mimName="ERBS_NODE_MODEL" mimVersion="A.9.50.J.9.1">
    <attr name="isRemoveAllowed">false</attr>
    <attr name="neighborCellRef">SubNetwork=ONRM_RootMo_R,MeContext=LTE02ERBS00152,ManagedElement=1,ENodeBFunction=1,EUtraNetwork=1,ExternalENodeBFunction=316,ExternalEUtranCellFDD=3</attr>
    <attr name="anrCreated">false</attr>
    <attr name="isHoAllowed">true</attr>
  </mo>
  <mo fdn="SubNetwork=ONRM_RootMo_R,MeContext=LTE02ERBS00152,ManagedElement=1,ENodeBFunction=1,EUtranCellFDD=LTE02ERBS00152-3,EUtranFreqRelation=2,EUtranCellRelation=25" lastModified="1287505443148" mimName="ERBS_NODE_MODEL" mimVersion="A.9.50.J.9.1">
    <attr name="isRemoveAllowed">false</attr>
    <attr name="neighborCellRef">SubNetwork=ONRM_RootMo_R,MeContext=LTE02ERBS00152,ManagedElement=1,ENodeBFunction=1,EUtraNetwork=1,ExternalENodeBFunction=316,ExternalEUtranCellFDD=4</attr>
    <attr name="anrCreated">false</attr>
    <attr name="isHoAllowed">true</attr>
  </mo>
  <mo fdn="SubNetwork=ONRM_RootMo_R,MeContext=LTE02ERBS00152,ManagedElement=1,ENodeBFunction=1,EUtranCellFDD=LTE02ERBS00152-3,EUtranFreqRelation=2,EUtranCellRelation=28" lastModified="1287505443168" mimName="ERBS_NODE_MODEL" mimVersion="A.9.50.J.9.1">
    <attr name="isRemoveAllowed">false</attr>
    <attr name="neighborCellRef">SubNetwork=ONRM_RootMo_R,MeContext=LTE02ERBS00152,ManagedElement=1,ENodeBFunction=1,EUtraNetwork=1,ExternalENodeBFunction=318,ExternalEUtranCellFDD=3</attr>
    <attr name="anrCreated">false</attr>
    <attr name="isHoAllowed">true</attr>
  </mo>
  <mo fdn="SubNetwork=ONRM_RootMo_R,MeContext=LTE02ERBS00152,ManagedElement=1,ENodeBFunction=1,EUtranCellFDD=LTE02ERBS00152-3,EUtranFreqRelation=2,EUtranCellRelation=29" lastModified="1287505443166" mimName="ERBS_NODE_MODEL" mimVersion="A.9.50.J.9.1">
    <attr name="isRemoveAllowed">false</attr>
    <attr name="neighborCellRef">SubNetwork=ONRM_RootMo_R,MeContext=LTE02ERBS00152,ManagedElement=1,ENodeBFunction=1,EUtraNetwork=1,ExternalENodeBFunction=318,ExternalEUtranCellFDD=4</attr>
    <attr name="anrCreated">false</attr>
    <attr name="isHoAllowed">true</attr>
  </mo>
  <mo fdn="SubNetwork=ONRM_RootMo_R,MeContext=LTE02ERBS00152,ManagedElement=1,ENodeBFunction=1,EUtranCellFDD=LTE02ERBS00152-3,EUtranFreqRelation=2,EUtranCellRelation=3" lastModified="1287501621907" mimName="ERBS_NODE_MODEL" mimVersion="A.9.50.J.9.1">
    <attr name="isRemoveAllowed">false</attr>
    <attr name="neighborCellRef">SubNetwork=ONRM_RootMo_R,MeContext=LTE02ERBS00152,ManagedElement=1,ENodeBFunction=1,EUtranCellFDD=LTE02ERBS00152-4</attr>
    <attr name="anrCreated">false</attr>
    <attr name="isHoAllowed">true</attr>
  </mo>
  <mo fdn="SubNetwork=ONRM_RootMo_R,MeContext=LTE02ERBS00152,ManagedElement=1,ENodeBFunction=1,EUtranCellFDD=LTE02ERBS00152-3,EUtranFreqRelation=2,EUtranCellRelation=32" lastModified="1287505443147" mimName="ERBS_NODE_MODEL" mimVersion="A.9.50.J.9.1">
    <attr name="isRemoveAllowed">false</attr>
    <attr name="neighborCellRef">SubNetwork=ONRM_RootMo_R,MeContext=LTE02ERBS00152,ManagedElement=1,ENodeBFunction=1,EUtraNetwork=1,ExternalENodeBFunction=320,ExternalEUtranCellFDD=3</attr>
    <attr name="anrCreated">false</attr>
    <attr name="isHoAllowed">true</attr>
  </mo>
  <mo fdn="SubNetwork=ONRM_RootMo_R,MeContext=LTE02ERBS00152,ManagedElement=1,ENodeBFunction=1,EUtranCellFDD=LTE02ERBS00152-3,EUtranFreqRelation=2,EUtranCellRelation=33" lastModified="1287505443160" mimName="ERBS_NODE_MODEL" mimVersion="A.9.50.J.9.1">
    <attr name="isRemoveAllowed">false</attr>
    <attr name="neighborCellRef">SubNetwork=ONRM_RootMo_R,MeContext=LTE02ERBS00152,ManagedElement=1,ENodeBFunction=1,EUtraNetwork=1,ExternalENodeBFunction=320,ExternalEUtranCellFDD=4</attr>
    <attr name="anrCreated">false</attr>
    <attr name="isHoAllowed">true</attr>
  </mo>
  <mo fdn="SubNetwork=ONRM_RootMo_R,MeContext=LTE02ERBS00152,ManagedElement=1,ENodeBFunction=1,EUtranCellFDD=LTE02ERBS00152-3,EUtranFreqRelation=2,EUtranCellRelation=6" lastModified="1287505443162" mimName="ERBS_NODE_MODEL" mimVersion="A.9.50.J.9.1">
    <attr name="isRemoveAllowed">false</attr>
    <attr name="neighborCellRef">SubNetwork=ONRM_RootMo_R,MeContext=LTE02ERBS00152,ManagedElement=1,ENodeBFunction=1,EUtraNetwork=1,ExternalENodeBFunction=306,ExternalEUtranCellFDD=3</attr>
    <attr name="anrCreated">false</attr>
    <attr name="isHoAllowed">true</attr>
  </mo>
  <mo fdn="SubNetwork=ONRM_RootMo_R,MeContext=LTE02ERBS00152,ManagedElement=1,ENodeBFunction=1,EUtranCellFDD=LTE02ERBS00152-3,EUtranFreqRelation=2,EUtranCellRelation=7" lastModified="1287505443164" mimName="ERBS_NODE_MODEL" mimVersion="A.9.50.J.9.1">
    <attr name="isRemoveAllowed">false</attr>
    <attr name="neighborCellRef">SubNetwork=ONRM_RootMo_R,MeContext=LTE02ERBS00152,ManagedElement=1,ENodeBFunction=1,EUtraNetwork=1,ExternalENodeBFunction=306,ExternalEUtranCellFDD=4</attr>
    <attr name="anrCreated">false</attr>
    <attr name="isHoAllowed">true</attr>
  </mo>
  <mo fdn="SubNetwork=ONRM_RootMo_R,MeContext=LTE02ERBS00152,ManagedElement=1,ENodeBFunction=1,EUtranCellFDD=LTE02ERBS00152-4" lastModified="1287512232716" mimName="ERBS_NODE_MODEL" mimVersion="A.9.50.J.9.1">
    <attr name="EUtranCellFDDId">LTE02ERBS00152-4</attr>
    <attr name="earfcnul">18000</attr>
    <attr name="cellId">4</attr>
    <attr name="tac">1</attr>
    <attr name="bPlmnList">
      <seq count="1">
        <item>
          <struct>
            <attr name="mcc">311</attr>
            <attr name="mnc">480</attr>
            <attr name="mncLength">2</attr>
          </struct>
        </item>
      </seq>
    </attr>
    <attr name="earfcndl">0</attr>
    <attr name="userLabel">LTE02ERBS00152-4</attr>
  </mo>
  <mo fdn="SubNetwork=ONRM_RootMo_R,MeContext=LTE02ERBS00152,ManagedElement=1,ENodeBFunction=1,EUtranCellFDD=LTE02ERBS00152-4,EUtranFreqRelation=1,EUtranCellRelation=12" lastModified="1287505444130" mimName="ERBS_NODE_MODEL" mimVersion="A.9.50.J.9.1">
    <attr name="isRemoveAllowed">false</attr>
    <attr name="neighborCellRef">SubNetwork=ONRM_RootMo_R,MeContext=LTE02ERBS00152,ManagedElement=1,ENodeBFunction=1,EUtraNetwork=1,ExternalENodeBFunction=309,ExternalEUtranCellFDD=3</attr>
    <attr name="anrCreated">false</attr>
    <attr name="isHoAllowed">true</attr>
  </mo>
  <mo fdn="SubNetwork=ONRM_RootMo_R,MeContext=LTE02ERBS00152,ManagedElement=1,ENodeBFunction=1,EUtranCellFDD=LTE02ERBS00152-4,EUtranFreqRelation=1,EUtranCellRelation=13" lastModified="1287505444127" mimName="ERBS_NODE_MODEL" mimVersion="A.9.50.J.9.1">
    <attr name="isRemoveAllowed">false</attr>
    <attr name="neighborCellRef">SubNetwork=ONRM_RootMo_R,MeContext=LTE02ERBS00152,ManagedElement=1,ENodeBFunction=1,EUtraNetwork=1,ExternalENodeBFunction=309,ExternalEUtranCellFDD=4</attr>
    <attr name="anrCreated">false</attr>
    <attr name="isHoAllowed">true</attr>
  </mo>
  <mo fdn="SubNetwork=ONRM_RootMo_R,MeContext=LTE02ERBS00152,ManagedElement=1,ENodeBFunction=1,EUtranCellFDD=LTE02ERBS00152-4,EUtranFreqRelation=1,EUtranCellRelation=16" lastModified="1287505444138" mimName="ERBS_NODE_MODEL" mimVersion="A.9.50.J.9.1">
    <attr name="isRemoveAllowed">false</attr>
    <attr name="neighborCellRef">SubNetwork=ONRM_RootMo_R,MeContext=LTE02ERBS00152,ManagedElement=1,ENodeBFunction=1,EUtraNetwork=1,ExternalENodeBFunction=311,ExternalEUtranCellFDD=3</attr>
    <attr name="anrCreated">false</attr>
    <attr name="isHoAllowed">true</attr>
  </mo>
  <mo fdn="SubNetwork=ONRM_RootMo_R,MeContext=LTE02ERBS00152,ManagedElement=1,ENodeBFunction=1,EUtranCellFDD=LTE02ERBS00152-4,EUtranFreqRelation=1,EUtranCellRelation=17" lastModified="1287505444136" mimName="ERBS_NODE_MODEL" mimVersion="A.9.50.J.9.1">
    <attr name="isRemoveAllowed">false</attr>
    <attr name="neighborCellRef">SubNetwork=ONRM_RootMo_R,MeContext=LTE02ERBS00152,ManagedElement=1,ENodeBFunction=1,EUtraNetwork=1,ExternalENodeBFunction=311,ExternalEUtranCellFDD=4</attr>
    <attr name="anrCreated">false</attr>
    <attr name="isHoAllowed">true</attr>
  </mo>
  <mo fdn="SubNetwork=ONRM_RootMo_R,MeContext=LTE02ERBS00152,ManagedElement=1,ENodeBFunction=1,EUtranCellFDD=LTE02ERBS00152-4,EUtranFreqRelation=1,EUtranCellRelation=18" lastModified="1287505444134" mimName="ERBS_NODE_MODEL" mimVersion="A.9.50.J.9.1">
    <attr name="isRemoveAllowed">false</attr>
    <attr name="neighborCellRef">SubNetwork=ONRM_RootMo_R,MeContext=LTE02ERBS00152,ManagedElement=1,ENodeBFunction=1,EUtraNetwork=1,ExternalENodeBFunction=313,ExternalEUtranCellFDD=3</attr>
    <attr name="anrCreated">false</attr>
    <attr name="isHoAllowed">true</attr>
  </mo>
  <mo fdn="SubNetwork=ONRM_RootMo_R,MeContext=LTE02ERBS00152,ManagedElement=1,ENodeBFunction=1,EUtranCellFDD=LTE02ERBS00152-4,EUtranFreqRelation=1,EUtranCellRelation=19" lastModified="1287505444133" mimName="ERBS_NODE_MODEL" mimVersion="A.9.50.J.9.1">
    <attr name="isRemoveAllowed">false</attr>
    <attr name="neighborCellRef">SubNetwork=ONRM_RootMo_R,MeContext=LTE02ERBS00152,ManagedElement=1,ENodeBFunction=1,EUtraNetwork=1,ExternalENodeBFunction=313,ExternalEUtranCellFDD=4</attr>
    <attr name="anrCreated">false</attr>
    <attr name="isHoAllowed">true</attr>
  </mo>
  <mo fdn="SubNetwork=ONRM_RootMo_R,MeContext=LTE02ERBS00152,ManagedElement=1,ENodeBFunction=1,EUtranCellFDD=LTE02ERBS00152-4,EUtranFreqRelation=1,EUtranCellRelation=22" lastModified="1287505444128" mimName="ERBS_NODE_MODEL" mimVersion="A.9.50.J.9.1">
    <attr name="isRemoveAllowed">false</attr>
    <attr name="neighborCellRef">SubNetwork=ONRM_RootMo_R,MeContext=LTE02ERBS00152,ManagedElement=1,ENodeBFunction=1,EUtraNetwork=1,ExternalENodeBFunction=315,ExternalEUtranCellFDD=3</attr>
    <attr name="anrCreated">false</attr>
    <attr name="isHoAllowed">true</attr>
  </mo>
  <mo fdn="SubNetwork=ONRM_RootMo_R,MeContext=LTE02ERBS00152,ManagedElement=1,ENodeBFunction=1,EUtranCellFDD=LTE02ERBS00152-4,EUtranFreqRelation=1,EUtranCellRelation=23" lastModified="1287505444126" mimName="ERBS_NODE_MODEL" mimVersion="A.9.50.J.9.1">
    <attr name="isRemoveAllowed">false</attr>
    <attr name="neighborCellRef">SubNetwork=ONRM_RootMo_R,MeContext=LTE02ERBS00152,ManagedElement=1,ENodeBFunction=1,EUtraNetwork=1,ExternalENodeBFunction=315,ExternalEUtranCellFDD=4</attr>
    <attr name="anrCreated">false</attr>
    <attr name="isHoAllowed">true</attr>
  </mo>
  <mo fdn="SubNetwork=ONRM_RootMo_R,MeContext=LTE02ERBS00152,ManagedElement=1,ENodeBFunction=1,EUtranCellFDD=LTE02ERBS00152-4,EUtranFreqRelation=1,EUtranCellRelation=26" lastModified="1287505444137" mimName="ERBS_NODE_MODEL" mimVersion="A.9.50.J.9.1">
    <attr name="isRemoveAllowed">false</attr>
    <attr name="neighborCellRef">SubNetwork=ONRM_RootMo_R,MeContext=LTE02ERBS00152,ManagedElement=1,ENodeBFunction=1,EUtraNetwork=1,ExternalENodeBFunction=317,ExternalEUtranCellFDD=3</attr>
    <attr name="anrCreated">false</attr>
    <attr name="isHoAllowed">true</attr>
  </mo>
  <mo fdn="SubNetwork=ONRM_RootMo_R,MeContext=LTE02ERBS00152,ManagedElement=1,ENodeBFunction=1,EUtranCellFDD=LTE02ERBS00152-4,EUtranFreqRelation=1,EUtranCellRelation=27" lastModified="1287505444135" mimName="ERBS_NODE_MODEL" mimVersion="A.9.50.J.9.1">
    <attr name="isRemoveAllowed">false</attr>
    <attr name="neighborCellRef">SubNetwork=ONRM_RootMo_R,MeContext=LTE02ERBS00152,ManagedElement=1,ENodeBFunction=1,EUtraNetwork=1,ExternalENodeBFunction=317,ExternalEUtranCellFDD=4</attr>
    <attr name="anrCreated">false</attr>
    <attr name="isHoAllowed">true</attr>
  </mo>
  <mo fdn="SubNetwork=ONRM_RootMo_R,MeContext=LTE02ERBS00152,ManagedElement=1,ENodeBFunction=1,EUtranCellFDD=LTE02ERBS00152-4,EUtranFreqRelation=1,EUtranCellRelation=30" lastModified="1287505444131" mimName="ERBS_NODE_MODEL" mimVersion="A.9.50.J.9.1">
    <attr name="isRemoveAllowed">false</attr>
    <attr name="neighborCellRef">SubNetwork=ONRM_RootMo_R,MeContext=LTE02ERBS00152,ManagedElement=1,ENodeBFunction=1,EUtraNetwork=1,ExternalENodeBFunction=319,ExternalEUtranCellFDD=3</attr>
    <attr name="anrCreated">false</attr>
    <attr name="isHoAllowed">true</attr>
  </mo>
  <mo fdn="SubNetwork=ONRM_RootMo_R,MeContext=LTE02ERBS00152,ManagedElement=1,ENodeBFunction=1,EUtranCellFDD=LTE02ERBS00152-4,EUtranFreqRelation=1,EUtranCellRelation=31" lastModified="1287505444129" mimName="ERBS_NODE_MODEL" mimVersion="A.9.50.J.9.1">
    <attr name="isRemoveAllowed">false</attr>
    <attr name="neighborCellRef">SubNetwork=ONRM_RootMo_R,MeContext=LTE02ERBS00152,ManagedElement=1,ENodeBFunction=1,EUtraNetwork=1,ExternalENodeBFunction=319,ExternalEUtranCellFDD=4</attr>
    <attr name="anrCreated">false</attr>
    <attr name="isHoAllowed">true</attr>
  </mo>
  <mo fdn="SubNetwork=ONRM_RootMo_R,MeContext=LTE02ERBS00152,ManagedElement=1,ENodeBFunction=1,EUtranCellFDD=LTE02ERBS00152-4,EUtranFreqRelation=1,EUtranCellRelation=4" lastModified="1287505444138" mimName="ERBS_NODE_MODEL" mimVersion="A.9.50.J.9.1">
    <attr name="isRemoveAllowed">false</attr>
    <attr name="neighborCellRef">SubNetwork=ONRM_RootMo_R,MeContext=LTE02ERBS00152,ManagedElement=1,ENodeBFunction=1,EUtraNetwork=1,ExternalENodeBFunction=305,ExternalEUtranCellFDD=3</attr>
    <attr name="anrCreated">false</attr>
    <attr name="isHoAllowed">true</attr>
  </mo>
  <mo fdn="SubNetwork=ONRM_RootMo_R,MeContext=LTE02ERBS00152,ManagedElement=1,ENodeBFunction=1,EUtranCellFDD=LTE02ERBS00152-4,EUtranFreqRelation=1,EUtranCellRelation=5" lastModified="1287505444139" mimName="ERBS_NODE_MODEL" mimVersion="A.9.50.J.9.1">
    <attr name="isRemoveAllowed">false</attr>
    <attr name="neighborCellRef">SubNetwork=ONRM_RootMo_R,MeContext=LTE02ERBS00152,ManagedElement=1,ENodeBFunction=1,EUtraNetwork=1,ExternalENodeBFunction=305,ExternalEUtranCellFDD=4</attr>
    <attr name="anrCreated">false</attr>
    <attr name="isHoAllowed">true</attr>
  </mo>
  <mo fdn="SubNetwork=ONRM_RootMo_R,MeContext=LTE02ERBS00152,ManagedElement=1,ENodeBFunction=1,EUtranCellFDD=LTE02ERBS00152-4,EUtranFreqRelation=1,EUtranCellRelation=8" lastModified="1287505444132" mimName="ERBS_NODE_MODEL" mimVersion="A.9.50.J.9.1">
    <attr name="isRemoveAllowed">false</attr>
    <attr name="neighborCellRef">SubNetwork=ONRM_RootMo_R,MeContext=LTE02ERBS00152,ManagedElement=1,ENodeBFunction=1,EUtraNetwork=1,ExternalENodeBFunction=307,ExternalEUtranCellFDD=3</attr>
    <attr name="anrCreated">false</attr>
    <attr name="isHoAllowed">true</attr>
  </mo>
  <mo fdn="SubNetwork=ONRM_RootMo_R,MeContext=LTE02ERBS00152,ManagedElement=1,ENodeBFunction=1,EUtranCellFDD=LTE02ERBS00152-4,EUtranFreqRelation=1,EUtranCellRelation=9" lastModified="1287505444132" mimName="ERBS_NODE_MODEL" mimVersion="A.9.50.J.9.1">
    <attr name="isRemoveAllowed">false</attr>
    <attr name="neighborCellRef">SubNetwork=ONRM_RootMo_R,MeContext=LTE02ERBS00152,ManagedElement=1,ENodeBFunction=1,EUtraNetwork=1,ExternalENodeBFunction=307,ExternalEUtranCellFDD=4</attr>
    <attr name="anrCreated">false</attr>
    <attr name="isHoAllowed">true</attr>
  </mo>
  <mo fdn="SubNetwork=ONRM_RootMo_R,MeContext=LTE02ERBS00152,ManagedElement=1,ENodeBFunction=1,EUtranCellFDD=LTE02ERBS00152-4,EUtranFreqRelation=2,EUtranCellRelation=1" lastModified="1287501621869" mimName="ERBS_NODE_MODEL" mimVersion="A.9.50.J.9.1">
    <attr name="isRemoveAllowed">false</attr>
    <attr name="neighborCellRef">SubNetwork=ONRM_RootMo_R,MeContext=LTE02ERBS00152,ManagedElement=1,ENodeBFunction=1,EUtranCellFDD=LTE02ERBS00152-1</attr>
    <attr name="anrCreated">false</attr>
    <attr name="isHoAllowed">true</attr>
  </mo>
  <mo fdn="SubNetwork=ONRM_RootMo_R,MeContext=LTE02ERBS00152,ManagedElement=1,ENodeBFunction=1,EUtranCellFDD=LTE02ERBS00152-4,EUtranFreqRelation=2,EUtranCellRelation=10" lastModified="1287505444115" mimName="ERBS_NODE_MODEL" mimVersion="A.9.50.J.9.1">
    <attr name="isRemoveAllowed">false</attr>
    <attr name="neighborCellRef">SubNetwork=ONRM_RootMo_R,MeContext=LTE02ERBS00152,ManagedElement=1,ENodeBFunction=1,EUtraNetwork=1,ExternalENodeBFunction=308,ExternalEUtranCellFDD=3</attr>
    <attr name="anrCreated">false</attr>
    <attr name="isHoAllowed">true</attr>
  </mo>
  <mo fdn="SubNetwork=ONRM_RootMo_R,MeContext=LTE02ERBS00152,ManagedElement=1,ENodeBFunction=1,EUtranCellFDD=LTE02ERBS00152-4,EUtranFreqRelation=2,EUtranCellRelation=11" lastModified="1287505444114" mimName="ERBS_NODE_MODEL" mimVersion="A.9.50.J.9.1">
    <attr name="isRemoveAllowed">false</attr>
    <attr name="neighborCellRef">SubNetwork=ONRM_RootMo_R,MeContext=LTE02ERBS00152,ManagedElement=1,ENodeBFunction=1,EUtraNetwork=1,ExternalENodeBFunction=308,ExternalEUtranCellFDD=4</attr>
    <attr name="anrCreated">false</attr>
    <attr name="isHoAllowed">true</attr>
  </mo>
  <mo fdn="SubNetwork=ONRM_RootMo_R,MeContext=LTE02ERBS00152,ManagedElement=1,ENodeBFunction=1,EUtranCellFDD=LTE02ERBS00152-4,EUtranFreqRelation=2,EUtranCellRelation=14" lastModified="1287505444105" mimName="ERBS_NODE_MODEL" mimVersion="A.9.50.J.9.1">
    <attr name="isRemoveAllowed">false</attr>
    <attr name="neighborCellRef">SubNetwork=ONRM_RootMo_R,MeContext=LTE02ERBS00152,ManagedElement=1,ENodeBFunction=1,EUtraNetwork=1,ExternalENodeBFunction=310,ExternalEUtranCellFDD=3</attr>
    <attr name="anrCreated">false</attr>
    <attr name="isHoAllowed">true</attr>
  </mo>
  <mo fdn="SubNetwork=ONRM_RootMo_R,MeContext=LTE02ERBS00152,ManagedElement=1,ENodeBFunction=1,EUtranCellFDD=LTE02ERBS00152-4,EUtranFreqRelation=2,EUtranCellRelation=15" lastModified="1287505444123" mimName="ERBS_NODE_MODEL" mimVersion="A.9.50.J.9.1">
    <attr name="isRemoveAllowed">false</attr>
    <attr name="neighborCellRef">SubNetwork=ONRM_RootMo_R,MeContext=LTE02ERBS00152,ManagedElement=1,ENodeBFunction=1,EUtraNetwork=1,ExternalENodeBFunction=310,ExternalEUtranCellFDD=4</attr>
    <attr name="anrCreated">false</attr>
    <attr name="isHoAllowed">true</attr>
  </mo>
  <mo fdn="SubNetwork=ONRM_RootMo_R,MeContext=LTE02ERBS00152,ManagedElement=1,ENodeBFunction=1,EUtranCellFDD=LTE02ERBS00152-4,EUtranFreqRelation=2,EUtranCellRelation=2" lastModified="1287501621866" mimName="ERBS_NODE_MODEL" mimVersion="A.9.50.J.9.1">
    <attr name="isRemoveAllowed">false</attr>
    <attr name="neighborCellRef">SubNetwork=ONRM_RootMo_R,MeContext=LTE02ERBS00152,ManagedElement=1,ENodeBFunction=1,EUtranCellFDD=LTE02ERBS00152-2</attr>
    <attr name="anrCreated">false</attr>
    <attr name="isHoAllowed">true</attr>
  </mo>
  <mo fdn="SubNetwork=ONRM_RootMo_R,MeContext=LTE02ERBS00152,ManagedElement=1,ENodeBFunction=1,EUtranCellFDD=LTE02ERBS00152-4,EUtranFreqRelation=2,EUtranCellRelation=20" lastModified="1287505444117" mimName="ERBS_NODE_MODEL" mimVersion="A.9.50.J.9.1">
    <attr name="isRemoveAllowed">false</attr>
    <attr name="neighborCellRef">SubNetwork=ONRM_RootMo_R,MeContext=LTE02ERBS00152,ManagedElement=1,ENodeBFunction=1,EUtraNetwork=1,ExternalENodeBFunction=314,ExternalEUtranCellFDD=3</attr>
    <attr name="anrCreated">false</attr>
    <attr name="isHoAllowed">true</attr>
  </mo>
  <mo fdn="SubNetwork=ONRM_RootMo_R,MeContext=LTE02ERBS00152,ManagedElement=1,ENodeBFunction=1,EUtranCellFDD=LTE02ERBS00152-4,EUtranFreqRelation=2,EUtranCellRelation=21" lastModified="1287505444116" mimName="ERBS_NODE_MODEL" mimVersion="A.9.50.J.9.1">
    <attr name="isRemoveAllowed">false</attr>
    <attr name="neighborCellRef">SubNetwork=ONRM_RootMo_R,MeContext=LTE02ERBS00152,ManagedElement=1,ENodeBFunction=1,EUtraNetwork=1,ExternalENodeBFunction=314,ExternalEUtranCellFDD=4</attr>
    <attr name="anrCreated">false</attr>
    <attr name="isHoAllowed">true</attr>
  </mo>
  <mo fdn="SubNetwork=ONRM_RootMo_R,MeContext=LTE02ERBS00152,ManagedElement=1,ENodeBFunction=1,EUtranCellFDD=LTE02ERBS00152-4,EUtranFreqRelation=2,EUtranCellRelation=24" lastModified="1287505444113" mimName="ERBS_NODE_MODEL" mimVersion="A.9.50.J.9.1">
    <attr name="isRemoveAllowed">false</attr>
    <attr name="neighborCellRef">SubNetwork=ONRM_RootMo_R,MeContext=LTE02ERBS00152,ManagedElement=1,ENodeBFunction=1,EUtraNetwork=1,ExternalENodeBFunction=316,ExternalEUtranCellFDD=3</attr>
    <attr name="anrCreated">false</attr>
    <attr name="isHoAllowed">true</attr>
  </mo>
  <mo fdn="SubNetwork=ONRM_RootMo_R,MeContext=LTE02ERBS00152,ManagedElement=1,ENodeBFunction=1,EUtranCellFDD=LTE02ERBS00152-4,EUtranFreqRelation=2,EUtranCellRelation=25" lastModified="1287505444111" mimName="ERBS_NODE_MODEL" mimVersion="A.9.50.J.9.1">
    <attr name="isRemoveAllowed">false</attr>
    <attr name="neighborCellRef">SubNetwork=ONRM_RootMo_R,MeContext=LTE02ERBS00152,ManagedElement=1,ENodeBFunction=1,EUtraNetwork=1,ExternalENodeBFunction=316,ExternalEUtranCellFDD=4</attr>
    <attr name="anrCreated">false</attr>
    <attr name="isHoAllowed">true</attr>
  </mo>
  <mo fdn="SubNetwork=ONRM_RootMo_R,MeContext=LTE02ERBS00152,ManagedElement=1,ENodeBFunction=1,EUtranCellFDD=LTE02ERBS00152-4,EUtranFreqRelation=2,EUtranCellRelation=28" lastModified="1287505444122" mimName="ERBS_NODE_MODEL" mimVersion="A.9.50.J.9.1">
    <attr name="isRemoveAllowed">false</attr>
    <attr name="neighborCellRef">SubNetwork=ONRM_RootMo_R,MeContext=LTE02ERBS00152,ManagedElement=1,ENodeBFunction=1,EUtraNetwork=1,ExternalENodeBFunction=318,ExternalEUtranCellFDD=3</attr>
    <attr name="anrCreated">false</attr>
    <attr name="isHoAllowed">true</attr>
  </mo>
  <mo fdn="SubNetwork=ONRM_RootMo_R,MeContext=LTE02ERBS00152,ManagedElement=1,ENodeBFunction=1,EUtranCellFDD=LTE02ERBS00152-4,EUtranFreqRelation=2,EUtranCellRelation=29" lastModified="1287505444121" mimName="ERBS_NODE_MODEL" mimVersion="A.9.50.J.9.1">
    <attr name="isRemoveAllowed">false</attr>
    <attr name="neighborCellRef">SubNetwork=ONRM_RootMo_R,MeContext=LTE02ERBS00152,ManagedElement=1,ENodeBFunction=1,EUtraNetwork=1,ExternalENodeBFunction=318,ExternalEUtranCellFDD=4</attr>
    <attr name="anrCreated">false</attr>
    <attr name="isHoAllowed">true</attr>
  </mo>
  <mo fdn="SubNetwork=ONRM_RootMo_R,MeContext=LTE02ERBS00152,ManagedElement=1,ENodeBFunction=1,EUtranCellFDD=LTE02ERBS00152-4,EUtranFreqRelation=2,EUtranCellRelation=3" lastModified="1287501631197" mimName="ERBS_NODE_MODEL" mimVersion="A.9.50.J.9.1">
    <attr name="isRemoveAllowed">false</attr>
    <attr name="neighborCellRef">SubNetwork=ONRM_RootMo_R,MeContext=LTE02ERBS00152,ManagedElement=1,ENodeBFunction=1,EUtranCellFDD=LTE02ERBS00152-3</attr>
    <attr name="anrCreated">false</attr>
    <attr name="isHoAllowed">true</attr>
  </mo>
  <mo fdn="SubNetwork=ONRM_RootMo_R,MeContext=LTE02ERBS00152,ManagedElement=1,ENodeBFunction=1,EUtranCellFDD=LTE02ERBS00152-4,EUtranFreqRelation=2,EUtranCellRelation=32" lastModified="1287505444108" mimName="ERBS_NODE_MODEL" mimVersion="A.9.50.J.9.1">
    <attr name="isRemoveAllowed">false</attr>
    <attr name="neighborCellRef">SubNetwork=ONRM_RootMo_R,MeContext=LTE02ERBS00152,ManagedElement=1,ENodeBFunction=1,EUtraNetwork=1,ExternalENodeBFunction=320,ExternalEUtranCellFDD=3</attr>
    <attr name="anrCreated">false</attr>
    <attr name="isHoAllowed">true</attr>
  </mo>
  <mo fdn="SubNetwork=ONRM_RootMo_R,MeContext=LTE02ERBS00152,ManagedElement=1,ENodeBFunction=1,EUtranCellFDD=LTE02ERBS00152-4,EUtranFreqRelation=2,EUtranCellRelation=33" lastModified="1287505444118" mimName="ERBS_NODE_MODEL" mimVersion="A.9.50.J.9.1">
    <attr name="isRemoveAllowed">false</attr>
    <attr name="neighborCellRef">SubNetwork=ONRM_RootMo_R,MeContext=LTE02ERBS00152,ManagedElement=1,ENodeBFunction=1,EUtraNetwork=1,ExternalENodeBFunction=320,ExternalEUtranCellFDD=4</attr>
    <attr name="anrCreated">false</attr>
    <attr name="isHoAllowed">true</attr>
  </mo>
  <mo fdn="SubNetwork=ONRM_RootMo_R,MeContext=LTE02ERBS00152,ManagedElement=1,ENodeBFunction=1,EUtranCellFDD=LTE02ERBS00152-4,EUtranFreqRelation=2,EUtranCellRelation=6" lastModified="1287505444119" mimName="ERBS_NODE_MODEL" mimVersion="A.9.50.J.9.1">
    <attr name="isRemoveAllowed">false</attr>
    <attr name="neighborCellRef">SubNetwork=ONRM_RootMo_R,MeContext=LTE02ERBS00152,ManagedElement=1,ENodeBFunction=1,EUtraNetwork=1,ExternalENodeBFunction=306,ExternalEUtranCellFDD=3</attr>
    <attr name="anrCreated">false</attr>
    <attr name="isHoAllowed">true</attr>
  </mo>
  <mo fdn="SubNetwork=ONRM_RootMo_R,MeContext=LTE02ERBS00152,ManagedElement=1,ENodeBFunction=1,EUtranCellFDD=LTE02ERBS00152-4,EUtranFreqRelation=2,EUtranCellRelation=7" lastModified="1287505444120" mimName="ERBS_NODE_MODEL" mimVersion="A.9.50.J.9.1">
    <attr name="isRemoveAllowed">false</attr>
    <attr name="neighborCellRef">SubNetwork=ONRM_RootMo_R,MeContext=LTE02ERBS00152,ManagedElement=1,ENodeBFunction=1,EUtraNetwork=1,ExternalENodeBFunction=306,ExternalEUtranCellFDD=4</attr>
    <attr name="anrCreated">false</attr>
    <attr name="isHoAllowed">true</attr>
  </mo>
</model>
