<?xml version="1.0" encoding="UTF-8" standalone="no"?><!-- Generated by nmsadm --><!-- Generated on Thu Oct 28 14:36:21 BST 2010 --><!-- Generated from configuration valid --><!-- Query - Base MO SubNetwork=ONRM_RootMo_R,MeContext=LTE01ERBS00131; Scope 8 --><model>
  <mo fdn="SubNetwork=ONRM_RootMo_R,MeContext=LTE01ERBS00131" lastModified="1287512125313" mimName="ERBS_NODE_MODEL" mimVersion="A.9.50.J.9.1">
    <attr name="MeContextId">LTE01ERBS00131</attr>
    <attr name="neMIMversion">vA.9.40</attr>
    <attr name="siteRef">SubNetwork=ONRM_RootMo_R,Site=LTE01ERBS00131</attr>
    <attr name="userLabel">LTE01ERBS00131</attr>
  </mo>
  <mo fdn="SubNetwork=ONRM_RootMo_R,MeContext=LTE01ERBS00131,ManagedElement=1,ENodeBFunction=1" lastModified="1287501232791" mimName="ERBS_NODE_MODEL" mimVersion="A.9.50.J.9.1">
    <attr name="eNodeBPlmnId">
      <struct>
        <attr name="mcc">311</attr>
        <attr name="mnc">480</attr>
        <attr name="mncLength">2</attr>
      </struct>
    </attr>
    <attr name="eNBId">190017</attr>
  </mo>
  <mo fdn="SubNetwork=ONRM_RootMo_R,MeContext=LTE01ERBS00131,ManagedElement=1,ENodeBFunction=1,EUtranCellFDD=LTE01ERBS00131-1" lastModified="1287512118531" mimName="ERBS_NODE_MODEL" mimVersion="A.9.50.J.9.1">
    <attr name="EUtranCellFDDId">LTE01ERBS00131-1</attr>
    <attr name="earfcnul">18000</attr>
    <attr name="cellId">1</attr>
    <attr name="tac">48650</attr>
    <attr name="bPlmnList">
      <seq count="1">
        <item>
          <struct>
            <attr name="mcc">311</attr>
            <attr name="mnc">480</attr>
            <attr name="mncLength">2</attr>
          </struct>
        </item>
      </seq>
    </attr>
    <attr name="earfcndl">0</attr>
    <attr name="userLabel">LTE01ERBS00131-1</attr>
  </mo>
  <mo fdn="SubNetwork=ONRM_RootMo_R,MeContext=LTE01ERBS00131,ManagedElement=1,ENodeBFunction=1,EUtranCellFDD=LTE01ERBS00131-1,EUtranFreqRelation=1,EUtranCellRelation=1" lastModified="1287501228082" mimName="ERBS_NODE_MODEL" mimVersion="A.9.50.J.9.1">
    <attr name="isRemoveAllowed">false</attr>
    <attr name="neighborCellRef">SubNetwork=ONRM_RootMo_R,MeContext=LTE01ERBS00131,ManagedElement=1,ENodeBFunction=1,EUtranCellFDD=LTE01ERBS00131-2</attr>
    <attr name="anrCreated">false</attr>
    <attr name="isHoAllowed">true</attr>
  </mo>
  <mo fdn="SubNetwork=ONRM_RootMo_R,MeContext=LTE01ERBS00131,ManagedElement=1,ENodeBFunction=1,EUtranCellFDD=LTE01ERBS00131-1,EUtranFreqRelation=1,EUtranCellRelation=10" lastModified="1287504988813" mimName="ERBS_NODE_MODEL" mimVersion="A.9.50.J.9.1">
    <attr name="isRemoveAllowed">false</attr>
    <attr name="neighborCellRef">SubNetwork=ONRM_RootMo_R,MeContext=LTE01ERBS00131,ManagedElement=1,ENodeBFunction=1,EUtraNetwork=1,ExternalENodeBFunction=133,ExternalEUtranCellFDD=1</attr>
    <attr name="anrCreated">false</attr>
    <attr name="isHoAllowed">true</attr>
  </mo>
  <mo fdn="SubNetwork=ONRM_RootMo_R,MeContext=LTE01ERBS00131,ManagedElement=1,ENodeBFunction=1,EUtranCellFDD=LTE01ERBS00131-1,EUtranFreqRelation=1,EUtranCellRelation=11" lastModified="1287504988812" mimName="ERBS_NODE_MODEL" mimVersion="A.9.50.J.9.1">
    <attr name="isRemoveAllowed">false</attr>
    <attr name="neighborCellRef">SubNetwork=ONRM_RootMo_R,MeContext=LTE01ERBS00131,ManagedElement=1,ENodeBFunction=1,EUtraNetwork=1,ExternalENodeBFunction=133,ExternalEUtranCellFDD=2</attr>
    <attr name="anrCreated">false</attr>
    <attr name="isHoAllowed">true</attr>
  </mo>
  <mo fdn="SubNetwork=ONRM_RootMo_R,MeContext=LTE01ERBS00131,ManagedElement=1,ENodeBFunction=1,EUtranCellFDD=LTE01ERBS00131-1,EUtranFreqRelation=1,EUtranCellRelation=14" lastModified="1287504988803" mimName="ERBS_NODE_MODEL" mimVersion="A.9.50.J.9.1">
    <attr name="isRemoveAllowed">false</attr>
    <attr name="neighborCellRef">SubNetwork=ONRM_RootMo_R,MeContext=LTE01ERBS00131,ManagedElement=1,ENodeBFunction=1,EUtraNetwork=1,ExternalENodeBFunction=135,ExternalEUtranCellFDD=1</attr>
    <attr name="anrCreated">false</attr>
    <attr name="isHoAllowed">true</attr>
  </mo>
  <mo fdn="SubNetwork=ONRM_RootMo_R,MeContext=LTE01ERBS00131,ManagedElement=1,ENodeBFunction=1,EUtranCellFDD=LTE01ERBS00131-1,EUtranFreqRelation=1,EUtranCellRelation=15" lastModified="1287504988820" mimName="ERBS_NODE_MODEL" mimVersion="A.9.50.J.9.1">
    <attr name="isRemoveAllowed">false</attr>
    <attr name="neighborCellRef">SubNetwork=ONRM_RootMo_R,MeContext=LTE01ERBS00131,ManagedElement=1,ENodeBFunction=1,EUtraNetwork=1,ExternalENodeBFunction=135,ExternalEUtranCellFDD=2</attr>
    <attr name="anrCreated">false</attr>
    <attr name="isHoAllowed">true</attr>
  </mo>
  <mo fdn="SubNetwork=ONRM_RootMo_R,MeContext=LTE01ERBS00131,ManagedElement=1,ENodeBFunction=1,EUtranCellFDD=LTE01ERBS00131-1,EUtranFreqRelation=1,EUtranCellRelation=18" lastModified="1287504988816" mimName="ERBS_NODE_MODEL" mimVersion="A.9.50.J.9.1">
    <attr name="isRemoveAllowed">false</attr>
    <attr name="neighborCellRef">SubNetwork=ONRM_RootMo_R,MeContext=LTE01ERBS00131,ManagedElement=1,ENodeBFunction=1,EUtraNetwork=1,ExternalENodeBFunction=137,ExternalEUtranCellFDD=1</attr>
    <attr name="anrCreated">false</attr>
    <attr name="isHoAllowed">true</attr>
  </mo>
  <mo fdn="SubNetwork=ONRM_RootMo_R,MeContext=LTE01ERBS00131,ManagedElement=1,ENodeBFunction=1,EUtranCellFDD=LTE01ERBS00131-1,EUtranFreqRelation=1,EUtranCellRelation=19" lastModified="1287504988814" mimName="ERBS_NODE_MODEL" mimVersion="A.9.50.J.9.1">
    <attr name="isRemoveAllowed">false</attr>
    <attr name="neighborCellRef">SubNetwork=ONRM_RootMo_R,MeContext=LTE01ERBS00131,ManagedElement=1,ENodeBFunction=1,EUtraNetwork=1,ExternalENodeBFunction=137,ExternalEUtranCellFDD=2</attr>
    <attr name="anrCreated">false</attr>
    <attr name="isHoAllowed">true</attr>
  </mo>
  <mo fdn="SubNetwork=ONRM_RootMo_R,MeContext=LTE01ERBS00131,ManagedElement=1,ENodeBFunction=1,EUtranCellFDD=LTE01ERBS00131-1,EUtranFreqRelation=1,EUtranCellRelation=2" lastModified="1287501228072" mimName="ERBS_NODE_MODEL" mimVersion="A.9.50.J.9.1">
    <attr name="isRemoveAllowed">false</attr>
    <attr name="neighborCellRef">SubNetwork=ONRM_RootMo_R,MeContext=LTE01ERBS00131,ManagedElement=1,ENodeBFunction=1,EUtranCellFDD=LTE01ERBS00131-3</attr>
    <attr name="anrCreated">false</attr>
    <attr name="isHoAllowed">true</attr>
  </mo>
  <mo fdn="SubNetwork=ONRM_RootMo_R,MeContext=LTE01ERBS00131,ManagedElement=1,ENodeBFunction=1,EUtranCellFDD=LTE01ERBS00131-1,EUtranFreqRelation=1,EUtranCellRelation=22" lastModified="1287504988806" mimName="ERBS_NODE_MODEL" mimVersion="A.9.50.J.9.1">
    <attr name="isRemoveAllowed">false</attr>
    <attr name="neighborCellRef">SubNetwork=ONRM_RootMo_R,MeContext=LTE01ERBS00131,ManagedElement=1,ENodeBFunction=1,EUtraNetwork=1,ExternalENodeBFunction=139,ExternalEUtranCellFDD=1</attr>
    <attr name="anrCreated">false</attr>
    <attr name="isHoAllowed">true</attr>
  </mo>
  <mo fdn="SubNetwork=ONRM_RootMo_R,MeContext=LTE01ERBS00131,ManagedElement=1,ENodeBFunction=1,EUtranCellFDD=LTE01ERBS00131-1,EUtranFreqRelation=1,EUtranCellRelation=23" lastModified="1287504988800" mimName="ERBS_NODE_MODEL" mimVersion="A.9.50.J.9.1">
    <attr name="isRemoveAllowed">false</attr>
    <attr name="neighborCellRef">SubNetwork=ONRM_RootMo_R,MeContext=LTE01ERBS00131,ManagedElement=1,ENodeBFunction=1,EUtraNetwork=1,ExternalENodeBFunction=139,ExternalEUtranCellFDD=2</attr>
    <attr name="anrCreated">false</attr>
    <attr name="isHoAllowed">true</attr>
  </mo>
  <mo fdn="SubNetwork=ONRM_RootMo_R,MeContext=LTE01ERBS00131,ManagedElement=1,ENodeBFunction=1,EUtranCellFDD=LTE01ERBS00131-1,EUtranFreqRelation=1,EUtranCellRelation=26" lastModified="1287504988818" mimName="ERBS_NODE_MODEL" mimVersion="A.9.50.J.9.1">
    <attr name="isRemoveAllowed">false</attr>
    <attr name="neighborCellRef">SubNetwork=ONRM_RootMo_R,MeContext=LTE01ERBS00131,ManagedElement=1,ENodeBFunction=1,EUtraNetwork=1,ExternalENodeBFunction=141,ExternalEUtranCellFDD=1</attr>
    <attr name="anrCreated">false</attr>
    <attr name="isHoAllowed">true</attr>
  </mo>
  <mo fdn="SubNetwork=ONRM_RootMo_R,MeContext=LTE01ERBS00131,ManagedElement=1,ENodeBFunction=1,EUtranCellFDD=LTE01ERBS00131-1,EUtranFreqRelation=1,EUtranCellRelation=27" lastModified="1287504988815" mimName="ERBS_NODE_MODEL" mimVersion="A.9.50.J.9.1">
    <attr name="isRemoveAllowed">false</attr>
    <attr name="neighborCellRef">SubNetwork=ONRM_RootMo_R,MeContext=LTE01ERBS00131,ManagedElement=1,ENodeBFunction=1,EUtraNetwork=1,ExternalENodeBFunction=141,ExternalEUtranCellFDD=2</attr>
    <attr name="anrCreated">false</attr>
    <attr name="isHoAllowed">true</attr>
  </mo>
  <mo fdn="SubNetwork=ONRM_RootMo_R,MeContext=LTE01ERBS00131,ManagedElement=1,ENodeBFunction=1,EUtranCellFDD=LTE01ERBS00131-1,EUtranFreqRelation=1,EUtranCellRelation=3" lastModified="1287501228066" mimName="ERBS_NODE_MODEL" mimVersion="A.9.50.J.9.1">
    <attr name="isRemoveAllowed">false</attr>
    <attr name="neighborCellRef">SubNetwork=ONRM_RootMo_R,MeContext=LTE01ERBS00131,ManagedElement=1,ENodeBFunction=1,EUtranCellFDD=LTE01ERBS00131-4</attr>
    <attr name="anrCreated">false</attr>
    <attr name="isHoAllowed">true</attr>
  </mo>
  <mo fdn="SubNetwork=ONRM_RootMo_R,MeContext=LTE01ERBS00131,ManagedElement=1,ENodeBFunction=1,EUtranCellFDD=LTE01ERBS00131-1,EUtranFreqRelation=1,EUtranCellRelation=30" lastModified="1287504988810" mimName="ERBS_NODE_MODEL" mimVersion="A.9.50.J.9.1">
    <attr name="isRemoveAllowed">false</attr>
    <attr name="neighborCellRef">SubNetwork=ONRM_RootMo_R,MeContext=LTE01ERBS00131,ManagedElement=1,ENodeBFunction=1,EUtraNetwork=1,ExternalENodeBFunction=143,ExternalEUtranCellFDD=1</attr>
    <attr name="anrCreated">false</attr>
    <attr name="isHoAllowed">true</attr>
  </mo>
  <mo fdn="SubNetwork=ONRM_RootMo_R,MeContext=LTE01ERBS00131,ManagedElement=1,ENodeBFunction=1,EUtranCellFDD=LTE01ERBS00131-1,EUtranFreqRelation=1,EUtranCellRelation=31" lastModified="1287504988808" mimName="ERBS_NODE_MODEL" mimVersion="A.9.50.J.9.1">
    <attr name="isRemoveAllowed">false</attr>
    <attr name="neighborCellRef">SubNetwork=ONRM_RootMo_R,MeContext=LTE01ERBS00131,ManagedElement=1,ENodeBFunction=1,EUtraNetwork=1,ExternalENodeBFunction=143,ExternalEUtranCellFDD=2</attr>
    <attr name="anrCreated">false</attr>
    <attr name="isHoAllowed">true</attr>
  </mo>
  <mo fdn="SubNetwork=ONRM_RootMo_R,MeContext=LTE01ERBS00131,ManagedElement=1,ENodeBFunction=1,EUtranCellFDD=LTE01ERBS00131-1,EUtranFreqRelation=1,EUtranCellRelation=4" lastModified="1287504988818" mimName="ERBS_NODE_MODEL" mimVersion="A.9.50.J.9.1">
    <attr name="isRemoveAllowed">false</attr>
    <attr name="neighborCellRef">SubNetwork=ONRM_RootMo_R,MeContext=LTE01ERBS00131,ManagedElement=1,ENodeBFunction=1,EUtraNetwork=1,ExternalENodeBFunction=129,ExternalEUtranCellFDD=1</attr>
    <attr name="anrCreated">false</attr>
    <attr name="isHoAllowed">true</attr>
  </mo>
  <mo fdn="SubNetwork=ONRM_RootMo_R,MeContext=LTE01ERBS00131,ManagedElement=1,ENodeBFunction=1,EUtranCellFDD=LTE01ERBS00131-1,EUtranFreqRelation=1,EUtranCellRelation=5" lastModified="1287504988822" mimName="ERBS_NODE_MODEL" mimVersion="A.9.50.J.9.1">
    <attr name="isRemoveAllowed">false</attr>
    <attr name="neighborCellRef">SubNetwork=ONRM_RootMo_R,MeContext=LTE01ERBS00131,ManagedElement=1,ENodeBFunction=1,EUtraNetwork=1,ExternalENodeBFunction=129,ExternalEUtranCellFDD=2</attr>
    <attr name="anrCreated">false</attr>
    <attr name="isHoAllowed">true</attr>
  </mo>
  <mo fdn="SubNetwork=ONRM_RootMo_R,MeContext=LTE01ERBS00131,ManagedElement=1,ENodeBFunction=1,EUtranCellFDD=LTE01ERBS00131-1,EUtranFreqRelation=2,EUtranCellRelation=12" lastModified="1287504988775" mimName="ERBS_NODE_MODEL" mimVersion="A.9.50.J.9.1">
    <attr name="isRemoveAllowed">false</attr>
    <attr name="neighborCellRef">SubNetwork=ONRM_RootMo_R,MeContext=LTE01ERBS00131,ManagedElement=1,ENodeBFunction=1,EUtraNetwork=1,ExternalENodeBFunction=134,ExternalEUtranCellFDD=1</attr>
    <attr name="anrCreated">false</attr>
    <attr name="isHoAllowed">true</attr>
  </mo>
  <mo fdn="SubNetwork=ONRM_RootMo_R,MeContext=LTE01ERBS00131,ManagedElement=1,ENodeBFunction=1,EUtranCellFDD=LTE01ERBS00131-1,EUtranFreqRelation=2,EUtranCellRelation=13" lastModified="1287504988773" mimName="ERBS_NODE_MODEL" mimVersion="A.9.50.J.9.1">
    <attr name="isRemoveAllowed">false</attr>
    <attr name="neighborCellRef">SubNetwork=ONRM_RootMo_R,MeContext=LTE01ERBS00131,ManagedElement=1,ENodeBFunction=1,EUtraNetwork=1,ExternalENodeBFunction=134,ExternalEUtranCellFDD=2</attr>
    <attr name="anrCreated">false</attr>
    <attr name="isHoAllowed">true</attr>
  </mo>
  <mo fdn="SubNetwork=ONRM_RootMo_R,MeContext=LTE01ERBS00131,ManagedElement=1,ENodeBFunction=1,EUtranCellFDD=LTE01ERBS00131-1,EUtranFreqRelation=2,EUtranCellRelation=16" lastModified="1287504988794" mimName="ERBS_NODE_MODEL" mimVersion="A.9.50.J.9.1">
    <attr name="isRemoveAllowed">false</attr>
    <attr name="neighborCellRef">SubNetwork=ONRM_RootMo_R,MeContext=LTE01ERBS00131,ManagedElement=1,ENodeBFunction=1,EUtraNetwork=1,ExternalENodeBFunction=136,ExternalEUtranCellFDD=1</attr>
    <attr name="anrCreated">false</attr>
    <attr name="isHoAllowed">true</attr>
  </mo>
  <mo fdn="SubNetwork=ONRM_RootMo_R,MeContext=LTE01ERBS00131,ManagedElement=1,ENodeBFunction=1,EUtranCellFDD=LTE01ERBS00131-1,EUtranFreqRelation=2,EUtranCellRelation=17" lastModified="1287504988791" mimName="ERBS_NODE_MODEL" mimVersion="A.9.50.J.9.1">
    <attr name="isRemoveAllowed">false</attr>
    <attr name="neighborCellRef">SubNetwork=ONRM_RootMo_R,MeContext=LTE01ERBS00131,ManagedElement=1,ENodeBFunction=1,EUtraNetwork=1,ExternalENodeBFunction=136,ExternalEUtranCellFDD=2</attr>
    <attr name="anrCreated">false</attr>
    <attr name="isHoAllowed">true</attr>
  </mo>
  <mo fdn="SubNetwork=ONRM_RootMo_R,MeContext=LTE01ERBS00131,ManagedElement=1,ENodeBFunction=1,EUtranCellFDD=LTE01ERBS00131-1,EUtranFreqRelation=2,EUtranCellRelation=20" lastModified="1287504988782" mimName="ERBS_NODE_MODEL" mimVersion="A.9.50.J.9.1">
    <attr name="isRemoveAllowed">false</attr>
    <attr name="neighborCellRef">SubNetwork=ONRM_RootMo_R,MeContext=LTE01ERBS00131,ManagedElement=1,ENodeBFunction=1,EUtraNetwork=1,ExternalENodeBFunction=138,ExternalEUtranCellFDD=1</attr>
    <attr name="anrCreated">false</attr>
    <attr name="isHoAllowed">true</attr>
  </mo>
  <mo fdn="SubNetwork=ONRM_RootMo_R,MeContext=LTE01ERBS00131,ManagedElement=1,ENodeBFunction=1,EUtranCellFDD=LTE01ERBS00131-1,EUtranFreqRelation=2,EUtranCellRelation=21" lastModified="1287504988781" mimName="ERBS_NODE_MODEL" mimVersion="A.9.50.J.9.1">
    <attr name="isRemoveAllowed">false</attr>
    <attr name="neighborCellRef">SubNetwork=ONRM_RootMo_R,MeContext=LTE01ERBS00131,ManagedElement=1,ENodeBFunction=1,EUtraNetwork=1,ExternalENodeBFunction=138,ExternalEUtranCellFDD=2</attr>
    <attr name="anrCreated">false</attr>
    <attr name="isHoAllowed">true</attr>
  </mo>
  <mo fdn="SubNetwork=ONRM_RootMo_R,MeContext=LTE01ERBS00131,ManagedElement=1,ENodeBFunction=1,EUtranCellFDD=LTE01ERBS00131-1,EUtranFreqRelation=2,EUtranCellRelation=24" lastModified="1287504988779" mimName="ERBS_NODE_MODEL" mimVersion="A.9.50.J.9.1">
    <attr name="isRemoveAllowed">false</attr>
    <attr name="neighborCellRef">SubNetwork=ONRM_RootMo_R,MeContext=LTE01ERBS00131,ManagedElement=1,ENodeBFunction=1,EUtraNetwork=1,ExternalENodeBFunction=140,ExternalEUtranCellFDD=1</attr>
    <attr name="anrCreated">false</attr>
    <attr name="isHoAllowed">true</attr>
  </mo>
  <mo fdn="SubNetwork=ONRM_RootMo_R,MeContext=LTE01ERBS00131,ManagedElement=1,ENodeBFunction=1,EUtranCellFDD=LTE01ERBS00131-1,EUtranFreqRelation=2,EUtranCellRelation=25" lastModified="1287504988778" mimName="ERBS_NODE_MODEL" mimVersion="A.9.50.J.9.1">
    <attr name="isRemoveAllowed">false</attr>
    <attr name="neighborCellRef">SubNetwork=ONRM_RootMo_R,MeContext=LTE01ERBS00131,ManagedElement=1,ENodeBFunction=1,EUtraNetwork=1,ExternalENodeBFunction=140,ExternalEUtranCellFDD=2</attr>
    <attr name="anrCreated">false</attr>
    <attr name="isHoAllowed">true</attr>
  </mo>
  <mo fdn="SubNetwork=ONRM_RootMo_R,MeContext=LTE01ERBS00131,ManagedElement=1,ENodeBFunction=1,EUtranCellFDD=LTE01ERBS00131-1,EUtranFreqRelation=2,EUtranCellRelation=28" lastModified="1287504988796" mimName="ERBS_NODE_MODEL" mimVersion="A.9.50.J.9.1">
    <attr name="isRemoveAllowed">false</attr>
    <attr name="neighborCellRef">SubNetwork=ONRM_RootMo_R,MeContext=LTE01ERBS00131,ManagedElement=1,ENodeBFunction=1,EUtraNetwork=1,ExternalENodeBFunction=142,ExternalEUtranCellFDD=1</attr>
    <attr name="anrCreated">false</attr>
    <attr name="isHoAllowed">true</attr>
  </mo>
  <mo fdn="SubNetwork=ONRM_RootMo_R,MeContext=LTE01ERBS00131,ManagedElement=1,ENodeBFunction=1,EUtranCellFDD=LTE01ERBS00131-1,EUtranFreqRelation=2,EUtranCellRelation=29" lastModified="1287504988793" mimName="ERBS_NODE_MODEL" mimVersion="A.9.50.J.9.1">
    <attr name="isRemoveAllowed">false</attr>
    <attr name="neighborCellRef">SubNetwork=ONRM_RootMo_R,MeContext=LTE01ERBS00131,ManagedElement=1,ENodeBFunction=1,EUtraNetwork=1,ExternalENodeBFunction=142,ExternalEUtranCellFDD=2</attr>
    <attr name="anrCreated">false</attr>
    <attr name="isHoAllowed">true</attr>
  </mo>
  <mo fdn="SubNetwork=ONRM_RootMo_R,MeContext=LTE01ERBS00131,ManagedElement=1,ENodeBFunction=1,EUtranCellFDD=LTE01ERBS00131-1,EUtranFreqRelation=2,EUtranCellRelation=32" lastModified="1287504988753" mimName="ERBS_NODE_MODEL" mimVersion="A.9.50.J.9.1">
    <attr name="isRemoveAllowed">false</attr>
    <attr name="neighborCellRef">SubNetwork=ONRM_RootMo_R,MeContext=LTE01ERBS00131,ManagedElement=1,ENodeBFunction=1,EUtraNetwork=1,ExternalENodeBFunction=144,ExternalEUtranCellFDD=1</attr>
    <attr name="anrCreated">false</attr>
    <attr name="isHoAllowed">true</attr>
  </mo>
  <mo fdn="SubNetwork=ONRM_RootMo_R,MeContext=LTE01ERBS00131,ManagedElement=1,ENodeBFunction=1,EUtranCellFDD=LTE01ERBS00131-1,EUtranFreqRelation=2,EUtranCellRelation=33" lastModified="1287504988786" mimName="ERBS_NODE_MODEL" mimVersion="A.9.50.J.9.1">
    <attr name="isRemoveAllowed">false</attr>
    <attr name="neighborCellRef">SubNetwork=ONRM_RootMo_R,MeContext=LTE01ERBS00131,ManagedElement=1,ENodeBFunction=1,EUtraNetwork=1,ExternalENodeBFunction=144,ExternalEUtranCellFDD=2</attr>
    <attr name="anrCreated">false</attr>
    <attr name="isHoAllowed">true</attr>
  </mo>
  <mo fdn="SubNetwork=ONRM_RootMo_R,MeContext=LTE01ERBS00131,ManagedElement=1,ENodeBFunction=1,EUtranCellFDD=LTE01ERBS00131-1,EUtranFreqRelation=2,EUtranCellRelation=6" lastModified="1287501533520" mimName="ERBS_NODE_MODEL" mimVersion="A.9.50.J.9.1">
    <attr name="isRemoveAllowed">false</attr>
    <attr name="neighborCellRef">SubNetwork=ONRM_RootMo_R,MeContext=LTE01ERBS00131,ManagedElement=1,ENodeBFunction=1,EUtraNetwork=1,ExternalENodeBFunction=130,ExternalEUtranCellFDD=1</attr>
    <attr name="anrCreated">false</attr>
    <attr name="isHoAllowed">true</attr>
  </mo>
  <mo fdn="SubNetwork=ONRM_RootMo_R,MeContext=LTE01ERBS00131,ManagedElement=1,ENodeBFunction=1,EUtranCellFDD=LTE01ERBS00131-1,EUtranFreqRelation=2,EUtranCellRelation=7" lastModified="1287501533522" mimName="ERBS_NODE_MODEL" mimVersion="A.9.50.J.9.1">
    <attr name="isRemoveAllowed">false</attr>
    <attr name="neighborCellRef">SubNetwork=ONRM_RootMo_R,MeContext=LTE01ERBS00131,ManagedElement=1,ENodeBFunction=1,EUtraNetwork=1,ExternalENodeBFunction=130,ExternalEUtranCellFDD=2</attr>
    <attr name="anrCreated">false</attr>
    <attr name="isHoAllowed">true</attr>
  </mo>
  <mo fdn="SubNetwork=ONRM_RootMo_R,MeContext=LTE01ERBS00131,ManagedElement=1,ENodeBFunction=1,EUtranCellFDD=LTE01ERBS00131-1,EUtranFreqRelation=2,EUtranCellRelation=8" lastModified="1287504988788" mimName="ERBS_NODE_MODEL" mimVersion="A.9.50.J.9.1">
    <attr name="isRemoveAllowed">false</attr>
    <attr name="neighborCellRef">SubNetwork=ONRM_RootMo_R,MeContext=LTE01ERBS00131,ManagedElement=1,ENodeBFunction=1,EUtraNetwork=1,ExternalENodeBFunction=132,ExternalEUtranCellFDD=1</attr>
    <attr name="anrCreated">false</attr>
    <attr name="isHoAllowed">true</attr>
  </mo>
  <mo fdn="SubNetwork=ONRM_RootMo_R,MeContext=LTE01ERBS00131,ManagedElement=1,ENodeBFunction=1,EUtranCellFDD=LTE01ERBS00131-1,EUtranFreqRelation=2,EUtranCellRelation=9" lastModified="1287504988790" mimName="ERBS_NODE_MODEL" mimVersion="A.9.50.J.9.1">
    <attr name="isRemoveAllowed">false</attr>
    <attr name="neighborCellRef">SubNetwork=ONRM_RootMo_R,MeContext=LTE01ERBS00131,ManagedElement=1,ENodeBFunction=1,EUtraNetwork=1,ExternalENodeBFunction=132,ExternalEUtranCellFDD=2</attr>
    <attr name="anrCreated">false</attr>
    <attr name="isHoAllowed">true</attr>
  </mo>
  <mo fdn="SubNetwork=ONRM_RootMo_R,MeContext=LTE01ERBS00131,ManagedElement=1,ENodeBFunction=1,EUtranCellFDD=LTE01ERBS00131-2" lastModified="1287512118180" mimName="ERBS_NODE_MODEL" mimVersion="A.9.50.J.9.1">
    <attr name="EUtranCellFDDId">LTE01ERBS00131-2</attr>
    <attr name="earfcnul">18000</attr>
    <attr name="cellId">2</attr>
    <attr name="tac">48650</attr>
    <attr name="bPlmnList">
      <seq count="1">
        <item>
          <struct>
            <attr name="mcc">311</attr>
            <attr name="mnc">480</attr>
            <attr name="mncLength">2</attr>
          </struct>
        </item>
      </seq>
    </attr>
    <attr name="earfcndl">0</attr>
    <attr name="userLabel">LTE01ERBS00131-2</attr>
  </mo>
  <mo fdn="SubNetwork=ONRM_RootMo_R,MeContext=LTE01ERBS00131,ManagedElement=1,ENodeBFunction=1,EUtranCellFDD=LTE01ERBS00131-2,EUtranFreqRelation=1,EUtranCellRelation=1" lastModified="1287501227128" mimName="ERBS_NODE_MODEL" mimVersion="A.9.50.J.9.1">
    <attr name="isRemoveAllowed">false</attr>
    <attr name="neighborCellRef">SubNetwork=ONRM_RootMo_R,MeContext=LTE01ERBS00131,ManagedElement=1,ENodeBFunction=1,EUtranCellFDD=LTE01ERBS00131-1</attr>
    <attr name="anrCreated">false</attr>
    <attr name="isHoAllowed">true</attr>
  </mo>
  <mo fdn="SubNetwork=ONRM_RootMo_R,MeContext=LTE01ERBS00131,ManagedElement=1,ENodeBFunction=1,EUtranCellFDD=LTE01ERBS00131-2,EUtranFreqRelation=1,EUtranCellRelation=10" lastModified="1287504987774" mimName="ERBS_NODE_MODEL" mimVersion="A.9.50.J.9.1">
    <attr name="isRemoveAllowed">false</attr>
    <attr name="neighborCellRef">SubNetwork=ONRM_RootMo_R,MeContext=LTE01ERBS00131,ManagedElement=1,ENodeBFunction=1,EUtraNetwork=1,ExternalENodeBFunction=133,ExternalEUtranCellFDD=1</attr>
    <attr name="anrCreated">false</attr>
    <attr name="isHoAllowed">true</attr>
  </mo>
  <mo fdn="SubNetwork=ONRM_RootMo_R,MeContext=LTE01ERBS00131,ManagedElement=1,ENodeBFunction=1,EUtranCellFDD=LTE01ERBS00131-2,EUtranFreqRelation=1,EUtranCellRelation=11" lastModified="1287504987773" mimName="ERBS_NODE_MODEL" mimVersion="A.9.50.J.9.1">
    <attr name="isRemoveAllowed">false</attr>
    <attr name="neighborCellRef">SubNetwork=ONRM_RootMo_R,MeContext=LTE01ERBS00131,ManagedElement=1,ENodeBFunction=1,EUtraNetwork=1,ExternalENodeBFunction=133,ExternalEUtranCellFDD=2</attr>
    <attr name="anrCreated">false</attr>
    <attr name="isHoAllowed">true</attr>
  </mo>
  <mo fdn="SubNetwork=ONRM_RootMo_R,MeContext=LTE01ERBS00131,ManagedElement=1,ENodeBFunction=1,EUtranCellFDD=LTE01ERBS00131-2,EUtranFreqRelation=1,EUtranCellRelation=14" lastModified="1287504987768" mimName="ERBS_NODE_MODEL" mimVersion="A.9.50.J.9.1">
    <attr name="isRemoveAllowed">false</attr>
    <attr name="neighborCellRef">SubNetwork=ONRM_RootMo_R,MeContext=LTE01ERBS00131,ManagedElement=1,ENodeBFunction=1,EUtraNetwork=1,ExternalENodeBFunction=135,ExternalEUtranCellFDD=1</attr>
    <attr name="anrCreated">false</attr>
    <attr name="isHoAllowed">true</attr>
  </mo>
  <mo fdn="SubNetwork=ONRM_RootMo_R,MeContext=LTE01ERBS00131,ManagedElement=1,ENodeBFunction=1,EUtranCellFDD=LTE01ERBS00131-2,EUtranFreqRelation=1,EUtranCellRelation=15" lastModified="1287504987783" mimName="ERBS_NODE_MODEL" mimVersion="A.9.50.J.9.1">
    <attr name="isRemoveAllowed">false</attr>
    <attr name="neighborCellRef">SubNetwork=ONRM_RootMo_R,MeContext=LTE01ERBS00131,ManagedElement=1,ENodeBFunction=1,EUtraNetwork=1,ExternalENodeBFunction=135,ExternalEUtranCellFDD=2</attr>
    <attr name="anrCreated">false</attr>
    <attr name="isHoAllowed">true</attr>
  </mo>
  <mo fdn="SubNetwork=ONRM_RootMo_R,MeContext=LTE01ERBS00131,ManagedElement=1,ENodeBFunction=1,EUtranCellFDD=LTE01ERBS00131-2,EUtranFreqRelation=1,EUtranCellRelation=18" lastModified="1287504987777" mimName="ERBS_NODE_MODEL" mimVersion="A.9.50.J.9.1">
    <attr name="isRemoveAllowed">false</attr>
    <attr name="neighborCellRef">SubNetwork=ONRM_RootMo_R,MeContext=LTE01ERBS00131,ManagedElement=1,ENodeBFunction=1,EUtraNetwork=1,ExternalENodeBFunction=137,ExternalEUtranCellFDD=1</attr>
    <attr name="anrCreated">false</attr>
    <attr name="isHoAllowed">true</attr>
  </mo>
  <mo fdn="SubNetwork=ONRM_RootMo_R,MeContext=LTE01ERBS00131,ManagedElement=1,ENodeBFunction=1,EUtranCellFDD=LTE01ERBS00131-2,EUtranFreqRelation=1,EUtranCellRelation=19" lastModified="1287504987775" mimName="ERBS_NODE_MODEL" mimVersion="A.9.50.J.9.1">
    <attr name="isRemoveAllowed">false</attr>
    <attr name="neighborCellRef">SubNetwork=ONRM_RootMo_R,MeContext=LTE01ERBS00131,ManagedElement=1,ENodeBFunction=1,EUtraNetwork=1,ExternalENodeBFunction=137,ExternalEUtranCellFDD=2</attr>
    <attr name="anrCreated">false</attr>
    <attr name="isHoAllowed">true</attr>
  </mo>
  <mo fdn="SubNetwork=ONRM_RootMo_R,MeContext=LTE01ERBS00131,ManagedElement=1,ENodeBFunction=1,EUtranCellFDD=LTE01ERBS00131-2,EUtranFreqRelation=1,EUtranCellRelation=2" lastModified="1287501227121" mimName="ERBS_NODE_MODEL" mimVersion="A.9.50.J.9.1">
    <attr name="isRemoveAllowed">false</attr>
    <attr name="neighborCellRef">SubNetwork=ONRM_RootMo_R,MeContext=LTE01ERBS00131,ManagedElement=1,ENodeBFunction=1,EUtranCellFDD=LTE01ERBS00131-3</attr>
    <attr name="anrCreated">false</attr>
    <attr name="isHoAllowed">true</attr>
  </mo>
  <mo fdn="SubNetwork=ONRM_RootMo_R,MeContext=LTE01ERBS00131,ManagedElement=1,ENodeBFunction=1,EUtranCellFDD=LTE01ERBS00131-2,EUtranFreqRelation=1,EUtranCellRelation=22" lastModified="1287504987770" mimName="ERBS_NODE_MODEL" mimVersion="A.9.50.J.9.1">
    <attr name="isRemoveAllowed">false</attr>
    <attr name="neighborCellRef">SubNetwork=ONRM_RootMo_R,MeContext=LTE01ERBS00131,ManagedElement=1,ENodeBFunction=1,EUtraNetwork=1,ExternalENodeBFunction=139,ExternalEUtranCellFDD=1</attr>
    <attr name="anrCreated">false</attr>
    <attr name="isHoAllowed">true</attr>
  </mo>
  <mo fdn="SubNetwork=ONRM_RootMo_R,MeContext=LTE01ERBS00131,ManagedElement=1,ENodeBFunction=1,EUtranCellFDD=LTE01ERBS00131-2,EUtranFreqRelation=1,EUtranCellRelation=23" lastModified="1287504987767" mimName="ERBS_NODE_MODEL" mimVersion="A.9.50.J.9.1">
    <attr name="isRemoveAllowed">false</attr>
    <attr name="neighborCellRef">SubNetwork=ONRM_RootMo_R,MeContext=LTE01ERBS00131,ManagedElement=1,ENodeBFunction=1,EUtraNetwork=1,ExternalENodeBFunction=139,ExternalEUtranCellFDD=2</attr>
    <attr name="anrCreated">false</attr>
    <attr name="isHoAllowed">true</attr>
  </mo>
  <mo fdn="SubNetwork=ONRM_RootMo_R,MeContext=LTE01ERBS00131,ManagedElement=1,ENodeBFunction=1,EUtranCellFDD=LTE01ERBS00131-2,EUtranFreqRelation=1,EUtranCellRelation=26" lastModified="1287504987779" mimName="ERBS_NODE_MODEL" mimVersion="A.9.50.J.9.1">
    <attr name="isRemoveAllowed">false</attr>
    <attr name="neighborCellRef">SubNetwork=ONRM_RootMo_R,MeContext=LTE01ERBS00131,ManagedElement=1,ENodeBFunction=1,EUtraNetwork=1,ExternalENodeBFunction=141,ExternalEUtranCellFDD=1</attr>
    <attr name="anrCreated">false</attr>
    <attr name="isHoAllowed">true</attr>
  </mo>
  <mo fdn="SubNetwork=ONRM_RootMo_R,MeContext=LTE01ERBS00131,ManagedElement=1,ENodeBFunction=1,EUtranCellFDD=LTE01ERBS00131-2,EUtranFreqRelation=1,EUtranCellRelation=27" lastModified="1287504987776" mimName="ERBS_NODE_MODEL" mimVersion="A.9.50.J.9.1">
    <attr name="isRemoveAllowed">false</attr>
    <attr name="neighborCellRef">SubNetwork=ONRM_RootMo_R,MeContext=LTE01ERBS00131,ManagedElement=1,ENodeBFunction=1,EUtraNetwork=1,ExternalENodeBFunction=141,ExternalEUtranCellFDD=2</attr>
    <attr name="anrCreated">false</attr>
    <attr name="isHoAllowed">true</attr>
  </mo>
  <mo fdn="SubNetwork=ONRM_RootMo_R,MeContext=LTE01ERBS00131,ManagedElement=1,ENodeBFunction=1,EUtranCellFDD=LTE01ERBS00131-2,EUtranFreqRelation=1,EUtranCellRelation=3" lastModified="1287501227116" mimName="ERBS_NODE_MODEL" mimVersion="A.9.50.J.9.1">
    <attr name="isRemoveAllowed">false</attr>
    <attr name="neighborCellRef">SubNetwork=ONRM_RootMo_R,MeContext=LTE01ERBS00131,ManagedElement=1,ENodeBFunction=1,EUtranCellFDD=LTE01ERBS00131-4</attr>
    <attr name="anrCreated">false</attr>
    <attr name="isHoAllowed">true</attr>
  </mo>
  <mo fdn="SubNetwork=ONRM_RootMo_R,MeContext=LTE01ERBS00131,ManagedElement=1,ENodeBFunction=1,EUtranCellFDD=LTE01ERBS00131-2,EUtranFreqRelation=1,EUtranCellRelation=30" lastModified="1287504987772" mimName="ERBS_NODE_MODEL" mimVersion="A.9.50.J.9.1">
    <attr name="isRemoveAllowed">false</attr>
    <attr name="neighborCellRef">SubNetwork=ONRM_RootMo_R,MeContext=LTE01ERBS00131,ManagedElement=1,ENodeBFunction=1,EUtraNetwork=1,ExternalENodeBFunction=143,ExternalEUtranCellFDD=1</attr>
    <attr name="anrCreated">false</attr>
    <attr name="isHoAllowed">true</attr>
  </mo>
  <mo fdn="SubNetwork=ONRM_RootMo_R,MeContext=LTE01ERBS00131,ManagedElement=1,ENodeBFunction=1,EUtranCellFDD=LTE01ERBS00131-2,EUtranFreqRelation=1,EUtranCellRelation=31" lastModified="1287504987771" mimName="ERBS_NODE_MODEL" mimVersion="A.9.50.J.9.1">
    <attr name="isRemoveAllowed">false</attr>
    <attr name="neighborCellRef">SubNetwork=ONRM_RootMo_R,MeContext=LTE01ERBS00131,ManagedElement=1,ENodeBFunction=1,EUtraNetwork=1,ExternalENodeBFunction=143,ExternalEUtranCellFDD=2</attr>
    <attr name="anrCreated">false</attr>
    <attr name="isHoAllowed">true</attr>
  </mo>
  <mo fdn="SubNetwork=ONRM_RootMo_R,MeContext=LTE01ERBS00131,ManagedElement=1,ENodeBFunction=1,EUtranCellFDD=LTE01ERBS00131-2,EUtranFreqRelation=1,EUtranCellRelation=4" lastModified="1287504987782" mimName="ERBS_NODE_MODEL" mimVersion="A.9.50.J.9.1">
    <attr name="isRemoveAllowed">false</attr>
    <attr name="neighborCellRef">SubNetwork=ONRM_RootMo_R,MeContext=LTE01ERBS00131,ManagedElement=1,ENodeBFunction=1,EUtraNetwork=1,ExternalENodeBFunction=129,ExternalEUtranCellFDD=1</attr>
    <attr name="anrCreated">false</attr>
    <attr name="isHoAllowed">true</attr>
  </mo>
  <mo fdn="SubNetwork=ONRM_RootMo_R,MeContext=LTE01ERBS00131,ManagedElement=1,ENodeBFunction=1,EUtranCellFDD=LTE01ERBS00131-2,EUtranFreqRelation=1,EUtranCellRelation=5" lastModified="1287504987784" mimName="ERBS_NODE_MODEL" mimVersion="A.9.50.J.9.1">
    <attr name="isRemoveAllowed">false</attr>
    <attr name="neighborCellRef">SubNetwork=ONRM_RootMo_R,MeContext=LTE01ERBS00131,ManagedElement=1,ENodeBFunction=1,EUtraNetwork=1,ExternalENodeBFunction=129,ExternalEUtranCellFDD=2</attr>
    <attr name="anrCreated">false</attr>
    <attr name="isHoAllowed">true</attr>
  </mo>
  <mo fdn="SubNetwork=ONRM_RootMo_R,MeContext=LTE01ERBS00131,ManagedElement=1,ENodeBFunction=1,EUtranCellFDD=LTE01ERBS00131-2,EUtranFreqRelation=2,EUtranCellRelation=12" lastModified="1287504987741" mimName="ERBS_NODE_MODEL" mimVersion="A.9.50.J.9.1">
    <attr name="isRemoveAllowed">false</attr>
    <attr name="neighborCellRef">SubNetwork=ONRM_RootMo_R,MeContext=LTE01ERBS00131,ManagedElement=1,ENodeBFunction=1,EUtraNetwork=1,ExternalENodeBFunction=134,ExternalEUtranCellFDD=1</attr>
    <attr name="anrCreated">false</attr>
    <attr name="isHoAllowed">true</attr>
  </mo>
  <mo fdn="SubNetwork=ONRM_RootMo_R,MeContext=LTE01ERBS00131,ManagedElement=1,ENodeBFunction=1,EUtranCellFDD=LTE01ERBS00131-2,EUtranFreqRelation=2,EUtranCellRelation=13" lastModified="1287504987738" mimName="ERBS_NODE_MODEL" mimVersion="A.9.50.J.9.1">
    <attr name="isRemoveAllowed">false</attr>
    <attr name="neighborCellRef">SubNetwork=ONRM_RootMo_R,MeContext=LTE01ERBS00131,ManagedElement=1,ENodeBFunction=1,EUtraNetwork=1,ExternalENodeBFunction=134,ExternalEUtranCellFDD=2</attr>
    <attr name="anrCreated">false</attr>
    <attr name="isHoAllowed">true</attr>
  </mo>
  <mo fdn="SubNetwork=ONRM_RootMo_R,MeContext=LTE01ERBS00131,ManagedElement=1,ENodeBFunction=1,EUtranCellFDD=LTE01ERBS00131-2,EUtranFreqRelation=2,EUtranCellRelation=16" lastModified="1287504987761" mimName="ERBS_NODE_MODEL" mimVersion="A.9.50.J.9.1">
    <attr name="isRemoveAllowed">false</attr>
    <attr name="neighborCellRef">SubNetwork=ONRM_RootMo_R,MeContext=LTE01ERBS00131,ManagedElement=1,ENodeBFunction=1,EUtraNetwork=1,ExternalENodeBFunction=136,ExternalEUtranCellFDD=1</attr>
    <attr name="anrCreated">false</attr>
    <attr name="isHoAllowed">true</attr>
  </mo>
  <mo fdn="SubNetwork=ONRM_RootMo_R,MeContext=LTE01ERBS00131,ManagedElement=1,ENodeBFunction=1,EUtranCellFDD=LTE01ERBS00131-2,EUtranFreqRelation=2,EUtranCellRelation=17" lastModified="1287504987759" mimName="ERBS_NODE_MODEL" mimVersion="A.9.50.J.9.1">
    <attr name="isRemoveAllowed">false</attr>
    <attr name="neighborCellRef">SubNetwork=ONRM_RootMo_R,MeContext=LTE01ERBS00131,ManagedElement=1,ENodeBFunction=1,EUtraNetwork=1,ExternalENodeBFunction=136,ExternalEUtranCellFDD=2</attr>
    <attr name="anrCreated">false</attr>
    <attr name="isHoAllowed">true</attr>
  </mo>
  <mo fdn="SubNetwork=ONRM_RootMo_R,MeContext=LTE01ERBS00131,ManagedElement=1,ENodeBFunction=1,EUtranCellFDD=LTE01ERBS00131-2,EUtranFreqRelation=2,EUtranCellRelation=20" lastModified="1287504987748" mimName="ERBS_NODE_MODEL" mimVersion="A.9.50.J.9.1">
    <attr name="isRemoveAllowed">false</attr>
    <attr name="neighborCellRef">SubNetwork=ONRM_RootMo_R,MeContext=LTE01ERBS00131,ManagedElement=1,ENodeBFunction=1,EUtraNetwork=1,ExternalENodeBFunction=138,ExternalEUtranCellFDD=1</attr>
    <attr name="anrCreated">false</attr>
    <attr name="isHoAllowed">true</attr>
  </mo>
  <mo fdn="SubNetwork=ONRM_RootMo_R,MeContext=LTE01ERBS00131,ManagedElement=1,ENodeBFunction=1,EUtranCellFDD=LTE01ERBS00131-2,EUtranFreqRelation=2,EUtranCellRelation=21" lastModified="1287504987747" mimName="ERBS_NODE_MODEL" mimVersion="A.9.50.J.9.1">
    <attr name="isRemoveAllowed">false</attr>
    <attr name="neighborCellRef">SubNetwork=ONRM_RootMo_R,MeContext=LTE01ERBS00131,ManagedElement=1,ENodeBFunction=1,EUtraNetwork=1,ExternalENodeBFunction=138,ExternalEUtranCellFDD=2</attr>
    <attr name="anrCreated">false</attr>
    <attr name="isHoAllowed">true</attr>
  </mo>
  <mo fdn="SubNetwork=ONRM_RootMo_R,MeContext=LTE01ERBS00131,ManagedElement=1,ENodeBFunction=1,EUtranCellFDD=LTE01ERBS00131-2,EUtranFreqRelation=2,EUtranCellRelation=24" lastModified="1287504987745" mimName="ERBS_NODE_MODEL" mimVersion="A.9.50.J.9.1">
    <attr name="isRemoveAllowed">false</attr>
    <attr name="neighborCellRef">SubNetwork=ONRM_RootMo_R,MeContext=LTE01ERBS00131,ManagedElement=1,ENodeBFunction=1,EUtraNetwork=1,ExternalENodeBFunction=140,ExternalEUtranCellFDD=1</attr>
    <attr name="anrCreated">false</attr>
    <attr name="isHoAllowed">true</attr>
  </mo>
  <mo fdn="SubNetwork=ONRM_RootMo_R,MeContext=LTE01ERBS00131,ManagedElement=1,ENodeBFunction=1,EUtranCellFDD=LTE01ERBS00131-2,EUtranFreqRelation=2,EUtranCellRelation=25" lastModified="1287504987744" mimName="ERBS_NODE_MODEL" mimVersion="A.9.50.J.9.1">
    <attr name="isRemoveAllowed">false</attr>
    <attr name="neighborCellRef">SubNetwork=ONRM_RootMo_R,MeContext=LTE01ERBS00131,ManagedElement=1,ENodeBFunction=1,EUtraNetwork=1,ExternalENodeBFunction=140,ExternalEUtranCellFDD=2</attr>
    <attr name="anrCreated">false</attr>
    <attr name="isHoAllowed">true</attr>
  </mo>
  <mo fdn="SubNetwork=ONRM_RootMo_R,MeContext=LTE01ERBS00131,ManagedElement=1,ENodeBFunction=1,EUtranCellFDD=LTE01ERBS00131-2,EUtranFreqRelation=2,EUtranCellRelation=28" lastModified="1287504987764" mimName="ERBS_NODE_MODEL" mimVersion="A.9.50.J.9.1">
    <attr name="isRemoveAllowed">false</attr>
    <attr name="neighborCellRef">SubNetwork=ONRM_RootMo_R,MeContext=LTE01ERBS00131,ManagedElement=1,ENodeBFunction=1,EUtraNetwork=1,ExternalENodeBFunction=142,ExternalEUtranCellFDD=1</attr>
    <attr name="anrCreated">false</attr>
    <attr name="isHoAllowed">true</attr>
  </mo>
  <mo fdn="SubNetwork=ONRM_RootMo_R,MeContext=LTE01ERBS00131,ManagedElement=1,ENodeBFunction=1,EUtranCellFDD=LTE01ERBS00131-2,EUtranFreqRelation=2,EUtranCellRelation=29" lastModified="1287504987760" mimName="ERBS_NODE_MODEL" mimVersion="A.9.50.J.9.1">
    <attr name="isRemoveAllowed">false</attr>
    <attr name="neighborCellRef">SubNetwork=ONRM_RootMo_R,MeContext=LTE01ERBS00131,ManagedElement=1,ENodeBFunction=1,EUtraNetwork=1,ExternalENodeBFunction=142,ExternalEUtranCellFDD=2</attr>
    <attr name="anrCreated">false</attr>
    <attr name="isHoAllowed">true</attr>
  </mo>
  <mo fdn="SubNetwork=ONRM_RootMo_R,MeContext=LTE01ERBS00131,ManagedElement=1,ENodeBFunction=1,EUtranCellFDD=LTE01ERBS00131-2,EUtranFreqRelation=2,EUtranCellRelation=32" lastModified="1287504987723" mimName="ERBS_NODE_MODEL" mimVersion="A.9.50.J.9.1">
    <attr name="isRemoveAllowed">false</attr>
    <attr name="neighborCellRef">SubNetwork=ONRM_RootMo_R,MeContext=LTE01ERBS00131,ManagedElement=1,ENodeBFunction=1,EUtraNetwork=1,ExternalENodeBFunction=144,ExternalEUtranCellFDD=1</attr>
    <attr name="anrCreated">false</attr>
    <attr name="isHoAllowed">true</attr>
  </mo>
  <mo fdn="SubNetwork=ONRM_RootMo_R,MeContext=LTE01ERBS00131,ManagedElement=1,ENodeBFunction=1,EUtranCellFDD=LTE01ERBS00131-2,EUtranFreqRelation=2,EUtranCellRelation=33" lastModified="1287504987752" mimName="ERBS_NODE_MODEL" mimVersion="A.9.50.J.9.1">
    <attr name="isRemoveAllowed">false</attr>
    <attr name="neighborCellRef">SubNetwork=ONRM_RootMo_R,MeContext=LTE01ERBS00131,ManagedElement=1,ENodeBFunction=1,EUtraNetwork=1,ExternalENodeBFunction=144,ExternalEUtranCellFDD=2</attr>
    <attr name="anrCreated">false</attr>
    <attr name="isHoAllowed">true</attr>
  </mo>
  <mo fdn="SubNetwork=ONRM_RootMo_R,MeContext=LTE01ERBS00131,ManagedElement=1,ENodeBFunction=1,EUtranCellFDD=LTE01ERBS00131-2,EUtranFreqRelation=2,EUtranCellRelation=6" lastModified="1287501532180" mimName="ERBS_NODE_MODEL" mimVersion="A.9.50.J.9.1">
    <attr name="isRemoveAllowed">false</attr>
    <attr name="neighborCellRef">SubNetwork=ONRM_RootMo_R,MeContext=LTE01ERBS00131,ManagedElement=1,ENodeBFunction=1,EUtraNetwork=1,ExternalENodeBFunction=130,ExternalEUtranCellFDD=1</attr>
    <attr name="anrCreated">false</attr>
    <attr name="isHoAllowed">true</attr>
  </mo>
  <mo fdn="SubNetwork=ONRM_RootMo_R,MeContext=LTE01ERBS00131,ManagedElement=1,ENodeBFunction=1,EUtranCellFDD=LTE01ERBS00131-2,EUtranFreqRelation=2,EUtranCellRelation=7" lastModified="1287501532184" mimName="ERBS_NODE_MODEL" mimVersion="A.9.50.J.9.1">
    <attr name="isRemoveAllowed">false</attr>
    <attr name="neighborCellRef">SubNetwork=ONRM_RootMo_R,MeContext=LTE01ERBS00131,ManagedElement=1,ENodeBFunction=1,EUtraNetwork=1,ExternalENodeBFunction=130,ExternalEUtranCellFDD=2</attr>
    <attr name="anrCreated">false</attr>
    <attr name="isHoAllowed">true</attr>
  </mo>
  <mo fdn="SubNetwork=ONRM_RootMo_R,MeContext=LTE01ERBS00131,ManagedElement=1,ENodeBFunction=1,EUtranCellFDD=LTE01ERBS00131-2,EUtranFreqRelation=2,EUtranCellRelation=8" lastModified="1287504987754" mimName="ERBS_NODE_MODEL" mimVersion="A.9.50.J.9.1">
    <attr name="isRemoveAllowed">false</attr>
    <attr name="neighborCellRef">SubNetwork=ONRM_RootMo_R,MeContext=LTE01ERBS00131,ManagedElement=1,ENodeBFunction=1,EUtraNetwork=1,ExternalENodeBFunction=132,ExternalEUtranCellFDD=1</attr>
    <attr name="anrCreated">false</attr>
    <attr name="isHoAllowed">true</attr>
  </mo>
  <mo fdn="SubNetwork=ONRM_RootMo_R,MeContext=LTE01ERBS00131,ManagedElement=1,ENodeBFunction=1,EUtranCellFDD=LTE01ERBS00131-2,EUtranFreqRelation=2,EUtranCellRelation=9" lastModified="1287504987756" mimName="ERBS_NODE_MODEL" mimVersion="A.9.50.J.9.1">
    <attr name="isRemoveAllowed">false</attr>
    <attr name="neighborCellRef">SubNetwork=ONRM_RootMo_R,MeContext=LTE01ERBS00131,ManagedElement=1,ENodeBFunction=1,EUtraNetwork=1,ExternalENodeBFunction=132,ExternalEUtranCellFDD=2</attr>
    <attr name="anrCreated">false</attr>
    <attr name="isHoAllowed">true</attr>
  </mo>
  <mo fdn="SubNetwork=ONRM_RootMo_R,MeContext=LTE01ERBS00131,ManagedElement=1,ENodeBFunction=1,EUtranCellFDD=LTE01ERBS00131-3" lastModified="1287512093576" mimName="ERBS_NODE_MODEL" mimVersion="A.9.50.J.9.1">
    <attr name="EUtranCellFDDId">LTE01ERBS00131-3</attr>
    <attr name="earfcnul">18000</attr>
    <attr name="cellId">3</attr>
    <attr name="tac">48650</attr>
    <attr name="bPlmnList">
      <seq count="1">
        <item>
          <struct>
            <attr name="mcc">311</attr>
            <attr name="mnc">480</attr>
            <attr name="mncLength">2</attr>
          </struct>
        </item>
      </seq>
    </attr>
    <attr name="earfcndl">0</attr>
    <attr name="userLabel">LTE01ERBS00131-3</attr>
  </mo>
  <mo fdn="SubNetwork=ONRM_RootMo_R,MeContext=LTE01ERBS00131,ManagedElement=1,ENodeBFunction=1,EUtranCellFDD=LTE01ERBS00131-3,EUtranFreqRelation=1,EUtranCellRelation=1" lastModified="1287501226931" mimName="ERBS_NODE_MODEL" mimVersion="A.9.50.J.9.1">
    <attr name="isRemoveAllowed">false</attr>
    <attr name="neighborCellRef">SubNetwork=ONRM_RootMo_R,MeContext=LTE01ERBS00131,ManagedElement=1,ENodeBFunction=1,EUtranCellFDD=LTE01ERBS00131-1</attr>
    <attr name="anrCreated">false</attr>
    <attr name="isHoAllowed">true</attr>
  </mo>
  <mo fdn="SubNetwork=ONRM_RootMo_R,MeContext=LTE01ERBS00131,ManagedElement=1,ENodeBFunction=1,EUtranCellFDD=LTE01ERBS00131-3,EUtranFreqRelation=1,EUtranCellRelation=10" lastModified="1287504925546" mimName="ERBS_NODE_MODEL" mimVersion="A.9.50.J.9.1">
    <attr name="isRemoveAllowed">false</attr>
    <attr name="neighborCellRef">SubNetwork=ONRM_RootMo_R,MeContext=LTE01ERBS00131,ManagedElement=1,ENodeBFunction=1,EUtraNetwork=1,ExternalENodeBFunction=133,ExternalEUtranCellFDD=3</attr>
    <attr name="anrCreated">false</attr>
    <attr name="isHoAllowed">true</attr>
  </mo>
  <mo fdn="SubNetwork=ONRM_RootMo_R,MeContext=LTE01ERBS00131,ManagedElement=1,ENodeBFunction=1,EUtranCellFDD=LTE01ERBS00131-3,EUtranFreqRelation=1,EUtranCellRelation=11" lastModified="1287504925545" mimName="ERBS_NODE_MODEL" mimVersion="A.9.50.J.9.1">
    <attr name="isRemoveAllowed">false</attr>
    <attr name="neighborCellRef">SubNetwork=ONRM_RootMo_R,MeContext=LTE01ERBS00131,ManagedElement=1,ENodeBFunction=1,EUtraNetwork=1,ExternalENodeBFunction=133,ExternalEUtranCellFDD=4</attr>
    <attr name="anrCreated">false</attr>
    <attr name="isHoAllowed">true</attr>
  </mo>
  <mo fdn="SubNetwork=ONRM_RootMo_R,MeContext=LTE01ERBS00131,ManagedElement=1,ENodeBFunction=1,EUtranCellFDD=LTE01ERBS00131-3,EUtranFreqRelation=1,EUtranCellRelation=14" lastModified="1287504925541" mimName="ERBS_NODE_MODEL" mimVersion="A.9.50.J.9.1">
    <attr name="isRemoveAllowed">false</attr>
    <attr name="neighborCellRef">SubNetwork=ONRM_RootMo_R,MeContext=LTE01ERBS00131,ManagedElement=1,ENodeBFunction=1,EUtraNetwork=1,ExternalENodeBFunction=135,ExternalEUtranCellFDD=3</attr>
    <attr name="anrCreated">false</attr>
    <attr name="isHoAllowed">true</attr>
  </mo>
  <mo fdn="SubNetwork=ONRM_RootMo_R,MeContext=LTE01ERBS00131,ManagedElement=1,ENodeBFunction=1,EUtranCellFDD=LTE01ERBS00131-3,EUtranFreqRelation=1,EUtranCellRelation=15" lastModified="1287504925551" mimName="ERBS_NODE_MODEL" mimVersion="A.9.50.J.9.1">
    <attr name="isRemoveAllowed">false</attr>
    <attr name="neighborCellRef">SubNetwork=ONRM_RootMo_R,MeContext=LTE01ERBS00131,ManagedElement=1,ENodeBFunction=1,EUtraNetwork=1,ExternalENodeBFunction=135,ExternalEUtranCellFDD=4</attr>
    <attr name="anrCreated">false</attr>
    <attr name="isHoAllowed">true</attr>
  </mo>
  <mo fdn="SubNetwork=ONRM_RootMo_R,MeContext=LTE01ERBS00131,ManagedElement=1,ENodeBFunction=1,EUtranCellFDD=LTE01ERBS00131-3,EUtranFreqRelation=1,EUtranCellRelation=18" lastModified="1287504925548" mimName="ERBS_NODE_MODEL" mimVersion="A.9.50.J.9.1">
    <attr name="isRemoveAllowed">false</attr>
    <attr name="neighborCellRef">SubNetwork=ONRM_RootMo_R,MeContext=LTE01ERBS00131,ManagedElement=1,ENodeBFunction=1,EUtraNetwork=1,ExternalENodeBFunction=137,ExternalEUtranCellFDD=3</attr>
    <attr name="anrCreated">false</attr>
    <attr name="isHoAllowed">true</attr>
  </mo>
  <mo fdn="SubNetwork=ONRM_RootMo_R,MeContext=LTE01ERBS00131,ManagedElement=1,ENodeBFunction=1,EUtranCellFDD=LTE01ERBS00131-3,EUtranFreqRelation=1,EUtranCellRelation=19" lastModified="1287504925546" mimName="ERBS_NODE_MODEL" mimVersion="A.9.50.J.9.1">
    <attr name="isRemoveAllowed">false</attr>
    <attr name="neighborCellRef">SubNetwork=ONRM_RootMo_R,MeContext=LTE01ERBS00131,ManagedElement=1,ENodeBFunction=1,EUtraNetwork=1,ExternalENodeBFunction=137,ExternalEUtranCellFDD=4</attr>
    <attr name="anrCreated">false</attr>
    <attr name="isHoAllowed">true</attr>
  </mo>
  <mo fdn="SubNetwork=ONRM_RootMo_R,MeContext=LTE01ERBS00131,ManagedElement=1,ENodeBFunction=1,EUtranCellFDD=LTE01ERBS00131-3,EUtranFreqRelation=1,EUtranCellRelation=2" lastModified="1287501226829" mimName="ERBS_NODE_MODEL" mimVersion="A.9.50.J.9.1">
    <attr name="isRemoveAllowed">false</attr>
    <attr name="neighborCellRef">SubNetwork=ONRM_RootMo_R,MeContext=LTE01ERBS00131,ManagedElement=1,ENodeBFunction=1,EUtranCellFDD=LTE01ERBS00131-2</attr>
    <attr name="anrCreated">false</attr>
    <attr name="isHoAllowed">true</attr>
  </mo>
  <mo fdn="SubNetwork=ONRM_RootMo_R,MeContext=LTE01ERBS00131,ManagedElement=1,ENodeBFunction=1,EUtranCellFDD=LTE01ERBS00131-3,EUtranFreqRelation=1,EUtranCellRelation=22" lastModified="1287504925542" mimName="ERBS_NODE_MODEL" mimVersion="A.9.50.J.9.1">
    <attr name="isRemoveAllowed">false</attr>
    <attr name="neighborCellRef">SubNetwork=ONRM_RootMo_R,MeContext=LTE01ERBS00131,ManagedElement=1,ENodeBFunction=1,EUtraNetwork=1,ExternalENodeBFunction=139,ExternalEUtranCellFDD=3</attr>
    <attr name="anrCreated">false</attr>
    <attr name="isHoAllowed">true</attr>
  </mo>
  <mo fdn="SubNetwork=ONRM_RootMo_R,MeContext=LTE01ERBS00131,ManagedElement=1,ENodeBFunction=1,EUtranCellFDD=LTE01ERBS00131-3,EUtranFreqRelation=1,EUtranCellRelation=23" lastModified="1287504925539" mimName="ERBS_NODE_MODEL" mimVersion="A.9.50.J.9.1">
    <attr name="isRemoveAllowed">false</attr>
    <attr name="neighborCellRef">SubNetwork=ONRM_RootMo_R,MeContext=LTE01ERBS00131,ManagedElement=1,ENodeBFunction=1,EUtraNetwork=1,ExternalENodeBFunction=139,ExternalEUtranCellFDD=4</attr>
    <attr name="anrCreated">false</attr>
    <attr name="isHoAllowed">true</attr>
  </mo>
  <mo fdn="SubNetwork=ONRM_RootMo_R,MeContext=LTE01ERBS00131,ManagedElement=1,ENodeBFunction=1,EUtranCellFDD=LTE01ERBS00131-3,EUtranFreqRelation=1,EUtranCellRelation=26" lastModified="1287504925549" mimName="ERBS_NODE_MODEL" mimVersion="A.9.50.J.9.1">
    <attr name="isRemoveAllowed">false</attr>
    <attr name="neighborCellRef">SubNetwork=ONRM_RootMo_R,MeContext=LTE01ERBS00131,ManagedElement=1,ENodeBFunction=1,EUtraNetwork=1,ExternalENodeBFunction=141,ExternalEUtranCellFDD=3</attr>
    <attr name="anrCreated">false</attr>
    <attr name="isHoAllowed">true</attr>
  </mo>
  <mo fdn="SubNetwork=ONRM_RootMo_R,MeContext=LTE01ERBS00131,ManagedElement=1,ENodeBFunction=1,EUtranCellFDD=LTE01ERBS00131-3,EUtranFreqRelation=1,EUtranCellRelation=27" lastModified="1287504925547" mimName="ERBS_NODE_MODEL" mimVersion="A.9.50.J.9.1">
    <attr name="isRemoveAllowed">false</attr>
    <attr name="neighborCellRef">SubNetwork=ONRM_RootMo_R,MeContext=LTE01ERBS00131,ManagedElement=1,ENodeBFunction=1,EUtraNetwork=1,ExternalENodeBFunction=141,ExternalEUtranCellFDD=4</attr>
    <attr name="anrCreated">false</attr>
    <attr name="isHoAllowed">true</attr>
  </mo>
  <mo fdn="SubNetwork=ONRM_RootMo_R,MeContext=LTE01ERBS00131,ManagedElement=1,ENodeBFunction=1,EUtranCellFDD=LTE01ERBS00131-3,EUtranFreqRelation=1,EUtranCellRelation=3" lastModified="1287501223913" mimName="ERBS_NODE_MODEL" mimVersion="A.9.50.J.9.1">
    <attr name="isRemoveAllowed">false</attr>
    <attr name="neighborCellRef">SubNetwork=ONRM_RootMo_R,MeContext=LTE01ERBS00131,ManagedElement=1,ENodeBFunction=1,EUtranCellFDD=LTE01ERBS00131-4</attr>
    <attr name="anrCreated">false</attr>
    <attr name="isHoAllowed">true</attr>
  </mo>
  <mo fdn="SubNetwork=ONRM_RootMo_R,MeContext=LTE01ERBS00131,ManagedElement=1,ENodeBFunction=1,EUtranCellFDD=LTE01ERBS00131-3,EUtranFreqRelation=1,EUtranCellRelation=30" lastModified="1287504925544" mimName="ERBS_NODE_MODEL" mimVersion="A.9.50.J.9.1">
    <attr name="isRemoveAllowed">false</attr>
    <attr name="neighborCellRef">SubNetwork=ONRM_RootMo_R,MeContext=LTE01ERBS00131,ManagedElement=1,ENodeBFunction=1,EUtraNetwork=1,ExternalENodeBFunction=143,ExternalEUtranCellFDD=3</attr>
    <attr name="anrCreated">false</attr>
    <attr name="isHoAllowed">true</attr>
  </mo>
  <mo fdn="SubNetwork=ONRM_RootMo_R,MeContext=LTE01ERBS00131,ManagedElement=1,ENodeBFunction=1,EUtranCellFDD=LTE01ERBS00131-3,EUtranFreqRelation=1,EUtranCellRelation=31" lastModified="1287504925543" mimName="ERBS_NODE_MODEL" mimVersion="A.9.50.J.9.1">
    <attr name="isRemoveAllowed">false</attr>
    <attr name="neighborCellRef">SubNetwork=ONRM_RootMo_R,MeContext=LTE01ERBS00131,ManagedElement=1,ENodeBFunction=1,EUtraNetwork=1,ExternalENodeBFunction=143,ExternalEUtranCellFDD=4</attr>
    <attr name="anrCreated">false</attr>
    <attr name="isHoAllowed">true</attr>
  </mo>
  <mo fdn="SubNetwork=ONRM_RootMo_R,MeContext=LTE01ERBS00131,ManagedElement=1,ENodeBFunction=1,EUtranCellFDD=LTE01ERBS00131-3,EUtranFreqRelation=1,EUtranCellRelation=4" lastModified="1287504925550" mimName="ERBS_NODE_MODEL" mimVersion="A.9.50.J.9.1">
    <attr name="isRemoveAllowed">false</attr>
    <attr name="neighborCellRef">SubNetwork=ONRM_RootMo_R,MeContext=LTE01ERBS00131,ManagedElement=1,ENodeBFunction=1,EUtraNetwork=1,ExternalENodeBFunction=129,ExternalEUtranCellFDD=3</attr>
    <attr name="anrCreated">false</attr>
    <attr name="isHoAllowed">true</attr>
  </mo>
  <mo fdn="SubNetwork=ONRM_RootMo_R,MeContext=LTE01ERBS00131,ManagedElement=1,ENodeBFunction=1,EUtranCellFDD=LTE01ERBS00131-3,EUtranFreqRelation=1,EUtranCellRelation=5" lastModified="1287504925552" mimName="ERBS_NODE_MODEL" mimVersion="A.9.50.J.9.1">
    <attr name="isRemoveAllowed">false</attr>
    <attr name="neighborCellRef">SubNetwork=ONRM_RootMo_R,MeContext=LTE01ERBS00131,ManagedElement=1,ENodeBFunction=1,EUtraNetwork=1,ExternalENodeBFunction=129,ExternalEUtranCellFDD=4</attr>
    <attr name="anrCreated">false</attr>
    <attr name="isHoAllowed">true</attr>
  </mo>
  <mo fdn="SubNetwork=ONRM_RootMo_R,MeContext=LTE01ERBS00131,ManagedElement=1,ENodeBFunction=1,EUtranCellFDD=LTE01ERBS00131-3,EUtranFreqRelation=2,EUtranCellRelation=12" lastModified="1287504925511" mimName="ERBS_NODE_MODEL" mimVersion="A.9.50.J.9.1">
    <attr name="isRemoveAllowed">false</attr>
    <attr name="neighborCellRef">SubNetwork=ONRM_RootMo_R,MeContext=LTE01ERBS00131,ManagedElement=1,ENodeBFunction=1,EUtraNetwork=1,ExternalENodeBFunction=134,ExternalEUtranCellFDD=3</attr>
    <attr name="anrCreated">false</attr>
    <attr name="isHoAllowed">true</attr>
  </mo>
  <mo fdn="SubNetwork=ONRM_RootMo_R,MeContext=LTE01ERBS00131,ManagedElement=1,ENodeBFunction=1,EUtranCellFDD=LTE01ERBS00131-3,EUtranFreqRelation=2,EUtranCellRelation=13" lastModified="1287504925509" mimName="ERBS_NODE_MODEL" mimVersion="A.9.50.J.9.1">
    <attr name="isRemoveAllowed">false</attr>
    <attr name="neighborCellRef">SubNetwork=ONRM_RootMo_R,MeContext=LTE01ERBS00131,ManagedElement=1,ENodeBFunction=1,EUtraNetwork=1,ExternalENodeBFunction=134,ExternalEUtranCellFDD=4</attr>
    <attr name="anrCreated">false</attr>
    <attr name="isHoAllowed">true</attr>
  </mo>
  <mo fdn="SubNetwork=ONRM_RootMo_R,MeContext=LTE01ERBS00131,ManagedElement=1,ENodeBFunction=1,EUtranCellFDD=LTE01ERBS00131-3,EUtranFreqRelation=2,EUtranCellRelation=16" lastModified="1287504925534" mimName="ERBS_NODE_MODEL" mimVersion="A.9.50.J.9.1">
    <attr name="isRemoveAllowed">false</attr>
    <attr name="neighborCellRef">SubNetwork=ONRM_RootMo_R,MeContext=LTE01ERBS00131,ManagedElement=1,ENodeBFunction=1,EUtraNetwork=1,ExternalENodeBFunction=136,ExternalEUtranCellFDD=3</attr>
    <attr name="anrCreated">false</attr>
    <attr name="isHoAllowed">true</attr>
  </mo>
  <mo fdn="SubNetwork=ONRM_RootMo_R,MeContext=LTE01ERBS00131,ManagedElement=1,ENodeBFunction=1,EUtranCellFDD=LTE01ERBS00131-3,EUtranFreqRelation=2,EUtranCellRelation=17" lastModified="1287504925530" mimName="ERBS_NODE_MODEL" mimVersion="A.9.50.J.9.1">
    <attr name="isRemoveAllowed">false</attr>
    <attr name="neighborCellRef">SubNetwork=ONRM_RootMo_R,MeContext=LTE01ERBS00131,ManagedElement=1,ENodeBFunction=1,EUtraNetwork=1,ExternalENodeBFunction=136,ExternalEUtranCellFDD=4</attr>
    <attr name="anrCreated">false</attr>
    <attr name="isHoAllowed">true</attr>
  </mo>
  <mo fdn="SubNetwork=ONRM_RootMo_R,MeContext=LTE01ERBS00131,ManagedElement=1,ENodeBFunction=1,EUtranCellFDD=LTE01ERBS00131-3,EUtranFreqRelation=2,EUtranCellRelation=20" lastModified="1287504925523" mimName="ERBS_NODE_MODEL" mimVersion="A.9.50.J.9.1">
    <attr name="isRemoveAllowed">false</attr>
    <attr name="neighborCellRef">SubNetwork=ONRM_RootMo_R,MeContext=LTE01ERBS00131,ManagedElement=1,ENodeBFunction=1,EUtraNetwork=1,ExternalENodeBFunction=138,ExternalEUtranCellFDD=3</attr>
    <attr name="anrCreated">false</attr>
    <attr name="isHoAllowed">true</attr>
  </mo>
  <mo fdn="SubNetwork=ONRM_RootMo_R,MeContext=LTE01ERBS00131,ManagedElement=1,ENodeBFunction=1,EUtranCellFDD=LTE01ERBS00131-3,EUtranFreqRelation=2,EUtranCellRelation=21" lastModified="1287504925519" mimName="ERBS_NODE_MODEL" mimVersion="A.9.50.J.9.1">
    <attr name="isRemoveAllowed">false</attr>
    <attr name="neighborCellRef">SubNetwork=ONRM_RootMo_R,MeContext=LTE01ERBS00131,ManagedElement=1,ENodeBFunction=1,EUtraNetwork=1,ExternalENodeBFunction=138,ExternalEUtranCellFDD=4</attr>
    <attr name="anrCreated">false</attr>
    <attr name="isHoAllowed">true</attr>
  </mo>
  <mo fdn="SubNetwork=ONRM_RootMo_R,MeContext=LTE01ERBS00131,ManagedElement=1,ENodeBFunction=1,EUtranCellFDD=LTE01ERBS00131-3,EUtranFreqRelation=2,EUtranCellRelation=24" lastModified="1287504925516" mimName="ERBS_NODE_MODEL" mimVersion="A.9.50.J.9.1">
    <attr name="isRemoveAllowed">false</attr>
    <attr name="neighborCellRef">SubNetwork=ONRM_RootMo_R,MeContext=LTE01ERBS00131,ManagedElement=1,ENodeBFunction=1,EUtraNetwork=1,ExternalENodeBFunction=140,ExternalEUtranCellFDD=3</attr>
    <attr name="anrCreated">false</attr>
    <attr name="isHoAllowed">true</attr>
  </mo>
  <mo fdn="SubNetwork=ONRM_RootMo_R,MeContext=LTE01ERBS00131,ManagedElement=1,ENodeBFunction=1,EUtranCellFDD=LTE01ERBS00131-3,EUtranFreqRelation=2,EUtranCellRelation=25" lastModified="1287504925514" mimName="ERBS_NODE_MODEL" mimVersion="A.9.50.J.9.1">
    <attr name="isRemoveAllowed">false</attr>
    <attr name="neighborCellRef">SubNetwork=ONRM_RootMo_R,MeContext=LTE01ERBS00131,ManagedElement=1,ENodeBFunction=1,EUtraNetwork=1,ExternalENodeBFunction=140,ExternalEUtranCellFDD=4</attr>
    <attr name="anrCreated">false</attr>
    <attr name="isHoAllowed">true</attr>
  </mo>
  <mo fdn="SubNetwork=ONRM_RootMo_R,MeContext=LTE01ERBS00131,ManagedElement=1,ENodeBFunction=1,EUtranCellFDD=LTE01ERBS00131-3,EUtranFreqRelation=2,EUtranCellRelation=28" lastModified="1287504925537" mimName="ERBS_NODE_MODEL" mimVersion="A.9.50.J.9.1">
    <attr name="isRemoveAllowed">false</attr>
    <attr name="neighborCellRef">SubNetwork=ONRM_RootMo_R,MeContext=LTE01ERBS00131,ManagedElement=1,ENodeBFunction=1,EUtraNetwork=1,ExternalENodeBFunction=142,ExternalEUtranCellFDD=3</attr>
    <attr name="anrCreated">false</attr>
    <attr name="isHoAllowed">true</attr>
  </mo>
  <mo fdn="SubNetwork=ONRM_RootMo_R,MeContext=LTE01ERBS00131,ManagedElement=1,ENodeBFunction=1,EUtranCellFDD=LTE01ERBS00131-3,EUtranFreqRelation=2,EUtranCellRelation=29" lastModified="1287504925533" mimName="ERBS_NODE_MODEL" mimVersion="A.9.50.J.9.1">
    <attr name="isRemoveAllowed">false</attr>
    <attr name="neighborCellRef">SubNetwork=ONRM_RootMo_R,MeContext=LTE01ERBS00131,ManagedElement=1,ENodeBFunction=1,EUtraNetwork=1,ExternalENodeBFunction=142,ExternalEUtranCellFDD=4</attr>
    <attr name="anrCreated">false</attr>
    <attr name="isHoAllowed">true</attr>
  </mo>
  <mo fdn="SubNetwork=ONRM_RootMo_R,MeContext=LTE01ERBS00131,ManagedElement=1,ENodeBFunction=1,EUtranCellFDD=LTE01ERBS00131-3,EUtranFreqRelation=2,EUtranCellRelation=32" lastModified="1287504925495" mimName="ERBS_NODE_MODEL" mimVersion="A.9.50.J.9.1">
    <attr name="isRemoveAllowed">false</attr>
    <attr name="neighborCellRef">SubNetwork=ONRM_RootMo_R,MeContext=LTE01ERBS00131,ManagedElement=1,ENodeBFunction=1,EUtraNetwork=1,ExternalENodeBFunction=144,ExternalEUtranCellFDD=3</attr>
    <attr name="anrCreated">false</attr>
    <attr name="isHoAllowed">true</attr>
  </mo>
  <mo fdn="SubNetwork=ONRM_RootMo_R,MeContext=LTE01ERBS00131,ManagedElement=1,ENodeBFunction=1,EUtranCellFDD=LTE01ERBS00131-3,EUtranFreqRelation=2,EUtranCellRelation=33" lastModified="1287504925525" mimName="ERBS_NODE_MODEL" mimVersion="A.9.50.J.9.1">
    <attr name="isRemoveAllowed">false</attr>
    <attr name="neighborCellRef">SubNetwork=ONRM_RootMo_R,MeContext=LTE01ERBS00131,ManagedElement=1,ENodeBFunction=1,EUtraNetwork=1,ExternalENodeBFunction=144,ExternalEUtranCellFDD=4</attr>
    <attr name="anrCreated">false</attr>
    <attr name="isHoAllowed">true</attr>
  </mo>
  <mo fdn="SubNetwork=ONRM_RootMo_R,MeContext=LTE01ERBS00131,ManagedElement=1,ENodeBFunction=1,EUtranCellFDD=LTE01ERBS00131-3,EUtranFreqRelation=2,EUtranCellRelation=6" lastModified="1287501531650" mimName="ERBS_NODE_MODEL" mimVersion="A.9.50.J.9.1">
    <attr name="isRemoveAllowed">false</attr>
    <attr name="neighborCellRef">SubNetwork=ONRM_RootMo_R,MeContext=LTE01ERBS00131,ManagedElement=1,ENodeBFunction=1,EUtraNetwork=1,ExternalENodeBFunction=130,ExternalEUtranCellFDD=3</attr>
    <attr name="anrCreated">false</attr>
    <attr name="isHoAllowed">true</attr>
  </mo>
  <mo fdn="SubNetwork=ONRM_RootMo_R,MeContext=LTE01ERBS00131,ManagedElement=1,ENodeBFunction=1,EUtranCellFDD=LTE01ERBS00131-3,EUtranFreqRelation=2,EUtranCellRelation=7" lastModified="1287501531651" mimName="ERBS_NODE_MODEL" mimVersion="A.9.50.J.9.1">
    <attr name="isRemoveAllowed">false</attr>
    <attr name="neighborCellRef">SubNetwork=ONRM_RootMo_R,MeContext=LTE01ERBS00131,ManagedElement=1,ENodeBFunction=1,EUtraNetwork=1,ExternalENodeBFunction=130,ExternalEUtranCellFDD=4</attr>
    <attr name="anrCreated">false</attr>
    <attr name="isHoAllowed">true</attr>
  </mo>
  <mo fdn="SubNetwork=ONRM_RootMo_R,MeContext=LTE01ERBS00131,ManagedElement=1,ENodeBFunction=1,EUtranCellFDD=LTE01ERBS00131-3,EUtranFreqRelation=2,EUtranCellRelation=8" lastModified="1287504925528" mimName="ERBS_NODE_MODEL" mimVersion="A.9.50.J.9.1">
    <attr name="isRemoveAllowed">false</attr>
    <attr name="neighborCellRef">SubNetwork=ONRM_RootMo_R,MeContext=LTE01ERBS00131,ManagedElement=1,ENodeBFunction=1,EUtraNetwork=1,ExternalENodeBFunction=132,ExternalEUtranCellFDD=3</attr>
    <attr name="anrCreated">false</attr>
    <attr name="isHoAllowed">true</attr>
  </mo>
  <mo fdn="SubNetwork=ONRM_RootMo_R,MeContext=LTE01ERBS00131,ManagedElement=1,ENodeBFunction=1,EUtranCellFDD=LTE01ERBS00131-3,EUtranFreqRelation=2,EUtranCellRelation=9" lastModified="1287504925529" mimName="ERBS_NODE_MODEL" mimVersion="A.9.50.J.9.1">
    <attr name="isRemoveAllowed">false</attr>
    <attr name="neighborCellRef">SubNetwork=ONRM_RootMo_R,MeContext=LTE01ERBS00131,ManagedElement=1,ENodeBFunction=1,EUtraNetwork=1,ExternalENodeBFunction=132,ExternalEUtranCellFDD=4</attr>
    <attr name="anrCreated">false</attr>
    <attr name="isHoAllowed">true</attr>
  </mo>
  <mo fdn="SubNetwork=ONRM_RootMo_R,MeContext=LTE01ERBS00131,ManagedElement=1,ENodeBFunction=1,EUtranCellFDD=LTE01ERBS00131-4" lastModified="1287512094035" mimName="ERBS_NODE_MODEL" mimVersion="A.9.50.J.9.1">
    <attr name="EUtranCellFDDId">LTE01ERBS00131-4</attr>
    <attr name="earfcnul">18000</attr>
    <attr name="cellId">4</attr>
    <attr name="tac">1</attr>
    <attr name="bPlmnList">
      <seq count="1">
        <item>
          <struct>
            <attr name="mcc">311</attr>
            <attr name="mnc">480</attr>
            <attr name="mncLength">2</attr>
          </struct>
        </item>
      </seq>
    </attr>
    <attr name="earfcndl">0</attr>
    <attr name="userLabel">LTE01ERBS00131-4</attr>
  </mo>
  <mo fdn="SubNetwork=ONRM_RootMo_R,MeContext=LTE01ERBS00131,ManagedElement=1,ENodeBFunction=1,EUtranCellFDD=LTE01ERBS00131-4,EUtranFreqRelation=1,EUtranCellRelation=1" lastModified="1287501223799" mimName="ERBS_NODE_MODEL" mimVersion="A.9.50.J.9.1">
    <attr name="isRemoveAllowed">false</attr>
    <attr name="neighborCellRef">SubNetwork=ONRM_RootMo_R,MeContext=LTE01ERBS00131,ManagedElement=1,ENodeBFunction=1,EUtranCellFDD=LTE01ERBS00131-1</attr>
    <attr name="anrCreated">false</attr>
    <attr name="isHoAllowed">true</attr>
  </mo>
  <mo fdn="SubNetwork=ONRM_RootMo_R,MeContext=LTE01ERBS00131,ManagedElement=1,ENodeBFunction=1,EUtranCellFDD=LTE01ERBS00131-4,EUtranFreqRelation=1,EUtranCellRelation=10" lastModified="1287504926726" mimName="ERBS_NODE_MODEL" mimVersion="A.9.50.J.9.1">
    <attr name="isRemoveAllowed">false</attr>
    <attr name="neighborCellRef">SubNetwork=ONRM_RootMo_R,MeContext=LTE01ERBS00131,ManagedElement=1,ENodeBFunction=1,EUtraNetwork=1,ExternalENodeBFunction=133,ExternalEUtranCellFDD=3</attr>
    <attr name="anrCreated">false</attr>
    <attr name="isHoAllowed">true</attr>
  </mo>
  <mo fdn="SubNetwork=ONRM_RootMo_R,MeContext=LTE01ERBS00131,ManagedElement=1,ENodeBFunction=1,EUtranCellFDD=LTE01ERBS00131-4,EUtranFreqRelation=1,EUtranCellRelation=11" lastModified="1287504926725" mimName="ERBS_NODE_MODEL" mimVersion="A.9.50.J.9.1">
    <attr name="isRemoveAllowed">false</attr>
    <attr name="neighborCellRef">SubNetwork=ONRM_RootMo_R,MeContext=LTE01ERBS00131,ManagedElement=1,ENodeBFunction=1,EUtraNetwork=1,ExternalENodeBFunction=133,ExternalEUtranCellFDD=4</attr>
    <attr name="anrCreated">false</attr>
    <attr name="isHoAllowed">true</attr>
  </mo>
  <mo fdn="SubNetwork=ONRM_RootMo_R,MeContext=LTE01ERBS00131,ManagedElement=1,ENodeBFunction=1,EUtranCellFDD=LTE01ERBS00131-4,EUtranFreqRelation=1,EUtranCellRelation=14" lastModified="1287504926717" mimName="ERBS_NODE_MODEL" mimVersion="A.9.50.J.9.1">
    <attr name="isRemoveAllowed">false</attr>
    <attr name="neighborCellRef">SubNetwork=ONRM_RootMo_R,MeContext=LTE01ERBS00131,ManagedElement=1,ENodeBFunction=1,EUtraNetwork=1,ExternalENodeBFunction=135,ExternalEUtranCellFDD=3</attr>
    <attr name="anrCreated">false</attr>
    <attr name="isHoAllowed">true</attr>
  </mo>
  <mo fdn="SubNetwork=ONRM_RootMo_R,MeContext=LTE01ERBS00131,ManagedElement=1,ENodeBFunction=1,EUtranCellFDD=LTE01ERBS00131-4,EUtranFreqRelation=1,EUtranCellRelation=15" lastModified="1287504926733" mimName="ERBS_NODE_MODEL" mimVersion="A.9.50.J.9.1">
    <attr name="isRemoveAllowed">false</attr>
    <attr name="neighborCellRef">SubNetwork=ONRM_RootMo_R,MeContext=LTE01ERBS00131,ManagedElement=1,ENodeBFunction=1,EUtraNetwork=1,ExternalENodeBFunction=135,ExternalEUtranCellFDD=4</attr>
    <attr name="anrCreated">false</attr>
    <attr name="isHoAllowed">true</attr>
  </mo>
  <mo fdn="SubNetwork=ONRM_RootMo_R,MeContext=LTE01ERBS00131,ManagedElement=1,ENodeBFunction=1,EUtranCellFDD=LTE01ERBS00131-4,EUtranFreqRelation=1,EUtranCellRelation=18" lastModified="1287504926730" mimName="ERBS_NODE_MODEL" mimVersion="A.9.50.J.9.1">
    <attr name="isRemoveAllowed">false</attr>
    <attr name="neighborCellRef">SubNetwork=ONRM_RootMo_R,MeContext=LTE01ERBS00131,ManagedElement=1,ENodeBFunction=1,EUtraNetwork=1,ExternalENodeBFunction=137,ExternalEUtranCellFDD=3</attr>
    <attr name="anrCreated">false</attr>
    <attr name="isHoAllowed">true</attr>
  </mo>
  <mo fdn="SubNetwork=ONRM_RootMo_R,MeContext=LTE01ERBS00131,ManagedElement=1,ENodeBFunction=1,EUtranCellFDD=LTE01ERBS00131-4,EUtranFreqRelation=1,EUtranCellRelation=19" lastModified="1287504926728" mimName="ERBS_NODE_MODEL" mimVersion="A.9.50.J.9.1">
    <attr name="isRemoveAllowed">false</attr>
    <attr name="neighborCellRef">SubNetwork=ONRM_RootMo_R,MeContext=LTE01ERBS00131,ManagedElement=1,ENodeBFunction=1,EUtraNetwork=1,ExternalENodeBFunction=137,ExternalEUtranCellFDD=4</attr>
    <attr name="anrCreated">false</attr>
    <attr name="isHoAllowed">true</attr>
  </mo>
  <mo fdn="SubNetwork=ONRM_RootMo_R,MeContext=LTE01ERBS00131,ManagedElement=1,ENodeBFunction=1,EUtranCellFDD=LTE01ERBS00131-4,EUtranFreqRelation=1,EUtranCellRelation=2" lastModified="1287501223795" mimName="ERBS_NODE_MODEL" mimVersion="A.9.50.J.9.1">
    <attr name="isRemoveAllowed">false</attr>
    <attr name="neighborCellRef">SubNetwork=ONRM_RootMo_R,MeContext=LTE01ERBS00131,ManagedElement=1,ENodeBFunction=1,EUtranCellFDD=LTE01ERBS00131-2</attr>
    <attr name="anrCreated">false</attr>
    <attr name="isHoAllowed">true</attr>
  </mo>
  <mo fdn="SubNetwork=ONRM_RootMo_R,MeContext=LTE01ERBS00131,ManagedElement=1,ENodeBFunction=1,EUtranCellFDD=LTE01ERBS00131-4,EUtranFreqRelation=1,EUtranCellRelation=22" lastModified="1287504926718" mimName="ERBS_NODE_MODEL" mimVersion="A.9.50.J.9.1">
    <attr name="isRemoveAllowed">false</attr>
    <attr name="neighborCellRef">SubNetwork=ONRM_RootMo_R,MeContext=LTE01ERBS00131,ManagedElement=1,ENodeBFunction=1,EUtraNetwork=1,ExternalENodeBFunction=139,ExternalEUtranCellFDD=3</attr>
    <attr name="anrCreated">false</attr>
    <attr name="isHoAllowed">true</attr>
  </mo>
  <mo fdn="SubNetwork=ONRM_RootMo_R,MeContext=LTE01ERBS00131,ManagedElement=1,ENodeBFunction=1,EUtranCellFDD=LTE01ERBS00131-4,EUtranFreqRelation=1,EUtranCellRelation=23" lastModified="1287504926716" mimName="ERBS_NODE_MODEL" mimVersion="A.9.50.J.9.1">
    <attr name="isRemoveAllowed">false</attr>
    <attr name="neighborCellRef">SubNetwork=ONRM_RootMo_R,MeContext=LTE01ERBS00131,ManagedElement=1,ENodeBFunction=1,EUtraNetwork=1,ExternalENodeBFunction=139,ExternalEUtranCellFDD=4</attr>
    <attr name="anrCreated">false</attr>
    <attr name="isHoAllowed">true</attr>
  </mo>
  <mo fdn="SubNetwork=ONRM_RootMo_R,MeContext=LTE01ERBS00131,ManagedElement=1,ENodeBFunction=1,EUtranCellFDD=LTE01ERBS00131-4,EUtranFreqRelation=1,EUtranCellRelation=26" lastModified="1287504926731" mimName="ERBS_NODE_MODEL" mimVersion="A.9.50.J.9.1">
    <attr name="isRemoveAllowed">false</attr>
    <attr name="neighborCellRef">SubNetwork=ONRM_RootMo_R,MeContext=LTE01ERBS00131,ManagedElement=1,ENodeBFunction=1,EUtraNetwork=1,ExternalENodeBFunction=141,ExternalEUtranCellFDD=3</attr>
    <attr name="anrCreated">false</attr>
    <attr name="isHoAllowed">true</attr>
  </mo>
  <mo fdn="SubNetwork=ONRM_RootMo_R,MeContext=LTE01ERBS00131,ManagedElement=1,ENodeBFunction=1,EUtranCellFDD=LTE01ERBS00131-4,EUtranFreqRelation=1,EUtranCellRelation=27" lastModified="1287504926729" mimName="ERBS_NODE_MODEL" mimVersion="A.9.50.J.9.1">
    <attr name="isRemoveAllowed">false</attr>
    <attr name="neighborCellRef">SubNetwork=ONRM_RootMo_R,MeContext=LTE01ERBS00131,ManagedElement=1,ENodeBFunction=1,EUtraNetwork=1,ExternalENodeBFunction=141,ExternalEUtranCellFDD=4</attr>
    <attr name="anrCreated">false</attr>
    <attr name="isHoAllowed">true</attr>
  </mo>
  <mo fdn="SubNetwork=ONRM_RootMo_R,MeContext=LTE01ERBS00131,ManagedElement=1,ENodeBFunction=1,EUtranCellFDD=LTE01ERBS00131-4,EUtranFreqRelation=1,EUtranCellRelation=3" lastModified="1287501223791" mimName="ERBS_NODE_MODEL" mimVersion="A.9.50.J.9.1">
    <attr name="isRemoveAllowed">false</attr>
    <attr name="neighborCellRef">SubNetwork=ONRM_RootMo_R,MeContext=LTE01ERBS00131,ManagedElement=1,ENodeBFunction=1,EUtranCellFDD=LTE01ERBS00131-3</attr>
    <attr name="anrCreated">false</attr>
    <attr name="isHoAllowed">true</attr>
  </mo>
  <mo fdn="SubNetwork=ONRM_RootMo_R,MeContext=LTE01ERBS00131,ManagedElement=1,ENodeBFunction=1,EUtranCellFDD=LTE01ERBS00131-4,EUtranFreqRelation=1,EUtranCellRelation=30" lastModified="1287504926724" mimName="ERBS_NODE_MODEL" mimVersion="A.9.50.J.9.1">
    <attr name="isRemoveAllowed">false</attr>
    <attr name="neighborCellRef">SubNetwork=ONRM_RootMo_R,MeContext=LTE01ERBS00131,ManagedElement=1,ENodeBFunction=1,EUtraNetwork=1,ExternalENodeBFunction=143,ExternalEUtranCellFDD=3</attr>
    <attr name="anrCreated">false</attr>
    <attr name="isHoAllowed">true</attr>
  </mo>
  <mo fdn="SubNetwork=ONRM_RootMo_R,MeContext=LTE01ERBS00131,ManagedElement=1,ENodeBFunction=1,EUtranCellFDD=LTE01ERBS00131-4,EUtranFreqRelation=1,EUtranCellRelation=31" lastModified="1287504926721" mimName="ERBS_NODE_MODEL" mimVersion="A.9.50.J.9.1">
    <attr name="isRemoveAllowed">false</attr>
    <attr name="neighborCellRef">SubNetwork=ONRM_RootMo_R,MeContext=LTE01ERBS00131,ManagedElement=1,ENodeBFunction=1,EUtraNetwork=1,ExternalENodeBFunction=143,ExternalEUtranCellFDD=4</attr>
    <attr name="anrCreated">false</attr>
    <attr name="isHoAllowed">true</attr>
  </mo>
  <mo fdn="SubNetwork=ONRM_RootMo_R,MeContext=LTE01ERBS00131,ManagedElement=1,ENodeBFunction=1,EUtranCellFDD=LTE01ERBS00131-4,EUtranFreqRelation=1,EUtranCellRelation=4" lastModified="1287504926732" mimName="ERBS_NODE_MODEL" mimVersion="A.9.50.J.9.1">
    <attr name="isRemoveAllowed">false</attr>
    <attr name="neighborCellRef">SubNetwork=ONRM_RootMo_R,MeContext=LTE01ERBS00131,ManagedElement=1,ENodeBFunction=1,EUtraNetwork=1,ExternalENodeBFunction=129,ExternalEUtranCellFDD=3</attr>
    <attr name="anrCreated">false</attr>
    <attr name="isHoAllowed">true</attr>
  </mo>
  <mo fdn="SubNetwork=ONRM_RootMo_R,MeContext=LTE01ERBS00131,ManagedElement=1,ENodeBFunction=1,EUtranCellFDD=LTE01ERBS00131-4,EUtranFreqRelation=1,EUtranCellRelation=5" lastModified="1287504926735" mimName="ERBS_NODE_MODEL" mimVersion="A.9.50.J.9.1">
    <attr name="isRemoveAllowed">false</attr>
    <attr name="neighborCellRef">SubNetwork=ONRM_RootMo_R,MeContext=LTE01ERBS00131,ManagedElement=1,ENodeBFunction=1,EUtraNetwork=1,ExternalENodeBFunction=129,ExternalEUtranCellFDD=4</attr>
    <attr name="anrCreated">false</attr>
    <attr name="isHoAllowed">true</attr>
  </mo>
  <mo fdn="SubNetwork=ONRM_RootMo_R,MeContext=LTE01ERBS00131,ManagedElement=1,ENodeBFunction=1,EUtranCellFDD=LTE01ERBS00131-4,EUtranFreqRelation=2,EUtranCellRelation=12" lastModified="1287504926699" mimName="ERBS_NODE_MODEL" mimVersion="A.9.50.J.9.1">
    <attr name="isRemoveAllowed">false</attr>
    <attr name="neighborCellRef">SubNetwork=ONRM_RootMo_R,MeContext=LTE01ERBS00131,ManagedElement=1,ENodeBFunction=1,EUtraNetwork=1,ExternalENodeBFunction=134,ExternalEUtranCellFDD=3</attr>
    <attr name="anrCreated">false</attr>
    <attr name="isHoAllowed">true</attr>
  </mo>
  <mo fdn="SubNetwork=ONRM_RootMo_R,MeContext=LTE01ERBS00131,ManagedElement=1,ENodeBFunction=1,EUtranCellFDD=LTE01ERBS00131-4,EUtranFreqRelation=2,EUtranCellRelation=13" lastModified="1287504926698" mimName="ERBS_NODE_MODEL" mimVersion="A.9.50.J.9.1">
    <attr name="isRemoveAllowed">false</attr>
    <attr name="neighborCellRef">SubNetwork=ONRM_RootMo_R,MeContext=LTE01ERBS00131,ManagedElement=1,ENodeBFunction=1,EUtraNetwork=1,ExternalENodeBFunction=134,ExternalEUtranCellFDD=4</attr>
    <attr name="anrCreated">false</attr>
    <attr name="isHoAllowed">true</attr>
  </mo>
  <mo fdn="SubNetwork=ONRM_RootMo_R,MeContext=LTE01ERBS00131,ManagedElement=1,ENodeBFunction=1,EUtranCellFDD=LTE01ERBS00131-4,EUtranFreqRelation=2,EUtranCellRelation=16" lastModified="1287504926712" mimName="ERBS_NODE_MODEL" mimVersion="A.9.50.J.9.1">
    <attr name="isRemoveAllowed">false</attr>
    <attr name="neighborCellRef">SubNetwork=ONRM_RootMo_R,MeContext=LTE01ERBS00131,ManagedElement=1,ENodeBFunction=1,EUtraNetwork=1,ExternalENodeBFunction=136,ExternalEUtranCellFDD=3</attr>
    <attr name="anrCreated">false</attr>
    <attr name="isHoAllowed">true</attr>
  </mo>
  <mo fdn="SubNetwork=ONRM_RootMo_R,MeContext=LTE01ERBS00131,ManagedElement=1,ENodeBFunction=1,EUtranCellFDD=LTE01ERBS00131-4,EUtranFreqRelation=2,EUtranCellRelation=17" lastModified="1287504926710" mimName="ERBS_NODE_MODEL" mimVersion="A.9.50.J.9.1">
    <attr name="isRemoveAllowed">false</attr>
    <attr name="neighborCellRef">SubNetwork=ONRM_RootMo_R,MeContext=LTE01ERBS00131,ManagedElement=1,ENodeBFunction=1,EUtraNetwork=1,ExternalENodeBFunction=136,ExternalEUtranCellFDD=4</attr>
    <attr name="anrCreated">false</attr>
    <attr name="isHoAllowed">true</attr>
  </mo>
  <mo fdn="SubNetwork=ONRM_RootMo_R,MeContext=LTE01ERBS00131,ManagedElement=1,ENodeBFunction=1,EUtranCellFDD=LTE01ERBS00131-4,EUtranFreqRelation=2,EUtranCellRelation=20" lastModified="1287504926705" mimName="ERBS_NODE_MODEL" mimVersion="A.9.50.J.9.1">
    <attr name="isRemoveAllowed">false</attr>
    <attr name="neighborCellRef">SubNetwork=ONRM_RootMo_R,MeContext=LTE01ERBS00131,ManagedElement=1,ENodeBFunction=1,EUtraNetwork=1,ExternalENodeBFunction=138,ExternalEUtranCellFDD=3</attr>
    <attr name="anrCreated">false</attr>
    <attr name="isHoAllowed">true</attr>
  </mo>
  <mo fdn="SubNetwork=ONRM_RootMo_R,MeContext=LTE01ERBS00131,ManagedElement=1,ENodeBFunction=1,EUtranCellFDD=LTE01ERBS00131-4,EUtranFreqRelation=2,EUtranCellRelation=21" lastModified="1287504926704" mimName="ERBS_NODE_MODEL" mimVersion="A.9.50.J.9.1">
    <attr name="isRemoveAllowed">false</attr>
    <attr name="neighborCellRef">SubNetwork=ONRM_RootMo_R,MeContext=LTE01ERBS00131,ManagedElement=1,ENodeBFunction=1,EUtraNetwork=1,ExternalENodeBFunction=138,ExternalEUtranCellFDD=4</attr>
    <attr name="anrCreated">false</attr>
    <attr name="isHoAllowed">true</attr>
  </mo>
  <mo fdn="SubNetwork=ONRM_RootMo_R,MeContext=LTE01ERBS00131,ManagedElement=1,ENodeBFunction=1,EUtranCellFDD=LTE01ERBS00131-4,EUtranFreqRelation=2,EUtranCellRelation=24" lastModified="1287504926702" mimName="ERBS_NODE_MODEL" mimVersion="A.9.50.J.9.1">
    <attr name="isRemoveAllowed">false</attr>
    <attr name="neighborCellRef">SubNetwork=ONRM_RootMo_R,MeContext=LTE01ERBS00131,ManagedElement=1,ENodeBFunction=1,EUtraNetwork=1,ExternalENodeBFunction=140,ExternalEUtranCellFDD=3</attr>
    <attr name="anrCreated">false</attr>
    <attr name="isHoAllowed">true</attr>
  </mo>
  <mo fdn="SubNetwork=ONRM_RootMo_R,MeContext=LTE01ERBS00131,ManagedElement=1,ENodeBFunction=1,EUtranCellFDD=LTE01ERBS00131-4,EUtranFreqRelation=2,EUtranCellRelation=25" lastModified="1287504926701" mimName="ERBS_NODE_MODEL" mimVersion="A.9.50.J.9.1">
    <attr name="isRemoveAllowed">false</attr>
    <attr name="neighborCellRef">SubNetwork=ONRM_RootMo_R,MeContext=LTE01ERBS00131,ManagedElement=1,ENodeBFunction=1,EUtraNetwork=1,ExternalENodeBFunction=140,ExternalEUtranCellFDD=4</attr>
    <attr name="anrCreated">false</attr>
    <attr name="isHoAllowed">true</attr>
  </mo>
  <mo fdn="SubNetwork=ONRM_RootMo_R,MeContext=LTE01ERBS00131,ManagedElement=1,ENodeBFunction=1,EUtranCellFDD=LTE01ERBS00131-4,EUtranFreqRelation=2,EUtranCellRelation=28" lastModified="1287504926713" mimName="ERBS_NODE_MODEL" mimVersion="A.9.50.J.9.1">
    <attr name="isRemoveAllowed">false</attr>
    <attr name="neighborCellRef">SubNetwork=ONRM_RootMo_R,MeContext=LTE01ERBS00131,ManagedElement=1,ENodeBFunction=1,EUtraNetwork=1,ExternalENodeBFunction=142,ExternalEUtranCellFDD=3</attr>
    <attr name="anrCreated">false</attr>
    <attr name="isHoAllowed">true</attr>
  </mo>
  <mo fdn="SubNetwork=ONRM_RootMo_R,MeContext=LTE01ERBS00131,ManagedElement=1,ENodeBFunction=1,EUtranCellFDD=LTE01ERBS00131-4,EUtranFreqRelation=2,EUtranCellRelation=29" lastModified="1287504926711" mimName="ERBS_NODE_MODEL" mimVersion="A.9.50.J.9.1">
    <attr name="isRemoveAllowed">false</attr>
    <attr name="neighborCellRef">SubNetwork=ONRM_RootMo_R,MeContext=LTE01ERBS00131,ManagedElement=1,ENodeBFunction=1,EUtraNetwork=1,ExternalENodeBFunction=142,ExternalEUtranCellFDD=4</attr>
    <attr name="anrCreated">false</attr>
    <attr name="isHoAllowed">true</attr>
  </mo>
  <mo fdn="SubNetwork=ONRM_RootMo_R,MeContext=LTE01ERBS00131,ManagedElement=1,ENodeBFunction=1,EUtranCellFDD=LTE01ERBS00131-4,EUtranFreqRelation=2,EUtranCellRelation=32" lastModified="1287504926685" mimName="ERBS_NODE_MODEL" mimVersion="A.9.50.J.9.1">
    <attr name="isRemoveAllowed">false</attr>
    <attr name="neighborCellRef">SubNetwork=ONRM_RootMo_R,MeContext=LTE01ERBS00131,ManagedElement=1,ENodeBFunction=1,EUtraNetwork=1,ExternalENodeBFunction=144,ExternalEUtranCellFDD=3</attr>
    <attr name="anrCreated">false</attr>
    <attr name="isHoAllowed">true</attr>
  </mo>
  <mo fdn="SubNetwork=ONRM_RootMo_R,MeContext=LTE01ERBS00131,ManagedElement=1,ENodeBFunction=1,EUtranCellFDD=LTE01ERBS00131-4,EUtranFreqRelation=2,EUtranCellRelation=33" lastModified="1287504926706" mimName="ERBS_NODE_MODEL" mimVersion="A.9.50.J.9.1">
    <attr name="isRemoveAllowed">false</attr>
    <attr name="neighborCellRef">SubNetwork=ONRM_RootMo_R,MeContext=LTE01ERBS00131,ManagedElement=1,ENodeBFunction=1,EUtraNetwork=1,ExternalENodeBFunction=144,ExternalEUtranCellFDD=4</attr>
    <attr name="anrCreated">false</attr>
    <attr name="isHoAllowed">true</attr>
  </mo>
  <mo fdn="SubNetwork=ONRM_RootMo_R,MeContext=LTE01ERBS00131,ManagedElement=1,ENodeBFunction=1,EUtranCellFDD=LTE01ERBS00131-4,EUtranFreqRelation=2,EUtranCellRelation=6" lastModified="1287501529617" mimName="ERBS_NODE_MODEL" mimVersion="A.9.50.J.9.1">
    <attr name="isRemoveAllowed">false</attr>
    <attr name="neighborCellRef">SubNetwork=ONRM_RootMo_R,MeContext=LTE01ERBS00131,ManagedElement=1,ENodeBFunction=1,EUtraNetwork=1,ExternalENodeBFunction=130,ExternalEUtranCellFDD=3</attr>
    <attr name="anrCreated">false</attr>
    <attr name="isHoAllowed">true</attr>
  </mo>
  <mo fdn="SubNetwork=ONRM_RootMo_R,MeContext=LTE01ERBS00131,ManagedElement=1,ENodeBFunction=1,EUtranCellFDD=LTE01ERBS00131-4,EUtranFreqRelation=2,EUtranCellRelation=7" lastModified="1287501529628" mimName="ERBS_NODE_MODEL" mimVersion="A.9.50.J.9.1">
    <attr name="isRemoveAllowed">false</attr>
    <attr name="neighborCellRef">SubNetwork=ONRM_RootMo_R,MeContext=LTE01ERBS00131,ManagedElement=1,ENodeBFunction=1,EUtraNetwork=1,ExternalENodeBFunction=130,ExternalEUtranCellFDD=4</attr>
    <attr name="anrCreated">false</attr>
    <attr name="isHoAllowed">true</attr>
  </mo>
  <mo fdn="SubNetwork=ONRM_RootMo_R,MeContext=LTE01ERBS00131,ManagedElement=1,ENodeBFunction=1,EUtranCellFDD=LTE01ERBS00131-4,EUtranFreqRelation=2,EUtranCellRelation=8" lastModified="1287504926708" mimName="ERBS_NODE_MODEL" mimVersion="A.9.50.J.9.1">
    <attr name="isRemoveAllowed">false</attr>
    <attr name="neighborCellRef">SubNetwork=ONRM_RootMo_R,MeContext=LTE01ERBS00131,ManagedElement=1,ENodeBFunction=1,EUtraNetwork=1,ExternalENodeBFunction=132,ExternalEUtranCellFDD=3</attr>
    <attr name="anrCreated">false</attr>
    <attr name="isHoAllowed">true</attr>
  </mo>
  <mo fdn="SubNetwork=ONRM_RootMo_R,MeContext=LTE01ERBS00131,ManagedElement=1,ENodeBFunction=1,EUtranCellFDD=LTE01ERBS00131-4,EUtranFreqRelation=2,EUtranCellRelation=9" lastModified="1287504926709" mimName="ERBS_NODE_MODEL" mimVersion="A.9.50.J.9.1">
    <attr name="isRemoveAllowed">false</attr>
    <attr name="neighborCellRef">SubNetwork=ONRM_RootMo_R,MeContext=LTE01ERBS00131,ManagedElement=1,ENodeBFunction=1,EUtraNetwork=1,ExternalENodeBFunction=132,ExternalEUtranCellFDD=4</attr>
    <attr name="anrCreated">false</attr>
    <attr name="isHoAllowed">true</attr>
  </mo>
</model>
