<?xml version="1.0" encoding="UTF-8" standalone="no"?><!-- Generated by nmsadm --><!-- Generated on Thu Oct 28 14:35:53 BST 2010 --><!-- Generated from configuration valid --><!-- Query - Base MO SubNetwork=ONRM_RootMo_R,MeContext=LTE01ERBS00032; Scope 8 --><model>
  <mo fdn="SubNetwork=ONRM_RootMo_R,MeContext=LTE01ERBS00032" lastModified="1287512099717" mimName="ERBS_NODE_MODEL" mimVersion="A.9.50.J.9.1">
    <attr name="MeContextId">LTE01ERBS00032</attr>
    <attr name="neMIMversion">vA.9.40</attr>
    <attr name="siteRef">SubNetwork=ONRM_RootMo_R,Site=LTE01ERBS00032</attr>
    <attr name="userLabel">LTE01ERBS00032</attr>
  </mo>
  <mo fdn="SubNetwork=ONRM_RootMo_R,MeContext=LTE01ERBS00032,ManagedElement=1,ENodeBFunction=1" lastModified="1287501138038" mimName="ERBS_NODE_MODEL" mimVersion="A.9.50.J.9.1">
    <attr name="eNodeBPlmnId">
      <struct>
        <attr name="mcc">311</attr>
        <attr name="mnc">480</attr>
        <attr name="mncLength">2</attr>
      </struct>
    </attr>
    <attr name="eNBId">188074</attr>
  </mo>
  <mo fdn="SubNetwork=ONRM_RootMo_R,MeContext=LTE01ERBS00032,ManagedElement=1,ENodeBFunction=1,EUtranCellFDD=LTE01ERBS00032-1" lastModified="1287512066252" mimName="ERBS_NODE_MODEL" mimVersion="A.9.50.J.9.1">
    <attr name="EUtranCellFDDId">LTE01ERBS00032-1</attr>
    <attr name="earfcnul">18000</attr>
    <attr name="cellId">1</attr>
    <attr name="tac">48138</attr>
    <attr name="bPlmnList">
      <seq count="1">
        <item>
          <struct>
            <attr name="mcc">311</attr>
            <attr name="mnc">480</attr>
            <attr name="mncLength">2</attr>
          </struct>
        </item>
      </seq>
    </attr>
    <attr name="earfcndl">0</attr>
    <attr name="userLabel">LTE01ERBS00032-1</attr>
  </mo>
  <mo fdn="SubNetwork=ONRM_RootMo_R,MeContext=LTE01ERBS00032,ManagedElement=1,ENodeBFunction=1,EUtranCellFDD=LTE01ERBS00032-1,EUtranFreqRelation=1,EUtranCellRelation=12" lastModified="1287504771481" mimName="ERBS_NODE_MODEL" mimVersion="A.9.50.J.9.1">
    <attr name="isRemoveAllowed">false</attr>
    <attr name="neighborCellRef">SubNetwork=ONRM_RootMo_R,MeContext=LTE01ERBS00032,ManagedElement=1,ENodeBFunction=1,EUtraNetwork=1,ExternalENodeBFunction=21,ExternalEUtranCellFDD=1</attr>
    <attr name="anrCreated">false</attr>
    <attr name="isHoAllowed">true</attr>
  </mo>
  <mo fdn="SubNetwork=ONRM_RootMo_R,MeContext=LTE01ERBS00032,ManagedElement=1,ENodeBFunction=1,EUtranCellFDD=LTE01ERBS00032-1,EUtranFreqRelation=1,EUtranCellRelation=13" lastModified="1287504771480" mimName="ERBS_NODE_MODEL" mimVersion="A.9.50.J.9.1">
    <attr name="isRemoveAllowed">false</attr>
    <attr name="neighborCellRef">SubNetwork=ONRM_RootMo_R,MeContext=LTE01ERBS00032,ManagedElement=1,ENodeBFunction=1,EUtraNetwork=1,ExternalENodeBFunction=21,ExternalEUtranCellFDD=2</attr>
    <attr name="anrCreated">false</attr>
    <attr name="isHoAllowed">true</attr>
  </mo>
  <mo fdn="SubNetwork=ONRM_RootMo_R,MeContext=LTE01ERBS00032,ManagedElement=1,ENodeBFunction=1,EUtranCellFDD=LTE01ERBS00032-1,EUtranFreqRelation=1,EUtranCellRelation=16" lastModified="1287504771489" mimName="ERBS_NODE_MODEL" mimVersion="A.9.50.J.9.1">
    <attr name="isRemoveAllowed">false</attr>
    <attr name="neighborCellRef">SubNetwork=ONRM_RootMo_R,MeContext=LTE01ERBS00032,ManagedElement=1,ENodeBFunction=1,EUtraNetwork=1,ExternalENodeBFunction=23,ExternalEUtranCellFDD=1</attr>
    <attr name="anrCreated">false</attr>
    <attr name="isHoAllowed">true</attr>
  </mo>
  <mo fdn="SubNetwork=ONRM_RootMo_R,MeContext=LTE01ERBS00032,ManagedElement=1,ENodeBFunction=1,EUtranCellFDD=LTE01ERBS00032-1,EUtranFreqRelation=1,EUtranCellRelation=17" lastModified="1287504771487" mimName="ERBS_NODE_MODEL" mimVersion="A.9.50.J.9.1">
    <attr name="isRemoveAllowed">false</attr>
    <attr name="neighborCellRef">SubNetwork=ONRM_RootMo_R,MeContext=LTE01ERBS00032,ManagedElement=1,ENodeBFunction=1,EUtraNetwork=1,ExternalENodeBFunction=23,ExternalEUtranCellFDD=2</attr>
    <attr name="anrCreated">false</attr>
    <attr name="isHoAllowed">true</attr>
  </mo>
  <mo fdn="SubNetwork=ONRM_RootMo_R,MeContext=LTE01ERBS00032,ManagedElement=1,ENodeBFunction=1,EUtranCellFDD=LTE01ERBS00032-1,EUtranFreqRelation=1,EUtranCellRelation=20" lastModified="1287504771485" mimName="ERBS_NODE_MODEL" mimVersion="A.9.50.J.9.1">
    <attr name="isRemoveAllowed">false</attr>
    <attr name="neighborCellRef">SubNetwork=ONRM_RootMo_R,MeContext=LTE01ERBS00032,ManagedElement=1,ENodeBFunction=1,EUtraNetwork=1,ExternalENodeBFunction=25,ExternalEUtranCellFDD=1</attr>
    <attr name="anrCreated">false</attr>
    <attr name="isHoAllowed">true</attr>
  </mo>
  <mo fdn="SubNetwork=ONRM_RootMo_R,MeContext=LTE01ERBS00032,ManagedElement=1,ENodeBFunction=1,EUtranCellFDD=LTE01ERBS00032-1,EUtranFreqRelation=1,EUtranCellRelation=21" lastModified="1287504771484" mimName="ERBS_NODE_MODEL" mimVersion="A.9.50.J.9.1">
    <attr name="isRemoveAllowed">false</attr>
    <attr name="neighborCellRef">SubNetwork=ONRM_RootMo_R,MeContext=LTE01ERBS00032,ManagedElement=1,ENodeBFunction=1,EUtraNetwork=1,ExternalENodeBFunction=25,ExternalEUtranCellFDD=2</attr>
    <attr name="anrCreated">false</attr>
    <attr name="isHoAllowed">true</attr>
  </mo>
  <mo fdn="SubNetwork=ONRM_RootMo_R,MeContext=LTE01ERBS00032,ManagedElement=1,ENodeBFunction=1,EUtranCellFDD=LTE01ERBS00032-1,EUtranFreqRelation=1,EUtranCellRelation=24" lastModified="1287504771483" mimName="ERBS_NODE_MODEL" mimVersion="A.9.50.J.9.1">
    <attr name="isRemoveAllowed">false</attr>
    <attr name="neighborCellRef">SubNetwork=ONRM_RootMo_R,MeContext=LTE01ERBS00032,ManagedElement=1,ENodeBFunction=1,EUtraNetwork=1,ExternalENodeBFunction=27,ExternalEUtranCellFDD=1</attr>
    <attr name="anrCreated">false</attr>
    <attr name="isHoAllowed">true</attr>
  </mo>
  <mo fdn="SubNetwork=ONRM_RootMo_R,MeContext=LTE01ERBS00032,ManagedElement=1,ENodeBFunction=1,EUtranCellFDD=LTE01ERBS00032-1,EUtranFreqRelation=1,EUtranCellRelation=25" lastModified="1287504771482" mimName="ERBS_NODE_MODEL" mimVersion="A.9.50.J.9.1">
    <attr name="isRemoveAllowed">false</attr>
    <attr name="neighborCellRef">SubNetwork=ONRM_RootMo_R,MeContext=LTE01ERBS00032,ManagedElement=1,ENodeBFunction=1,EUtraNetwork=1,ExternalENodeBFunction=27,ExternalEUtranCellFDD=2</attr>
    <attr name="anrCreated">false</attr>
    <attr name="isHoAllowed">true</attr>
  </mo>
  <mo fdn="SubNetwork=ONRM_RootMo_R,MeContext=LTE01ERBS00032,ManagedElement=1,ENodeBFunction=1,EUtranCellFDD=LTE01ERBS00032-1,EUtranFreqRelation=1,EUtranCellRelation=28" lastModified="1287504771491" mimName="ERBS_NODE_MODEL" mimVersion="A.9.50.J.9.1">
    <attr name="isRemoveAllowed">false</attr>
    <attr name="neighborCellRef">SubNetwork=ONRM_RootMo_R,MeContext=LTE01ERBS00032,ManagedElement=1,ENodeBFunction=1,EUtraNetwork=1,ExternalENodeBFunction=29,ExternalEUtranCellFDD=1</attr>
    <attr name="anrCreated">false</attr>
    <attr name="isHoAllowed">true</attr>
  </mo>
  <mo fdn="SubNetwork=ONRM_RootMo_R,MeContext=LTE01ERBS00032,ManagedElement=1,ENodeBFunction=1,EUtranCellFDD=LTE01ERBS00032-1,EUtranFreqRelation=1,EUtranCellRelation=29" lastModified="1287504771490" mimName="ERBS_NODE_MODEL" mimVersion="A.9.50.J.9.1">
    <attr name="isRemoveAllowed">false</attr>
    <attr name="neighborCellRef">SubNetwork=ONRM_RootMo_R,MeContext=LTE01ERBS00032,ManagedElement=1,ENodeBFunction=1,EUtraNetwork=1,ExternalENodeBFunction=29,ExternalEUtranCellFDD=2</attr>
    <attr name="anrCreated">false</attr>
    <attr name="isHoAllowed">true</attr>
  </mo>
  <mo fdn="SubNetwork=ONRM_RootMo_R,MeContext=LTE01ERBS00032,ManagedElement=1,ENodeBFunction=1,EUtranCellFDD=LTE01ERBS00032-1,EUtranFreqRelation=1,EUtranCellRelation=32" lastModified="1287501654386" mimName="ERBS_NODE_MODEL" mimVersion="A.9.50.J.9.1">
    <attr name="isRemoveAllowed">false</attr>
    <attr name="neighborCellRef">SubNetwork=ONRM_RootMo_R,MeContext=LTE01ERBS00032,ManagedElement=1,ENodeBFunction=1,EUtraNetwork=1,ExternalENodeBFunction=31,ExternalEUtranCellFDD=1</attr>
    <attr name="anrCreated">false</attr>
    <attr name="isHoAllowed">true</attr>
  </mo>
  <mo fdn="SubNetwork=ONRM_RootMo_R,MeContext=LTE01ERBS00032,ManagedElement=1,ENodeBFunction=1,EUtranCellFDD=LTE01ERBS00032-1,EUtranFreqRelation=1,EUtranCellRelation=33" lastModified="1287501654389" mimName="ERBS_NODE_MODEL" mimVersion="A.9.50.J.9.1">
    <attr name="isRemoveAllowed">false</attr>
    <attr name="neighborCellRef">SubNetwork=ONRM_RootMo_R,MeContext=LTE01ERBS00032,ManagedElement=1,ENodeBFunction=1,EUtraNetwork=1,ExternalENodeBFunction=31,ExternalEUtranCellFDD=2</attr>
    <attr name="anrCreated">false</attr>
    <attr name="isHoAllowed">true</attr>
  </mo>
  <mo fdn="SubNetwork=ONRM_RootMo_R,MeContext=LTE01ERBS00032,ManagedElement=1,ENodeBFunction=1,EUtranCellFDD=LTE01ERBS00032-1,EUtranFreqRelation=1,EUtranCellRelation=4" lastModified="1287504771488" mimName="ERBS_NODE_MODEL" mimVersion="A.9.50.J.9.1">
    <attr name="isRemoveAllowed">false</attr>
    <attr name="neighborCellRef">SubNetwork=ONRM_RootMo_R,MeContext=LTE01ERBS00032,ManagedElement=1,ENodeBFunction=1,EUtraNetwork=1,ExternalENodeBFunction=17,ExternalEUtranCellFDD=1</attr>
    <attr name="anrCreated">false</attr>
    <attr name="isHoAllowed">true</attr>
  </mo>
  <mo fdn="SubNetwork=ONRM_RootMo_R,MeContext=LTE01ERBS00032,ManagedElement=1,ENodeBFunction=1,EUtranCellFDD=LTE01ERBS00032-1,EUtranFreqRelation=1,EUtranCellRelation=5" lastModified="1287504771492" mimName="ERBS_NODE_MODEL" mimVersion="A.9.50.J.9.1">
    <attr name="isRemoveAllowed">false</attr>
    <attr name="neighborCellRef">SubNetwork=ONRM_RootMo_R,MeContext=LTE01ERBS00032,ManagedElement=1,ENodeBFunction=1,EUtraNetwork=1,ExternalENodeBFunction=17,ExternalEUtranCellFDD=2</attr>
    <attr name="anrCreated">false</attr>
    <attr name="isHoAllowed">true</attr>
  </mo>
  <mo fdn="SubNetwork=ONRM_RootMo_R,MeContext=LTE01ERBS00032,ManagedElement=1,ENodeBFunction=1,EUtranCellFDD=LTE01ERBS00032-1,EUtranFreqRelation=1,EUtranCellRelation=8" lastModified="1287504771486" mimName="ERBS_NODE_MODEL" mimVersion="A.9.50.J.9.1">
    <attr name="isRemoveAllowed">false</attr>
    <attr name="neighborCellRef">SubNetwork=ONRM_RootMo_R,MeContext=LTE01ERBS00032,ManagedElement=1,ENodeBFunction=1,EUtraNetwork=1,ExternalENodeBFunction=19,ExternalEUtranCellFDD=1</attr>
    <attr name="anrCreated">false</attr>
    <attr name="isHoAllowed">true</attr>
  </mo>
  <mo fdn="SubNetwork=ONRM_RootMo_R,MeContext=LTE01ERBS00032,ManagedElement=1,ENodeBFunction=1,EUtranCellFDD=LTE01ERBS00032-1,EUtranFreqRelation=1,EUtranCellRelation=9" lastModified="1287504771486" mimName="ERBS_NODE_MODEL" mimVersion="A.9.50.J.9.1">
    <attr name="isRemoveAllowed">false</attr>
    <attr name="neighborCellRef">SubNetwork=ONRM_RootMo_R,MeContext=LTE01ERBS00032,ManagedElement=1,ENodeBFunction=1,EUtraNetwork=1,ExternalENodeBFunction=19,ExternalEUtranCellFDD=2</attr>
    <attr name="anrCreated">false</attr>
    <attr name="isHoAllowed">true</attr>
  </mo>
  <mo fdn="SubNetwork=ONRM_RootMo_R,MeContext=LTE01ERBS00032,ManagedElement=1,ENodeBFunction=1,EUtranCellFDD=LTE01ERBS00032-1,EUtranFreqRelation=2,EUtranCellRelation=1" lastModified="1287501133377" mimName="ERBS_NODE_MODEL" mimVersion="A.9.50.J.9.1">
    <attr name="isRemoveAllowed">false</attr>
    <attr name="neighborCellRef">SubNetwork=ONRM_RootMo_R,MeContext=LTE01ERBS00032,ManagedElement=1,ENodeBFunction=1,EUtranCellFDD=LTE01ERBS00032-2</attr>
    <attr name="anrCreated">false</attr>
    <attr name="isHoAllowed">true</attr>
  </mo>
  <mo fdn="SubNetwork=ONRM_RootMo_R,MeContext=LTE01ERBS00032,ManagedElement=1,ENodeBFunction=1,EUtranCellFDD=LTE01ERBS00032-1,EUtranFreqRelation=2,EUtranCellRelation=10" lastModified="1287501654380" mimName="ERBS_NODE_MODEL" mimVersion="A.9.50.J.9.1">
    <attr name="isRemoveAllowed">false</attr>
    <attr name="neighborCellRef">SubNetwork=ONRM_RootMo_R,MeContext=LTE01ERBS00032,ManagedElement=1,ENodeBFunction=1,EUtraNetwork=1,ExternalENodeBFunction=20,ExternalEUtranCellFDD=1</attr>
    <attr name="anrCreated">false</attr>
    <attr name="isHoAllowed">true</attr>
  </mo>
  <mo fdn="SubNetwork=ONRM_RootMo_R,MeContext=LTE01ERBS00032,ManagedElement=1,ENodeBFunction=1,EUtranCellFDD=LTE01ERBS00032-1,EUtranFreqRelation=2,EUtranCellRelation=11" lastModified="1287501654293" mimName="ERBS_NODE_MODEL" mimVersion="A.9.50.J.9.1">
    <attr name="isRemoveAllowed">false</attr>
    <attr name="neighborCellRef">SubNetwork=ONRM_RootMo_R,MeContext=LTE01ERBS00032,ManagedElement=1,ENodeBFunction=1,EUtraNetwork=1,ExternalENodeBFunction=20,ExternalEUtranCellFDD=2</attr>
    <attr name="anrCreated">false</attr>
    <attr name="isHoAllowed">true</attr>
  </mo>
  <mo fdn="SubNetwork=ONRM_RootMo_R,MeContext=LTE01ERBS00032,ManagedElement=1,ENodeBFunction=1,EUtranCellFDD=LTE01ERBS00032-1,EUtranFreqRelation=2,EUtranCellRelation=14" lastModified="1287504771465" mimName="ERBS_NODE_MODEL" mimVersion="A.9.50.J.9.1">
    <attr name="isRemoveAllowed">false</attr>
    <attr name="neighborCellRef">SubNetwork=ONRM_RootMo_R,MeContext=LTE01ERBS00032,ManagedElement=1,ENodeBFunction=1,EUtraNetwork=1,ExternalENodeBFunction=22,ExternalEUtranCellFDD=1</attr>
    <attr name="anrCreated">false</attr>
    <attr name="isHoAllowed">true</attr>
  </mo>
  <mo fdn="SubNetwork=ONRM_RootMo_R,MeContext=LTE01ERBS00032,ManagedElement=1,ENodeBFunction=1,EUtranCellFDD=LTE01ERBS00032-1,EUtranFreqRelation=2,EUtranCellRelation=15" lastModified="1287504771476" mimName="ERBS_NODE_MODEL" mimVersion="A.9.50.J.9.1">
    <attr name="isRemoveAllowed">false</attr>
    <attr name="neighborCellRef">SubNetwork=ONRM_RootMo_R,MeContext=LTE01ERBS00032,ManagedElement=1,ENodeBFunction=1,EUtraNetwork=1,ExternalENodeBFunction=22,ExternalEUtranCellFDD=2</attr>
    <attr name="anrCreated">false</attr>
    <attr name="isHoAllowed">true</attr>
  </mo>
  <mo fdn="SubNetwork=ONRM_RootMo_R,MeContext=LTE01ERBS00032,ManagedElement=1,ENodeBFunction=1,EUtranCellFDD=LTE01ERBS00032-1,EUtranFreqRelation=2,EUtranCellRelation=18" lastModified="1287504771472" mimName="ERBS_NODE_MODEL" mimVersion="A.9.50.J.9.1">
    <attr name="isRemoveAllowed">false</attr>
    <attr name="neighborCellRef">SubNetwork=ONRM_RootMo_R,MeContext=LTE01ERBS00032,ManagedElement=1,ENodeBFunction=1,EUtraNetwork=1,ExternalENodeBFunction=24,ExternalEUtranCellFDD=1</attr>
    <attr name="anrCreated">false</attr>
    <attr name="isHoAllowed">true</attr>
  </mo>
  <mo fdn="SubNetwork=ONRM_RootMo_R,MeContext=LTE01ERBS00032,ManagedElement=1,ENodeBFunction=1,EUtranCellFDD=LTE01ERBS00032-1,EUtranFreqRelation=2,EUtranCellRelation=19" lastModified="1287504771470" mimName="ERBS_NODE_MODEL" mimVersion="A.9.50.J.9.1">
    <attr name="isRemoveAllowed">false</attr>
    <attr name="neighborCellRef">SubNetwork=ONRM_RootMo_R,MeContext=LTE01ERBS00032,ManagedElement=1,ENodeBFunction=1,EUtraNetwork=1,ExternalENodeBFunction=24,ExternalEUtranCellFDD=2</attr>
    <attr name="anrCreated">false</attr>
    <attr name="isHoAllowed">true</attr>
  </mo>
  <mo fdn="SubNetwork=ONRM_RootMo_R,MeContext=LTE01ERBS00032,ManagedElement=1,ENodeBFunction=1,EUtranCellFDD=LTE01ERBS00032-1,EUtranFreqRelation=2,EUtranCellRelation=2" lastModified="1287501133369" mimName="ERBS_NODE_MODEL" mimVersion="A.9.50.J.9.1">
    <attr name="isRemoveAllowed">false</attr>
    <attr name="neighborCellRef">SubNetwork=ONRM_RootMo_R,MeContext=LTE01ERBS00032,ManagedElement=1,ENodeBFunction=1,EUtranCellFDD=LTE01ERBS00032-3</attr>
    <attr name="anrCreated">false</attr>
    <attr name="isHoAllowed">true</attr>
  </mo>
  <mo fdn="SubNetwork=ONRM_RootMo_R,MeContext=LTE01ERBS00032,ManagedElement=1,ENodeBFunction=1,EUtranCellFDD=LTE01ERBS00032-1,EUtranFreqRelation=2,EUtranCellRelation=22" lastModified="1287504771467" mimName="ERBS_NODE_MODEL" mimVersion="A.9.50.J.9.1">
    <attr name="isRemoveAllowed">false</attr>
    <attr name="neighborCellRef">SubNetwork=ONRM_RootMo_R,MeContext=LTE01ERBS00032,ManagedElement=1,ENodeBFunction=1,EUtraNetwork=1,ExternalENodeBFunction=26,ExternalEUtranCellFDD=1</attr>
    <attr name="anrCreated">false</attr>
    <attr name="isHoAllowed">true</attr>
  </mo>
  <mo fdn="SubNetwork=ONRM_RootMo_R,MeContext=LTE01ERBS00032,ManagedElement=1,ENodeBFunction=1,EUtranCellFDD=LTE01ERBS00032-1,EUtranFreqRelation=2,EUtranCellRelation=23" lastModified="1287504771464" mimName="ERBS_NODE_MODEL" mimVersion="A.9.50.J.9.1">
    <attr name="isRemoveAllowed">false</attr>
    <attr name="neighborCellRef">SubNetwork=ONRM_RootMo_R,MeContext=LTE01ERBS00032,ManagedElement=1,ENodeBFunction=1,EUtraNetwork=1,ExternalENodeBFunction=26,ExternalEUtranCellFDD=2</attr>
    <attr name="anrCreated">false</attr>
    <attr name="isHoAllowed">true</attr>
  </mo>
  <mo fdn="SubNetwork=ONRM_RootMo_R,MeContext=LTE01ERBS00032,ManagedElement=1,ENodeBFunction=1,EUtranCellFDD=LTE01ERBS00032-1,EUtranFreqRelation=2,EUtranCellRelation=26" lastModified="1287504771474" mimName="ERBS_NODE_MODEL" mimVersion="A.9.50.J.9.1">
    <attr name="isRemoveAllowed">false</attr>
    <attr name="neighborCellRef">SubNetwork=ONRM_RootMo_R,MeContext=LTE01ERBS00032,ManagedElement=1,ENodeBFunction=1,EUtraNetwork=1,ExternalENodeBFunction=28,ExternalEUtranCellFDD=1</attr>
    <attr name="anrCreated">false</attr>
    <attr name="isHoAllowed">true</attr>
  </mo>
  <mo fdn="SubNetwork=ONRM_RootMo_R,MeContext=LTE01ERBS00032,ManagedElement=1,ENodeBFunction=1,EUtranCellFDD=LTE01ERBS00032-1,EUtranFreqRelation=2,EUtranCellRelation=27" lastModified="1287504771471" mimName="ERBS_NODE_MODEL" mimVersion="A.9.50.J.9.1">
    <attr name="isRemoveAllowed">false</attr>
    <attr name="neighborCellRef">SubNetwork=ONRM_RootMo_R,MeContext=LTE01ERBS00032,ManagedElement=1,ENodeBFunction=1,EUtraNetwork=1,ExternalENodeBFunction=28,ExternalEUtranCellFDD=2</attr>
    <attr name="anrCreated">false</attr>
    <attr name="isHoAllowed">true</attr>
  </mo>
  <mo fdn="SubNetwork=ONRM_RootMo_R,MeContext=LTE01ERBS00032,ManagedElement=1,ENodeBFunction=1,EUtranCellFDD=LTE01ERBS00032-1,EUtranFreqRelation=2,EUtranCellRelation=3" lastModified="1287501133366" mimName="ERBS_NODE_MODEL" mimVersion="A.9.50.J.9.1">
    <attr name="isRemoveAllowed">false</attr>
    <attr name="neighborCellRef">SubNetwork=ONRM_RootMo_R,MeContext=LTE01ERBS00032,ManagedElement=1,ENodeBFunction=1,EUtranCellFDD=LTE01ERBS00032-4</attr>
    <attr name="anrCreated">false</attr>
    <attr name="isHoAllowed">true</attr>
  </mo>
  <mo fdn="SubNetwork=ONRM_RootMo_R,MeContext=LTE01ERBS00032,ManagedElement=1,ENodeBFunction=1,EUtranCellFDD=LTE01ERBS00032-1,EUtranFreqRelation=2,EUtranCellRelation=30" lastModified="1287504771469" mimName="ERBS_NODE_MODEL" mimVersion="A.9.50.J.9.1">
    <attr name="isRemoveAllowed">false</attr>
    <attr name="neighborCellRef">SubNetwork=ONRM_RootMo_R,MeContext=LTE01ERBS00032,ManagedElement=1,ENodeBFunction=1,EUtraNetwork=1,ExternalENodeBFunction=30,ExternalEUtranCellFDD=1</attr>
    <attr name="anrCreated">false</attr>
    <attr name="isHoAllowed">true</attr>
  </mo>
  <mo fdn="SubNetwork=ONRM_RootMo_R,MeContext=LTE01ERBS00032,ManagedElement=1,ENodeBFunction=1,EUtranCellFDD=LTE01ERBS00032-1,EUtranFreqRelation=2,EUtranCellRelation=31" lastModified="1287504771468" mimName="ERBS_NODE_MODEL" mimVersion="A.9.50.J.9.1">
    <attr name="isRemoveAllowed">false</attr>
    <attr name="neighborCellRef">SubNetwork=ONRM_RootMo_R,MeContext=LTE01ERBS00032,ManagedElement=1,ENodeBFunction=1,EUtraNetwork=1,ExternalENodeBFunction=30,ExternalEUtranCellFDD=2</attr>
    <attr name="anrCreated">false</attr>
    <attr name="isHoAllowed">true</attr>
  </mo>
  <mo fdn="SubNetwork=ONRM_RootMo_R,MeContext=LTE01ERBS00032,ManagedElement=1,ENodeBFunction=1,EUtranCellFDD=LTE01ERBS00032-1,EUtranFreqRelation=2,EUtranCellRelation=6" lastModified="1287504771473" mimName="ERBS_NODE_MODEL" mimVersion="A.9.50.J.9.1">
    <attr name="isRemoveAllowed">false</attr>
    <attr name="neighborCellRef">SubNetwork=ONRM_RootMo_R,MeContext=LTE01ERBS00032,ManagedElement=1,ENodeBFunction=1,EUtraNetwork=1,ExternalENodeBFunction=18,ExternalEUtranCellFDD=1</attr>
    <attr name="anrCreated">false</attr>
    <attr name="isHoAllowed">true</attr>
  </mo>
  <mo fdn="SubNetwork=ONRM_RootMo_R,MeContext=LTE01ERBS00032,ManagedElement=1,ENodeBFunction=1,EUtranCellFDD=LTE01ERBS00032-1,EUtranFreqRelation=2,EUtranCellRelation=7" lastModified="1287504771475" mimName="ERBS_NODE_MODEL" mimVersion="A.9.50.J.9.1">
    <attr name="isRemoveAllowed">false</attr>
    <attr name="neighborCellRef">SubNetwork=ONRM_RootMo_R,MeContext=LTE01ERBS00032,ManagedElement=1,ENodeBFunction=1,EUtraNetwork=1,ExternalENodeBFunction=18,ExternalEUtranCellFDD=2</attr>
    <attr name="anrCreated">false</attr>
    <attr name="isHoAllowed">true</attr>
  </mo>
  <mo fdn="SubNetwork=ONRM_RootMo_R,MeContext=LTE01ERBS00032,ManagedElement=1,ENodeBFunction=1,EUtranCellFDD=LTE01ERBS00032-2" lastModified="1287512066681" mimName="ERBS_NODE_MODEL" mimVersion="A.9.50.J.9.1">
    <attr name="EUtranCellFDDId">LTE01ERBS00032-2</attr>
    <attr name="earfcnul">18000</attr>
    <attr name="cellId">2</attr>
    <attr name="tac">48138</attr>
    <attr name="bPlmnList">
      <seq count="1">
        <item>
          <struct>
            <attr name="mcc">311</attr>
            <attr name="mnc">480</attr>
            <attr name="mncLength">2</attr>
          </struct>
        </item>
      </seq>
    </attr>
    <attr name="earfcndl">0</attr>
    <attr name="userLabel">LTE01ERBS00032-2</attr>
  </mo>
  <mo fdn="SubNetwork=ONRM_RootMo_R,MeContext=LTE01ERBS00032,ManagedElement=1,ENodeBFunction=1,EUtranCellFDD=LTE01ERBS00032-2,EUtranFreqRelation=1,EUtranCellRelation=12" lastModified="1287504773400" mimName="ERBS_NODE_MODEL" mimVersion="A.9.50.J.9.1">
    <attr name="isRemoveAllowed">false</attr>
    <attr name="neighborCellRef">SubNetwork=ONRM_RootMo_R,MeContext=LTE01ERBS00032,ManagedElement=1,ENodeBFunction=1,EUtraNetwork=1,ExternalENodeBFunction=21,ExternalEUtranCellFDD=1</attr>
    <attr name="anrCreated">false</attr>
    <attr name="isHoAllowed">true</attr>
  </mo>
  <mo fdn="SubNetwork=ONRM_RootMo_R,MeContext=LTE01ERBS00032,ManagedElement=1,ENodeBFunction=1,EUtranCellFDD=LTE01ERBS00032-2,EUtranFreqRelation=1,EUtranCellRelation=13" lastModified="1287504773399" mimName="ERBS_NODE_MODEL" mimVersion="A.9.50.J.9.1">
    <attr name="isRemoveAllowed">false</attr>
    <attr name="neighborCellRef">SubNetwork=ONRM_RootMo_R,MeContext=LTE01ERBS00032,ManagedElement=1,ENodeBFunction=1,EUtraNetwork=1,ExternalENodeBFunction=21,ExternalEUtranCellFDD=2</attr>
    <attr name="anrCreated">false</attr>
    <attr name="isHoAllowed">true</attr>
  </mo>
  <mo fdn="SubNetwork=ONRM_RootMo_R,MeContext=LTE01ERBS00032,ManagedElement=1,ENodeBFunction=1,EUtranCellFDD=LTE01ERBS00032-2,EUtranFreqRelation=1,EUtranCellRelation=16" lastModified="1287504773414" mimName="ERBS_NODE_MODEL" mimVersion="A.9.50.J.9.1">
    <attr name="isRemoveAllowed">false</attr>
    <attr name="neighborCellRef">SubNetwork=ONRM_RootMo_R,MeContext=LTE01ERBS00032,ManagedElement=1,ENodeBFunction=1,EUtraNetwork=1,ExternalENodeBFunction=23,ExternalEUtranCellFDD=1</attr>
    <attr name="anrCreated">false</attr>
    <attr name="isHoAllowed">true</attr>
  </mo>
  <mo fdn="SubNetwork=ONRM_RootMo_R,MeContext=LTE01ERBS00032,ManagedElement=1,ENodeBFunction=1,EUtranCellFDD=LTE01ERBS00032-2,EUtranFreqRelation=1,EUtranCellRelation=17" lastModified="1287504773411" mimName="ERBS_NODE_MODEL" mimVersion="A.9.50.J.9.1">
    <attr name="isRemoveAllowed">false</attr>
    <attr name="neighborCellRef">SubNetwork=ONRM_RootMo_R,MeContext=LTE01ERBS00032,ManagedElement=1,ENodeBFunction=1,EUtraNetwork=1,ExternalENodeBFunction=23,ExternalEUtranCellFDD=2</attr>
    <attr name="anrCreated">false</attr>
    <attr name="isHoAllowed">true</attr>
  </mo>
  <mo fdn="SubNetwork=ONRM_RootMo_R,MeContext=LTE01ERBS00032,ManagedElement=1,ENodeBFunction=1,EUtranCellFDD=LTE01ERBS00032-2,EUtranFreqRelation=1,EUtranCellRelation=20" lastModified="1287504773407" mimName="ERBS_NODE_MODEL" mimVersion="A.9.50.J.9.1">
    <attr name="isRemoveAllowed">false</attr>
    <attr name="neighborCellRef">SubNetwork=ONRM_RootMo_R,MeContext=LTE01ERBS00032,ManagedElement=1,ENodeBFunction=1,EUtraNetwork=1,ExternalENodeBFunction=25,ExternalEUtranCellFDD=1</attr>
    <attr name="anrCreated">false</attr>
    <attr name="isHoAllowed">true</attr>
  </mo>
  <mo fdn="SubNetwork=ONRM_RootMo_R,MeContext=LTE01ERBS00032,ManagedElement=1,ENodeBFunction=1,EUtranCellFDD=LTE01ERBS00032-2,EUtranFreqRelation=1,EUtranCellRelation=21" lastModified="1287504773406" mimName="ERBS_NODE_MODEL" mimVersion="A.9.50.J.9.1">
    <attr name="isRemoveAllowed">false</attr>
    <attr name="neighborCellRef">SubNetwork=ONRM_RootMo_R,MeContext=LTE01ERBS00032,ManagedElement=1,ENodeBFunction=1,EUtraNetwork=1,ExternalENodeBFunction=25,ExternalEUtranCellFDD=2</attr>
    <attr name="anrCreated">false</attr>
    <attr name="isHoAllowed">true</attr>
  </mo>
  <mo fdn="SubNetwork=ONRM_RootMo_R,MeContext=LTE01ERBS00032,ManagedElement=1,ENodeBFunction=1,EUtranCellFDD=LTE01ERBS00032-2,EUtranFreqRelation=1,EUtranCellRelation=24" lastModified="1287504773405" mimName="ERBS_NODE_MODEL" mimVersion="A.9.50.J.9.1">
    <attr name="isRemoveAllowed">false</attr>
    <attr name="neighborCellRef">SubNetwork=ONRM_RootMo_R,MeContext=LTE01ERBS00032,ManagedElement=1,ENodeBFunction=1,EUtraNetwork=1,ExternalENodeBFunction=27,ExternalEUtranCellFDD=1</attr>
    <attr name="anrCreated">false</attr>
    <attr name="isHoAllowed">true</attr>
  </mo>
  <mo fdn="SubNetwork=ONRM_RootMo_R,MeContext=LTE01ERBS00032,ManagedElement=1,ENodeBFunction=1,EUtranCellFDD=LTE01ERBS00032-2,EUtranFreqRelation=1,EUtranCellRelation=25" lastModified="1287504773403" mimName="ERBS_NODE_MODEL" mimVersion="A.9.50.J.9.1">
    <attr name="isRemoveAllowed">false</attr>
    <attr name="neighborCellRef">SubNetwork=ONRM_RootMo_R,MeContext=LTE01ERBS00032,ManagedElement=1,ENodeBFunction=1,EUtraNetwork=1,ExternalENodeBFunction=27,ExternalEUtranCellFDD=2</attr>
    <attr name="anrCreated">false</attr>
    <attr name="isHoAllowed">true</attr>
  </mo>
  <mo fdn="SubNetwork=ONRM_RootMo_R,MeContext=LTE01ERBS00032,ManagedElement=1,ENodeBFunction=1,EUtranCellFDD=LTE01ERBS00032-2,EUtranFreqRelation=1,EUtranCellRelation=28" lastModified="1287504773417" mimName="ERBS_NODE_MODEL" mimVersion="A.9.50.J.9.1">
    <attr name="isRemoveAllowed">false</attr>
    <attr name="neighborCellRef">SubNetwork=ONRM_RootMo_R,MeContext=LTE01ERBS00032,ManagedElement=1,ENodeBFunction=1,EUtraNetwork=1,ExternalENodeBFunction=29,ExternalEUtranCellFDD=1</attr>
    <attr name="anrCreated">false</attr>
    <attr name="isHoAllowed">true</attr>
  </mo>
  <mo fdn="SubNetwork=ONRM_RootMo_R,MeContext=LTE01ERBS00032,ManagedElement=1,ENodeBFunction=1,EUtranCellFDD=LTE01ERBS00032-2,EUtranFreqRelation=1,EUtranCellRelation=29" lastModified="1287504773415" mimName="ERBS_NODE_MODEL" mimVersion="A.9.50.J.9.1">
    <attr name="isRemoveAllowed">false</attr>
    <attr name="neighborCellRef">SubNetwork=ONRM_RootMo_R,MeContext=LTE01ERBS00032,ManagedElement=1,ENodeBFunction=1,EUtraNetwork=1,ExternalENodeBFunction=29,ExternalEUtranCellFDD=2</attr>
    <attr name="anrCreated">false</attr>
    <attr name="isHoAllowed">true</attr>
  </mo>
  <mo fdn="SubNetwork=ONRM_RootMo_R,MeContext=LTE01ERBS00032,ManagedElement=1,ENodeBFunction=1,EUtranCellFDD=LTE01ERBS00032-2,EUtranFreqRelation=1,EUtranCellRelation=32" lastModified="1287501653912" mimName="ERBS_NODE_MODEL" mimVersion="A.9.50.J.9.1">
    <attr name="isRemoveAllowed">false</attr>
    <attr name="neighborCellRef">SubNetwork=ONRM_RootMo_R,MeContext=LTE01ERBS00032,ManagedElement=1,ENodeBFunction=1,EUtraNetwork=1,ExternalENodeBFunction=31,ExternalEUtranCellFDD=1</attr>
    <attr name="anrCreated">false</attr>
    <attr name="isHoAllowed">true</attr>
  </mo>
  <mo fdn="SubNetwork=ONRM_RootMo_R,MeContext=LTE01ERBS00032,ManagedElement=1,ENodeBFunction=1,EUtranCellFDD=LTE01ERBS00032-2,EUtranFreqRelation=1,EUtranCellRelation=33" lastModified="1287501653915" mimName="ERBS_NODE_MODEL" mimVersion="A.9.50.J.9.1">
    <attr name="isRemoveAllowed">false</attr>
    <attr name="neighborCellRef">SubNetwork=ONRM_RootMo_R,MeContext=LTE01ERBS00032,ManagedElement=1,ENodeBFunction=1,EUtraNetwork=1,ExternalENodeBFunction=31,ExternalEUtranCellFDD=2</attr>
    <attr name="anrCreated">false</attr>
    <attr name="isHoAllowed">true</attr>
  </mo>
  <mo fdn="SubNetwork=ONRM_RootMo_R,MeContext=LTE01ERBS00032,ManagedElement=1,ENodeBFunction=1,EUtranCellFDD=LTE01ERBS00032-2,EUtranFreqRelation=1,EUtranCellRelation=4" lastModified="1287504773412" mimName="ERBS_NODE_MODEL" mimVersion="A.9.50.J.9.1">
    <attr name="isRemoveAllowed">false</attr>
    <attr name="neighborCellRef">SubNetwork=ONRM_RootMo_R,MeContext=LTE01ERBS00032,ManagedElement=1,ENodeBFunction=1,EUtraNetwork=1,ExternalENodeBFunction=17,ExternalEUtranCellFDD=1</attr>
    <attr name="anrCreated">false</attr>
    <attr name="isHoAllowed">true</attr>
  </mo>
  <mo fdn="SubNetwork=ONRM_RootMo_R,MeContext=LTE01ERBS00032,ManagedElement=1,ENodeBFunction=1,EUtranCellFDD=LTE01ERBS00032-2,EUtranFreqRelation=1,EUtranCellRelation=5" lastModified="1287504773419" mimName="ERBS_NODE_MODEL" mimVersion="A.9.50.J.9.1">
    <attr name="isRemoveAllowed">false</attr>
    <attr name="neighborCellRef">SubNetwork=ONRM_RootMo_R,MeContext=LTE01ERBS00032,ManagedElement=1,ENodeBFunction=1,EUtraNetwork=1,ExternalENodeBFunction=17,ExternalEUtranCellFDD=2</attr>
    <attr name="anrCreated">false</attr>
    <attr name="isHoAllowed">true</attr>
  </mo>
  <mo fdn="SubNetwork=ONRM_RootMo_R,MeContext=LTE01ERBS00032,ManagedElement=1,ENodeBFunction=1,EUtranCellFDD=LTE01ERBS00032-2,EUtranFreqRelation=1,EUtranCellRelation=8" lastModified="1287504773409" mimName="ERBS_NODE_MODEL" mimVersion="A.9.50.J.9.1">
    <attr name="isRemoveAllowed">false</attr>
    <attr name="neighborCellRef">SubNetwork=ONRM_RootMo_R,MeContext=LTE01ERBS00032,ManagedElement=1,ENodeBFunction=1,EUtraNetwork=1,ExternalENodeBFunction=19,ExternalEUtranCellFDD=1</attr>
    <attr name="anrCreated">false</attr>
    <attr name="isHoAllowed">true</attr>
  </mo>
  <mo fdn="SubNetwork=ONRM_RootMo_R,MeContext=LTE01ERBS00032,ManagedElement=1,ENodeBFunction=1,EUtranCellFDD=LTE01ERBS00032-2,EUtranFreqRelation=1,EUtranCellRelation=9" lastModified="1287504773410" mimName="ERBS_NODE_MODEL" mimVersion="A.9.50.J.9.1">
    <attr name="isRemoveAllowed">false</attr>
    <attr name="neighborCellRef">SubNetwork=ONRM_RootMo_R,MeContext=LTE01ERBS00032,ManagedElement=1,ENodeBFunction=1,EUtraNetwork=1,ExternalENodeBFunction=19,ExternalEUtranCellFDD=2</attr>
    <attr name="anrCreated">false</attr>
    <attr name="isHoAllowed">true</attr>
  </mo>
  <mo fdn="SubNetwork=ONRM_RootMo_R,MeContext=LTE01ERBS00032,ManagedElement=1,ENodeBFunction=1,EUtranCellFDD=LTE01ERBS00032-2,EUtranFreqRelation=2,EUtranCellRelation=1" lastModified="1287501132471" mimName="ERBS_NODE_MODEL" mimVersion="A.9.50.J.9.1">
    <attr name="isRemoveAllowed">false</attr>
    <attr name="neighborCellRef">SubNetwork=ONRM_RootMo_R,MeContext=LTE01ERBS00032,ManagedElement=1,ENodeBFunction=1,EUtranCellFDD=LTE01ERBS00032-1</attr>
    <attr name="anrCreated">false</attr>
    <attr name="isHoAllowed">true</attr>
  </mo>
  <mo fdn="SubNetwork=ONRM_RootMo_R,MeContext=LTE01ERBS00032,ManagedElement=1,ENodeBFunction=1,EUtranCellFDD=LTE01ERBS00032-2,EUtranFreqRelation=2,EUtranCellRelation=10" lastModified="1287501653907" mimName="ERBS_NODE_MODEL" mimVersion="A.9.50.J.9.1">
    <attr name="isRemoveAllowed">false</attr>
    <attr name="neighborCellRef">SubNetwork=ONRM_RootMo_R,MeContext=LTE01ERBS00032,ManagedElement=1,ENodeBFunction=1,EUtraNetwork=1,ExternalENodeBFunction=20,ExternalEUtranCellFDD=1</attr>
    <attr name="anrCreated">false</attr>
    <attr name="isHoAllowed">true</attr>
  </mo>
  <mo fdn="SubNetwork=ONRM_RootMo_R,MeContext=LTE01ERBS00032,ManagedElement=1,ENodeBFunction=1,EUtranCellFDD=LTE01ERBS00032-2,EUtranFreqRelation=2,EUtranCellRelation=11" lastModified="1287501653813" mimName="ERBS_NODE_MODEL" mimVersion="A.9.50.J.9.1">
    <attr name="isRemoveAllowed">false</attr>
    <attr name="neighborCellRef">SubNetwork=ONRM_RootMo_R,MeContext=LTE01ERBS00032,ManagedElement=1,ENodeBFunction=1,EUtraNetwork=1,ExternalENodeBFunction=20,ExternalEUtranCellFDD=2</attr>
    <attr name="anrCreated">false</attr>
    <attr name="isHoAllowed">true</attr>
  </mo>
  <mo fdn="SubNetwork=ONRM_RootMo_R,MeContext=LTE01ERBS00032,ManagedElement=1,ENodeBFunction=1,EUtranCellFDD=LTE01ERBS00032-2,EUtranFreqRelation=2,EUtranCellRelation=14" lastModified="1287504773376" mimName="ERBS_NODE_MODEL" mimVersion="A.9.50.J.9.1">
    <attr name="isRemoveAllowed">false</attr>
    <attr name="neighborCellRef">SubNetwork=ONRM_RootMo_R,MeContext=LTE01ERBS00032,ManagedElement=1,ENodeBFunction=1,EUtraNetwork=1,ExternalENodeBFunction=22,ExternalEUtranCellFDD=1</attr>
    <attr name="anrCreated">false</attr>
    <attr name="isHoAllowed">true</attr>
  </mo>
  <mo fdn="SubNetwork=ONRM_RootMo_R,MeContext=LTE01ERBS00032,ManagedElement=1,ENodeBFunction=1,EUtranCellFDD=LTE01ERBS00032-2,EUtranFreqRelation=2,EUtranCellRelation=15" lastModified="1287504773396" mimName="ERBS_NODE_MODEL" mimVersion="A.9.50.J.9.1">
    <attr name="isRemoveAllowed">false</attr>
    <attr name="neighborCellRef">SubNetwork=ONRM_RootMo_R,MeContext=LTE01ERBS00032,ManagedElement=1,ENodeBFunction=1,EUtraNetwork=1,ExternalENodeBFunction=22,ExternalEUtranCellFDD=2</attr>
    <attr name="anrCreated">false</attr>
    <attr name="isHoAllowed">true</attr>
  </mo>
  <mo fdn="SubNetwork=ONRM_RootMo_R,MeContext=LTE01ERBS00032,ManagedElement=1,ENodeBFunction=1,EUtranCellFDD=LTE01ERBS00032-2,EUtranFreqRelation=2,EUtranCellRelation=18" lastModified="1287504773385" mimName="ERBS_NODE_MODEL" mimVersion="A.9.50.J.9.1">
    <attr name="isRemoveAllowed">false</attr>
    <attr name="neighborCellRef">SubNetwork=ONRM_RootMo_R,MeContext=LTE01ERBS00032,ManagedElement=1,ENodeBFunction=1,EUtraNetwork=1,ExternalENodeBFunction=24,ExternalEUtranCellFDD=1</attr>
    <attr name="anrCreated">false</attr>
    <attr name="isHoAllowed">true</attr>
  </mo>
  <mo fdn="SubNetwork=ONRM_RootMo_R,MeContext=LTE01ERBS00032,ManagedElement=1,ENodeBFunction=1,EUtranCellFDD=LTE01ERBS00032-2,EUtranFreqRelation=2,EUtranCellRelation=19" lastModified="1287504773382" mimName="ERBS_NODE_MODEL" mimVersion="A.9.50.J.9.1">
    <attr name="isRemoveAllowed">false</attr>
    <attr name="neighborCellRef">SubNetwork=ONRM_RootMo_R,MeContext=LTE01ERBS00032,ManagedElement=1,ENodeBFunction=1,EUtraNetwork=1,ExternalENodeBFunction=24,ExternalEUtranCellFDD=2</attr>
    <attr name="anrCreated">false</attr>
    <attr name="isHoAllowed">true</attr>
  </mo>
  <mo fdn="SubNetwork=ONRM_RootMo_R,MeContext=LTE01ERBS00032,ManagedElement=1,ENodeBFunction=1,EUtranCellFDD=LTE01ERBS00032-2,EUtranFreqRelation=2,EUtranCellRelation=2" lastModified="1287501132467" mimName="ERBS_NODE_MODEL" mimVersion="A.9.50.J.9.1">
    <attr name="isRemoveAllowed">false</attr>
    <attr name="neighborCellRef">SubNetwork=ONRM_RootMo_R,MeContext=LTE01ERBS00032,ManagedElement=1,ENodeBFunction=1,EUtranCellFDD=LTE01ERBS00032-3</attr>
    <attr name="anrCreated">false</attr>
    <attr name="isHoAllowed">true</attr>
  </mo>
  <mo fdn="SubNetwork=ONRM_RootMo_R,MeContext=LTE01ERBS00032,ManagedElement=1,ENodeBFunction=1,EUtranCellFDD=LTE01ERBS00032-2,EUtranFreqRelation=2,EUtranCellRelation=22" lastModified="1287504773378" mimName="ERBS_NODE_MODEL" mimVersion="A.9.50.J.9.1">
    <attr name="isRemoveAllowed">false</attr>
    <attr name="neighborCellRef">SubNetwork=ONRM_RootMo_R,MeContext=LTE01ERBS00032,ManagedElement=1,ENodeBFunction=1,EUtraNetwork=1,ExternalENodeBFunction=26,ExternalEUtranCellFDD=1</attr>
    <attr name="anrCreated">false</attr>
    <attr name="isHoAllowed">true</attr>
  </mo>
  <mo fdn="SubNetwork=ONRM_RootMo_R,MeContext=LTE01ERBS00032,ManagedElement=1,ENodeBFunction=1,EUtranCellFDD=LTE01ERBS00032-2,EUtranFreqRelation=2,EUtranCellRelation=23" lastModified="1287504773374" mimName="ERBS_NODE_MODEL" mimVersion="A.9.50.J.9.1">
    <attr name="isRemoveAllowed">false</attr>
    <attr name="neighborCellRef">SubNetwork=ONRM_RootMo_R,MeContext=LTE01ERBS00032,ManagedElement=1,ENodeBFunction=1,EUtraNetwork=1,ExternalENodeBFunction=26,ExternalEUtranCellFDD=2</attr>
    <attr name="anrCreated">false</attr>
    <attr name="isHoAllowed">true</attr>
  </mo>
  <mo fdn="SubNetwork=ONRM_RootMo_R,MeContext=LTE01ERBS00032,ManagedElement=1,ENodeBFunction=1,EUtranCellFDD=LTE01ERBS00032-2,EUtranFreqRelation=2,EUtranCellRelation=26" lastModified="1287504773390" mimName="ERBS_NODE_MODEL" mimVersion="A.9.50.J.9.1">
    <attr name="isRemoveAllowed">false</attr>
    <attr name="neighborCellRef">SubNetwork=ONRM_RootMo_R,MeContext=LTE01ERBS00032,ManagedElement=1,ENodeBFunction=1,EUtraNetwork=1,ExternalENodeBFunction=28,ExternalEUtranCellFDD=1</attr>
    <attr name="anrCreated">false</attr>
    <attr name="isHoAllowed">true</attr>
  </mo>
  <mo fdn="SubNetwork=ONRM_RootMo_R,MeContext=LTE01ERBS00032,ManagedElement=1,ENodeBFunction=1,EUtranCellFDD=LTE01ERBS00032-2,EUtranFreqRelation=2,EUtranCellRelation=27" lastModified="1287504773383" mimName="ERBS_NODE_MODEL" mimVersion="A.9.50.J.9.1">
    <attr name="isRemoveAllowed">false</attr>
    <attr name="neighborCellRef">SubNetwork=ONRM_RootMo_R,MeContext=LTE01ERBS00032,ManagedElement=1,ENodeBFunction=1,EUtraNetwork=1,ExternalENodeBFunction=28,ExternalEUtranCellFDD=2</attr>
    <attr name="anrCreated">false</attr>
    <attr name="isHoAllowed">true</attr>
  </mo>
  <mo fdn="SubNetwork=ONRM_RootMo_R,MeContext=LTE01ERBS00032,ManagedElement=1,ENodeBFunction=1,EUtranCellFDD=LTE01ERBS00032-2,EUtranFreqRelation=2,EUtranCellRelation=3" lastModified="1287501132451" mimName="ERBS_NODE_MODEL" mimVersion="A.9.50.J.9.1">
    <attr name="isRemoveAllowed">false</attr>
    <attr name="neighborCellRef">SubNetwork=ONRM_RootMo_R,MeContext=LTE01ERBS00032,ManagedElement=1,ENodeBFunction=1,EUtranCellFDD=LTE01ERBS00032-4</attr>
    <attr name="anrCreated">false</attr>
    <attr name="isHoAllowed">true</attr>
  </mo>
  <mo fdn="SubNetwork=ONRM_RootMo_R,MeContext=LTE01ERBS00032,ManagedElement=1,ENodeBFunction=1,EUtranCellFDD=LTE01ERBS00032-2,EUtranFreqRelation=2,EUtranCellRelation=30" lastModified="1287504773380" mimName="ERBS_NODE_MODEL" mimVersion="A.9.50.J.9.1">
    <attr name="isRemoveAllowed">false</attr>
    <attr name="neighborCellRef">SubNetwork=ONRM_RootMo_R,MeContext=LTE01ERBS00032,ManagedElement=1,ENodeBFunction=1,EUtraNetwork=1,ExternalENodeBFunction=30,ExternalEUtranCellFDD=1</attr>
    <attr name="anrCreated">false</attr>
    <attr name="isHoAllowed">true</attr>
  </mo>
  <mo fdn="SubNetwork=ONRM_RootMo_R,MeContext=LTE01ERBS00032,ManagedElement=1,ENodeBFunction=1,EUtranCellFDD=LTE01ERBS00032-2,EUtranFreqRelation=2,EUtranCellRelation=31" lastModified="1287504773379" mimName="ERBS_NODE_MODEL" mimVersion="A.9.50.J.9.1">
    <attr name="isRemoveAllowed">false</attr>
    <attr name="neighborCellRef">SubNetwork=ONRM_RootMo_R,MeContext=LTE01ERBS00032,ManagedElement=1,ENodeBFunction=1,EUtraNetwork=1,ExternalENodeBFunction=30,ExternalEUtranCellFDD=2</attr>
    <attr name="anrCreated">false</attr>
    <attr name="isHoAllowed">true</attr>
  </mo>
  <mo fdn="SubNetwork=ONRM_RootMo_R,MeContext=LTE01ERBS00032,ManagedElement=1,ENodeBFunction=1,EUtranCellFDD=LTE01ERBS00032-2,EUtranFreqRelation=2,EUtranCellRelation=6" lastModified="1287504773387" mimName="ERBS_NODE_MODEL" mimVersion="A.9.50.J.9.1">
    <attr name="isRemoveAllowed">false</attr>
    <attr name="neighborCellRef">SubNetwork=ONRM_RootMo_R,MeContext=LTE01ERBS00032,ManagedElement=1,ENodeBFunction=1,EUtraNetwork=1,ExternalENodeBFunction=18,ExternalEUtranCellFDD=1</attr>
    <attr name="anrCreated">false</attr>
    <attr name="isHoAllowed">true</attr>
  </mo>
  <mo fdn="SubNetwork=ONRM_RootMo_R,MeContext=LTE01ERBS00032,ManagedElement=1,ENodeBFunction=1,EUtranCellFDD=LTE01ERBS00032-2,EUtranFreqRelation=2,EUtranCellRelation=7" lastModified="1287504773394" mimName="ERBS_NODE_MODEL" mimVersion="A.9.50.J.9.1">
    <attr name="isRemoveAllowed">false</attr>
    <attr name="neighborCellRef">SubNetwork=ONRM_RootMo_R,MeContext=LTE01ERBS00032,ManagedElement=1,ENodeBFunction=1,EUtraNetwork=1,ExternalENodeBFunction=18,ExternalEUtranCellFDD=2</attr>
    <attr name="anrCreated">false</attr>
    <attr name="isHoAllowed">true</attr>
  </mo>
  <mo fdn="SubNetwork=ONRM_RootMo_R,MeContext=LTE01ERBS00032,ManagedElement=1,ENodeBFunction=1,EUtranCellFDD=LTE01ERBS00032-3" lastModified="1287512066997" mimName="ERBS_NODE_MODEL" mimVersion="A.9.50.J.9.1">
    <attr name="EUtranCellFDDId">LTE01ERBS00032-3</attr>
    <attr name="earfcnul">18000</attr>
    <attr name="cellId">3</attr>
    <attr name="tac">48138</attr>
    <attr name="bPlmnList">
      <seq count="1">
        <item>
          <struct>
            <attr name="mcc">311</attr>
            <attr name="mnc">480</attr>
            <attr name="mncLength">2</attr>
          </struct>
        </item>
      </seq>
    </attr>
    <attr name="earfcndl">0</attr>
    <attr name="userLabel">LTE01ERBS00032-3</attr>
  </mo>
  <mo fdn="SubNetwork=ONRM_RootMo_R,MeContext=LTE01ERBS00032,ManagedElement=1,ENodeBFunction=1,EUtranCellFDD=LTE01ERBS00032-3,EUtranFreqRelation=1,EUtranCellRelation=12" lastModified="1287504775238" mimName="ERBS_NODE_MODEL" mimVersion="A.9.50.J.9.1">
    <attr name="isRemoveAllowed">false</attr>
    <attr name="neighborCellRef">SubNetwork=ONRM_RootMo_R,MeContext=LTE01ERBS00032,ManagedElement=1,ENodeBFunction=1,EUtraNetwork=1,ExternalENodeBFunction=21,ExternalEUtranCellFDD=3</attr>
    <attr name="anrCreated">false</attr>
    <attr name="isHoAllowed">true</attr>
  </mo>
  <mo fdn="SubNetwork=ONRM_RootMo_R,MeContext=LTE01ERBS00032,ManagedElement=1,ENodeBFunction=1,EUtranCellFDD=LTE01ERBS00032-3,EUtranFreqRelation=1,EUtranCellRelation=13" lastModified="1287504775236" mimName="ERBS_NODE_MODEL" mimVersion="A.9.50.J.9.1">
    <attr name="isRemoveAllowed">false</attr>
    <attr name="neighborCellRef">SubNetwork=ONRM_RootMo_R,MeContext=LTE01ERBS00032,ManagedElement=1,ENodeBFunction=1,EUtraNetwork=1,ExternalENodeBFunction=21,ExternalEUtranCellFDD=4</attr>
    <attr name="anrCreated">false</attr>
    <attr name="isHoAllowed">true</attr>
  </mo>
  <mo fdn="SubNetwork=ONRM_RootMo_R,MeContext=LTE01ERBS00032,ManagedElement=1,ENodeBFunction=1,EUtranCellFDD=LTE01ERBS00032-3,EUtranFreqRelation=1,EUtranCellRelation=16" lastModified="1287504775251" mimName="ERBS_NODE_MODEL" mimVersion="A.9.50.J.9.1">
    <attr name="isRemoveAllowed">false</attr>
    <attr name="neighborCellRef">SubNetwork=ONRM_RootMo_R,MeContext=LTE01ERBS00032,ManagedElement=1,ENodeBFunction=1,EUtraNetwork=1,ExternalENodeBFunction=23,ExternalEUtranCellFDD=3</attr>
    <attr name="anrCreated">false</attr>
    <attr name="isHoAllowed">true</attr>
  </mo>
  <mo fdn="SubNetwork=ONRM_RootMo_R,MeContext=LTE01ERBS00032,ManagedElement=1,ENodeBFunction=1,EUtranCellFDD=LTE01ERBS00032-3,EUtranFreqRelation=1,EUtranCellRelation=17" lastModified="1287504775249" mimName="ERBS_NODE_MODEL" mimVersion="A.9.50.J.9.1">
    <attr name="isRemoveAllowed">false</attr>
    <attr name="neighborCellRef">SubNetwork=ONRM_RootMo_R,MeContext=LTE01ERBS00032,ManagedElement=1,ENodeBFunction=1,EUtraNetwork=1,ExternalENodeBFunction=23,ExternalEUtranCellFDD=4</attr>
    <attr name="anrCreated">false</attr>
    <attr name="isHoAllowed">true</attr>
  </mo>
  <mo fdn="SubNetwork=ONRM_RootMo_R,MeContext=LTE01ERBS00032,ManagedElement=1,ENodeBFunction=1,EUtranCellFDD=LTE01ERBS00032-3,EUtranFreqRelation=1,EUtranCellRelation=20" lastModified="1287504775244" mimName="ERBS_NODE_MODEL" mimVersion="A.9.50.J.9.1">
    <attr name="isRemoveAllowed">false</attr>
    <attr name="neighborCellRef">SubNetwork=ONRM_RootMo_R,MeContext=LTE01ERBS00032,ManagedElement=1,ENodeBFunction=1,EUtraNetwork=1,ExternalENodeBFunction=25,ExternalEUtranCellFDD=3</attr>
    <attr name="anrCreated">false</attr>
    <attr name="isHoAllowed">true</attr>
  </mo>
  <mo fdn="SubNetwork=ONRM_RootMo_R,MeContext=LTE01ERBS00032,ManagedElement=1,ENodeBFunction=1,EUtranCellFDD=LTE01ERBS00032-3,EUtranFreqRelation=1,EUtranCellRelation=21" lastModified="1287504775243" mimName="ERBS_NODE_MODEL" mimVersion="A.9.50.J.9.1">
    <attr name="isRemoveAllowed">false</attr>
    <attr name="neighborCellRef">SubNetwork=ONRM_RootMo_R,MeContext=LTE01ERBS00032,ManagedElement=1,ENodeBFunction=1,EUtraNetwork=1,ExternalENodeBFunction=25,ExternalEUtranCellFDD=4</attr>
    <attr name="anrCreated">false</attr>
    <attr name="isHoAllowed">true</attr>
  </mo>
  <mo fdn="SubNetwork=ONRM_RootMo_R,MeContext=LTE01ERBS00032,ManagedElement=1,ENodeBFunction=1,EUtranCellFDD=LTE01ERBS00032-3,EUtranFreqRelation=1,EUtranCellRelation=24" lastModified="1287504775241" mimName="ERBS_NODE_MODEL" mimVersion="A.9.50.J.9.1">
    <attr name="isRemoveAllowed">false</attr>
    <attr name="neighborCellRef">SubNetwork=ONRM_RootMo_R,MeContext=LTE01ERBS00032,ManagedElement=1,ENodeBFunction=1,EUtraNetwork=1,ExternalENodeBFunction=27,ExternalEUtranCellFDD=3</attr>
    <attr name="anrCreated">false</attr>
    <attr name="isHoAllowed">true</attr>
  </mo>
  <mo fdn="SubNetwork=ONRM_RootMo_R,MeContext=LTE01ERBS00032,ManagedElement=1,ENodeBFunction=1,EUtranCellFDD=LTE01ERBS00032-3,EUtranFreqRelation=1,EUtranCellRelation=25" lastModified="1287504775240" mimName="ERBS_NODE_MODEL" mimVersion="A.9.50.J.9.1">
    <attr name="isRemoveAllowed">false</attr>
    <attr name="neighborCellRef">SubNetwork=ONRM_RootMo_R,MeContext=LTE01ERBS00032,ManagedElement=1,ENodeBFunction=1,EUtraNetwork=1,ExternalENodeBFunction=27,ExternalEUtranCellFDD=4</attr>
    <attr name="anrCreated">false</attr>
    <attr name="isHoAllowed">true</attr>
  </mo>
  <mo fdn="SubNetwork=ONRM_RootMo_R,MeContext=LTE01ERBS00032,ManagedElement=1,ENodeBFunction=1,EUtranCellFDD=LTE01ERBS00032-3,EUtranFreqRelation=1,EUtranCellRelation=28" lastModified="1287504775253" mimName="ERBS_NODE_MODEL" mimVersion="A.9.50.J.9.1">
    <attr name="isRemoveAllowed">false</attr>
    <attr name="neighborCellRef">SubNetwork=ONRM_RootMo_R,MeContext=LTE01ERBS00032,ManagedElement=1,ENodeBFunction=1,EUtraNetwork=1,ExternalENodeBFunction=29,ExternalEUtranCellFDD=3</attr>
    <attr name="anrCreated">false</attr>
    <attr name="isHoAllowed">true</attr>
  </mo>
  <mo fdn="SubNetwork=ONRM_RootMo_R,MeContext=LTE01ERBS00032,ManagedElement=1,ENodeBFunction=1,EUtranCellFDD=LTE01ERBS00032-3,EUtranFreqRelation=1,EUtranCellRelation=29" lastModified="1287504775252" mimName="ERBS_NODE_MODEL" mimVersion="A.9.50.J.9.1">
    <attr name="isRemoveAllowed">false</attr>
    <attr name="neighborCellRef">SubNetwork=ONRM_RootMo_R,MeContext=LTE01ERBS00032,ManagedElement=1,ENodeBFunction=1,EUtraNetwork=1,ExternalENodeBFunction=29,ExternalEUtranCellFDD=4</attr>
    <attr name="anrCreated">false</attr>
    <attr name="isHoAllowed">true</attr>
  </mo>
  <mo fdn="SubNetwork=ONRM_RootMo_R,MeContext=LTE01ERBS00032,ManagedElement=1,ENodeBFunction=1,EUtranCellFDD=LTE01ERBS00032-3,EUtranFreqRelation=1,EUtranCellRelation=32" lastModified="1287501653665" mimName="ERBS_NODE_MODEL" mimVersion="A.9.50.J.9.1">
    <attr name="isRemoveAllowed">false</attr>
    <attr name="neighborCellRef">SubNetwork=ONRM_RootMo_R,MeContext=LTE01ERBS00032,ManagedElement=1,ENodeBFunction=1,EUtraNetwork=1,ExternalENodeBFunction=31,ExternalEUtranCellFDD=3</attr>
    <attr name="anrCreated">false</attr>
    <attr name="isHoAllowed">true</attr>
  </mo>
  <mo fdn="SubNetwork=ONRM_RootMo_R,MeContext=LTE01ERBS00032,ManagedElement=1,ENodeBFunction=1,EUtranCellFDD=LTE01ERBS00032-3,EUtranFreqRelation=1,EUtranCellRelation=33" lastModified="1287501653667" mimName="ERBS_NODE_MODEL" mimVersion="A.9.50.J.9.1">
    <attr name="isRemoveAllowed">false</attr>
    <attr name="neighborCellRef">SubNetwork=ONRM_RootMo_R,MeContext=LTE01ERBS00032,ManagedElement=1,ENodeBFunction=1,EUtraNetwork=1,ExternalENodeBFunction=31,ExternalEUtranCellFDD=4</attr>
    <attr name="anrCreated">false</attr>
    <attr name="isHoAllowed">true</attr>
  </mo>
  <mo fdn="SubNetwork=ONRM_RootMo_R,MeContext=LTE01ERBS00032,ManagedElement=1,ENodeBFunction=1,EUtranCellFDD=LTE01ERBS00032-3,EUtranFreqRelation=1,EUtranCellRelation=4" lastModified="1287504775250" mimName="ERBS_NODE_MODEL" mimVersion="A.9.50.J.9.1">
    <attr name="isRemoveAllowed">false</attr>
    <attr name="neighborCellRef">SubNetwork=ONRM_RootMo_R,MeContext=LTE01ERBS00032,ManagedElement=1,ENodeBFunction=1,EUtraNetwork=1,ExternalENodeBFunction=17,ExternalEUtranCellFDD=3</attr>
    <attr name="anrCreated">false</attr>
    <attr name="isHoAllowed">true</attr>
  </mo>
  <mo fdn="SubNetwork=ONRM_RootMo_R,MeContext=LTE01ERBS00032,ManagedElement=1,ENodeBFunction=1,EUtranCellFDD=LTE01ERBS00032-3,EUtranFreqRelation=1,EUtranCellRelation=5" lastModified="1287504775254" mimName="ERBS_NODE_MODEL" mimVersion="A.9.50.J.9.1">
    <attr name="isRemoveAllowed">false</attr>
    <attr name="neighborCellRef">SubNetwork=ONRM_RootMo_R,MeContext=LTE01ERBS00032,ManagedElement=1,ENodeBFunction=1,EUtraNetwork=1,ExternalENodeBFunction=17,ExternalEUtranCellFDD=4</attr>
    <attr name="anrCreated">false</attr>
    <attr name="isHoAllowed">true</attr>
  </mo>
  <mo fdn="SubNetwork=ONRM_RootMo_R,MeContext=LTE01ERBS00032,ManagedElement=1,ENodeBFunction=1,EUtranCellFDD=LTE01ERBS00032-3,EUtranFreqRelation=1,EUtranCellRelation=8" lastModified="1287504775246" mimName="ERBS_NODE_MODEL" mimVersion="A.9.50.J.9.1">
    <attr name="isRemoveAllowed">false</attr>
    <attr name="neighborCellRef">SubNetwork=ONRM_RootMo_R,MeContext=LTE01ERBS00032,ManagedElement=1,ENodeBFunction=1,EUtraNetwork=1,ExternalENodeBFunction=19,ExternalEUtranCellFDD=3</attr>
    <attr name="anrCreated">false</attr>
    <attr name="isHoAllowed">true</attr>
  </mo>
  <mo fdn="SubNetwork=ONRM_RootMo_R,MeContext=LTE01ERBS00032,ManagedElement=1,ENodeBFunction=1,EUtranCellFDD=LTE01ERBS00032-3,EUtranFreqRelation=1,EUtranCellRelation=9" lastModified="1287504775248" mimName="ERBS_NODE_MODEL" mimVersion="A.9.50.J.9.1">
    <attr name="isRemoveAllowed">false</attr>
    <attr name="neighborCellRef">SubNetwork=ONRM_RootMo_R,MeContext=LTE01ERBS00032,ManagedElement=1,ENodeBFunction=1,EUtraNetwork=1,ExternalENodeBFunction=19,ExternalEUtranCellFDD=4</attr>
    <attr name="anrCreated">false</attr>
    <attr name="isHoAllowed">true</attr>
  </mo>
  <mo fdn="SubNetwork=ONRM_RootMo_R,MeContext=LTE01ERBS00032,ManagedElement=1,ENodeBFunction=1,EUtranCellFDD=LTE01ERBS00032-3,EUtranFreqRelation=2,EUtranCellRelation=1" lastModified="1287501126415" mimName="ERBS_NODE_MODEL" mimVersion="A.9.50.J.9.1">
    <attr name="isRemoveAllowed">false</attr>
    <attr name="neighborCellRef">SubNetwork=ONRM_RootMo_R,MeContext=LTE01ERBS00032,ManagedElement=1,ENodeBFunction=1,EUtranCellFDD=LTE01ERBS00032-1</attr>
    <attr name="anrCreated">false</attr>
    <attr name="isHoAllowed">true</attr>
  </mo>
  <mo fdn="SubNetwork=ONRM_RootMo_R,MeContext=LTE01ERBS00032,ManagedElement=1,ENodeBFunction=1,EUtranCellFDD=LTE01ERBS00032-3,EUtranFreqRelation=2,EUtranCellRelation=10" lastModified="1287501653661" mimName="ERBS_NODE_MODEL" mimVersion="A.9.50.J.9.1">
    <attr name="isRemoveAllowed">false</attr>
    <attr name="neighborCellRef">SubNetwork=ONRM_RootMo_R,MeContext=LTE01ERBS00032,ManagedElement=1,ENodeBFunction=1,EUtraNetwork=1,ExternalENodeBFunction=20,ExternalEUtranCellFDD=3</attr>
    <attr name="anrCreated">false</attr>
    <attr name="isHoAllowed">true</attr>
  </mo>
  <mo fdn="SubNetwork=ONRM_RootMo_R,MeContext=LTE01ERBS00032,ManagedElement=1,ENodeBFunction=1,EUtranCellFDD=LTE01ERBS00032-3,EUtranFreqRelation=2,EUtranCellRelation=11" lastModified="1287501653648" mimName="ERBS_NODE_MODEL" mimVersion="A.9.50.J.9.1">
    <attr name="isRemoveAllowed">false</attr>
    <attr name="neighborCellRef">SubNetwork=ONRM_RootMo_R,MeContext=LTE01ERBS00032,ManagedElement=1,ENodeBFunction=1,EUtraNetwork=1,ExternalENodeBFunction=20,ExternalEUtranCellFDD=4</attr>
    <attr name="anrCreated">false</attr>
    <attr name="isHoAllowed">true</attr>
  </mo>
  <mo fdn="SubNetwork=ONRM_RootMo_R,MeContext=LTE01ERBS00032,ManagedElement=1,ENodeBFunction=1,EUtranCellFDD=LTE01ERBS00032-3,EUtranFreqRelation=2,EUtranCellRelation=14" lastModified="1287504775213" mimName="ERBS_NODE_MODEL" mimVersion="A.9.50.J.9.1">
    <attr name="isRemoveAllowed">false</attr>
    <attr name="neighborCellRef">SubNetwork=ONRM_RootMo_R,MeContext=LTE01ERBS00032,ManagedElement=1,ENodeBFunction=1,EUtraNetwork=1,ExternalENodeBFunction=22,ExternalEUtranCellFDD=3</attr>
    <attr name="anrCreated">false</attr>
    <attr name="isHoAllowed">true</attr>
  </mo>
  <mo fdn="SubNetwork=ONRM_RootMo_R,MeContext=LTE01ERBS00032,ManagedElement=1,ENodeBFunction=1,EUtranCellFDD=LTE01ERBS00032-3,EUtranFreqRelation=2,EUtranCellRelation=15" lastModified="1287504775233" mimName="ERBS_NODE_MODEL" mimVersion="A.9.50.J.9.1">
    <attr name="isRemoveAllowed">false</attr>
    <attr name="neighborCellRef">SubNetwork=ONRM_RootMo_R,MeContext=LTE01ERBS00032,ManagedElement=1,ENodeBFunction=1,EUtraNetwork=1,ExternalENodeBFunction=22,ExternalEUtranCellFDD=4</attr>
    <attr name="anrCreated">false</attr>
    <attr name="isHoAllowed">true</attr>
  </mo>
  <mo fdn="SubNetwork=ONRM_RootMo_R,MeContext=LTE01ERBS00032,ManagedElement=1,ENodeBFunction=1,EUtranCellFDD=LTE01ERBS00032-3,EUtranFreqRelation=2,EUtranCellRelation=18" lastModified="1287504775224" mimName="ERBS_NODE_MODEL" mimVersion="A.9.50.J.9.1">
    <attr name="isRemoveAllowed">false</attr>
    <attr name="neighborCellRef">SubNetwork=ONRM_RootMo_R,MeContext=LTE01ERBS00032,ManagedElement=1,ENodeBFunction=1,EUtraNetwork=1,ExternalENodeBFunction=24,ExternalEUtranCellFDD=3</attr>
    <attr name="anrCreated">false</attr>
    <attr name="isHoAllowed">true</attr>
  </mo>
  <mo fdn="SubNetwork=ONRM_RootMo_R,MeContext=LTE01ERBS00032,ManagedElement=1,ENodeBFunction=1,EUtranCellFDD=LTE01ERBS00032-3,EUtranFreqRelation=2,EUtranCellRelation=19" lastModified="1287504775221" mimName="ERBS_NODE_MODEL" mimVersion="A.9.50.J.9.1">
    <attr name="isRemoveAllowed">false</attr>
    <attr name="neighborCellRef">SubNetwork=ONRM_RootMo_R,MeContext=LTE01ERBS00032,ManagedElement=1,ENodeBFunction=1,EUtraNetwork=1,ExternalENodeBFunction=24,ExternalEUtranCellFDD=4</attr>
    <attr name="anrCreated">false</attr>
    <attr name="isHoAllowed">true</attr>
  </mo>
  <mo fdn="SubNetwork=ONRM_RootMo_R,MeContext=LTE01ERBS00032,ManagedElement=1,ENodeBFunction=1,EUtranCellFDD=LTE01ERBS00032-3,EUtranFreqRelation=2,EUtranCellRelation=2" lastModified="1287501126324" mimName="ERBS_NODE_MODEL" mimVersion="A.9.50.J.9.1">
    <attr name="isRemoveAllowed">false</attr>
    <attr name="neighborCellRef">SubNetwork=ONRM_RootMo_R,MeContext=LTE01ERBS00032,ManagedElement=1,ENodeBFunction=1,EUtranCellFDD=LTE01ERBS00032-2</attr>
    <attr name="anrCreated">false</attr>
    <attr name="isHoAllowed">true</attr>
  </mo>
  <mo fdn="SubNetwork=ONRM_RootMo_R,MeContext=LTE01ERBS00032,ManagedElement=1,ENodeBFunction=1,EUtranCellFDD=LTE01ERBS00032-3,EUtranFreqRelation=2,EUtranCellRelation=22" lastModified="1287504775215" mimName="ERBS_NODE_MODEL" mimVersion="A.9.50.J.9.1">
    <attr name="isRemoveAllowed">false</attr>
    <attr name="neighborCellRef">SubNetwork=ONRM_RootMo_R,MeContext=LTE01ERBS00032,ManagedElement=1,ENodeBFunction=1,EUtraNetwork=1,ExternalENodeBFunction=26,ExternalEUtranCellFDD=3</attr>
    <attr name="anrCreated">false</attr>
    <attr name="isHoAllowed">true</attr>
  </mo>
  <mo fdn="SubNetwork=ONRM_RootMo_R,MeContext=LTE01ERBS00032,ManagedElement=1,ENodeBFunction=1,EUtranCellFDD=LTE01ERBS00032-3,EUtranFreqRelation=2,EUtranCellRelation=23" lastModified="1287504775210" mimName="ERBS_NODE_MODEL" mimVersion="A.9.50.J.9.1">
    <attr name="isRemoveAllowed">false</attr>
    <attr name="neighborCellRef">SubNetwork=ONRM_RootMo_R,MeContext=LTE01ERBS00032,ManagedElement=1,ENodeBFunction=1,EUtraNetwork=1,ExternalENodeBFunction=26,ExternalEUtranCellFDD=4</attr>
    <attr name="anrCreated">false</attr>
    <attr name="isHoAllowed">true</attr>
  </mo>
  <mo fdn="SubNetwork=ONRM_RootMo_R,MeContext=LTE01ERBS00032,ManagedElement=1,ENodeBFunction=1,EUtranCellFDD=LTE01ERBS00032-3,EUtranFreqRelation=2,EUtranCellRelation=26" lastModified="1287504775230" mimName="ERBS_NODE_MODEL" mimVersion="A.9.50.J.9.1">
    <attr name="isRemoveAllowed">false</attr>
    <attr name="neighborCellRef">SubNetwork=ONRM_RootMo_R,MeContext=LTE01ERBS00032,ManagedElement=1,ENodeBFunction=1,EUtraNetwork=1,ExternalENodeBFunction=28,ExternalEUtranCellFDD=3</attr>
    <attr name="anrCreated">false</attr>
    <attr name="isHoAllowed">true</attr>
  </mo>
  <mo fdn="SubNetwork=ONRM_RootMo_R,MeContext=LTE01ERBS00032,ManagedElement=1,ENodeBFunction=1,EUtranCellFDD=LTE01ERBS00032-3,EUtranFreqRelation=2,EUtranCellRelation=27" lastModified="1287504775222" mimName="ERBS_NODE_MODEL" mimVersion="A.9.50.J.9.1">
    <attr name="isRemoveAllowed">false</attr>
    <attr name="neighborCellRef">SubNetwork=ONRM_RootMo_R,MeContext=LTE01ERBS00032,ManagedElement=1,ENodeBFunction=1,EUtraNetwork=1,ExternalENodeBFunction=28,ExternalEUtranCellFDD=4</attr>
    <attr name="anrCreated">false</attr>
    <attr name="isHoAllowed">true</attr>
  </mo>
  <mo fdn="SubNetwork=ONRM_RootMo_R,MeContext=LTE01ERBS00032,ManagedElement=1,ENodeBFunction=1,EUtranCellFDD=LTE01ERBS00032-3,EUtranFreqRelation=2,EUtranCellRelation=3" lastModified="1287501126228" mimName="ERBS_NODE_MODEL" mimVersion="A.9.50.J.9.1">
    <attr name="isRemoveAllowed">false</attr>
    <attr name="neighborCellRef">SubNetwork=ONRM_RootMo_R,MeContext=LTE01ERBS00032,ManagedElement=1,ENodeBFunction=1,EUtranCellFDD=LTE01ERBS00032-4</attr>
    <attr name="anrCreated">false</attr>
    <attr name="isHoAllowed">true</attr>
  </mo>
  <mo fdn="SubNetwork=ONRM_RootMo_R,MeContext=LTE01ERBS00032,ManagedElement=1,ENodeBFunction=1,EUtranCellFDD=LTE01ERBS00032-3,EUtranFreqRelation=2,EUtranCellRelation=30" lastModified="1287504775219" mimName="ERBS_NODE_MODEL" mimVersion="A.9.50.J.9.1">
    <attr name="isRemoveAllowed">false</attr>
    <attr name="neighborCellRef">SubNetwork=ONRM_RootMo_R,MeContext=LTE01ERBS00032,ManagedElement=1,ENodeBFunction=1,EUtraNetwork=1,ExternalENodeBFunction=30,ExternalEUtranCellFDD=3</attr>
    <attr name="anrCreated">false</attr>
    <attr name="isHoAllowed">true</attr>
  </mo>
  <mo fdn="SubNetwork=ONRM_RootMo_R,MeContext=LTE01ERBS00032,ManagedElement=1,ENodeBFunction=1,EUtranCellFDD=LTE01ERBS00032-3,EUtranFreqRelation=2,EUtranCellRelation=31" lastModified="1287504775218" mimName="ERBS_NODE_MODEL" mimVersion="A.9.50.J.9.1">
    <attr name="isRemoveAllowed">false</attr>
    <attr name="neighborCellRef">SubNetwork=ONRM_RootMo_R,MeContext=LTE01ERBS00032,ManagedElement=1,ENodeBFunction=1,EUtraNetwork=1,ExternalENodeBFunction=30,ExternalEUtranCellFDD=4</attr>
    <attr name="anrCreated">false</attr>
    <attr name="isHoAllowed">true</attr>
  </mo>
  <mo fdn="SubNetwork=ONRM_RootMo_R,MeContext=LTE01ERBS00032,ManagedElement=1,ENodeBFunction=1,EUtranCellFDD=LTE01ERBS00032-3,EUtranFreqRelation=2,EUtranCellRelation=6" lastModified="1287504775228" mimName="ERBS_NODE_MODEL" mimVersion="A.9.50.J.9.1">
    <attr name="isRemoveAllowed">false</attr>
    <attr name="neighborCellRef">SubNetwork=ONRM_RootMo_R,MeContext=LTE01ERBS00032,ManagedElement=1,ENodeBFunction=1,EUtraNetwork=1,ExternalENodeBFunction=18,ExternalEUtranCellFDD=3</attr>
    <attr name="anrCreated">false</attr>
    <attr name="isHoAllowed">true</attr>
  </mo>
  <mo fdn="SubNetwork=ONRM_RootMo_R,MeContext=LTE01ERBS00032,ManagedElement=1,ENodeBFunction=1,EUtranCellFDD=LTE01ERBS00032-3,EUtranFreqRelation=2,EUtranCellRelation=7" lastModified="1287504775231" mimName="ERBS_NODE_MODEL" mimVersion="A.9.50.J.9.1">
    <attr name="isRemoveAllowed">false</attr>
    <attr name="neighborCellRef">SubNetwork=ONRM_RootMo_R,MeContext=LTE01ERBS00032,ManagedElement=1,ENodeBFunction=1,EUtraNetwork=1,ExternalENodeBFunction=18,ExternalEUtranCellFDD=4</attr>
    <attr name="anrCreated">false</attr>
    <attr name="isHoAllowed">true</attr>
  </mo>
  <mo fdn="SubNetwork=ONRM_RootMo_R,MeContext=LTE01ERBS00032,ManagedElement=1,ENodeBFunction=1,EUtranCellFDD=LTE01ERBS00032-4" lastModified="1287512067418" mimName="ERBS_NODE_MODEL" mimVersion="A.9.50.J.9.1">
    <attr name="EUtranCellFDDId">LTE01ERBS00032-4</attr>
    <attr name="earfcnul">18000</attr>
    <attr name="cellId">4</attr>
    <attr name="tac">1</attr>
    <attr name="bPlmnList">
      <seq count="1">
        <item>
          <struct>
            <attr name="mcc">311</attr>
            <attr name="mnc">480</attr>
            <attr name="mncLength">2</attr>
          </struct>
        </item>
      </seq>
    </attr>
    <attr name="earfcndl">0</attr>
    <attr name="userLabel">LTE01ERBS00032-4</attr>
  </mo>
  <mo fdn="SubNetwork=ONRM_RootMo_R,MeContext=LTE01ERBS00032,ManagedElement=1,ENodeBFunction=1,EUtranCellFDD=LTE01ERBS00032-4,EUtranFreqRelation=1,EUtranCellRelation=12" lastModified="1287504777315" mimName="ERBS_NODE_MODEL" mimVersion="A.9.50.J.9.1">
    <attr name="isRemoveAllowed">false</attr>
    <attr name="neighborCellRef">SubNetwork=ONRM_RootMo_R,MeContext=LTE01ERBS00032,ManagedElement=1,ENodeBFunction=1,EUtraNetwork=1,ExternalENodeBFunction=21,ExternalEUtranCellFDD=3</attr>
    <attr name="anrCreated">false</attr>
    <attr name="isHoAllowed">true</attr>
  </mo>
  <mo fdn="SubNetwork=ONRM_RootMo_R,MeContext=LTE01ERBS00032,ManagedElement=1,ENodeBFunction=1,EUtranCellFDD=LTE01ERBS00032-4,EUtranFreqRelation=1,EUtranCellRelation=13" lastModified="1287504777311" mimName="ERBS_NODE_MODEL" mimVersion="A.9.50.J.9.1">
    <attr name="isRemoveAllowed">false</attr>
    <attr name="neighborCellRef">SubNetwork=ONRM_RootMo_R,MeContext=LTE01ERBS00032,ManagedElement=1,ENodeBFunction=1,EUtraNetwork=1,ExternalENodeBFunction=21,ExternalEUtranCellFDD=4</attr>
    <attr name="anrCreated">false</attr>
    <attr name="isHoAllowed">true</attr>
  </mo>
  <mo fdn="SubNetwork=ONRM_RootMo_R,MeContext=LTE01ERBS00032,ManagedElement=1,ENodeBFunction=1,EUtranCellFDD=LTE01ERBS00032-4,EUtranFreqRelation=1,EUtranCellRelation=16" lastModified="1287504777332" mimName="ERBS_NODE_MODEL" mimVersion="A.9.50.J.9.1">
    <attr name="isRemoveAllowed">false</attr>
    <attr name="neighborCellRef">SubNetwork=ONRM_RootMo_R,MeContext=LTE01ERBS00032,ManagedElement=1,ENodeBFunction=1,EUtraNetwork=1,ExternalENodeBFunction=23,ExternalEUtranCellFDD=3</attr>
    <attr name="anrCreated">false</attr>
    <attr name="isHoAllowed">true</attr>
  </mo>
  <mo fdn="SubNetwork=ONRM_RootMo_R,MeContext=LTE01ERBS00032,ManagedElement=1,ENodeBFunction=1,EUtranCellFDD=LTE01ERBS00032-4,EUtranFreqRelation=1,EUtranCellRelation=17" lastModified="1287504777329" mimName="ERBS_NODE_MODEL" mimVersion="A.9.50.J.9.1">
    <attr name="isRemoveAllowed">false</attr>
    <attr name="neighborCellRef">SubNetwork=ONRM_RootMo_R,MeContext=LTE01ERBS00032,ManagedElement=1,ENodeBFunction=1,EUtraNetwork=1,ExternalENodeBFunction=23,ExternalEUtranCellFDD=4</attr>
    <attr name="anrCreated">false</attr>
    <attr name="isHoAllowed">true</attr>
  </mo>
  <mo fdn="SubNetwork=ONRM_RootMo_R,MeContext=LTE01ERBS00032,ManagedElement=1,ENodeBFunction=1,EUtranCellFDD=LTE01ERBS00032-4,EUtranFreqRelation=1,EUtranCellRelation=20" lastModified="1287504777324" mimName="ERBS_NODE_MODEL" mimVersion="A.9.50.J.9.1">
    <attr name="isRemoveAllowed">false</attr>
    <attr name="neighborCellRef">SubNetwork=ONRM_RootMo_R,MeContext=LTE01ERBS00032,ManagedElement=1,ENodeBFunction=1,EUtraNetwork=1,ExternalENodeBFunction=25,ExternalEUtranCellFDD=3</attr>
    <attr name="anrCreated">false</attr>
    <attr name="isHoAllowed">true</attr>
  </mo>
  <mo fdn="SubNetwork=ONRM_RootMo_R,MeContext=LTE01ERBS00032,ManagedElement=1,ENodeBFunction=1,EUtranCellFDD=LTE01ERBS00032-4,EUtranFreqRelation=1,EUtranCellRelation=21" lastModified="1287504777322" mimName="ERBS_NODE_MODEL" mimVersion="A.9.50.J.9.1">
    <attr name="isRemoveAllowed">false</attr>
    <attr name="neighborCellRef">SubNetwork=ONRM_RootMo_R,MeContext=LTE01ERBS00032,ManagedElement=1,ENodeBFunction=1,EUtraNetwork=1,ExternalENodeBFunction=25,ExternalEUtranCellFDD=4</attr>
    <attr name="anrCreated">false</attr>
    <attr name="isHoAllowed">true</attr>
  </mo>
  <mo fdn="SubNetwork=ONRM_RootMo_R,MeContext=LTE01ERBS00032,ManagedElement=1,ENodeBFunction=1,EUtranCellFDD=LTE01ERBS00032-4,EUtranFreqRelation=1,EUtranCellRelation=24" lastModified="1287504777320" mimName="ERBS_NODE_MODEL" mimVersion="A.9.50.J.9.1">
    <attr name="isRemoveAllowed">false</attr>
    <attr name="neighborCellRef">SubNetwork=ONRM_RootMo_R,MeContext=LTE01ERBS00032,ManagedElement=1,ENodeBFunction=1,EUtraNetwork=1,ExternalENodeBFunction=27,ExternalEUtranCellFDD=3</attr>
    <attr name="anrCreated">false</attr>
    <attr name="isHoAllowed">true</attr>
  </mo>
  <mo fdn="SubNetwork=ONRM_RootMo_R,MeContext=LTE01ERBS00032,ManagedElement=1,ENodeBFunction=1,EUtranCellFDD=LTE01ERBS00032-4,EUtranFreqRelation=1,EUtranCellRelation=25" lastModified="1287504777317" mimName="ERBS_NODE_MODEL" mimVersion="A.9.50.J.9.1">
    <attr name="isRemoveAllowed">false</attr>
    <attr name="neighborCellRef">SubNetwork=ONRM_RootMo_R,MeContext=LTE01ERBS00032,ManagedElement=1,ENodeBFunction=1,EUtraNetwork=1,ExternalENodeBFunction=27,ExternalEUtranCellFDD=4</attr>
    <attr name="anrCreated">false</attr>
    <attr name="isHoAllowed">true</attr>
  </mo>
  <mo fdn="SubNetwork=ONRM_RootMo_R,MeContext=LTE01ERBS00032,ManagedElement=1,ENodeBFunction=1,EUtranCellFDD=LTE01ERBS00032-4,EUtranFreqRelation=1,EUtranCellRelation=28" lastModified="1287504777335" mimName="ERBS_NODE_MODEL" mimVersion="A.9.50.J.9.1">
    <attr name="isRemoveAllowed">false</attr>
    <attr name="neighborCellRef">SubNetwork=ONRM_RootMo_R,MeContext=LTE01ERBS00032,ManagedElement=1,ENodeBFunction=1,EUtraNetwork=1,ExternalENodeBFunction=29,ExternalEUtranCellFDD=3</attr>
    <attr name="anrCreated">false</attr>
    <attr name="isHoAllowed">true</attr>
  </mo>
  <mo fdn="SubNetwork=ONRM_RootMo_R,MeContext=LTE01ERBS00032,ManagedElement=1,ENodeBFunction=1,EUtranCellFDD=LTE01ERBS00032-4,EUtranFreqRelation=1,EUtranCellRelation=29" lastModified="1287504777333" mimName="ERBS_NODE_MODEL" mimVersion="A.9.50.J.9.1">
    <attr name="isRemoveAllowed">false</attr>
    <attr name="neighborCellRef">SubNetwork=ONRM_RootMo_R,MeContext=LTE01ERBS00032,ManagedElement=1,ENodeBFunction=1,EUtraNetwork=1,ExternalENodeBFunction=29,ExternalEUtranCellFDD=4</attr>
    <attr name="anrCreated">false</attr>
    <attr name="isHoAllowed">true</attr>
  </mo>
  <mo fdn="SubNetwork=ONRM_RootMo_R,MeContext=LTE01ERBS00032,ManagedElement=1,ENodeBFunction=1,EUtranCellFDD=LTE01ERBS00032-4,EUtranFreqRelation=1,EUtranCellRelation=32" lastModified="1287501653348" mimName="ERBS_NODE_MODEL" mimVersion="A.9.50.J.9.1">
    <attr name="isRemoveAllowed">false</attr>
    <attr name="neighborCellRef">SubNetwork=ONRM_RootMo_R,MeContext=LTE01ERBS00032,ManagedElement=1,ENodeBFunction=1,EUtraNetwork=1,ExternalENodeBFunction=31,ExternalEUtranCellFDD=3</attr>
    <attr name="anrCreated">false</attr>
    <attr name="isHoAllowed">true</attr>
  </mo>
  <mo fdn="SubNetwork=ONRM_RootMo_R,MeContext=LTE01ERBS00032,ManagedElement=1,ENodeBFunction=1,EUtranCellFDD=LTE01ERBS00032-4,EUtranFreqRelation=1,EUtranCellRelation=33" lastModified="1287501653353" mimName="ERBS_NODE_MODEL" mimVersion="A.9.50.J.9.1">
    <attr name="isRemoveAllowed">false</attr>
    <attr name="neighborCellRef">SubNetwork=ONRM_RootMo_R,MeContext=LTE01ERBS00032,ManagedElement=1,ENodeBFunction=1,EUtraNetwork=1,ExternalENodeBFunction=31,ExternalEUtranCellFDD=4</attr>
    <attr name="anrCreated">false</attr>
    <attr name="isHoAllowed">true</attr>
  </mo>
  <mo fdn="SubNetwork=ONRM_RootMo_R,MeContext=LTE01ERBS00032,ManagedElement=1,ENodeBFunction=1,EUtranCellFDD=LTE01ERBS00032-4,EUtranFreqRelation=1,EUtranCellRelation=4" lastModified="1287504777330" mimName="ERBS_NODE_MODEL" mimVersion="A.9.50.J.9.1">
    <attr name="isRemoveAllowed">false</attr>
    <attr name="neighborCellRef">SubNetwork=ONRM_RootMo_R,MeContext=LTE01ERBS00032,ManagedElement=1,ENodeBFunction=1,EUtraNetwork=1,ExternalENodeBFunction=17,ExternalEUtranCellFDD=3</attr>
    <attr name="anrCreated">false</attr>
    <attr name="isHoAllowed">true</attr>
  </mo>
  <mo fdn="SubNetwork=ONRM_RootMo_R,MeContext=LTE01ERBS00032,ManagedElement=1,ENodeBFunction=1,EUtranCellFDD=LTE01ERBS00032-4,EUtranFreqRelation=1,EUtranCellRelation=5" lastModified="1287504777336" mimName="ERBS_NODE_MODEL" mimVersion="A.9.50.J.9.1">
    <attr name="isRemoveAllowed">false</attr>
    <attr name="neighborCellRef">SubNetwork=ONRM_RootMo_R,MeContext=LTE01ERBS00032,ManagedElement=1,ENodeBFunction=1,EUtraNetwork=1,ExternalENodeBFunction=17,ExternalEUtranCellFDD=4</attr>
    <attr name="anrCreated">false</attr>
    <attr name="isHoAllowed">true</attr>
  </mo>
  <mo fdn="SubNetwork=ONRM_RootMo_R,MeContext=LTE01ERBS00032,ManagedElement=1,ENodeBFunction=1,EUtranCellFDD=LTE01ERBS00032-4,EUtranFreqRelation=1,EUtranCellRelation=8" lastModified="1287504777325" mimName="ERBS_NODE_MODEL" mimVersion="A.9.50.J.9.1">
    <attr name="isRemoveAllowed">false</attr>
    <attr name="neighborCellRef">SubNetwork=ONRM_RootMo_R,MeContext=LTE01ERBS00032,ManagedElement=1,ENodeBFunction=1,EUtraNetwork=1,ExternalENodeBFunction=19,ExternalEUtranCellFDD=3</attr>
    <attr name="anrCreated">false</attr>
    <attr name="isHoAllowed">true</attr>
  </mo>
  <mo fdn="SubNetwork=ONRM_RootMo_R,MeContext=LTE01ERBS00032,ManagedElement=1,ENodeBFunction=1,EUtranCellFDD=LTE01ERBS00032-4,EUtranFreqRelation=1,EUtranCellRelation=9" lastModified="1287504777327" mimName="ERBS_NODE_MODEL" mimVersion="A.9.50.J.9.1">
    <attr name="isRemoveAllowed">false</attr>
    <attr name="neighborCellRef">SubNetwork=ONRM_RootMo_R,MeContext=LTE01ERBS00032,ManagedElement=1,ENodeBFunction=1,EUtraNetwork=1,ExternalENodeBFunction=19,ExternalEUtranCellFDD=4</attr>
    <attr name="anrCreated">false</attr>
    <attr name="isHoAllowed">true</attr>
  </mo>
  <mo fdn="SubNetwork=ONRM_RootMo_R,MeContext=LTE01ERBS00032,ManagedElement=1,ENodeBFunction=1,EUtranCellFDD=LTE01ERBS00032-4,EUtranFreqRelation=2,EUtranCellRelation=1" lastModified="1287501124980" mimName="ERBS_NODE_MODEL" mimVersion="A.9.50.J.9.1">
    <attr name="isRemoveAllowed">false</attr>
    <attr name="neighborCellRef">SubNetwork=ONRM_RootMo_R,MeContext=LTE01ERBS00032,ManagedElement=1,ENodeBFunction=1,EUtranCellFDD=LTE01ERBS00032-1</attr>
    <attr name="anrCreated">false</attr>
    <attr name="isHoAllowed">true</attr>
  </mo>
  <mo fdn="SubNetwork=ONRM_RootMo_R,MeContext=LTE01ERBS00032,ManagedElement=1,ENodeBFunction=1,EUtranCellFDD=LTE01ERBS00032-4,EUtranFreqRelation=2,EUtranCellRelation=10" lastModified="1287501653343" mimName="ERBS_NODE_MODEL" mimVersion="A.9.50.J.9.1">
    <attr name="isRemoveAllowed">false</attr>
    <attr name="neighborCellRef">SubNetwork=ONRM_RootMo_R,MeContext=LTE01ERBS00032,ManagedElement=1,ENodeBFunction=1,EUtraNetwork=1,ExternalENodeBFunction=20,ExternalEUtranCellFDD=3</attr>
    <attr name="anrCreated">false</attr>
    <attr name="isHoAllowed">true</attr>
  </mo>
  <mo fdn="SubNetwork=ONRM_RootMo_R,MeContext=LTE01ERBS00032,ManagedElement=1,ENodeBFunction=1,EUtranCellFDD=LTE01ERBS00032-4,EUtranFreqRelation=2,EUtranCellRelation=11" lastModified="1287501653331" mimName="ERBS_NODE_MODEL" mimVersion="A.9.50.J.9.1">
    <attr name="isRemoveAllowed">false</attr>
    <attr name="neighborCellRef">SubNetwork=ONRM_RootMo_R,MeContext=LTE01ERBS00032,ManagedElement=1,ENodeBFunction=1,EUtraNetwork=1,ExternalENodeBFunction=20,ExternalEUtranCellFDD=4</attr>
    <attr name="anrCreated">false</attr>
    <attr name="isHoAllowed">true</attr>
  </mo>
  <mo fdn="SubNetwork=ONRM_RootMo_R,MeContext=LTE01ERBS00032,ManagedElement=1,ENodeBFunction=1,EUtranCellFDD=LTE01ERBS00032-4,EUtranFreqRelation=2,EUtranCellRelation=14" lastModified="1287504777276" mimName="ERBS_NODE_MODEL" mimVersion="A.9.50.J.9.1">
    <attr name="isRemoveAllowed">false</attr>
    <attr name="neighborCellRef">SubNetwork=ONRM_RootMo_R,MeContext=LTE01ERBS00032,ManagedElement=1,ENodeBFunction=1,EUtraNetwork=1,ExternalENodeBFunction=22,ExternalEUtranCellFDD=3</attr>
    <attr name="anrCreated">false</attr>
    <attr name="isHoAllowed">true</attr>
  </mo>
  <mo fdn="SubNetwork=ONRM_RootMo_R,MeContext=LTE01ERBS00032,ManagedElement=1,ENodeBFunction=1,EUtranCellFDD=LTE01ERBS00032-4,EUtranFreqRelation=2,EUtranCellRelation=15" lastModified="1287504777294" mimName="ERBS_NODE_MODEL" mimVersion="A.9.50.J.9.1">
    <attr name="isRemoveAllowed">false</attr>
    <attr name="neighborCellRef">SubNetwork=ONRM_RootMo_R,MeContext=LTE01ERBS00032,ManagedElement=1,ENodeBFunction=1,EUtraNetwork=1,ExternalENodeBFunction=22,ExternalEUtranCellFDD=4</attr>
    <attr name="anrCreated">false</attr>
    <attr name="isHoAllowed">true</attr>
  </mo>
  <mo fdn="SubNetwork=ONRM_RootMo_R,MeContext=LTE01ERBS00032,ManagedElement=1,ENodeBFunction=1,EUtranCellFDD=LTE01ERBS00032-4,EUtranFreqRelation=2,EUtranCellRelation=18" lastModified="1287504777287" mimName="ERBS_NODE_MODEL" mimVersion="A.9.50.J.9.1">
    <attr name="isRemoveAllowed">false</attr>
    <attr name="neighborCellRef">SubNetwork=ONRM_RootMo_R,MeContext=LTE01ERBS00032,ManagedElement=1,ENodeBFunction=1,EUtraNetwork=1,ExternalENodeBFunction=24,ExternalEUtranCellFDD=3</attr>
    <attr name="anrCreated">false</attr>
    <attr name="isHoAllowed">true</attr>
  </mo>
  <mo fdn="SubNetwork=ONRM_RootMo_R,MeContext=LTE01ERBS00032,ManagedElement=1,ENodeBFunction=1,EUtranCellFDD=LTE01ERBS00032-4,EUtranFreqRelation=2,EUtranCellRelation=19" lastModified="1287504777285" mimName="ERBS_NODE_MODEL" mimVersion="A.9.50.J.9.1">
    <attr name="isRemoveAllowed">false</attr>
    <attr name="neighborCellRef">SubNetwork=ONRM_RootMo_R,MeContext=LTE01ERBS00032,ManagedElement=1,ENodeBFunction=1,EUtraNetwork=1,ExternalENodeBFunction=24,ExternalEUtranCellFDD=4</attr>
    <attr name="anrCreated">false</attr>
    <attr name="isHoAllowed">true</attr>
  </mo>
  <mo fdn="SubNetwork=ONRM_RootMo_R,MeContext=LTE01ERBS00032,ManagedElement=1,ENodeBFunction=1,EUtranCellFDD=LTE01ERBS00032-4,EUtranFreqRelation=2,EUtranCellRelation=2" lastModified="1287501124916" mimName="ERBS_NODE_MODEL" mimVersion="A.9.50.J.9.1">
    <attr name="isRemoveAllowed">false</attr>
    <attr name="neighborCellRef">SubNetwork=ONRM_RootMo_R,MeContext=LTE01ERBS00032,ManagedElement=1,ENodeBFunction=1,EUtranCellFDD=LTE01ERBS00032-2</attr>
    <attr name="anrCreated">false</attr>
    <attr name="isHoAllowed">true</attr>
  </mo>
  <mo fdn="SubNetwork=ONRM_RootMo_R,MeContext=LTE01ERBS00032,ManagedElement=1,ENodeBFunction=1,EUtranCellFDD=LTE01ERBS00032-4,EUtranFreqRelation=2,EUtranCellRelation=22" lastModified="1287504777279" mimName="ERBS_NODE_MODEL" mimVersion="A.9.50.J.9.1">
    <attr name="isRemoveAllowed">false</attr>
    <attr name="neighborCellRef">SubNetwork=ONRM_RootMo_R,MeContext=LTE01ERBS00032,ManagedElement=1,ENodeBFunction=1,EUtraNetwork=1,ExternalENodeBFunction=26,ExternalEUtranCellFDD=3</attr>
    <attr name="anrCreated">false</attr>
    <attr name="isHoAllowed">true</attr>
  </mo>
  <mo fdn="SubNetwork=ONRM_RootMo_R,MeContext=LTE01ERBS00032,ManagedElement=1,ENodeBFunction=1,EUtranCellFDD=LTE01ERBS00032-4,EUtranFreqRelation=2,EUtranCellRelation=23" lastModified="1287504777274" mimName="ERBS_NODE_MODEL" mimVersion="A.9.50.J.9.1">
    <attr name="isRemoveAllowed">false</attr>
    <attr name="neighborCellRef">SubNetwork=ONRM_RootMo_R,MeContext=LTE01ERBS00032,ManagedElement=1,ENodeBFunction=1,EUtraNetwork=1,ExternalENodeBFunction=26,ExternalEUtranCellFDD=4</attr>
    <attr name="anrCreated">false</attr>
    <attr name="isHoAllowed">true</attr>
  </mo>
  <mo fdn="SubNetwork=ONRM_RootMo_R,MeContext=LTE01ERBS00032,ManagedElement=1,ENodeBFunction=1,EUtranCellFDD=LTE01ERBS00032-4,EUtranFreqRelation=2,EUtranCellRelation=26" lastModified="1287504777289" mimName="ERBS_NODE_MODEL" mimVersion="A.9.50.J.9.1">
    <attr name="isRemoveAllowed">false</attr>
    <attr name="neighborCellRef">SubNetwork=ONRM_RootMo_R,MeContext=LTE01ERBS00032,ManagedElement=1,ENodeBFunction=1,EUtraNetwork=1,ExternalENodeBFunction=28,ExternalEUtranCellFDD=3</attr>
    <attr name="anrCreated">false</attr>
    <attr name="isHoAllowed">true</attr>
  </mo>
  <mo fdn="SubNetwork=ONRM_RootMo_R,MeContext=LTE01ERBS00032,ManagedElement=1,ENodeBFunction=1,EUtranCellFDD=LTE01ERBS00032-4,EUtranFreqRelation=2,EUtranCellRelation=27" lastModified="1287504777286" mimName="ERBS_NODE_MODEL" mimVersion="A.9.50.J.9.1">
    <attr name="isRemoveAllowed">false</attr>
    <attr name="neighborCellRef">SubNetwork=ONRM_RootMo_R,MeContext=LTE01ERBS00032,ManagedElement=1,ENodeBFunction=1,EUtraNetwork=1,ExternalENodeBFunction=28,ExternalEUtranCellFDD=4</attr>
    <attr name="anrCreated">false</attr>
    <attr name="isHoAllowed">true</attr>
  </mo>
  <mo fdn="SubNetwork=ONRM_RootMo_R,MeContext=LTE01ERBS00032,ManagedElement=1,ENodeBFunction=1,EUtranCellFDD=LTE01ERBS00032-4,EUtranFreqRelation=2,EUtranCellRelation=3" lastModified="1287501129133" mimName="ERBS_NODE_MODEL" mimVersion="A.9.50.J.9.1">
    <attr name="isRemoveAllowed">false</attr>
    <attr name="neighborCellRef">SubNetwork=ONRM_RootMo_R,MeContext=LTE01ERBS00032,ManagedElement=1,ENodeBFunction=1,EUtranCellFDD=LTE01ERBS00032-3</attr>
    <attr name="anrCreated">false</attr>
    <attr name="isHoAllowed">true</attr>
  </mo>
  <mo fdn="SubNetwork=ONRM_RootMo_R,MeContext=LTE01ERBS00032,ManagedElement=1,ENodeBFunction=1,EUtranCellFDD=LTE01ERBS00032-4,EUtranFreqRelation=2,EUtranCellRelation=30" lastModified="1287504777283" mimName="ERBS_NODE_MODEL" mimVersion="A.9.50.J.9.1">
    <attr name="isRemoveAllowed">false</attr>
    <attr name="neighborCellRef">SubNetwork=ONRM_RootMo_R,MeContext=LTE01ERBS00032,ManagedElement=1,ENodeBFunction=1,EUtraNetwork=1,ExternalENodeBFunction=30,ExternalEUtranCellFDD=3</attr>
    <attr name="anrCreated">false</attr>
    <attr name="isHoAllowed">true</attr>
  </mo>
  <mo fdn="SubNetwork=ONRM_RootMo_R,MeContext=LTE01ERBS00032,ManagedElement=1,ENodeBFunction=1,EUtranCellFDD=LTE01ERBS00032-4,EUtranFreqRelation=2,EUtranCellRelation=31" lastModified="1287504777281" mimName="ERBS_NODE_MODEL" mimVersion="A.9.50.J.9.1">
    <attr name="isRemoveAllowed">false</attr>
    <attr name="neighborCellRef">SubNetwork=ONRM_RootMo_R,MeContext=LTE01ERBS00032,ManagedElement=1,ENodeBFunction=1,EUtraNetwork=1,ExternalENodeBFunction=30,ExternalEUtranCellFDD=4</attr>
    <attr name="anrCreated">false</attr>
    <attr name="isHoAllowed">true</attr>
  </mo>
  <mo fdn="SubNetwork=ONRM_RootMo_R,MeContext=LTE01ERBS00032,ManagedElement=1,ENodeBFunction=1,EUtranCellFDD=LTE01ERBS00032-4,EUtranFreqRelation=2,EUtranCellRelation=6" lastModified="1287504777288" mimName="ERBS_NODE_MODEL" mimVersion="A.9.50.J.9.1">
    <attr name="isRemoveAllowed">false</attr>
    <attr name="neighborCellRef">SubNetwork=ONRM_RootMo_R,MeContext=LTE01ERBS00032,ManagedElement=1,ENodeBFunction=1,EUtraNetwork=1,ExternalENodeBFunction=18,ExternalEUtranCellFDD=3</attr>
    <attr name="anrCreated">false</attr>
    <attr name="isHoAllowed">true</attr>
  </mo>
  <mo fdn="SubNetwork=ONRM_RootMo_R,MeContext=LTE01ERBS00032,ManagedElement=1,ENodeBFunction=1,EUtranCellFDD=LTE01ERBS00032-4,EUtranFreqRelation=2,EUtranCellRelation=7" lastModified="1287504777292" mimName="ERBS_NODE_MODEL" mimVersion="A.9.50.J.9.1">
    <attr name="isRemoveAllowed">false</attr>
    <attr name="neighborCellRef">SubNetwork=ONRM_RootMo_R,MeContext=LTE01ERBS00032,ManagedElement=1,ENodeBFunction=1,EUtraNetwork=1,ExternalENodeBFunction=18,ExternalEUtranCellFDD=4</attr>
    <attr name="anrCreated">false</attr>
    <attr name="isHoAllowed">true</attr>
  </mo>
</model>
