<?xml version="1.0" encoding="UTF-8" standalone="no"?><!-- Generated by nmsadm --><!-- Generated on Thu Oct 28 14:37:23 BST 2010 --><!-- Generated from configuration valid --><!-- Query - Base MO SubNetwork=ONRM_RootMo_R,MeContext=LTE03ERBS00048; Scope 8 --><model>
  <mo fdn="SubNetwork=ONRM_RootMo_R,MeContext=LTE03ERBS00048" lastModified="1287519750681" mimName="ERBS_NODE_MODEL" mimVersion="A.9.50.J.9.1">
    <attr name="MeContextId">LTE03ERBS00048</attr>
    <attr name="neMIMversion">vA.9.40</attr>
    <attr name="siteRef">SubNetwork=ONRM_RootMo_R,Site=LTE03ERBS00048</attr>
    <attr name="userLabel">LTE03ERBS00048</attr>
  </mo>
  <mo fdn="SubNetwork=ONRM_RootMo_R,MeContext=LTE03ERBS00048,ManagedElement=1,ENodeBFunction=1" lastModified="1287501994615" mimName="ERBS_NODE_MODEL" mimVersion="A.9.50.J.9.1">
    <attr name="eNodeBPlmnId">
      <struct>
        <attr name="mcc">311</attr>
        <attr name="mnc">480</attr>
        <attr name="mncLength">2</attr>
      </struct>
    </attr>
    <attr name="eNBId">191441</attr>
  </mo>
  <mo fdn="SubNetwork=ONRM_RootMo_R,MeContext=LTE03ERBS00048,ManagedElement=1,ENodeBFunction=1,EUtranCellFDD=LTE03ERBS00048-1" lastModified="1287519748009" mimName="ERBS_NODE_MODEL" mimVersion="A.9.50.J.9.1">
    <attr name="EUtranCellFDDId">LTE03ERBS00048-1</attr>
    <attr name="earfcnul">18000</attr>
    <attr name="cellId">1</attr>
    <attr name="tac">48906</attr>
    <attr name="bPlmnList">
      <seq count="1">
        <item>
          <struct>
            <attr name="mcc">311</attr>
            <attr name="mnc">480</attr>
            <attr name="mncLength">2</attr>
          </struct>
        </item>
      </seq>
    </attr>
    <attr name="earfcndl">0</attr>
    <attr name="userLabel">LTE03ERBS00048-1</attr>
  </mo>
  <mo fdn="SubNetwork=ONRM_RootMo_R,MeContext=LTE03ERBS00048,ManagedElement=1,ENodeBFunction=1,EUtranCellFDD=LTE03ERBS00048-1,EUtranFreqRelation=1,EUtranCellRelation=12" lastModified="1287512296035" mimName="ERBS_NODE_MODEL" mimVersion="A.9.50.J.9.1">
    <attr name="isRemoveAllowed">false</attr>
    <attr name="neighborCellRef">SubNetwork=ONRM_RootMo_R,MeContext=LTE03ERBS00048,ManagedElement=1,ENodeBFunction=1,EUtraNetwork=1,ExternalENodeBFunction=357,ExternalEUtranCellFDD=1</attr>
    <attr name="anrCreated">false</attr>
    <attr name="isHoAllowed">true</attr>
  </mo>
  <mo fdn="SubNetwork=ONRM_RootMo_R,MeContext=LTE03ERBS00048,ManagedElement=1,ENodeBFunction=1,EUtranCellFDD=LTE03ERBS00048-1,EUtranFreqRelation=1,EUtranCellRelation=13" lastModified="1287512296034" mimName="ERBS_NODE_MODEL" mimVersion="A.9.50.J.9.1">
    <attr name="isRemoveAllowed">false</attr>
    <attr name="neighborCellRef">SubNetwork=ONRM_RootMo_R,MeContext=LTE03ERBS00048,ManagedElement=1,ENodeBFunction=1,EUtraNetwork=1,ExternalENodeBFunction=357,ExternalEUtranCellFDD=2</attr>
    <attr name="anrCreated">false</attr>
    <attr name="isHoAllowed">true</attr>
  </mo>
  <mo fdn="SubNetwork=ONRM_RootMo_R,MeContext=LTE03ERBS00048,ManagedElement=1,ENodeBFunction=1,EUtranCellFDD=LTE03ERBS00048-1,EUtranFreqRelation=1,EUtranCellRelation=16" lastModified="1287512296043" mimName="ERBS_NODE_MODEL" mimVersion="A.9.50.J.9.1">
    <attr name="isRemoveAllowed">false</attr>
    <attr name="neighborCellRef">SubNetwork=ONRM_RootMo_R,MeContext=LTE03ERBS00048,ManagedElement=1,ENodeBFunction=1,EUtraNetwork=1,ExternalENodeBFunction=359,ExternalEUtranCellFDD=1</attr>
    <attr name="anrCreated">false</attr>
    <attr name="isHoAllowed">true</attr>
  </mo>
  <mo fdn="SubNetwork=ONRM_RootMo_R,MeContext=LTE03ERBS00048,ManagedElement=1,ENodeBFunction=1,EUtranCellFDD=LTE03ERBS00048-1,EUtranFreqRelation=1,EUtranCellRelation=17" lastModified="1287512296041" mimName="ERBS_NODE_MODEL" mimVersion="A.9.50.J.9.1">
    <attr name="isRemoveAllowed">false</attr>
    <attr name="neighborCellRef">SubNetwork=ONRM_RootMo_R,MeContext=LTE03ERBS00048,ManagedElement=1,ENodeBFunction=1,EUtraNetwork=1,ExternalENodeBFunction=359,ExternalEUtranCellFDD=2</attr>
    <attr name="anrCreated">false</attr>
    <attr name="isHoAllowed">true</attr>
  </mo>
  <mo fdn="SubNetwork=ONRM_RootMo_R,MeContext=LTE03ERBS00048,ManagedElement=1,ENodeBFunction=1,EUtranCellFDD=LTE03ERBS00048-1,EUtranFreqRelation=1,EUtranCellRelation=20" lastModified="1287512296040" mimName="ERBS_NODE_MODEL" mimVersion="A.9.50.J.9.1">
    <attr name="isRemoveAllowed">false</attr>
    <attr name="neighborCellRef">SubNetwork=ONRM_RootMo_R,MeContext=LTE03ERBS00048,ManagedElement=1,ENodeBFunction=1,EUtraNetwork=1,ExternalENodeBFunction=361,ExternalEUtranCellFDD=1</attr>
    <attr name="anrCreated">false</attr>
    <attr name="isHoAllowed">true</attr>
  </mo>
  <mo fdn="SubNetwork=ONRM_RootMo_R,MeContext=LTE03ERBS00048,ManagedElement=1,ENodeBFunction=1,EUtranCellFDD=LTE03ERBS00048-1,EUtranFreqRelation=1,EUtranCellRelation=21" lastModified="1287512296039" mimName="ERBS_NODE_MODEL" mimVersion="A.9.50.J.9.1">
    <attr name="isRemoveAllowed">false</attr>
    <attr name="neighborCellRef">SubNetwork=ONRM_RootMo_R,MeContext=LTE03ERBS00048,ManagedElement=1,ENodeBFunction=1,EUtraNetwork=1,ExternalENodeBFunction=361,ExternalEUtranCellFDD=2</attr>
    <attr name="anrCreated">false</attr>
    <attr name="isHoAllowed">true</attr>
  </mo>
  <mo fdn="SubNetwork=ONRM_RootMo_R,MeContext=LTE03ERBS00048,ManagedElement=1,ENodeBFunction=1,EUtranCellFDD=LTE03ERBS00048-1,EUtranFreqRelation=1,EUtranCellRelation=24" lastModified="1287512296038" mimName="ERBS_NODE_MODEL" mimVersion="A.9.50.J.9.1">
    <attr name="isRemoveAllowed">false</attr>
    <attr name="neighborCellRef">SubNetwork=ONRM_RootMo_R,MeContext=LTE03ERBS00048,ManagedElement=1,ENodeBFunction=1,EUtraNetwork=1,ExternalENodeBFunction=363,ExternalEUtranCellFDD=1</attr>
    <attr name="anrCreated">false</attr>
    <attr name="isHoAllowed">true</attr>
  </mo>
  <mo fdn="SubNetwork=ONRM_RootMo_R,MeContext=LTE03ERBS00048,ManagedElement=1,ENodeBFunction=1,EUtranCellFDD=LTE03ERBS00048-1,EUtranFreqRelation=1,EUtranCellRelation=25" lastModified="1287512296036" mimName="ERBS_NODE_MODEL" mimVersion="A.9.50.J.9.1">
    <attr name="isRemoveAllowed">false</attr>
    <attr name="neighborCellRef">SubNetwork=ONRM_RootMo_R,MeContext=LTE03ERBS00048,ManagedElement=1,ENodeBFunction=1,EUtraNetwork=1,ExternalENodeBFunction=363,ExternalEUtranCellFDD=2</attr>
    <attr name="anrCreated">false</attr>
    <attr name="isHoAllowed">true</attr>
  </mo>
  <mo fdn="SubNetwork=ONRM_RootMo_R,MeContext=LTE03ERBS00048,ManagedElement=1,ENodeBFunction=1,EUtranCellFDD=LTE03ERBS00048-1,EUtranFreqRelation=1,EUtranCellRelation=28" lastModified="1287507076375" mimName="ERBS_NODE_MODEL" mimVersion="A.9.50.J.9.1">
    <attr name="isRemoveAllowed">false</attr>
    <attr name="neighborCellRef">SubNetwork=ONRM_RootMo_R,MeContext=LTE03ERBS00048,ManagedElement=1,ENodeBFunction=1,EUtraNetwork=1,ExternalENodeBFunction=365,ExternalEUtranCellFDD=1</attr>
    <attr name="anrCreated">false</attr>
    <attr name="isHoAllowed">true</attr>
  </mo>
  <mo fdn="SubNetwork=ONRM_RootMo_R,MeContext=LTE03ERBS00048,ManagedElement=1,ENodeBFunction=1,EUtranCellFDD=LTE03ERBS00048-1,EUtranFreqRelation=1,EUtranCellRelation=29" lastModified="1287507076374" mimName="ERBS_NODE_MODEL" mimVersion="A.9.50.J.9.1">
    <attr name="isRemoveAllowed">false</attr>
    <attr name="neighborCellRef">SubNetwork=ONRM_RootMo_R,MeContext=LTE03ERBS00048,ManagedElement=1,ENodeBFunction=1,EUtraNetwork=1,ExternalENodeBFunction=365,ExternalEUtranCellFDD=2</attr>
    <attr name="anrCreated">false</attr>
    <attr name="isHoAllowed">true</attr>
  </mo>
  <mo fdn="SubNetwork=ONRM_RootMo_R,MeContext=LTE03ERBS00048,ManagedElement=1,ENodeBFunction=1,EUtranCellFDD=LTE03ERBS00048-1,EUtranFreqRelation=1,EUtranCellRelation=32" lastModified="1287507076366" mimName="ERBS_NODE_MODEL" mimVersion="A.9.50.J.9.1">
    <attr name="isRemoveAllowed">false</attr>
    <attr name="neighborCellRef">SubNetwork=ONRM_RootMo_R,MeContext=LTE03ERBS00048,ManagedElement=1,ENodeBFunction=1,EUtraNetwork=1,ExternalENodeBFunction=367,ExternalEUtranCellFDD=1</attr>
    <attr name="anrCreated">false</attr>
    <attr name="isHoAllowed">true</attr>
  </mo>
  <mo fdn="SubNetwork=ONRM_RootMo_R,MeContext=LTE03ERBS00048,ManagedElement=1,ENodeBFunction=1,EUtranCellFDD=LTE03ERBS00048-1,EUtranFreqRelation=1,EUtranCellRelation=33" lastModified="1287507076369" mimName="ERBS_NODE_MODEL" mimVersion="A.9.50.J.9.1">
    <attr name="isRemoveAllowed">false</attr>
    <attr name="neighborCellRef">SubNetwork=ONRM_RootMo_R,MeContext=LTE03ERBS00048,ManagedElement=1,ENodeBFunction=1,EUtraNetwork=1,ExternalENodeBFunction=367,ExternalEUtranCellFDD=2</attr>
    <attr name="anrCreated">false</attr>
    <attr name="isHoAllowed">true</attr>
  </mo>
  <mo fdn="SubNetwork=ONRM_RootMo_R,MeContext=LTE03ERBS00048,ManagedElement=1,ENodeBFunction=1,EUtranCellFDD=LTE03ERBS00048-1,EUtranFreqRelation=1,EUtranCellRelation=4" lastModified="1287507076373" mimName="ERBS_NODE_MODEL" mimVersion="A.9.50.J.9.1">
    <attr name="isRemoveAllowed">false</attr>
    <attr name="neighborCellRef">SubNetwork=ONRM_RootMo_R,MeContext=LTE03ERBS00048,ManagedElement=1,ENodeBFunction=1,EUtraNetwork=1,ExternalENodeBFunction=353,ExternalEUtranCellFDD=1</attr>
    <attr name="anrCreated">false</attr>
    <attr name="isHoAllowed">true</attr>
  </mo>
  <mo fdn="SubNetwork=ONRM_RootMo_R,MeContext=LTE03ERBS00048,ManagedElement=1,ENodeBFunction=1,EUtranCellFDD=LTE03ERBS00048-1,EUtranFreqRelation=1,EUtranCellRelation=5" lastModified="1287507076376" mimName="ERBS_NODE_MODEL" mimVersion="A.9.50.J.9.1">
    <attr name="isRemoveAllowed">false</attr>
    <attr name="neighborCellRef">SubNetwork=ONRM_RootMo_R,MeContext=LTE03ERBS00048,ManagedElement=1,ENodeBFunction=1,EUtraNetwork=1,ExternalENodeBFunction=353,ExternalEUtranCellFDD=2</attr>
    <attr name="anrCreated">false</attr>
    <attr name="isHoAllowed">true</attr>
  </mo>
  <mo fdn="SubNetwork=ONRM_RootMo_R,MeContext=LTE03ERBS00048,ManagedElement=1,ENodeBFunction=1,EUtranCellFDD=LTE03ERBS00048-1,EUtranFreqRelation=1,EUtranCellRelation=8" lastModified="1287507076371" mimName="ERBS_NODE_MODEL" mimVersion="A.9.50.J.9.1">
    <attr name="isRemoveAllowed">false</attr>
    <attr name="neighborCellRef">SubNetwork=ONRM_RootMo_R,MeContext=LTE03ERBS00048,ManagedElement=1,ENodeBFunction=1,EUtraNetwork=1,ExternalENodeBFunction=355,ExternalEUtranCellFDD=1</attr>
    <attr name="anrCreated">false</attr>
    <attr name="isHoAllowed">true</attr>
  </mo>
  <mo fdn="SubNetwork=ONRM_RootMo_R,MeContext=LTE03ERBS00048,ManagedElement=1,ENodeBFunction=1,EUtranCellFDD=LTE03ERBS00048-1,EUtranFreqRelation=1,EUtranCellRelation=9" lastModified="1287507076372" mimName="ERBS_NODE_MODEL" mimVersion="A.9.50.J.9.1">
    <attr name="isRemoveAllowed">false</attr>
    <attr name="neighborCellRef">SubNetwork=ONRM_RootMo_R,MeContext=LTE03ERBS00048,ManagedElement=1,ENodeBFunction=1,EUtraNetwork=1,ExternalENodeBFunction=355,ExternalEUtranCellFDD=2</attr>
    <attr name="anrCreated">false</attr>
    <attr name="isHoAllowed">true</attr>
  </mo>
  <mo fdn="SubNetwork=ONRM_RootMo_R,MeContext=LTE03ERBS00048,ManagedElement=1,ENodeBFunction=1,EUtranCellFDD=LTE03ERBS00048-1,EUtranFreqRelation=2,EUtranCellRelation=1" lastModified="1287501993418" mimName="ERBS_NODE_MODEL" mimVersion="A.9.50.J.9.1">
    <attr name="isRemoveAllowed">false</attr>
    <attr name="neighborCellRef">SubNetwork=ONRM_RootMo_R,MeContext=LTE03ERBS00048,ManagedElement=1,ENodeBFunction=1,EUtranCellFDD=LTE03ERBS00048-2</attr>
    <attr name="anrCreated">false</attr>
    <attr name="isHoAllowed">true</attr>
  </mo>
  <mo fdn="SubNetwork=ONRM_RootMo_R,MeContext=LTE03ERBS00048,ManagedElement=1,ENodeBFunction=1,EUtranCellFDD=LTE03ERBS00048-1,EUtranFreqRelation=2,EUtranCellRelation=10" lastModified="1287512296023" mimName="ERBS_NODE_MODEL" mimVersion="A.9.50.J.9.1">
    <attr name="isRemoveAllowed">false</attr>
    <attr name="neighborCellRef">SubNetwork=ONRM_RootMo_R,MeContext=LTE03ERBS00048,ManagedElement=1,ENodeBFunction=1,EUtraNetwork=1,ExternalENodeBFunction=356,ExternalEUtranCellFDD=1</attr>
    <attr name="anrCreated">false</attr>
    <attr name="isHoAllowed">true</attr>
  </mo>
  <mo fdn="SubNetwork=ONRM_RootMo_R,MeContext=LTE03ERBS00048,ManagedElement=1,ENodeBFunction=1,EUtranCellFDD=LTE03ERBS00048-1,EUtranFreqRelation=2,EUtranCellRelation=11" lastModified="1287512296022" mimName="ERBS_NODE_MODEL" mimVersion="A.9.50.J.9.1">
    <attr name="isRemoveAllowed">false</attr>
    <attr name="neighborCellRef">SubNetwork=ONRM_RootMo_R,MeContext=LTE03ERBS00048,ManagedElement=1,ENodeBFunction=1,EUtraNetwork=1,ExternalENodeBFunction=356,ExternalEUtranCellFDD=2</attr>
    <attr name="anrCreated">false</attr>
    <attr name="isHoAllowed">true</attr>
  </mo>
  <mo fdn="SubNetwork=ONRM_RootMo_R,MeContext=LTE03ERBS00048,ManagedElement=1,ENodeBFunction=1,EUtranCellFDD=LTE03ERBS00048-1,EUtranFreqRelation=2,EUtranCellRelation=14" lastModified="1287512296013" mimName="ERBS_NODE_MODEL" mimVersion="A.9.50.J.9.1">
    <attr name="isRemoveAllowed">false</attr>
    <attr name="neighborCellRef">SubNetwork=ONRM_RootMo_R,MeContext=LTE03ERBS00048,ManagedElement=1,ENodeBFunction=1,EUtraNetwork=1,ExternalENodeBFunction=358,ExternalEUtranCellFDD=1</attr>
    <attr name="anrCreated">false</attr>
    <attr name="isHoAllowed">true</attr>
  </mo>
  <mo fdn="SubNetwork=ONRM_RootMo_R,MeContext=LTE03ERBS00048,ManagedElement=1,ENodeBFunction=1,EUtranCellFDD=LTE03ERBS00048-1,EUtranFreqRelation=2,EUtranCellRelation=15" lastModified="1287512296031" mimName="ERBS_NODE_MODEL" mimVersion="A.9.50.J.9.1">
    <attr name="isRemoveAllowed">false</attr>
    <attr name="neighborCellRef">SubNetwork=ONRM_RootMo_R,MeContext=LTE03ERBS00048,ManagedElement=1,ENodeBFunction=1,EUtraNetwork=1,ExternalENodeBFunction=358,ExternalEUtranCellFDD=2</attr>
    <attr name="anrCreated">false</attr>
    <attr name="isHoAllowed">true</attr>
  </mo>
  <mo fdn="SubNetwork=ONRM_RootMo_R,MeContext=LTE03ERBS00048,ManagedElement=1,ENodeBFunction=1,EUtranCellFDD=LTE03ERBS00048-1,EUtranFreqRelation=2,EUtranCellRelation=18" lastModified="1287512296026" mimName="ERBS_NODE_MODEL" mimVersion="A.9.50.J.9.1">
    <attr name="isRemoveAllowed">false</attr>
    <attr name="neighborCellRef">SubNetwork=ONRM_RootMo_R,MeContext=LTE03ERBS00048,ManagedElement=1,ENodeBFunction=1,EUtraNetwork=1,ExternalENodeBFunction=360,ExternalEUtranCellFDD=1</attr>
    <attr name="anrCreated">false</attr>
    <attr name="isHoAllowed">true</attr>
  </mo>
  <mo fdn="SubNetwork=ONRM_RootMo_R,MeContext=LTE03ERBS00048,ManagedElement=1,ENodeBFunction=1,EUtranCellFDD=LTE03ERBS00048-1,EUtranFreqRelation=2,EUtranCellRelation=19" lastModified="1287512296024" mimName="ERBS_NODE_MODEL" mimVersion="A.9.50.J.9.1">
    <attr name="isRemoveAllowed">false</attr>
    <attr name="neighborCellRef">SubNetwork=ONRM_RootMo_R,MeContext=LTE03ERBS00048,ManagedElement=1,ENodeBFunction=1,EUtraNetwork=1,ExternalENodeBFunction=360,ExternalEUtranCellFDD=2</attr>
    <attr name="anrCreated">false</attr>
    <attr name="isHoAllowed">true</attr>
  </mo>
  <mo fdn="SubNetwork=ONRM_RootMo_R,MeContext=LTE03ERBS00048,ManagedElement=1,ENodeBFunction=1,EUtranCellFDD=LTE03ERBS00048-1,EUtranFreqRelation=2,EUtranCellRelation=2" lastModified="1287501993415" mimName="ERBS_NODE_MODEL" mimVersion="A.9.50.J.9.1">
    <attr name="isRemoveAllowed">false</attr>
    <attr name="neighborCellRef">SubNetwork=ONRM_RootMo_R,MeContext=LTE03ERBS00048,ManagedElement=1,ENodeBFunction=1,EUtranCellFDD=LTE03ERBS00048-3</attr>
    <attr name="anrCreated">false</attr>
    <attr name="isHoAllowed">true</attr>
  </mo>
  <mo fdn="SubNetwork=ONRM_RootMo_R,MeContext=LTE03ERBS00048,ManagedElement=1,ENodeBFunction=1,EUtranCellFDD=LTE03ERBS00048-1,EUtranFreqRelation=2,EUtranCellRelation=22" lastModified="1287512296015" mimName="ERBS_NODE_MODEL" mimVersion="A.9.50.J.9.1">
    <attr name="isRemoveAllowed">false</attr>
    <attr name="neighborCellRef">SubNetwork=ONRM_RootMo_R,MeContext=LTE03ERBS00048,ManagedElement=1,ENodeBFunction=1,EUtraNetwork=1,ExternalENodeBFunction=362,ExternalEUtranCellFDD=1</attr>
    <attr name="anrCreated">false</attr>
    <attr name="isHoAllowed">true</attr>
  </mo>
  <mo fdn="SubNetwork=ONRM_RootMo_R,MeContext=LTE03ERBS00048,ManagedElement=1,ENodeBFunction=1,EUtranCellFDD=LTE03ERBS00048-1,EUtranFreqRelation=2,EUtranCellRelation=23" lastModified="1287512295999" mimName="ERBS_NODE_MODEL" mimVersion="A.9.50.J.9.1">
    <attr name="isRemoveAllowed">false</attr>
    <attr name="neighborCellRef">SubNetwork=ONRM_RootMo_R,MeContext=LTE03ERBS00048,ManagedElement=1,ENodeBFunction=1,EUtraNetwork=1,ExternalENodeBFunction=362,ExternalEUtranCellFDD=2</attr>
    <attr name="anrCreated">false</attr>
    <attr name="isHoAllowed">true</attr>
  </mo>
  <mo fdn="SubNetwork=ONRM_RootMo_R,MeContext=LTE03ERBS00048,ManagedElement=1,ENodeBFunction=1,EUtranCellFDD=LTE03ERBS00048-1,EUtranFreqRelation=2,EUtranCellRelation=26" lastModified="1287512296029" mimName="ERBS_NODE_MODEL" mimVersion="A.9.50.J.9.1">
    <attr name="isRemoveAllowed">false</attr>
    <attr name="neighborCellRef">SubNetwork=ONRM_RootMo_R,MeContext=LTE03ERBS00048,ManagedElement=1,ENodeBFunction=1,EUtraNetwork=1,ExternalENodeBFunction=364,ExternalEUtranCellFDD=1</attr>
    <attr name="anrCreated">false</attr>
    <attr name="isHoAllowed">true</attr>
  </mo>
  <mo fdn="SubNetwork=ONRM_RootMo_R,MeContext=LTE03ERBS00048,ManagedElement=1,ENodeBFunction=1,EUtranCellFDD=LTE03ERBS00048-1,EUtranFreqRelation=2,EUtranCellRelation=27" lastModified="1287512296025" mimName="ERBS_NODE_MODEL" mimVersion="A.9.50.J.9.1">
    <attr name="isRemoveAllowed">false</attr>
    <attr name="neighborCellRef">SubNetwork=ONRM_RootMo_R,MeContext=LTE03ERBS00048,ManagedElement=1,ENodeBFunction=1,EUtraNetwork=1,ExternalENodeBFunction=364,ExternalEUtranCellFDD=2</attr>
    <attr name="anrCreated">false</attr>
    <attr name="isHoAllowed">true</attr>
  </mo>
  <mo fdn="SubNetwork=ONRM_RootMo_R,MeContext=LTE03ERBS00048,ManagedElement=1,ENodeBFunction=1,EUtranCellFDD=LTE03ERBS00048-1,EUtranFreqRelation=2,EUtranCellRelation=3" lastModified="1287501993412" mimName="ERBS_NODE_MODEL" mimVersion="A.9.50.J.9.1">
    <attr name="isRemoveAllowed">false</attr>
    <attr name="neighborCellRef">SubNetwork=ONRM_RootMo_R,MeContext=LTE03ERBS00048,ManagedElement=1,ENodeBFunction=1,EUtranCellFDD=LTE03ERBS00048-4</attr>
    <attr name="anrCreated">false</attr>
    <attr name="isHoAllowed">true</attr>
  </mo>
  <mo fdn="SubNetwork=ONRM_RootMo_R,MeContext=LTE03ERBS00048,ManagedElement=1,ENodeBFunction=1,EUtranCellFDD=LTE03ERBS00048-1,EUtranFreqRelation=2,EUtranCellRelation=30" lastModified="1287512296020" mimName="ERBS_NODE_MODEL" mimVersion="A.9.50.J.9.1">
    <attr name="isRemoveAllowed">false</attr>
    <attr name="neighborCellRef">SubNetwork=ONRM_RootMo_R,MeContext=LTE03ERBS00048,ManagedElement=1,ENodeBFunction=1,EUtraNetwork=1,ExternalENodeBFunction=366,ExternalEUtranCellFDD=1</attr>
    <attr name="anrCreated">false</attr>
    <attr name="isHoAllowed">true</attr>
  </mo>
  <mo fdn="SubNetwork=ONRM_RootMo_R,MeContext=LTE03ERBS00048,ManagedElement=1,ENodeBFunction=1,EUtranCellFDD=LTE03ERBS00048-1,EUtranFreqRelation=2,EUtranCellRelation=31" lastModified="1287512296017" mimName="ERBS_NODE_MODEL" mimVersion="A.9.50.J.9.1">
    <attr name="isRemoveAllowed">false</attr>
    <attr name="neighborCellRef">SubNetwork=ONRM_RootMo_R,MeContext=LTE03ERBS00048,ManagedElement=1,ENodeBFunction=1,EUtraNetwork=1,ExternalENodeBFunction=366,ExternalEUtranCellFDD=2</attr>
    <attr name="anrCreated">false</attr>
    <attr name="isHoAllowed">true</attr>
  </mo>
  <mo fdn="SubNetwork=ONRM_RootMo_R,MeContext=LTE03ERBS00048,ManagedElement=1,ENodeBFunction=1,EUtranCellFDD=LTE03ERBS00048-1,EUtranFreqRelation=2,EUtranCellRelation=6" lastModified="1287512296027" mimName="ERBS_NODE_MODEL" mimVersion="A.9.50.J.9.1">
    <attr name="isRemoveAllowed">false</attr>
    <attr name="neighborCellRef">SubNetwork=ONRM_RootMo_R,MeContext=LTE03ERBS00048,ManagedElement=1,ENodeBFunction=1,EUtraNetwork=1,ExternalENodeBFunction=354,ExternalEUtranCellFDD=1</attr>
    <attr name="anrCreated">false</attr>
    <attr name="isHoAllowed">true</attr>
  </mo>
  <mo fdn="SubNetwork=ONRM_RootMo_R,MeContext=LTE03ERBS00048,ManagedElement=1,ENodeBFunction=1,EUtranCellFDD=LTE03ERBS00048-1,EUtranFreqRelation=2,EUtranCellRelation=7" lastModified="1287512296030" mimName="ERBS_NODE_MODEL" mimVersion="A.9.50.J.9.1">
    <attr name="isRemoveAllowed">false</attr>
    <attr name="neighborCellRef">SubNetwork=ONRM_RootMo_R,MeContext=LTE03ERBS00048,ManagedElement=1,ENodeBFunction=1,EUtraNetwork=1,ExternalENodeBFunction=354,ExternalEUtranCellFDD=2</attr>
    <attr name="anrCreated">false</attr>
    <attr name="isHoAllowed">true</attr>
  </mo>
  <mo fdn="SubNetwork=ONRM_RootMo_R,MeContext=LTE03ERBS00048,ManagedElement=1,ENodeBFunction=1,EUtranCellFDD=LTE03ERBS00048-2" lastModified="1287519746688" mimName="ERBS_NODE_MODEL" mimVersion="A.9.50.J.9.1">
    <attr name="EUtranCellFDDId">LTE03ERBS00048-2</attr>
    <attr name="earfcnul">18000</attr>
    <attr name="cellId">2</attr>
    <attr name="tac">48906</attr>
    <attr name="bPlmnList">
      <seq count="1">
        <item>
          <struct>
            <attr name="mcc">311</attr>
            <attr name="mnc">480</attr>
            <attr name="mncLength">2</attr>
          </struct>
        </item>
      </seq>
    </attr>
    <attr name="earfcndl">0</attr>
    <attr name="userLabel">LTE03ERBS00048-2</attr>
  </mo>
  <mo fdn="SubNetwork=ONRM_RootMo_R,MeContext=LTE03ERBS00048,ManagedElement=1,ENodeBFunction=1,EUtranCellFDD=LTE03ERBS00048-2,EUtranFreqRelation=1,EUtranCellRelation=12" lastModified="1287512292685" mimName="ERBS_NODE_MODEL" mimVersion="A.9.50.J.9.1">
    <attr name="isRemoveAllowed">false</attr>
    <attr name="neighborCellRef">SubNetwork=ONRM_RootMo_R,MeContext=LTE03ERBS00048,ManagedElement=1,ENodeBFunction=1,EUtraNetwork=1,ExternalENodeBFunction=357,ExternalEUtranCellFDD=1</attr>
    <attr name="anrCreated">false</attr>
    <attr name="isHoAllowed">true</attr>
  </mo>
  <mo fdn="SubNetwork=ONRM_RootMo_R,MeContext=LTE03ERBS00048,ManagedElement=1,ENodeBFunction=1,EUtranCellFDD=LTE03ERBS00048-2,EUtranFreqRelation=1,EUtranCellRelation=13" lastModified="1287512292684" mimName="ERBS_NODE_MODEL" mimVersion="A.9.50.J.9.1">
    <attr name="isRemoveAllowed">false</attr>
    <attr name="neighborCellRef">SubNetwork=ONRM_RootMo_R,MeContext=LTE03ERBS00048,ManagedElement=1,ENodeBFunction=1,EUtraNetwork=1,ExternalENodeBFunction=357,ExternalEUtranCellFDD=2</attr>
    <attr name="anrCreated">false</attr>
    <attr name="isHoAllowed">true</attr>
  </mo>
  <mo fdn="SubNetwork=ONRM_RootMo_R,MeContext=LTE03ERBS00048,ManagedElement=1,ENodeBFunction=1,EUtranCellFDD=LTE03ERBS00048-2,EUtranFreqRelation=1,EUtranCellRelation=16" lastModified="1287512292693" mimName="ERBS_NODE_MODEL" mimVersion="A.9.50.J.9.1">
    <attr name="isRemoveAllowed">false</attr>
    <attr name="neighborCellRef">SubNetwork=ONRM_RootMo_R,MeContext=LTE03ERBS00048,ManagedElement=1,ENodeBFunction=1,EUtraNetwork=1,ExternalENodeBFunction=359,ExternalEUtranCellFDD=1</attr>
    <attr name="anrCreated">false</attr>
    <attr name="isHoAllowed">true</attr>
  </mo>
  <mo fdn="SubNetwork=ONRM_RootMo_R,MeContext=LTE03ERBS00048,ManagedElement=1,ENodeBFunction=1,EUtranCellFDD=LTE03ERBS00048-2,EUtranFreqRelation=1,EUtranCellRelation=17" lastModified="1287512292692" mimName="ERBS_NODE_MODEL" mimVersion="A.9.50.J.9.1">
    <attr name="isRemoveAllowed">false</attr>
    <attr name="neighborCellRef">SubNetwork=ONRM_RootMo_R,MeContext=LTE03ERBS00048,ManagedElement=1,ENodeBFunction=1,EUtraNetwork=1,ExternalENodeBFunction=359,ExternalEUtranCellFDD=2</attr>
    <attr name="anrCreated">false</attr>
    <attr name="isHoAllowed">true</attr>
  </mo>
  <mo fdn="SubNetwork=ONRM_RootMo_R,MeContext=LTE03ERBS00048,ManagedElement=1,ENodeBFunction=1,EUtranCellFDD=LTE03ERBS00048-2,EUtranFreqRelation=1,EUtranCellRelation=20" lastModified="1287512292690" mimName="ERBS_NODE_MODEL" mimVersion="A.9.50.J.9.1">
    <attr name="isRemoveAllowed">false</attr>
    <attr name="neighborCellRef">SubNetwork=ONRM_RootMo_R,MeContext=LTE03ERBS00048,ManagedElement=1,ENodeBFunction=1,EUtraNetwork=1,ExternalENodeBFunction=361,ExternalEUtranCellFDD=1</attr>
    <attr name="anrCreated">false</attr>
    <attr name="isHoAllowed">true</attr>
  </mo>
  <mo fdn="SubNetwork=ONRM_RootMo_R,MeContext=LTE03ERBS00048,ManagedElement=1,ENodeBFunction=1,EUtranCellFDD=LTE03ERBS00048-2,EUtranFreqRelation=1,EUtranCellRelation=21" lastModified="1287512292689" mimName="ERBS_NODE_MODEL" mimVersion="A.9.50.J.9.1">
    <attr name="isRemoveAllowed">false</attr>
    <attr name="neighborCellRef">SubNetwork=ONRM_RootMo_R,MeContext=LTE03ERBS00048,ManagedElement=1,ENodeBFunction=1,EUtraNetwork=1,ExternalENodeBFunction=361,ExternalEUtranCellFDD=2</attr>
    <attr name="anrCreated">false</attr>
    <attr name="isHoAllowed">true</attr>
  </mo>
  <mo fdn="SubNetwork=ONRM_RootMo_R,MeContext=LTE03ERBS00048,ManagedElement=1,ENodeBFunction=1,EUtranCellFDD=LTE03ERBS00048-2,EUtranFreqRelation=1,EUtranCellRelation=24" lastModified="1287512292687" mimName="ERBS_NODE_MODEL" mimVersion="A.9.50.J.9.1">
    <attr name="isRemoveAllowed">false</attr>
    <attr name="neighborCellRef">SubNetwork=ONRM_RootMo_R,MeContext=LTE03ERBS00048,ManagedElement=1,ENodeBFunction=1,EUtraNetwork=1,ExternalENodeBFunction=363,ExternalEUtranCellFDD=1</attr>
    <attr name="anrCreated">false</attr>
    <attr name="isHoAllowed">true</attr>
  </mo>
  <mo fdn="SubNetwork=ONRM_RootMo_R,MeContext=LTE03ERBS00048,ManagedElement=1,ENodeBFunction=1,EUtranCellFDD=LTE03ERBS00048-2,EUtranFreqRelation=1,EUtranCellRelation=25" lastModified="1287512292686" mimName="ERBS_NODE_MODEL" mimVersion="A.9.50.J.9.1">
    <attr name="isRemoveAllowed">false</attr>
    <attr name="neighborCellRef">SubNetwork=ONRM_RootMo_R,MeContext=LTE03ERBS00048,ManagedElement=1,ENodeBFunction=1,EUtraNetwork=1,ExternalENodeBFunction=363,ExternalEUtranCellFDD=2</attr>
    <attr name="anrCreated">false</attr>
    <attr name="isHoAllowed">true</attr>
  </mo>
  <mo fdn="SubNetwork=ONRM_RootMo_R,MeContext=LTE03ERBS00048,ManagedElement=1,ENodeBFunction=1,EUtranCellFDD=LTE03ERBS00048-2,EUtranFreqRelation=1,EUtranCellRelation=28" lastModified="1287507075978" mimName="ERBS_NODE_MODEL" mimVersion="A.9.50.J.9.1">
    <attr name="isRemoveAllowed">false</attr>
    <attr name="neighborCellRef">SubNetwork=ONRM_RootMo_R,MeContext=LTE03ERBS00048,ManagedElement=1,ENodeBFunction=1,EUtraNetwork=1,ExternalENodeBFunction=365,ExternalEUtranCellFDD=1</attr>
    <attr name="anrCreated">false</attr>
    <attr name="isHoAllowed">true</attr>
  </mo>
  <mo fdn="SubNetwork=ONRM_RootMo_R,MeContext=LTE03ERBS00048,ManagedElement=1,ENodeBFunction=1,EUtranCellFDD=LTE03ERBS00048-2,EUtranFreqRelation=1,EUtranCellRelation=29" lastModified="1287507075977" mimName="ERBS_NODE_MODEL" mimVersion="A.9.50.J.9.1">
    <attr name="isRemoveAllowed">false</attr>
    <attr name="neighborCellRef">SubNetwork=ONRM_RootMo_R,MeContext=LTE03ERBS00048,ManagedElement=1,ENodeBFunction=1,EUtraNetwork=1,ExternalENodeBFunction=365,ExternalEUtranCellFDD=2</attr>
    <attr name="anrCreated">false</attr>
    <attr name="isHoAllowed">true</attr>
  </mo>
  <mo fdn="SubNetwork=ONRM_RootMo_R,MeContext=LTE03ERBS00048,ManagedElement=1,ENodeBFunction=1,EUtranCellFDD=LTE03ERBS00048-2,EUtranFreqRelation=1,EUtranCellRelation=32" lastModified="1287507075971" mimName="ERBS_NODE_MODEL" mimVersion="A.9.50.J.9.1">
    <attr name="isRemoveAllowed">false</attr>
    <attr name="neighborCellRef">SubNetwork=ONRM_RootMo_R,MeContext=LTE03ERBS00048,ManagedElement=1,ENodeBFunction=1,EUtraNetwork=1,ExternalENodeBFunction=367,ExternalEUtranCellFDD=1</attr>
    <attr name="anrCreated">false</attr>
    <attr name="isHoAllowed">true</attr>
  </mo>
  <mo fdn="SubNetwork=ONRM_RootMo_R,MeContext=LTE03ERBS00048,ManagedElement=1,ENodeBFunction=1,EUtranCellFDD=LTE03ERBS00048-2,EUtranFreqRelation=1,EUtranCellRelation=33" lastModified="1287507075973" mimName="ERBS_NODE_MODEL" mimVersion="A.9.50.J.9.1">
    <attr name="isRemoveAllowed">false</attr>
    <attr name="neighborCellRef">SubNetwork=ONRM_RootMo_R,MeContext=LTE03ERBS00048,ManagedElement=1,ENodeBFunction=1,EUtraNetwork=1,ExternalENodeBFunction=367,ExternalEUtranCellFDD=2</attr>
    <attr name="anrCreated">false</attr>
    <attr name="isHoAllowed">true</attr>
  </mo>
  <mo fdn="SubNetwork=ONRM_RootMo_R,MeContext=LTE03ERBS00048,ManagedElement=1,ENodeBFunction=1,EUtranCellFDD=LTE03ERBS00048-2,EUtranFreqRelation=1,EUtranCellRelation=4" lastModified="1287507075976" mimName="ERBS_NODE_MODEL" mimVersion="A.9.50.J.9.1">
    <attr name="isRemoveAllowed">false</attr>
    <attr name="neighborCellRef">SubNetwork=ONRM_RootMo_R,MeContext=LTE03ERBS00048,ManagedElement=1,ENodeBFunction=1,EUtraNetwork=1,ExternalENodeBFunction=353,ExternalEUtranCellFDD=1</attr>
    <attr name="anrCreated">false</attr>
    <attr name="isHoAllowed">true</attr>
  </mo>
  <mo fdn="SubNetwork=ONRM_RootMo_R,MeContext=LTE03ERBS00048,ManagedElement=1,ENodeBFunction=1,EUtranCellFDD=LTE03ERBS00048-2,EUtranFreqRelation=1,EUtranCellRelation=5" lastModified="1287507075979" mimName="ERBS_NODE_MODEL" mimVersion="A.9.50.J.9.1">
    <attr name="isRemoveAllowed">false</attr>
    <attr name="neighborCellRef">SubNetwork=ONRM_RootMo_R,MeContext=LTE03ERBS00048,ManagedElement=1,ENodeBFunction=1,EUtraNetwork=1,ExternalENodeBFunction=353,ExternalEUtranCellFDD=2</attr>
    <attr name="anrCreated">false</attr>
    <attr name="isHoAllowed">true</attr>
  </mo>
  <mo fdn="SubNetwork=ONRM_RootMo_R,MeContext=LTE03ERBS00048,ManagedElement=1,ENodeBFunction=1,EUtranCellFDD=LTE03ERBS00048-2,EUtranFreqRelation=1,EUtranCellRelation=8" lastModified="1287507075974" mimName="ERBS_NODE_MODEL" mimVersion="A.9.50.J.9.1">
    <attr name="isRemoveAllowed">false</attr>
    <attr name="neighborCellRef">SubNetwork=ONRM_RootMo_R,MeContext=LTE03ERBS00048,ManagedElement=1,ENodeBFunction=1,EUtraNetwork=1,ExternalENodeBFunction=355,ExternalEUtranCellFDD=1</attr>
    <attr name="anrCreated">false</attr>
    <attr name="isHoAllowed">true</attr>
  </mo>
  <mo fdn="SubNetwork=ONRM_RootMo_R,MeContext=LTE03ERBS00048,ManagedElement=1,ENodeBFunction=1,EUtranCellFDD=LTE03ERBS00048-2,EUtranFreqRelation=1,EUtranCellRelation=9" lastModified="1287507075975" mimName="ERBS_NODE_MODEL" mimVersion="A.9.50.J.9.1">
    <attr name="isRemoveAllowed">false</attr>
    <attr name="neighborCellRef">SubNetwork=ONRM_RootMo_R,MeContext=LTE03ERBS00048,ManagedElement=1,ENodeBFunction=1,EUtraNetwork=1,ExternalENodeBFunction=355,ExternalEUtranCellFDD=2</attr>
    <attr name="anrCreated">false</attr>
    <attr name="isHoAllowed">true</attr>
  </mo>
  <mo fdn="SubNetwork=ONRM_RootMo_R,MeContext=LTE03ERBS00048,ManagedElement=1,ENodeBFunction=1,EUtranCellFDD=LTE03ERBS00048-2,EUtranFreqRelation=2,EUtranCellRelation=1" lastModified="1287501993143" mimName="ERBS_NODE_MODEL" mimVersion="A.9.50.J.9.1">
    <attr name="isRemoveAllowed">false</attr>
    <attr name="neighborCellRef">SubNetwork=ONRM_RootMo_R,MeContext=LTE03ERBS00048,ManagedElement=1,ENodeBFunction=1,EUtranCellFDD=LTE03ERBS00048-1</attr>
    <attr name="anrCreated">false</attr>
    <attr name="isHoAllowed">true</attr>
  </mo>
  <mo fdn="SubNetwork=ONRM_RootMo_R,MeContext=LTE03ERBS00048,ManagedElement=1,ENodeBFunction=1,EUtranCellFDD=LTE03ERBS00048-2,EUtranFreqRelation=2,EUtranCellRelation=10" lastModified="1287512292674" mimName="ERBS_NODE_MODEL" mimVersion="A.9.50.J.9.1">
    <attr name="isRemoveAllowed">false</attr>
    <attr name="neighborCellRef">SubNetwork=ONRM_RootMo_R,MeContext=LTE03ERBS00048,ManagedElement=1,ENodeBFunction=1,EUtraNetwork=1,ExternalENodeBFunction=356,ExternalEUtranCellFDD=1</attr>
    <attr name="anrCreated">false</attr>
    <attr name="isHoAllowed">true</attr>
  </mo>
  <mo fdn="SubNetwork=ONRM_RootMo_R,MeContext=LTE03ERBS00048,ManagedElement=1,ENodeBFunction=1,EUtranCellFDD=LTE03ERBS00048-2,EUtranFreqRelation=2,EUtranCellRelation=11" lastModified="1287512292673" mimName="ERBS_NODE_MODEL" mimVersion="A.9.50.J.9.1">
    <attr name="isRemoveAllowed">false</attr>
    <attr name="neighborCellRef">SubNetwork=ONRM_RootMo_R,MeContext=LTE03ERBS00048,ManagedElement=1,ENodeBFunction=1,EUtraNetwork=1,ExternalENodeBFunction=356,ExternalEUtranCellFDD=2</attr>
    <attr name="anrCreated">false</attr>
    <attr name="isHoAllowed">true</attr>
  </mo>
  <mo fdn="SubNetwork=ONRM_RootMo_R,MeContext=LTE03ERBS00048,ManagedElement=1,ENodeBFunction=1,EUtranCellFDD=LTE03ERBS00048-2,EUtranFreqRelation=2,EUtranCellRelation=14" lastModified="1287512292661" mimName="ERBS_NODE_MODEL" mimVersion="A.9.50.J.9.1">
    <attr name="isRemoveAllowed">false</attr>
    <attr name="neighborCellRef">SubNetwork=ONRM_RootMo_R,MeContext=LTE03ERBS00048,ManagedElement=1,ENodeBFunction=1,EUtraNetwork=1,ExternalENodeBFunction=358,ExternalEUtranCellFDD=1</attr>
    <attr name="anrCreated">false</attr>
    <attr name="isHoAllowed">true</attr>
  </mo>
  <mo fdn="SubNetwork=ONRM_RootMo_R,MeContext=LTE03ERBS00048,ManagedElement=1,ENodeBFunction=1,EUtranCellFDD=LTE03ERBS00048-2,EUtranFreqRelation=2,EUtranCellRelation=15" lastModified="1287512292681" mimName="ERBS_NODE_MODEL" mimVersion="A.9.50.J.9.1">
    <attr name="isRemoveAllowed">false</attr>
    <attr name="neighborCellRef">SubNetwork=ONRM_RootMo_R,MeContext=LTE03ERBS00048,ManagedElement=1,ENodeBFunction=1,EUtraNetwork=1,ExternalENodeBFunction=358,ExternalEUtranCellFDD=2</attr>
    <attr name="anrCreated">false</attr>
    <attr name="isHoAllowed">true</attr>
  </mo>
  <mo fdn="SubNetwork=ONRM_RootMo_R,MeContext=LTE03ERBS00048,ManagedElement=1,ENodeBFunction=1,EUtranCellFDD=LTE03ERBS00048-2,EUtranFreqRelation=2,EUtranCellRelation=18" lastModified="1287512292677" mimName="ERBS_NODE_MODEL" mimVersion="A.9.50.J.9.1">
    <attr name="isRemoveAllowed">false</attr>
    <attr name="neighborCellRef">SubNetwork=ONRM_RootMo_R,MeContext=LTE03ERBS00048,ManagedElement=1,ENodeBFunction=1,EUtraNetwork=1,ExternalENodeBFunction=360,ExternalEUtranCellFDD=1</attr>
    <attr name="anrCreated">false</attr>
    <attr name="isHoAllowed">true</attr>
  </mo>
  <mo fdn="SubNetwork=ONRM_RootMo_R,MeContext=LTE03ERBS00048,ManagedElement=1,ENodeBFunction=1,EUtranCellFDD=LTE03ERBS00048-2,EUtranFreqRelation=2,EUtranCellRelation=19" lastModified="1287512292675" mimName="ERBS_NODE_MODEL" mimVersion="A.9.50.J.9.1">
    <attr name="isRemoveAllowed">false</attr>
    <attr name="neighborCellRef">SubNetwork=ONRM_RootMo_R,MeContext=LTE03ERBS00048,ManagedElement=1,ENodeBFunction=1,EUtraNetwork=1,ExternalENodeBFunction=360,ExternalEUtranCellFDD=2</attr>
    <attr name="anrCreated">false</attr>
    <attr name="isHoAllowed">true</attr>
  </mo>
  <mo fdn="SubNetwork=ONRM_RootMo_R,MeContext=LTE03ERBS00048,ManagedElement=1,ENodeBFunction=1,EUtranCellFDD=LTE03ERBS00048-2,EUtranFreqRelation=2,EUtranCellRelation=2" lastModified="1287501993139" mimName="ERBS_NODE_MODEL" mimVersion="A.9.50.J.9.1">
    <attr name="isRemoveAllowed">false</attr>
    <attr name="neighborCellRef">SubNetwork=ONRM_RootMo_R,MeContext=LTE03ERBS00048,ManagedElement=1,ENodeBFunction=1,EUtranCellFDD=LTE03ERBS00048-3</attr>
    <attr name="anrCreated">false</attr>
    <attr name="isHoAllowed">true</attr>
  </mo>
  <mo fdn="SubNetwork=ONRM_RootMo_R,MeContext=LTE03ERBS00048,ManagedElement=1,ENodeBFunction=1,EUtranCellFDD=LTE03ERBS00048-2,EUtranFreqRelation=2,EUtranCellRelation=22" lastModified="1287512292669" mimName="ERBS_NODE_MODEL" mimVersion="A.9.50.J.9.1">
    <attr name="isRemoveAllowed">false</attr>
    <attr name="neighborCellRef">SubNetwork=ONRM_RootMo_R,MeContext=LTE03ERBS00048,ManagedElement=1,ENodeBFunction=1,EUtraNetwork=1,ExternalENodeBFunction=362,ExternalEUtranCellFDD=1</attr>
    <attr name="anrCreated">false</attr>
    <attr name="isHoAllowed">true</attr>
  </mo>
  <mo fdn="SubNetwork=ONRM_RootMo_R,MeContext=LTE03ERBS00048,ManagedElement=1,ENodeBFunction=1,EUtranCellFDD=LTE03ERBS00048-2,EUtranFreqRelation=2,EUtranCellRelation=23" lastModified="1287512292649" mimName="ERBS_NODE_MODEL" mimVersion="A.9.50.J.9.1">
    <attr name="isRemoveAllowed">false</attr>
    <attr name="neighborCellRef">SubNetwork=ONRM_RootMo_R,MeContext=LTE03ERBS00048,ManagedElement=1,ENodeBFunction=1,EUtraNetwork=1,ExternalENodeBFunction=362,ExternalEUtranCellFDD=2</attr>
    <attr name="anrCreated">false</attr>
    <attr name="isHoAllowed">true</attr>
  </mo>
  <mo fdn="SubNetwork=ONRM_RootMo_R,MeContext=LTE03ERBS00048,ManagedElement=1,ENodeBFunction=1,EUtranCellFDD=LTE03ERBS00048-2,EUtranFreqRelation=2,EUtranCellRelation=26" lastModified="1287512292679" mimName="ERBS_NODE_MODEL" mimVersion="A.9.50.J.9.1">
    <attr name="isRemoveAllowed">false</attr>
    <attr name="neighborCellRef">SubNetwork=ONRM_RootMo_R,MeContext=LTE03ERBS00048,ManagedElement=1,ENodeBFunction=1,EUtraNetwork=1,ExternalENodeBFunction=364,ExternalEUtranCellFDD=1</attr>
    <attr name="anrCreated">false</attr>
    <attr name="isHoAllowed">true</attr>
  </mo>
  <mo fdn="SubNetwork=ONRM_RootMo_R,MeContext=LTE03ERBS00048,ManagedElement=1,ENodeBFunction=1,EUtranCellFDD=LTE03ERBS00048-2,EUtranFreqRelation=2,EUtranCellRelation=27" lastModified="1287512292676" mimName="ERBS_NODE_MODEL" mimVersion="A.9.50.J.9.1">
    <attr name="isRemoveAllowed">false</attr>
    <attr name="neighborCellRef">SubNetwork=ONRM_RootMo_R,MeContext=LTE03ERBS00048,ManagedElement=1,ENodeBFunction=1,EUtraNetwork=1,ExternalENodeBFunction=364,ExternalEUtranCellFDD=2</attr>
    <attr name="anrCreated">false</attr>
    <attr name="isHoAllowed">true</attr>
  </mo>
  <mo fdn="SubNetwork=ONRM_RootMo_R,MeContext=LTE03ERBS00048,ManagedElement=1,ENodeBFunction=1,EUtranCellFDD=LTE03ERBS00048-2,EUtranFreqRelation=2,EUtranCellRelation=3" lastModified="1287501993137" mimName="ERBS_NODE_MODEL" mimVersion="A.9.50.J.9.1">
    <attr name="isRemoveAllowed">false</attr>
    <attr name="neighborCellRef">SubNetwork=ONRM_RootMo_R,MeContext=LTE03ERBS00048,ManagedElement=1,ENodeBFunction=1,EUtranCellFDD=LTE03ERBS00048-4</attr>
    <attr name="anrCreated">false</attr>
    <attr name="isHoAllowed">true</attr>
  </mo>
  <mo fdn="SubNetwork=ONRM_RootMo_R,MeContext=LTE03ERBS00048,ManagedElement=1,ENodeBFunction=1,EUtranCellFDD=LTE03ERBS00048-2,EUtranFreqRelation=2,EUtranCellRelation=30" lastModified="1287512292672" mimName="ERBS_NODE_MODEL" mimVersion="A.9.50.J.9.1">
    <attr name="isRemoveAllowed">false</attr>
    <attr name="neighborCellRef">SubNetwork=ONRM_RootMo_R,MeContext=LTE03ERBS00048,ManagedElement=1,ENodeBFunction=1,EUtraNetwork=1,ExternalENodeBFunction=366,ExternalEUtranCellFDD=1</attr>
    <attr name="anrCreated">false</attr>
    <attr name="isHoAllowed">true</attr>
  </mo>
  <mo fdn="SubNetwork=ONRM_RootMo_R,MeContext=LTE03ERBS00048,ManagedElement=1,ENodeBFunction=1,EUtranCellFDD=LTE03ERBS00048-2,EUtranFreqRelation=2,EUtranCellRelation=31" lastModified="1287512292671" mimName="ERBS_NODE_MODEL" mimVersion="A.9.50.J.9.1">
    <attr name="isRemoveAllowed">false</attr>
    <attr name="neighborCellRef">SubNetwork=ONRM_RootMo_R,MeContext=LTE03ERBS00048,ManagedElement=1,ENodeBFunction=1,EUtraNetwork=1,ExternalENodeBFunction=366,ExternalEUtranCellFDD=2</attr>
    <attr name="anrCreated">false</attr>
    <attr name="isHoAllowed">true</attr>
  </mo>
  <mo fdn="SubNetwork=ONRM_RootMo_R,MeContext=LTE03ERBS00048,ManagedElement=1,ENodeBFunction=1,EUtranCellFDD=LTE03ERBS00048-2,EUtranFreqRelation=2,EUtranCellRelation=6" lastModified="1287512292678" mimName="ERBS_NODE_MODEL" mimVersion="A.9.50.J.9.1">
    <attr name="isRemoveAllowed">false</attr>
    <attr name="neighborCellRef">SubNetwork=ONRM_RootMo_R,MeContext=LTE03ERBS00048,ManagedElement=1,ENodeBFunction=1,EUtraNetwork=1,ExternalENodeBFunction=354,ExternalEUtranCellFDD=1</attr>
    <attr name="anrCreated">false</attr>
    <attr name="isHoAllowed">true</attr>
  </mo>
  <mo fdn="SubNetwork=ONRM_RootMo_R,MeContext=LTE03ERBS00048,ManagedElement=1,ENodeBFunction=1,EUtranCellFDD=LTE03ERBS00048-2,EUtranFreqRelation=2,EUtranCellRelation=7" lastModified="1287512292680" mimName="ERBS_NODE_MODEL" mimVersion="A.9.50.J.9.1">
    <attr name="isRemoveAllowed">false</attr>
    <attr name="neighborCellRef">SubNetwork=ONRM_RootMo_R,MeContext=LTE03ERBS00048,ManagedElement=1,ENodeBFunction=1,EUtraNetwork=1,ExternalENodeBFunction=354,ExternalEUtranCellFDD=2</attr>
    <attr name="anrCreated">false</attr>
    <attr name="isHoAllowed">true</attr>
  </mo>
  <mo fdn="SubNetwork=ONRM_RootMo_R,MeContext=LTE03ERBS00048,ManagedElement=1,ENodeBFunction=1,EUtranCellFDD=LTE03ERBS00048-3" lastModified="1287519746990" mimName="ERBS_NODE_MODEL" mimVersion="A.9.50.J.9.1">
    <attr name="EUtranCellFDDId">LTE03ERBS00048-3</attr>
    <attr name="earfcnul">18000</attr>
    <attr name="cellId">3</attr>
    <attr name="tac">48906</attr>
    <attr name="bPlmnList">
      <seq count="1">
        <item>
          <struct>
            <attr name="mcc">311</attr>
            <attr name="mnc">480</attr>
            <attr name="mncLength">2</attr>
          </struct>
        </item>
      </seq>
    </attr>
    <attr name="earfcndl">0</attr>
    <attr name="userLabel">LTE03ERBS00048-3</attr>
  </mo>
  <mo fdn="SubNetwork=ONRM_RootMo_R,MeContext=LTE03ERBS00048,ManagedElement=1,ENodeBFunction=1,EUtranCellFDD=LTE03ERBS00048-3,EUtranFreqRelation=1,EUtranCellRelation=12" lastModified="1287512294038" mimName="ERBS_NODE_MODEL" mimVersion="A.9.50.J.9.1">
    <attr name="isRemoveAllowed">false</attr>
    <attr name="neighborCellRef">SubNetwork=ONRM_RootMo_R,MeContext=LTE03ERBS00048,ManagedElement=1,ENodeBFunction=1,EUtraNetwork=1,ExternalENodeBFunction=357,ExternalEUtranCellFDD=3</attr>
    <attr name="anrCreated">false</attr>
    <attr name="isHoAllowed">true</attr>
  </mo>
  <mo fdn="SubNetwork=ONRM_RootMo_R,MeContext=LTE03ERBS00048,ManagedElement=1,ENodeBFunction=1,EUtranCellFDD=LTE03ERBS00048-3,EUtranFreqRelation=1,EUtranCellRelation=13" lastModified="1287512294036" mimName="ERBS_NODE_MODEL" mimVersion="A.9.50.J.9.1">
    <attr name="isRemoveAllowed">false</attr>
    <attr name="neighborCellRef">SubNetwork=ONRM_RootMo_R,MeContext=LTE03ERBS00048,ManagedElement=1,ENodeBFunction=1,EUtraNetwork=1,ExternalENodeBFunction=357,ExternalEUtranCellFDD=4</attr>
    <attr name="anrCreated">false</attr>
    <attr name="isHoAllowed">true</attr>
  </mo>
  <mo fdn="SubNetwork=ONRM_RootMo_R,MeContext=LTE03ERBS00048,ManagedElement=1,ENodeBFunction=1,EUtranCellFDD=LTE03ERBS00048-3,EUtranFreqRelation=1,EUtranCellRelation=16" lastModified="1287512294045" mimName="ERBS_NODE_MODEL" mimVersion="A.9.50.J.9.1">
    <attr name="isRemoveAllowed">false</attr>
    <attr name="neighborCellRef">SubNetwork=ONRM_RootMo_R,MeContext=LTE03ERBS00048,ManagedElement=1,ENodeBFunction=1,EUtraNetwork=1,ExternalENodeBFunction=359,ExternalEUtranCellFDD=3</attr>
    <attr name="anrCreated">false</attr>
    <attr name="isHoAllowed">true</attr>
  </mo>
  <mo fdn="SubNetwork=ONRM_RootMo_R,MeContext=LTE03ERBS00048,ManagedElement=1,ENodeBFunction=1,EUtranCellFDD=LTE03ERBS00048-3,EUtranFreqRelation=1,EUtranCellRelation=17" lastModified="1287512294043" mimName="ERBS_NODE_MODEL" mimVersion="A.9.50.J.9.1">
    <attr name="isRemoveAllowed">false</attr>
    <attr name="neighborCellRef">SubNetwork=ONRM_RootMo_R,MeContext=LTE03ERBS00048,ManagedElement=1,ENodeBFunction=1,EUtraNetwork=1,ExternalENodeBFunction=359,ExternalEUtranCellFDD=4</attr>
    <attr name="anrCreated">false</attr>
    <attr name="isHoAllowed">true</attr>
  </mo>
  <mo fdn="SubNetwork=ONRM_RootMo_R,MeContext=LTE03ERBS00048,ManagedElement=1,ENodeBFunction=1,EUtranCellFDD=LTE03ERBS00048-3,EUtranFreqRelation=1,EUtranCellRelation=20" lastModified="1287512294042" mimName="ERBS_NODE_MODEL" mimVersion="A.9.50.J.9.1">
    <attr name="isRemoveAllowed">false</attr>
    <attr name="neighborCellRef">SubNetwork=ONRM_RootMo_R,MeContext=LTE03ERBS00048,ManagedElement=1,ENodeBFunction=1,EUtraNetwork=1,ExternalENodeBFunction=361,ExternalEUtranCellFDD=3</attr>
    <attr name="anrCreated">false</attr>
    <attr name="isHoAllowed">true</attr>
  </mo>
  <mo fdn="SubNetwork=ONRM_RootMo_R,MeContext=LTE03ERBS00048,ManagedElement=1,ENodeBFunction=1,EUtranCellFDD=LTE03ERBS00048-3,EUtranFreqRelation=1,EUtranCellRelation=21" lastModified="1287512294041" mimName="ERBS_NODE_MODEL" mimVersion="A.9.50.J.9.1">
    <attr name="isRemoveAllowed">false</attr>
    <attr name="neighborCellRef">SubNetwork=ONRM_RootMo_R,MeContext=LTE03ERBS00048,ManagedElement=1,ENodeBFunction=1,EUtraNetwork=1,ExternalENodeBFunction=361,ExternalEUtranCellFDD=4</attr>
    <attr name="anrCreated">false</attr>
    <attr name="isHoAllowed">true</attr>
  </mo>
  <mo fdn="SubNetwork=ONRM_RootMo_R,MeContext=LTE03ERBS00048,ManagedElement=1,ENodeBFunction=1,EUtranCellFDD=LTE03ERBS00048-3,EUtranFreqRelation=1,EUtranCellRelation=24" lastModified="1287512294040" mimName="ERBS_NODE_MODEL" mimVersion="A.9.50.J.9.1">
    <attr name="isRemoveAllowed">false</attr>
    <attr name="neighborCellRef">SubNetwork=ONRM_RootMo_R,MeContext=LTE03ERBS00048,ManagedElement=1,ENodeBFunction=1,EUtraNetwork=1,ExternalENodeBFunction=363,ExternalEUtranCellFDD=3</attr>
    <attr name="anrCreated">false</attr>
    <attr name="isHoAllowed">true</attr>
  </mo>
  <mo fdn="SubNetwork=ONRM_RootMo_R,MeContext=LTE03ERBS00048,ManagedElement=1,ENodeBFunction=1,EUtranCellFDD=LTE03ERBS00048-3,EUtranFreqRelation=1,EUtranCellRelation=25" lastModified="1287512294039" mimName="ERBS_NODE_MODEL" mimVersion="A.9.50.J.9.1">
    <attr name="isRemoveAllowed">false</attr>
    <attr name="neighborCellRef">SubNetwork=ONRM_RootMo_R,MeContext=LTE03ERBS00048,ManagedElement=1,ENodeBFunction=1,EUtraNetwork=1,ExternalENodeBFunction=363,ExternalEUtranCellFDD=4</attr>
    <attr name="anrCreated">false</attr>
    <attr name="isHoAllowed">true</attr>
  </mo>
  <mo fdn="SubNetwork=ONRM_RootMo_R,MeContext=LTE03ERBS00048,ManagedElement=1,ENodeBFunction=1,EUtranCellFDD=LTE03ERBS00048-3,EUtranFreqRelation=1,EUtranCellRelation=28" lastModified="1287507075781" mimName="ERBS_NODE_MODEL" mimVersion="A.9.50.J.9.1">
    <attr name="isRemoveAllowed">false</attr>
    <attr name="neighborCellRef">SubNetwork=ONRM_RootMo_R,MeContext=LTE03ERBS00048,ManagedElement=1,ENodeBFunction=1,EUtraNetwork=1,ExternalENodeBFunction=365,ExternalEUtranCellFDD=3</attr>
    <attr name="anrCreated">false</attr>
    <attr name="isHoAllowed">true</attr>
  </mo>
  <mo fdn="SubNetwork=ONRM_RootMo_R,MeContext=LTE03ERBS00048,ManagedElement=1,ENodeBFunction=1,EUtranCellFDD=LTE03ERBS00048-3,EUtranFreqRelation=1,EUtranCellRelation=29" lastModified="1287507075780" mimName="ERBS_NODE_MODEL" mimVersion="A.9.50.J.9.1">
    <attr name="isRemoveAllowed">false</attr>
    <attr name="neighborCellRef">SubNetwork=ONRM_RootMo_R,MeContext=LTE03ERBS00048,ManagedElement=1,ENodeBFunction=1,EUtraNetwork=1,ExternalENodeBFunction=365,ExternalEUtranCellFDD=4</attr>
    <attr name="anrCreated">false</attr>
    <attr name="isHoAllowed">true</attr>
  </mo>
  <mo fdn="SubNetwork=ONRM_RootMo_R,MeContext=LTE03ERBS00048,ManagedElement=1,ENodeBFunction=1,EUtranCellFDD=LTE03ERBS00048-3,EUtranFreqRelation=1,EUtranCellRelation=32" lastModified="1287507075772" mimName="ERBS_NODE_MODEL" mimVersion="A.9.50.J.9.1">
    <attr name="isRemoveAllowed">false</attr>
    <attr name="neighborCellRef">SubNetwork=ONRM_RootMo_R,MeContext=LTE03ERBS00048,ManagedElement=1,ENodeBFunction=1,EUtraNetwork=1,ExternalENodeBFunction=367,ExternalEUtranCellFDD=3</attr>
    <attr name="anrCreated">false</attr>
    <attr name="isHoAllowed">true</attr>
  </mo>
  <mo fdn="SubNetwork=ONRM_RootMo_R,MeContext=LTE03ERBS00048,ManagedElement=1,ENodeBFunction=1,EUtranCellFDD=LTE03ERBS00048-3,EUtranFreqRelation=1,EUtranCellRelation=33" lastModified="1287507075775" mimName="ERBS_NODE_MODEL" mimVersion="A.9.50.J.9.1">
    <attr name="isRemoveAllowed">false</attr>
    <attr name="neighborCellRef">SubNetwork=ONRM_RootMo_R,MeContext=LTE03ERBS00048,ManagedElement=1,ENodeBFunction=1,EUtraNetwork=1,ExternalENodeBFunction=367,ExternalEUtranCellFDD=4</attr>
    <attr name="anrCreated">false</attr>
    <attr name="isHoAllowed">true</attr>
  </mo>
  <mo fdn="SubNetwork=ONRM_RootMo_R,MeContext=LTE03ERBS00048,ManagedElement=1,ENodeBFunction=1,EUtranCellFDD=LTE03ERBS00048-3,EUtranFreqRelation=1,EUtranCellRelation=4" lastModified="1287507075779" mimName="ERBS_NODE_MODEL" mimVersion="A.9.50.J.9.1">
    <attr name="isRemoveAllowed">false</attr>
    <attr name="neighborCellRef">SubNetwork=ONRM_RootMo_R,MeContext=LTE03ERBS00048,ManagedElement=1,ENodeBFunction=1,EUtraNetwork=1,ExternalENodeBFunction=353,ExternalEUtranCellFDD=3</attr>
    <attr name="anrCreated">false</attr>
    <attr name="isHoAllowed">true</attr>
  </mo>
  <mo fdn="SubNetwork=ONRM_RootMo_R,MeContext=LTE03ERBS00048,ManagedElement=1,ENodeBFunction=1,EUtranCellFDD=LTE03ERBS00048-3,EUtranFreqRelation=1,EUtranCellRelation=5" lastModified="1287507075783" mimName="ERBS_NODE_MODEL" mimVersion="A.9.50.J.9.1">
    <attr name="isRemoveAllowed">false</attr>
    <attr name="neighborCellRef">SubNetwork=ONRM_RootMo_R,MeContext=LTE03ERBS00048,ManagedElement=1,ENodeBFunction=1,EUtraNetwork=1,ExternalENodeBFunction=353,ExternalEUtranCellFDD=4</attr>
    <attr name="anrCreated">false</attr>
    <attr name="isHoAllowed">true</attr>
  </mo>
  <mo fdn="SubNetwork=ONRM_RootMo_R,MeContext=LTE03ERBS00048,ManagedElement=1,ENodeBFunction=1,EUtranCellFDD=LTE03ERBS00048-3,EUtranFreqRelation=1,EUtranCellRelation=8" lastModified="1287507075777" mimName="ERBS_NODE_MODEL" mimVersion="A.9.50.J.9.1">
    <attr name="isRemoveAllowed">false</attr>
    <attr name="neighborCellRef">SubNetwork=ONRM_RootMo_R,MeContext=LTE03ERBS00048,ManagedElement=1,ENodeBFunction=1,EUtraNetwork=1,ExternalENodeBFunction=355,ExternalEUtranCellFDD=3</attr>
    <attr name="anrCreated">false</attr>
    <attr name="isHoAllowed">true</attr>
  </mo>
  <mo fdn="SubNetwork=ONRM_RootMo_R,MeContext=LTE03ERBS00048,ManagedElement=1,ENodeBFunction=1,EUtranCellFDD=LTE03ERBS00048-3,EUtranFreqRelation=1,EUtranCellRelation=9" lastModified="1287507075778" mimName="ERBS_NODE_MODEL" mimVersion="A.9.50.J.9.1">
    <attr name="isRemoveAllowed">false</attr>
    <attr name="neighborCellRef">SubNetwork=ONRM_RootMo_R,MeContext=LTE03ERBS00048,ManagedElement=1,ENodeBFunction=1,EUtraNetwork=1,ExternalENodeBFunction=355,ExternalEUtranCellFDD=4</attr>
    <attr name="anrCreated">false</attr>
    <attr name="isHoAllowed">true</attr>
  </mo>
  <mo fdn="SubNetwork=ONRM_RootMo_R,MeContext=LTE03ERBS00048,ManagedElement=1,ENodeBFunction=1,EUtranCellFDD=LTE03ERBS00048-3,EUtranFreqRelation=2,EUtranCellRelation=1" lastModified="1287501984463" mimName="ERBS_NODE_MODEL" mimVersion="A.9.50.J.9.1">
    <attr name="isRemoveAllowed">false</attr>
    <attr name="neighborCellRef">SubNetwork=ONRM_RootMo_R,MeContext=LTE03ERBS00048,ManagedElement=1,ENodeBFunction=1,EUtranCellFDD=LTE03ERBS00048-1</attr>
    <attr name="anrCreated">false</attr>
    <attr name="isHoAllowed">true</attr>
  </mo>
  <mo fdn="SubNetwork=ONRM_RootMo_R,MeContext=LTE03ERBS00048,ManagedElement=1,ENodeBFunction=1,EUtranCellFDD=LTE03ERBS00048-3,EUtranFreqRelation=2,EUtranCellRelation=10" lastModified="1287512294021" mimName="ERBS_NODE_MODEL" mimVersion="A.9.50.J.9.1">
    <attr name="isRemoveAllowed">false</attr>
    <attr name="neighborCellRef">SubNetwork=ONRM_RootMo_R,MeContext=LTE03ERBS00048,ManagedElement=1,ENodeBFunction=1,EUtraNetwork=1,ExternalENodeBFunction=356,ExternalEUtranCellFDD=3</attr>
    <attr name="anrCreated">false</attr>
    <attr name="isHoAllowed">true</attr>
  </mo>
  <mo fdn="SubNetwork=ONRM_RootMo_R,MeContext=LTE03ERBS00048,ManagedElement=1,ENodeBFunction=1,EUtranCellFDD=LTE03ERBS00048-3,EUtranFreqRelation=2,EUtranCellRelation=11" lastModified="1287512294020" mimName="ERBS_NODE_MODEL" mimVersion="A.9.50.J.9.1">
    <attr name="isRemoveAllowed">false</attr>
    <attr name="neighborCellRef">SubNetwork=ONRM_RootMo_R,MeContext=LTE03ERBS00048,ManagedElement=1,ENodeBFunction=1,EUtraNetwork=1,ExternalENodeBFunction=356,ExternalEUtranCellFDD=4</attr>
    <attr name="anrCreated">false</attr>
    <attr name="isHoAllowed">true</attr>
  </mo>
  <mo fdn="SubNetwork=ONRM_RootMo_R,MeContext=LTE03ERBS00048,ManagedElement=1,ENodeBFunction=1,EUtranCellFDD=LTE03ERBS00048-3,EUtranFreqRelation=2,EUtranCellRelation=14" lastModified="1287512294011" mimName="ERBS_NODE_MODEL" mimVersion="A.9.50.J.9.1">
    <attr name="isRemoveAllowed">false</attr>
    <attr name="neighborCellRef">SubNetwork=ONRM_RootMo_R,MeContext=LTE03ERBS00048,ManagedElement=1,ENodeBFunction=1,EUtraNetwork=1,ExternalENodeBFunction=358,ExternalEUtranCellFDD=3</attr>
    <attr name="anrCreated">false</attr>
    <attr name="isHoAllowed">true</attr>
  </mo>
  <mo fdn="SubNetwork=ONRM_RootMo_R,MeContext=LTE03ERBS00048,ManagedElement=1,ENodeBFunction=1,EUtranCellFDD=LTE03ERBS00048-3,EUtranFreqRelation=2,EUtranCellRelation=15" lastModified="1287512294032" mimName="ERBS_NODE_MODEL" mimVersion="A.9.50.J.9.1">
    <attr name="isRemoveAllowed">false</attr>
    <attr name="neighborCellRef">SubNetwork=ONRM_RootMo_R,MeContext=LTE03ERBS00048,ManagedElement=1,ENodeBFunction=1,EUtraNetwork=1,ExternalENodeBFunction=358,ExternalEUtranCellFDD=4</attr>
    <attr name="anrCreated">false</attr>
    <attr name="isHoAllowed">true</attr>
  </mo>
  <mo fdn="SubNetwork=ONRM_RootMo_R,MeContext=LTE03ERBS00048,ManagedElement=1,ENodeBFunction=1,EUtranCellFDD=LTE03ERBS00048-3,EUtranFreqRelation=2,EUtranCellRelation=18" lastModified="1287512294025" mimName="ERBS_NODE_MODEL" mimVersion="A.9.50.J.9.1">
    <attr name="isRemoveAllowed">false</attr>
    <attr name="neighborCellRef">SubNetwork=ONRM_RootMo_R,MeContext=LTE03ERBS00048,ManagedElement=1,ENodeBFunction=1,EUtraNetwork=1,ExternalENodeBFunction=360,ExternalEUtranCellFDD=3</attr>
    <attr name="anrCreated">false</attr>
    <attr name="isHoAllowed">true</attr>
  </mo>
  <mo fdn="SubNetwork=ONRM_RootMo_R,MeContext=LTE03ERBS00048,ManagedElement=1,ENodeBFunction=1,EUtranCellFDD=LTE03ERBS00048-3,EUtranFreqRelation=2,EUtranCellRelation=19" lastModified="1287512294023" mimName="ERBS_NODE_MODEL" mimVersion="A.9.50.J.9.1">
    <attr name="isRemoveAllowed">false</attr>
    <attr name="neighborCellRef">SubNetwork=ONRM_RootMo_R,MeContext=LTE03ERBS00048,ManagedElement=1,ENodeBFunction=1,EUtraNetwork=1,ExternalENodeBFunction=360,ExternalEUtranCellFDD=4</attr>
    <attr name="anrCreated">false</attr>
    <attr name="isHoAllowed">true</attr>
  </mo>
  <mo fdn="SubNetwork=ONRM_RootMo_R,MeContext=LTE03ERBS00048,ManagedElement=1,ENodeBFunction=1,EUtranCellFDD=LTE03ERBS00048-3,EUtranFreqRelation=2,EUtranCellRelation=2" lastModified="1287501984457" mimName="ERBS_NODE_MODEL" mimVersion="A.9.50.J.9.1">
    <attr name="isRemoveAllowed">false</attr>
    <attr name="neighborCellRef">SubNetwork=ONRM_RootMo_R,MeContext=LTE03ERBS00048,ManagedElement=1,ENodeBFunction=1,EUtranCellFDD=LTE03ERBS00048-2</attr>
    <attr name="anrCreated">false</attr>
    <attr name="isHoAllowed">true</attr>
  </mo>
  <mo fdn="SubNetwork=ONRM_RootMo_R,MeContext=LTE03ERBS00048,ManagedElement=1,ENodeBFunction=1,EUtranCellFDD=LTE03ERBS00048-3,EUtranFreqRelation=2,EUtranCellRelation=22" lastModified="1287512294015" mimName="ERBS_NODE_MODEL" mimVersion="A.9.50.J.9.1">
    <attr name="isRemoveAllowed">false</attr>
    <attr name="neighborCellRef">SubNetwork=ONRM_RootMo_R,MeContext=LTE03ERBS00048,ManagedElement=1,ENodeBFunction=1,EUtraNetwork=1,ExternalENodeBFunction=362,ExternalEUtranCellFDD=3</attr>
    <attr name="anrCreated">false</attr>
    <attr name="isHoAllowed">true</attr>
  </mo>
  <mo fdn="SubNetwork=ONRM_RootMo_R,MeContext=LTE03ERBS00048,ManagedElement=1,ENodeBFunction=1,EUtranCellFDD=LTE03ERBS00048-3,EUtranFreqRelation=2,EUtranCellRelation=23" lastModified="1287512293997" mimName="ERBS_NODE_MODEL" mimVersion="A.9.50.J.9.1">
    <attr name="isRemoveAllowed">false</attr>
    <attr name="neighborCellRef">SubNetwork=ONRM_RootMo_R,MeContext=LTE03ERBS00048,ManagedElement=1,ENodeBFunction=1,EUtraNetwork=1,ExternalENodeBFunction=362,ExternalEUtranCellFDD=4</attr>
    <attr name="anrCreated">false</attr>
    <attr name="isHoAllowed">true</attr>
  </mo>
  <mo fdn="SubNetwork=ONRM_RootMo_R,MeContext=LTE03ERBS00048,ManagedElement=1,ENodeBFunction=1,EUtranCellFDD=LTE03ERBS00048-3,EUtranFreqRelation=2,EUtranCellRelation=26" lastModified="1287512294029" mimName="ERBS_NODE_MODEL" mimVersion="A.9.50.J.9.1">
    <attr name="isRemoveAllowed">false</attr>
    <attr name="neighborCellRef">SubNetwork=ONRM_RootMo_R,MeContext=LTE03ERBS00048,ManagedElement=1,ENodeBFunction=1,EUtraNetwork=1,ExternalENodeBFunction=364,ExternalEUtranCellFDD=3</attr>
    <attr name="anrCreated">false</attr>
    <attr name="isHoAllowed">true</attr>
  </mo>
  <mo fdn="SubNetwork=ONRM_RootMo_R,MeContext=LTE03ERBS00048,ManagedElement=1,ENodeBFunction=1,EUtranCellFDD=LTE03ERBS00048-3,EUtranFreqRelation=2,EUtranCellRelation=27" lastModified="1287512294024" mimName="ERBS_NODE_MODEL" mimVersion="A.9.50.J.9.1">
    <attr name="isRemoveAllowed">false</attr>
    <attr name="neighborCellRef">SubNetwork=ONRM_RootMo_R,MeContext=LTE03ERBS00048,ManagedElement=1,ENodeBFunction=1,EUtraNetwork=1,ExternalENodeBFunction=364,ExternalEUtranCellFDD=4</attr>
    <attr name="anrCreated">false</attr>
    <attr name="isHoAllowed">true</attr>
  </mo>
  <mo fdn="SubNetwork=ONRM_RootMo_R,MeContext=LTE03ERBS00048,ManagedElement=1,ENodeBFunction=1,EUtranCellFDD=LTE03ERBS00048-3,EUtranFreqRelation=2,EUtranCellRelation=3" lastModified="1287501984453" mimName="ERBS_NODE_MODEL" mimVersion="A.9.50.J.9.1">
    <attr name="isRemoveAllowed">false</attr>
    <attr name="neighborCellRef">SubNetwork=ONRM_RootMo_R,MeContext=LTE03ERBS00048,ManagedElement=1,ENodeBFunction=1,EUtranCellFDD=LTE03ERBS00048-4</attr>
    <attr name="anrCreated">false</attr>
    <attr name="isHoAllowed">true</attr>
  </mo>
  <mo fdn="SubNetwork=ONRM_RootMo_R,MeContext=LTE03ERBS00048,ManagedElement=1,ENodeBFunction=1,EUtranCellFDD=LTE03ERBS00048-3,EUtranFreqRelation=2,EUtranCellRelation=30" lastModified="1287512294019" mimName="ERBS_NODE_MODEL" mimVersion="A.9.50.J.9.1">
    <attr name="isRemoveAllowed">false</attr>
    <attr name="neighborCellRef">SubNetwork=ONRM_RootMo_R,MeContext=LTE03ERBS00048,ManagedElement=1,ENodeBFunction=1,EUtraNetwork=1,ExternalENodeBFunction=366,ExternalEUtranCellFDD=3</attr>
    <attr name="anrCreated">false</attr>
    <attr name="isHoAllowed">true</attr>
  </mo>
  <mo fdn="SubNetwork=ONRM_RootMo_R,MeContext=LTE03ERBS00048,ManagedElement=1,ENodeBFunction=1,EUtranCellFDD=LTE03ERBS00048-3,EUtranFreqRelation=2,EUtranCellRelation=31" lastModified="1287512294017" mimName="ERBS_NODE_MODEL" mimVersion="A.9.50.J.9.1">
    <attr name="isRemoveAllowed">false</attr>
    <attr name="neighborCellRef">SubNetwork=ONRM_RootMo_R,MeContext=LTE03ERBS00048,ManagedElement=1,ENodeBFunction=1,EUtraNetwork=1,ExternalENodeBFunction=366,ExternalEUtranCellFDD=4</attr>
    <attr name="anrCreated">false</attr>
    <attr name="isHoAllowed">true</attr>
  </mo>
  <mo fdn="SubNetwork=ONRM_RootMo_R,MeContext=LTE03ERBS00048,ManagedElement=1,ENodeBFunction=1,EUtranCellFDD=LTE03ERBS00048-3,EUtranFreqRelation=2,EUtranCellRelation=6" lastModified="1287512294027" mimName="ERBS_NODE_MODEL" mimVersion="A.9.50.J.9.1">
    <attr name="isRemoveAllowed">false</attr>
    <attr name="neighborCellRef">SubNetwork=ONRM_RootMo_R,MeContext=LTE03ERBS00048,ManagedElement=1,ENodeBFunction=1,EUtraNetwork=1,ExternalENodeBFunction=354,ExternalEUtranCellFDD=3</attr>
    <attr name="anrCreated">false</attr>
    <attr name="isHoAllowed">true</attr>
  </mo>
  <mo fdn="SubNetwork=ONRM_RootMo_R,MeContext=LTE03ERBS00048,ManagedElement=1,ENodeBFunction=1,EUtranCellFDD=LTE03ERBS00048-3,EUtranFreqRelation=2,EUtranCellRelation=7" lastModified="1287512294030" mimName="ERBS_NODE_MODEL" mimVersion="A.9.50.J.9.1">
    <attr name="isRemoveAllowed">false</attr>
    <attr name="neighborCellRef">SubNetwork=ONRM_RootMo_R,MeContext=LTE03ERBS00048,ManagedElement=1,ENodeBFunction=1,EUtraNetwork=1,ExternalENodeBFunction=354,ExternalEUtranCellFDD=4</attr>
    <attr name="anrCreated">false</attr>
    <attr name="isHoAllowed">true</attr>
  </mo>
  <mo fdn="SubNetwork=ONRM_RootMo_R,MeContext=LTE03ERBS00048,ManagedElement=1,ENodeBFunction=1,EUtranCellFDD=LTE03ERBS00048-4" lastModified="1287519745807" mimName="ERBS_NODE_MODEL" mimVersion="A.9.50.J.9.1">
    <attr name="EUtranCellFDDId">LTE03ERBS00048-4</attr>
    <attr name="earfcnul">18000</attr>
    <attr name="cellId">4</attr>
    <attr name="tac">1</attr>
    <attr name="bPlmnList">
      <seq count="1">
        <item>
          <struct>
            <attr name="mcc">311</attr>
            <attr name="mnc">480</attr>
            <attr name="mncLength">2</attr>
          </struct>
        </item>
      </seq>
    </attr>
    <attr name="earfcndl">0</attr>
    <attr name="userLabel">LTE03ERBS00048-4</attr>
  </mo>
  <mo fdn="SubNetwork=ONRM_RootMo_R,MeContext=LTE03ERBS00048,ManagedElement=1,ENodeBFunction=1,EUtranCellFDD=LTE03ERBS00048-4,EUtranFreqRelation=1,EUtranCellRelation=12" lastModified="1287512290575" mimName="ERBS_NODE_MODEL" mimVersion="A.9.50.J.9.1">
    <attr name="isRemoveAllowed">false</attr>
    <attr name="neighborCellRef">SubNetwork=ONRM_RootMo_R,MeContext=LTE03ERBS00048,ManagedElement=1,ENodeBFunction=1,EUtraNetwork=1,ExternalENodeBFunction=357,ExternalEUtranCellFDD=3</attr>
    <attr name="anrCreated">false</attr>
    <attr name="isHoAllowed">true</attr>
  </mo>
  <mo fdn="SubNetwork=ONRM_RootMo_R,MeContext=LTE03ERBS00048,ManagedElement=1,ENodeBFunction=1,EUtranCellFDD=LTE03ERBS00048-4,EUtranFreqRelation=1,EUtranCellRelation=13" lastModified="1287512290573" mimName="ERBS_NODE_MODEL" mimVersion="A.9.50.J.9.1">
    <attr name="isRemoveAllowed">false</attr>
    <attr name="neighborCellRef">SubNetwork=ONRM_RootMo_R,MeContext=LTE03ERBS00048,ManagedElement=1,ENodeBFunction=1,EUtraNetwork=1,ExternalENodeBFunction=357,ExternalEUtranCellFDD=4</attr>
    <attr name="anrCreated">false</attr>
    <attr name="isHoAllowed">true</attr>
  </mo>
  <mo fdn="SubNetwork=ONRM_RootMo_R,MeContext=LTE03ERBS00048,ManagedElement=1,ENodeBFunction=1,EUtranCellFDD=LTE03ERBS00048-4,EUtranFreqRelation=1,EUtranCellRelation=16" lastModified="1287512290583" mimName="ERBS_NODE_MODEL" mimVersion="A.9.50.J.9.1">
    <attr name="isRemoveAllowed">false</attr>
    <attr name="neighborCellRef">SubNetwork=ONRM_RootMo_R,MeContext=LTE03ERBS00048,ManagedElement=1,ENodeBFunction=1,EUtraNetwork=1,ExternalENodeBFunction=359,ExternalEUtranCellFDD=3</attr>
    <attr name="anrCreated">false</attr>
    <attr name="isHoAllowed">true</attr>
  </mo>
  <mo fdn="SubNetwork=ONRM_RootMo_R,MeContext=LTE03ERBS00048,ManagedElement=1,ENodeBFunction=1,EUtranCellFDD=LTE03ERBS00048-4,EUtranFreqRelation=1,EUtranCellRelation=17" lastModified="1287512290582" mimName="ERBS_NODE_MODEL" mimVersion="A.9.50.J.9.1">
    <attr name="isRemoveAllowed">false</attr>
    <attr name="neighborCellRef">SubNetwork=ONRM_RootMo_R,MeContext=LTE03ERBS00048,ManagedElement=1,ENodeBFunction=1,EUtraNetwork=1,ExternalENodeBFunction=359,ExternalEUtranCellFDD=4</attr>
    <attr name="anrCreated">false</attr>
    <attr name="isHoAllowed">true</attr>
  </mo>
  <mo fdn="SubNetwork=ONRM_RootMo_R,MeContext=LTE03ERBS00048,ManagedElement=1,ENodeBFunction=1,EUtranCellFDD=LTE03ERBS00048-4,EUtranFreqRelation=1,EUtranCellRelation=20" lastModified="1287512290580" mimName="ERBS_NODE_MODEL" mimVersion="A.9.50.J.9.1">
    <attr name="isRemoveAllowed">false</attr>
    <attr name="neighborCellRef">SubNetwork=ONRM_RootMo_R,MeContext=LTE03ERBS00048,ManagedElement=1,ENodeBFunction=1,EUtraNetwork=1,ExternalENodeBFunction=361,ExternalEUtranCellFDD=3</attr>
    <attr name="anrCreated">false</attr>
    <attr name="isHoAllowed">true</attr>
  </mo>
  <mo fdn="SubNetwork=ONRM_RootMo_R,MeContext=LTE03ERBS00048,ManagedElement=1,ENodeBFunction=1,EUtranCellFDD=LTE03ERBS00048-4,EUtranFreqRelation=1,EUtranCellRelation=21" lastModified="1287512290579" mimName="ERBS_NODE_MODEL" mimVersion="A.9.50.J.9.1">
    <attr name="isRemoveAllowed">false</attr>
    <attr name="neighborCellRef">SubNetwork=ONRM_RootMo_R,MeContext=LTE03ERBS00048,ManagedElement=1,ENodeBFunction=1,EUtraNetwork=1,ExternalENodeBFunction=361,ExternalEUtranCellFDD=4</attr>
    <attr name="anrCreated">false</attr>
    <attr name="isHoAllowed">true</attr>
  </mo>
  <mo fdn="SubNetwork=ONRM_RootMo_R,MeContext=LTE03ERBS00048,ManagedElement=1,ENodeBFunction=1,EUtranCellFDD=LTE03ERBS00048-4,EUtranFreqRelation=1,EUtranCellRelation=24" lastModified="1287512290578" mimName="ERBS_NODE_MODEL" mimVersion="A.9.50.J.9.1">
    <attr name="isRemoveAllowed">false</attr>
    <attr name="neighborCellRef">SubNetwork=ONRM_RootMo_R,MeContext=LTE03ERBS00048,ManagedElement=1,ENodeBFunction=1,EUtraNetwork=1,ExternalENodeBFunction=363,ExternalEUtranCellFDD=3</attr>
    <attr name="anrCreated">false</attr>
    <attr name="isHoAllowed">true</attr>
  </mo>
  <mo fdn="SubNetwork=ONRM_RootMo_R,MeContext=LTE03ERBS00048,ManagedElement=1,ENodeBFunction=1,EUtranCellFDD=LTE03ERBS00048-4,EUtranFreqRelation=1,EUtranCellRelation=25" lastModified="1287512290576" mimName="ERBS_NODE_MODEL" mimVersion="A.9.50.J.9.1">
    <attr name="isRemoveAllowed">false</attr>
    <attr name="neighborCellRef">SubNetwork=ONRM_RootMo_R,MeContext=LTE03ERBS00048,ManagedElement=1,ENodeBFunction=1,EUtraNetwork=1,ExternalENodeBFunction=363,ExternalEUtranCellFDD=4</attr>
    <attr name="anrCreated">false</attr>
    <attr name="isHoAllowed">true</attr>
  </mo>
  <mo fdn="SubNetwork=ONRM_RootMo_R,MeContext=LTE03ERBS00048,ManagedElement=1,ENodeBFunction=1,EUtranCellFDD=LTE03ERBS00048-4,EUtranFreqRelation=1,EUtranCellRelation=28" lastModified="1287507075578" mimName="ERBS_NODE_MODEL" mimVersion="A.9.50.J.9.1">
    <attr name="isRemoveAllowed">false</attr>
    <attr name="neighborCellRef">SubNetwork=ONRM_RootMo_R,MeContext=LTE03ERBS00048,ManagedElement=1,ENodeBFunction=1,EUtraNetwork=1,ExternalENodeBFunction=365,ExternalEUtranCellFDD=3</attr>
    <attr name="anrCreated">false</attr>
    <attr name="isHoAllowed">true</attr>
  </mo>
  <mo fdn="SubNetwork=ONRM_RootMo_R,MeContext=LTE03ERBS00048,ManagedElement=1,ENodeBFunction=1,EUtranCellFDD=LTE03ERBS00048-4,EUtranFreqRelation=1,EUtranCellRelation=29" lastModified="1287507075577" mimName="ERBS_NODE_MODEL" mimVersion="A.9.50.J.9.1">
    <attr name="isRemoveAllowed">false</attr>
    <attr name="neighborCellRef">SubNetwork=ONRM_RootMo_R,MeContext=LTE03ERBS00048,ManagedElement=1,ENodeBFunction=1,EUtraNetwork=1,ExternalENodeBFunction=365,ExternalEUtranCellFDD=4</attr>
    <attr name="anrCreated">false</attr>
    <attr name="isHoAllowed">true</attr>
  </mo>
  <mo fdn="SubNetwork=ONRM_RootMo_R,MeContext=LTE03ERBS00048,ManagedElement=1,ENodeBFunction=1,EUtranCellFDD=LTE03ERBS00048-4,EUtranFreqRelation=1,EUtranCellRelation=32" lastModified="1287507075569" mimName="ERBS_NODE_MODEL" mimVersion="A.9.50.J.9.1">
    <attr name="isRemoveAllowed">false</attr>
    <attr name="neighborCellRef">SubNetwork=ONRM_RootMo_R,MeContext=LTE03ERBS00048,ManagedElement=1,ENodeBFunction=1,EUtraNetwork=1,ExternalENodeBFunction=367,ExternalEUtranCellFDD=3</attr>
    <attr name="anrCreated">false</attr>
    <attr name="isHoAllowed">true</attr>
  </mo>
  <mo fdn="SubNetwork=ONRM_RootMo_R,MeContext=LTE03ERBS00048,ManagedElement=1,ENodeBFunction=1,EUtranCellFDD=LTE03ERBS00048-4,EUtranFreqRelation=1,EUtranCellRelation=33" lastModified="1287507075571" mimName="ERBS_NODE_MODEL" mimVersion="A.9.50.J.9.1">
    <attr name="isRemoveAllowed">false</attr>
    <attr name="neighborCellRef">SubNetwork=ONRM_RootMo_R,MeContext=LTE03ERBS00048,ManagedElement=1,ENodeBFunction=1,EUtraNetwork=1,ExternalENodeBFunction=367,ExternalEUtranCellFDD=4</attr>
    <attr name="anrCreated">false</attr>
    <attr name="isHoAllowed">true</attr>
  </mo>
  <mo fdn="SubNetwork=ONRM_RootMo_R,MeContext=LTE03ERBS00048,ManagedElement=1,ENodeBFunction=1,EUtranCellFDD=LTE03ERBS00048-4,EUtranFreqRelation=1,EUtranCellRelation=4" lastModified="1287507075576" mimName="ERBS_NODE_MODEL" mimVersion="A.9.50.J.9.1">
    <attr name="isRemoveAllowed">false</attr>
    <attr name="neighborCellRef">SubNetwork=ONRM_RootMo_R,MeContext=LTE03ERBS00048,ManagedElement=1,ENodeBFunction=1,EUtraNetwork=1,ExternalENodeBFunction=353,ExternalEUtranCellFDD=3</attr>
    <attr name="anrCreated">false</attr>
    <attr name="isHoAllowed">true</attr>
  </mo>
  <mo fdn="SubNetwork=ONRM_RootMo_R,MeContext=LTE03ERBS00048,ManagedElement=1,ENodeBFunction=1,EUtranCellFDD=LTE03ERBS00048-4,EUtranFreqRelation=1,EUtranCellRelation=5" lastModified="1287507075579" mimName="ERBS_NODE_MODEL" mimVersion="A.9.50.J.9.1">
    <attr name="isRemoveAllowed">false</attr>
    <attr name="neighborCellRef">SubNetwork=ONRM_RootMo_R,MeContext=LTE03ERBS00048,ManagedElement=1,ENodeBFunction=1,EUtraNetwork=1,ExternalENodeBFunction=353,ExternalEUtranCellFDD=4</attr>
    <attr name="anrCreated">false</attr>
    <attr name="isHoAllowed">true</attr>
  </mo>
  <mo fdn="SubNetwork=ONRM_RootMo_R,MeContext=LTE03ERBS00048,ManagedElement=1,ENodeBFunction=1,EUtranCellFDD=LTE03ERBS00048-4,EUtranFreqRelation=1,EUtranCellRelation=8" lastModified="1287507075574" mimName="ERBS_NODE_MODEL" mimVersion="A.9.50.J.9.1">
    <attr name="isRemoveAllowed">false</attr>
    <attr name="neighborCellRef">SubNetwork=ONRM_RootMo_R,MeContext=LTE03ERBS00048,ManagedElement=1,ENodeBFunction=1,EUtraNetwork=1,ExternalENodeBFunction=355,ExternalEUtranCellFDD=3</attr>
    <attr name="anrCreated">false</attr>
    <attr name="isHoAllowed">true</attr>
  </mo>
  <mo fdn="SubNetwork=ONRM_RootMo_R,MeContext=LTE03ERBS00048,ManagedElement=1,ENodeBFunction=1,EUtranCellFDD=LTE03ERBS00048-4,EUtranFreqRelation=1,EUtranCellRelation=9" lastModified="1287507075575" mimName="ERBS_NODE_MODEL" mimVersion="A.9.50.J.9.1">
    <attr name="isRemoveAllowed">false</attr>
    <attr name="neighborCellRef">SubNetwork=ONRM_RootMo_R,MeContext=LTE03ERBS00048,ManagedElement=1,ENodeBFunction=1,EUtraNetwork=1,ExternalENodeBFunction=355,ExternalEUtranCellFDD=4</attr>
    <attr name="anrCreated">false</attr>
    <attr name="isHoAllowed">true</attr>
  </mo>
  <mo fdn="SubNetwork=ONRM_RootMo_R,MeContext=LTE03ERBS00048,ManagedElement=1,ENodeBFunction=1,EUtranCellFDD=LTE03ERBS00048-4,EUtranFreqRelation=2,EUtranCellRelation=1" lastModified="1287501984399" mimName="ERBS_NODE_MODEL" mimVersion="A.9.50.J.9.1">
    <attr name="isRemoveAllowed">false</attr>
    <attr name="neighborCellRef">SubNetwork=ONRM_RootMo_R,MeContext=LTE03ERBS00048,ManagedElement=1,ENodeBFunction=1,EUtranCellFDD=LTE03ERBS00048-1</attr>
    <attr name="anrCreated">false</attr>
    <attr name="isHoAllowed">true</attr>
  </mo>
  <mo fdn="SubNetwork=ONRM_RootMo_R,MeContext=LTE03ERBS00048,ManagedElement=1,ENodeBFunction=1,EUtranCellFDD=LTE03ERBS00048-4,EUtranFreqRelation=2,EUtranCellRelation=10" lastModified="1287512290561" mimName="ERBS_NODE_MODEL" mimVersion="A.9.50.J.9.1">
    <attr name="isRemoveAllowed">false</attr>
    <attr name="neighborCellRef">SubNetwork=ONRM_RootMo_R,MeContext=LTE03ERBS00048,ManagedElement=1,ENodeBFunction=1,EUtraNetwork=1,ExternalENodeBFunction=356,ExternalEUtranCellFDD=3</attr>
    <attr name="anrCreated">false</attr>
    <attr name="isHoAllowed">true</attr>
  </mo>
  <mo fdn="SubNetwork=ONRM_RootMo_R,MeContext=LTE03ERBS00048,ManagedElement=1,ENodeBFunction=1,EUtranCellFDD=LTE03ERBS00048-4,EUtranFreqRelation=2,EUtranCellRelation=11" lastModified="1287512290559" mimName="ERBS_NODE_MODEL" mimVersion="A.9.50.J.9.1">
    <attr name="isRemoveAllowed">false</attr>
    <attr name="neighborCellRef">SubNetwork=ONRM_RootMo_R,MeContext=LTE03ERBS00048,ManagedElement=1,ENodeBFunction=1,EUtraNetwork=1,ExternalENodeBFunction=356,ExternalEUtranCellFDD=4</attr>
    <attr name="anrCreated">false</attr>
    <attr name="isHoAllowed">true</attr>
  </mo>
  <mo fdn="SubNetwork=ONRM_RootMo_R,MeContext=LTE03ERBS00048,ManagedElement=1,ENodeBFunction=1,EUtranCellFDD=LTE03ERBS00048-4,EUtranFreqRelation=2,EUtranCellRelation=14" lastModified="1287512290553" mimName="ERBS_NODE_MODEL" mimVersion="A.9.50.J.9.1">
    <attr name="isRemoveAllowed">false</attr>
    <attr name="neighborCellRef">SubNetwork=ONRM_RootMo_R,MeContext=LTE03ERBS00048,ManagedElement=1,ENodeBFunction=1,EUtraNetwork=1,ExternalENodeBFunction=358,ExternalEUtranCellFDD=3</attr>
    <attr name="anrCreated">false</attr>
    <attr name="isHoAllowed">true</attr>
  </mo>
  <mo fdn="SubNetwork=ONRM_RootMo_R,MeContext=LTE03ERBS00048,ManagedElement=1,ENodeBFunction=1,EUtranCellFDD=LTE03ERBS00048-4,EUtranFreqRelation=2,EUtranCellRelation=15" lastModified="1287512290568" mimName="ERBS_NODE_MODEL" mimVersion="A.9.50.J.9.1">
    <attr name="isRemoveAllowed">false</attr>
    <attr name="neighborCellRef">SubNetwork=ONRM_RootMo_R,MeContext=LTE03ERBS00048,ManagedElement=1,ENodeBFunction=1,EUtraNetwork=1,ExternalENodeBFunction=358,ExternalEUtranCellFDD=4</attr>
    <attr name="anrCreated">false</attr>
    <attr name="isHoAllowed">true</attr>
  </mo>
  <mo fdn="SubNetwork=ONRM_RootMo_R,MeContext=LTE03ERBS00048,ManagedElement=1,ENodeBFunction=1,EUtranCellFDD=LTE03ERBS00048-4,EUtranFreqRelation=2,EUtranCellRelation=18" lastModified="1287512290564" mimName="ERBS_NODE_MODEL" mimVersion="A.9.50.J.9.1">
    <attr name="isRemoveAllowed">false</attr>
    <attr name="neighborCellRef">SubNetwork=ONRM_RootMo_R,MeContext=LTE03ERBS00048,ManagedElement=1,ENodeBFunction=1,EUtraNetwork=1,ExternalENodeBFunction=360,ExternalEUtranCellFDD=3</attr>
    <attr name="anrCreated">false</attr>
    <attr name="isHoAllowed">true</attr>
  </mo>
  <mo fdn="SubNetwork=ONRM_RootMo_R,MeContext=LTE03ERBS00048,ManagedElement=1,ENodeBFunction=1,EUtranCellFDD=LTE03ERBS00048-4,EUtranFreqRelation=2,EUtranCellRelation=19" lastModified="1287512290562" mimName="ERBS_NODE_MODEL" mimVersion="A.9.50.J.9.1">
    <attr name="isRemoveAllowed">false</attr>
    <attr name="neighborCellRef">SubNetwork=ONRM_RootMo_R,MeContext=LTE03ERBS00048,ManagedElement=1,ENodeBFunction=1,EUtraNetwork=1,ExternalENodeBFunction=360,ExternalEUtranCellFDD=4</attr>
    <attr name="anrCreated">false</attr>
    <attr name="isHoAllowed">true</attr>
  </mo>
  <mo fdn="SubNetwork=ONRM_RootMo_R,MeContext=LTE03ERBS00048,ManagedElement=1,ENodeBFunction=1,EUtranCellFDD=LTE03ERBS00048-4,EUtranFreqRelation=2,EUtranCellRelation=2" lastModified="1287501984396" mimName="ERBS_NODE_MODEL" mimVersion="A.9.50.J.9.1">
    <attr name="isRemoveAllowed">false</attr>
    <attr name="neighborCellRef">SubNetwork=ONRM_RootMo_R,MeContext=LTE03ERBS00048,ManagedElement=1,ENodeBFunction=1,EUtranCellFDD=LTE03ERBS00048-2</attr>
    <attr name="anrCreated">false</attr>
    <attr name="isHoAllowed">true</attr>
  </mo>
  <mo fdn="SubNetwork=ONRM_RootMo_R,MeContext=LTE03ERBS00048,ManagedElement=1,ENodeBFunction=1,EUtranCellFDD=LTE03ERBS00048-4,EUtranFreqRelation=2,EUtranCellRelation=22" lastModified="1287512290555" mimName="ERBS_NODE_MODEL" mimVersion="A.9.50.J.9.1">
    <attr name="isRemoveAllowed">false</attr>
    <attr name="neighborCellRef">SubNetwork=ONRM_RootMo_R,MeContext=LTE03ERBS00048,ManagedElement=1,ENodeBFunction=1,EUtraNetwork=1,ExternalENodeBFunction=362,ExternalEUtranCellFDD=3</attr>
    <attr name="anrCreated">false</attr>
    <attr name="isHoAllowed">true</attr>
  </mo>
  <mo fdn="SubNetwork=ONRM_RootMo_R,MeContext=LTE03ERBS00048,ManagedElement=1,ENodeBFunction=1,EUtranCellFDD=LTE03ERBS00048-4,EUtranFreqRelation=2,EUtranCellRelation=23" lastModified="1287512290541" mimName="ERBS_NODE_MODEL" mimVersion="A.9.50.J.9.1">
    <attr name="isRemoveAllowed">false</attr>
    <attr name="neighborCellRef">SubNetwork=ONRM_RootMo_R,MeContext=LTE03ERBS00048,ManagedElement=1,ENodeBFunction=1,EUtraNetwork=1,ExternalENodeBFunction=362,ExternalEUtranCellFDD=4</attr>
    <attr name="anrCreated">false</attr>
    <attr name="isHoAllowed">true</attr>
  </mo>
  <mo fdn="SubNetwork=ONRM_RootMo_R,MeContext=LTE03ERBS00048,ManagedElement=1,ENodeBFunction=1,EUtranCellFDD=LTE03ERBS00048-4,EUtranFreqRelation=2,EUtranCellRelation=26" lastModified="1287512290566" mimName="ERBS_NODE_MODEL" mimVersion="A.9.50.J.9.1">
    <attr name="isRemoveAllowed">false</attr>
    <attr name="neighborCellRef">SubNetwork=ONRM_RootMo_R,MeContext=LTE03ERBS00048,ManagedElement=1,ENodeBFunction=1,EUtraNetwork=1,ExternalENodeBFunction=364,ExternalEUtranCellFDD=3</attr>
    <attr name="anrCreated">false</attr>
    <attr name="isHoAllowed">true</attr>
  </mo>
  <mo fdn="SubNetwork=ONRM_RootMo_R,MeContext=LTE03ERBS00048,ManagedElement=1,ENodeBFunction=1,EUtranCellFDD=LTE03ERBS00048-4,EUtranFreqRelation=2,EUtranCellRelation=27" lastModified="1287512290563" mimName="ERBS_NODE_MODEL" mimVersion="A.9.50.J.9.1">
    <attr name="isRemoveAllowed">false</attr>
    <attr name="neighborCellRef">SubNetwork=ONRM_RootMo_R,MeContext=LTE03ERBS00048,ManagedElement=1,ENodeBFunction=1,EUtraNetwork=1,ExternalENodeBFunction=364,ExternalEUtranCellFDD=4</attr>
    <attr name="anrCreated">false</attr>
    <attr name="isHoAllowed">true</attr>
  </mo>
  <mo fdn="SubNetwork=ONRM_RootMo_R,MeContext=LTE03ERBS00048,ManagedElement=1,ENodeBFunction=1,EUtranCellFDD=LTE03ERBS00048-4,EUtranFreqRelation=2,EUtranCellRelation=3" lastModified="1287501987140" mimName="ERBS_NODE_MODEL" mimVersion="A.9.50.J.9.1">
    <attr name="isRemoveAllowed">false</attr>
    <attr name="neighborCellRef">SubNetwork=ONRM_RootMo_R,MeContext=LTE03ERBS00048,ManagedElement=1,ENodeBFunction=1,EUtranCellFDD=LTE03ERBS00048-3</attr>
    <attr name="anrCreated">false</attr>
    <attr name="isHoAllowed">true</attr>
  </mo>
  <mo fdn="SubNetwork=ONRM_RootMo_R,MeContext=LTE03ERBS00048,ManagedElement=1,ENodeBFunction=1,EUtranCellFDD=LTE03ERBS00048-4,EUtranFreqRelation=2,EUtranCellRelation=30" lastModified="1287512290558" mimName="ERBS_NODE_MODEL" mimVersion="A.9.50.J.9.1">
    <attr name="isRemoveAllowed">false</attr>
    <attr name="neighborCellRef">SubNetwork=ONRM_RootMo_R,MeContext=LTE03ERBS00048,ManagedElement=1,ENodeBFunction=1,EUtraNetwork=1,ExternalENodeBFunction=366,ExternalEUtranCellFDD=3</attr>
    <attr name="anrCreated">false</attr>
    <attr name="isHoAllowed">true</attr>
  </mo>
  <mo fdn="SubNetwork=ONRM_RootMo_R,MeContext=LTE03ERBS00048,ManagedElement=1,ENodeBFunction=1,EUtranCellFDD=LTE03ERBS00048-4,EUtranFreqRelation=2,EUtranCellRelation=31" lastModified="1287512290557" mimName="ERBS_NODE_MODEL" mimVersion="A.9.50.J.9.1">
    <attr name="isRemoveAllowed">false</attr>
    <attr name="neighborCellRef">SubNetwork=ONRM_RootMo_R,MeContext=LTE03ERBS00048,ManagedElement=1,ENodeBFunction=1,EUtraNetwork=1,ExternalENodeBFunction=366,ExternalEUtranCellFDD=4</attr>
    <attr name="anrCreated">false</attr>
    <attr name="isHoAllowed">true</attr>
  </mo>
  <mo fdn="SubNetwork=ONRM_RootMo_R,MeContext=LTE03ERBS00048,ManagedElement=1,ENodeBFunction=1,EUtranCellFDD=LTE03ERBS00048-4,EUtranFreqRelation=2,EUtranCellRelation=6" lastModified="1287512290565" mimName="ERBS_NODE_MODEL" mimVersion="A.9.50.J.9.1">
    <attr name="isRemoveAllowed">false</attr>
    <attr name="neighborCellRef">SubNetwork=ONRM_RootMo_R,MeContext=LTE03ERBS00048,ManagedElement=1,ENodeBFunction=1,EUtraNetwork=1,ExternalENodeBFunction=354,ExternalEUtranCellFDD=3</attr>
    <attr name="anrCreated">false</attr>
    <attr name="isHoAllowed">true</attr>
  </mo>
  <mo fdn="SubNetwork=ONRM_RootMo_R,MeContext=LTE03ERBS00048,ManagedElement=1,ENodeBFunction=1,EUtranCellFDD=LTE03ERBS00048-4,EUtranFreqRelation=2,EUtranCellRelation=7" lastModified="1287512290567" mimName="ERBS_NODE_MODEL" mimVersion="A.9.50.J.9.1">
    <attr name="isRemoveAllowed">false</attr>
    <attr name="neighborCellRef">SubNetwork=ONRM_RootMo_R,MeContext=LTE03ERBS00048,ManagedElement=1,ENodeBFunction=1,EUtraNetwork=1,ExternalENodeBFunction=354,ExternalEUtranCellFDD=4</attr>
    <attr name="anrCreated">false</attr>
    <attr name="isHoAllowed">true</attr>
  </mo>
</model>
