<?xml version="1.0" encoding="UTF-8" standalone="no"?><!-- Generated by nmsadm --><!-- Generated on Thu Oct 28 14:37:17 BST 2010 --><!-- Generated from configuration valid --><!-- Query - Base MO SubNetwork=ONRM_RootMo_R,MeContext=LTE03ERBS00020; Scope 8 --><model>
  <mo fdn="SubNetwork=ONRM_RootMo_R,MeContext=LTE03ERBS00020" lastModified="1287519720570" mimName="ERBS_NODE_MODEL" mimVersion="A.9.50.J.9.1">
    <attr name="MeContextId">LTE03ERBS00020</attr>
    <attr name="neMIMversion">vA.9.40</attr>
    <attr name="siteRef">SubNetwork=ONRM_RootMo_R,Site=LTE03ERBS00020</attr>
    <attr name="userLabel">LTE03ERBS00020</attr>
  </mo>
  <mo fdn="SubNetwork=ONRM_RootMo_R,MeContext=LTE03ERBS00020,ManagedElement=1,ENodeBFunction=1" lastModified="1287501937499" mimName="ERBS_NODE_MODEL" mimVersion="A.9.50.J.9.1">
    <attr name="eNodeBPlmnId">
      <struct>
        <attr name="mcc">311</attr>
        <attr name="mnc">480</attr>
        <attr name="mncLength">2</attr>
      </struct>
    </attr>
    <attr name="eNBId">191401</attr>
  </mo>
  <mo fdn="SubNetwork=ONRM_RootMo_R,MeContext=LTE03ERBS00020,ManagedElement=1,ENodeBFunction=1,EUtranCellFDD=LTE03ERBS00020-1" lastModified="1287519706569" mimName="ERBS_NODE_MODEL" mimVersion="A.9.50.J.9.1">
    <attr name="EUtranCellFDDId">LTE03ERBS00020-1</attr>
    <attr name="earfcnul">18000</attr>
    <attr name="cellId">1</attr>
    <attr name="tac">48906</attr>
    <attr name="bPlmnList">
      <seq count="1">
        <item>
          <struct>
            <attr name="mcc">311</attr>
            <attr name="mnc">480</attr>
            <attr name="mncLength">2</attr>
          </struct>
        </item>
      </seq>
    </attr>
    <attr name="earfcndl">0</attr>
    <attr name="userLabel">LTE03ERBS00020-1</attr>
  </mo>
  <mo fdn="SubNetwork=ONRM_RootMo_R,MeContext=LTE03ERBS00020,ManagedElement=1,ENodeBFunction=1,EUtranCellFDD=LTE03ERBS00020-1,EUtranFreqRelation=1,EUtranCellRelation=10" lastModified="1287507109060" mimName="ERBS_NODE_MODEL" mimVersion="A.9.50.J.9.1">
    <attr name="isRemoveAllowed">false</attr>
    <attr name="neighborCellRef">SubNetwork=ONRM_RootMo_R,MeContext=LTE03ERBS00020,ManagedElement=1,ENodeBFunction=1,EUtraNetwork=1,ExternalENodeBFunction=341,ExternalEUtranCellFDD=1</attr>
    <attr name="anrCreated">false</attr>
    <attr name="isHoAllowed">true</attr>
  </mo>
  <mo fdn="SubNetwork=ONRM_RootMo_R,MeContext=LTE03ERBS00020,ManagedElement=1,ENodeBFunction=1,EUtranCellFDD=LTE03ERBS00020-1,EUtranFreqRelation=1,EUtranCellRelation=11" lastModified="1287507109059" mimName="ERBS_NODE_MODEL" mimVersion="A.9.50.J.9.1">
    <attr name="isRemoveAllowed">false</attr>
    <attr name="neighborCellRef">SubNetwork=ONRM_RootMo_R,MeContext=LTE03ERBS00020,ManagedElement=1,ENodeBFunction=1,EUtraNetwork=1,ExternalENodeBFunction=341,ExternalEUtranCellFDD=2</attr>
    <attr name="anrCreated">false</attr>
    <attr name="isHoAllowed">true</attr>
  </mo>
  <mo fdn="SubNetwork=ONRM_RootMo_R,MeContext=LTE03ERBS00020,ManagedElement=1,ENodeBFunction=1,EUtranCellFDD=LTE03ERBS00020-1,EUtranFreqRelation=1,EUtranCellRelation=14" lastModified="1287507109055" mimName="ERBS_NODE_MODEL" mimVersion="A.9.50.J.9.1">
    <attr name="isRemoveAllowed">false</attr>
    <attr name="neighborCellRef">SubNetwork=ONRM_RootMo_R,MeContext=LTE03ERBS00020,ManagedElement=1,ENodeBFunction=1,EUtraNetwork=1,ExternalENodeBFunction=343,ExternalEUtranCellFDD=1</attr>
    <attr name="anrCreated">false</attr>
    <attr name="isHoAllowed">true</attr>
  </mo>
  <mo fdn="SubNetwork=ONRM_RootMo_R,MeContext=LTE03ERBS00020,ManagedElement=1,ENodeBFunction=1,EUtranCellFDD=LTE03ERBS00020-1,EUtranFreqRelation=1,EUtranCellRelation=15" lastModified="1287507109066" mimName="ERBS_NODE_MODEL" mimVersion="A.9.50.J.9.1">
    <attr name="isRemoveAllowed">false</attr>
    <attr name="neighborCellRef">SubNetwork=ONRM_RootMo_R,MeContext=LTE03ERBS00020,ManagedElement=1,ENodeBFunction=1,EUtraNetwork=1,ExternalENodeBFunction=343,ExternalEUtranCellFDD=2</attr>
    <attr name="anrCreated">false</attr>
    <attr name="isHoAllowed">true</attr>
  </mo>
  <mo fdn="SubNetwork=ONRM_RootMo_R,MeContext=LTE03ERBS00020,ManagedElement=1,ENodeBFunction=1,EUtranCellFDD=LTE03ERBS00020-1,EUtranFreqRelation=1,EUtranCellRelation=18" lastModified="1287507109063" mimName="ERBS_NODE_MODEL" mimVersion="A.9.50.J.9.1">
    <attr name="isRemoveAllowed">false</attr>
    <attr name="neighborCellRef">SubNetwork=ONRM_RootMo_R,MeContext=LTE03ERBS00020,ManagedElement=1,ENodeBFunction=1,EUtraNetwork=1,ExternalENodeBFunction=345,ExternalEUtranCellFDD=1</attr>
    <attr name="anrCreated">false</attr>
    <attr name="isHoAllowed">true</attr>
  </mo>
  <mo fdn="SubNetwork=ONRM_RootMo_R,MeContext=LTE03ERBS00020,ManagedElement=1,ENodeBFunction=1,EUtranCellFDD=LTE03ERBS00020-1,EUtranFreqRelation=1,EUtranCellRelation=19" lastModified="1287507109062" mimName="ERBS_NODE_MODEL" mimVersion="A.9.50.J.9.1">
    <attr name="isRemoveAllowed">false</attr>
    <attr name="neighborCellRef">SubNetwork=ONRM_RootMo_R,MeContext=LTE03ERBS00020,ManagedElement=1,ENodeBFunction=1,EUtraNetwork=1,ExternalENodeBFunction=345,ExternalEUtranCellFDD=2</attr>
    <attr name="anrCreated">false</attr>
    <attr name="isHoAllowed">true</attr>
  </mo>
  <mo fdn="SubNetwork=ONRM_RootMo_R,MeContext=LTE03ERBS00020,ManagedElement=1,ENodeBFunction=1,EUtranCellFDD=LTE03ERBS00020-1,EUtranFreqRelation=1,EUtranCellRelation=22" lastModified="1287507109056" mimName="ERBS_NODE_MODEL" mimVersion="A.9.50.J.9.1">
    <attr name="isRemoveAllowed">false</attr>
    <attr name="neighborCellRef">SubNetwork=ONRM_RootMo_R,MeContext=LTE03ERBS00020,ManagedElement=1,ENodeBFunction=1,EUtraNetwork=1,ExternalENodeBFunction=347,ExternalEUtranCellFDD=1</attr>
    <attr name="anrCreated">false</attr>
    <attr name="isHoAllowed">true</attr>
  </mo>
  <mo fdn="SubNetwork=ONRM_RootMo_R,MeContext=LTE03ERBS00020,ManagedElement=1,ENodeBFunction=1,EUtranCellFDD=LTE03ERBS00020-1,EUtranFreqRelation=1,EUtranCellRelation=23" lastModified="1287507109056" mimName="ERBS_NODE_MODEL" mimVersion="A.9.50.J.9.1">
    <attr name="isRemoveAllowed">false</attr>
    <attr name="neighborCellRef">SubNetwork=ONRM_RootMo_R,MeContext=LTE03ERBS00020,ManagedElement=1,ENodeBFunction=1,EUtraNetwork=1,ExternalENodeBFunction=347,ExternalEUtranCellFDD=2</attr>
    <attr name="anrCreated">false</attr>
    <attr name="isHoAllowed">true</attr>
  </mo>
  <mo fdn="SubNetwork=ONRM_RootMo_R,MeContext=LTE03ERBS00020,ManagedElement=1,ENodeBFunction=1,EUtranCellFDD=LTE03ERBS00020-1,EUtranFreqRelation=1,EUtranCellRelation=26" lastModified="1287507109065" mimName="ERBS_NODE_MODEL" mimVersion="A.9.50.J.9.1">
    <attr name="isRemoveAllowed">false</attr>
    <attr name="neighborCellRef">SubNetwork=ONRM_RootMo_R,MeContext=LTE03ERBS00020,ManagedElement=1,ENodeBFunction=1,EUtraNetwork=1,ExternalENodeBFunction=349,ExternalEUtranCellFDD=1</attr>
    <attr name="anrCreated">false</attr>
    <attr name="isHoAllowed">true</attr>
  </mo>
  <mo fdn="SubNetwork=ONRM_RootMo_R,MeContext=LTE03ERBS00020,ManagedElement=1,ENodeBFunction=1,EUtranCellFDD=LTE03ERBS00020-1,EUtranFreqRelation=1,EUtranCellRelation=27" lastModified="1287507109064" mimName="ERBS_NODE_MODEL" mimVersion="A.9.50.J.9.1">
    <attr name="isRemoveAllowed">false</attr>
    <attr name="neighborCellRef">SubNetwork=ONRM_RootMo_R,MeContext=LTE03ERBS00020,ManagedElement=1,ENodeBFunction=1,EUtraNetwork=1,ExternalENodeBFunction=349,ExternalEUtranCellFDD=2</attr>
    <attr name="anrCreated">false</attr>
    <attr name="isHoAllowed">true</attr>
  </mo>
  <mo fdn="SubNetwork=ONRM_RootMo_R,MeContext=LTE03ERBS00020,ManagedElement=1,ENodeBFunction=1,EUtranCellFDD=LTE03ERBS00020-1,EUtranFreqRelation=1,EUtranCellRelation=30" lastModified="1287507109058" mimName="ERBS_NODE_MODEL" mimVersion="A.9.50.J.9.1">
    <attr name="isRemoveAllowed">false</attr>
    <attr name="neighborCellRef">SubNetwork=ONRM_RootMo_R,MeContext=LTE03ERBS00020,ManagedElement=1,ENodeBFunction=1,EUtraNetwork=1,ExternalENodeBFunction=351,ExternalEUtranCellFDD=1</attr>
    <attr name="anrCreated">false</attr>
    <attr name="isHoAllowed">true</attr>
  </mo>
  <mo fdn="SubNetwork=ONRM_RootMo_R,MeContext=LTE03ERBS00020,ManagedElement=1,ENodeBFunction=1,EUtranCellFDD=LTE03ERBS00020-1,EUtranFreqRelation=1,EUtranCellRelation=31" lastModified="1287507109057" mimName="ERBS_NODE_MODEL" mimVersion="A.9.50.J.9.1">
    <attr name="isRemoveAllowed">false</attr>
    <attr name="neighborCellRef">SubNetwork=ONRM_RootMo_R,MeContext=LTE03ERBS00020,ManagedElement=1,ENodeBFunction=1,EUtraNetwork=1,ExternalENodeBFunction=351,ExternalEUtranCellFDD=2</attr>
    <attr name="anrCreated">false</attr>
    <attr name="isHoAllowed">true</attr>
  </mo>
  <mo fdn="SubNetwork=ONRM_RootMo_R,MeContext=LTE03ERBS00020,ManagedElement=1,ENodeBFunction=1,EUtranCellFDD=LTE03ERBS00020-1,EUtranFreqRelation=1,EUtranCellRelation=4" lastModified="1287507109066" mimName="ERBS_NODE_MODEL" mimVersion="A.9.50.J.9.1">
    <attr name="isRemoveAllowed">false</attr>
    <attr name="neighborCellRef">SubNetwork=ONRM_RootMo_R,MeContext=LTE03ERBS00020,ManagedElement=1,ENodeBFunction=1,EUtraNetwork=1,ExternalENodeBFunction=337,ExternalEUtranCellFDD=1</attr>
    <attr name="anrCreated">false</attr>
    <attr name="isHoAllowed">true</attr>
  </mo>
  <mo fdn="SubNetwork=ONRM_RootMo_R,MeContext=LTE03ERBS00020,ManagedElement=1,ENodeBFunction=1,EUtranCellFDD=LTE03ERBS00020-1,EUtranFreqRelation=1,EUtranCellRelation=5" lastModified="1287507109067" mimName="ERBS_NODE_MODEL" mimVersion="A.9.50.J.9.1">
    <attr name="isRemoveAllowed">false</attr>
    <attr name="neighborCellRef">SubNetwork=ONRM_RootMo_R,MeContext=LTE03ERBS00020,ManagedElement=1,ENodeBFunction=1,EUtraNetwork=1,ExternalENodeBFunction=337,ExternalEUtranCellFDD=2</attr>
    <attr name="anrCreated">false</attr>
    <attr name="isHoAllowed">true</attr>
  </mo>
  <mo fdn="SubNetwork=ONRM_RootMo_R,MeContext=LTE03ERBS00020,ManagedElement=1,ENodeBFunction=1,EUtranCellFDD=LTE03ERBS00020-1,EUtranFreqRelation=1,EUtranCellRelation=8" lastModified="1287507109060" mimName="ERBS_NODE_MODEL" mimVersion="A.9.50.J.9.1">
    <attr name="isRemoveAllowed">false</attr>
    <attr name="neighborCellRef">SubNetwork=ONRM_RootMo_R,MeContext=LTE03ERBS00020,ManagedElement=1,ENodeBFunction=1,EUtraNetwork=1,ExternalENodeBFunction=339,ExternalEUtranCellFDD=1</attr>
    <attr name="anrCreated">false</attr>
    <attr name="isHoAllowed">true</attr>
  </mo>
  <mo fdn="SubNetwork=ONRM_RootMo_R,MeContext=LTE03ERBS00020,ManagedElement=1,ENodeBFunction=1,EUtranCellFDD=LTE03ERBS00020-1,EUtranFreqRelation=1,EUtranCellRelation=9" lastModified="1287507109061" mimName="ERBS_NODE_MODEL" mimVersion="A.9.50.J.9.1">
    <attr name="isRemoveAllowed">false</attr>
    <attr name="neighborCellRef">SubNetwork=ONRM_RootMo_R,MeContext=LTE03ERBS00020,ManagedElement=1,ENodeBFunction=1,EUtraNetwork=1,ExternalENodeBFunction=339,ExternalEUtranCellFDD=2</attr>
    <attr name="anrCreated">false</attr>
    <attr name="isHoAllowed">true</attr>
  </mo>
  <mo fdn="SubNetwork=ONRM_RootMo_R,MeContext=LTE03ERBS00020,ManagedElement=1,ENodeBFunction=1,EUtranCellFDD=LTE03ERBS00020-1,EUtranFreqRelation=2,EUtranCellRelation=1" lastModified="1287501933579" mimName="ERBS_NODE_MODEL" mimVersion="A.9.50.J.9.1">
    <attr name="isRemoveAllowed">false</attr>
    <attr name="neighborCellRef">SubNetwork=ONRM_RootMo_R,MeContext=LTE03ERBS00020,ManagedElement=1,ENodeBFunction=1,EUtranCellFDD=LTE03ERBS00020-2</attr>
    <attr name="anrCreated">false</attr>
    <attr name="isHoAllowed">true</attr>
  </mo>
  <mo fdn="SubNetwork=ONRM_RootMo_R,MeContext=LTE03ERBS00020,ManagedElement=1,ENodeBFunction=1,EUtranCellFDD=LTE03ERBS00020-1,EUtranFreqRelation=2,EUtranCellRelation=12" lastModified="1287507109036" mimName="ERBS_NODE_MODEL" mimVersion="A.9.50.J.9.1">
    <attr name="isRemoveAllowed">false</attr>
    <attr name="neighborCellRef">SubNetwork=ONRM_RootMo_R,MeContext=LTE03ERBS00020,ManagedElement=1,ENodeBFunction=1,EUtraNetwork=1,ExternalENodeBFunction=342,ExternalEUtranCellFDD=1</attr>
    <attr name="anrCreated">false</attr>
    <attr name="isHoAllowed">true</attr>
  </mo>
  <mo fdn="SubNetwork=ONRM_RootMo_R,MeContext=LTE03ERBS00020,ManagedElement=1,ENodeBFunction=1,EUtranCellFDD=LTE03ERBS00020-1,EUtranFreqRelation=2,EUtranCellRelation=13" lastModified="1287507109033" mimName="ERBS_NODE_MODEL" mimVersion="A.9.50.J.9.1">
    <attr name="isRemoveAllowed">false</attr>
    <attr name="neighborCellRef">SubNetwork=ONRM_RootMo_R,MeContext=LTE03ERBS00020,ManagedElement=1,ENodeBFunction=1,EUtraNetwork=1,ExternalENodeBFunction=342,ExternalEUtranCellFDD=2</attr>
    <attr name="anrCreated">false</attr>
    <attr name="isHoAllowed">true</attr>
  </mo>
  <mo fdn="SubNetwork=ONRM_RootMo_R,MeContext=LTE03ERBS00020,ManagedElement=1,ENodeBFunction=1,EUtranCellFDD=LTE03ERBS00020-1,EUtranFreqRelation=2,EUtranCellRelation=16" lastModified="1287507109051" mimName="ERBS_NODE_MODEL" mimVersion="A.9.50.J.9.1">
    <attr name="isRemoveAllowed">false</attr>
    <attr name="neighborCellRef">SubNetwork=ONRM_RootMo_R,MeContext=LTE03ERBS00020,ManagedElement=1,ENodeBFunction=1,EUtraNetwork=1,ExternalENodeBFunction=344,ExternalEUtranCellFDD=1</attr>
    <attr name="anrCreated">false</attr>
    <attr name="isHoAllowed">true</attr>
  </mo>
  <mo fdn="SubNetwork=ONRM_RootMo_R,MeContext=LTE03ERBS00020,ManagedElement=1,ENodeBFunction=1,EUtranCellFDD=LTE03ERBS00020-1,EUtranFreqRelation=2,EUtranCellRelation=17" lastModified="1287507109047" mimName="ERBS_NODE_MODEL" mimVersion="A.9.50.J.9.1">
    <attr name="isRemoveAllowed">false</attr>
    <attr name="neighborCellRef">SubNetwork=ONRM_RootMo_R,MeContext=LTE03ERBS00020,ManagedElement=1,ENodeBFunction=1,EUtraNetwork=1,ExternalENodeBFunction=344,ExternalEUtranCellFDD=2</attr>
    <attr name="anrCreated">false</attr>
    <attr name="isHoAllowed">true</attr>
  </mo>
  <mo fdn="SubNetwork=ONRM_RootMo_R,MeContext=LTE03ERBS00020,ManagedElement=1,ENodeBFunction=1,EUtranCellFDD=LTE03ERBS00020-1,EUtranFreqRelation=2,EUtranCellRelation=2" lastModified="1287501933576" mimName="ERBS_NODE_MODEL" mimVersion="A.9.50.J.9.1">
    <attr name="isRemoveAllowed">false</attr>
    <attr name="neighborCellRef">SubNetwork=ONRM_RootMo_R,MeContext=LTE03ERBS00020,ManagedElement=1,ENodeBFunction=1,EUtranCellFDD=LTE03ERBS00020-3</attr>
    <attr name="anrCreated">false</attr>
    <attr name="isHoAllowed">true</attr>
  </mo>
  <mo fdn="SubNetwork=ONRM_RootMo_R,MeContext=LTE03ERBS00020,ManagedElement=1,ENodeBFunction=1,EUtranCellFDD=LTE03ERBS00020-1,EUtranFreqRelation=2,EUtranCellRelation=20" lastModified="1287507109040" mimName="ERBS_NODE_MODEL" mimVersion="A.9.50.J.9.1">
    <attr name="isRemoveAllowed">false</attr>
    <attr name="neighborCellRef">SubNetwork=ONRM_RootMo_R,MeContext=LTE03ERBS00020,ManagedElement=1,ENodeBFunction=1,EUtraNetwork=1,ExternalENodeBFunction=346,ExternalEUtranCellFDD=1</attr>
    <attr name="anrCreated">false</attr>
    <attr name="isHoAllowed">true</attr>
  </mo>
  <mo fdn="SubNetwork=ONRM_RootMo_R,MeContext=LTE03ERBS00020,ManagedElement=1,ENodeBFunction=1,EUtranCellFDD=LTE03ERBS00020-1,EUtranFreqRelation=2,EUtranCellRelation=21" lastModified="1287507109039" mimName="ERBS_NODE_MODEL" mimVersion="A.9.50.J.9.1">
    <attr name="isRemoveAllowed">false</attr>
    <attr name="neighborCellRef">SubNetwork=ONRM_RootMo_R,MeContext=LTE03ERBS00020,ManagedElement=1,ENodeBFunction=1,EUtraNetwork=1,ExternalENodeBFunction=346,ExternalEUtranCellFDD=2</attr>
    <attr name="anrCreated">false</attr>
    <attr name="isHoAllowed">true</attr>
  </mo>
  <mo fdn="SubNetwork=ONRM_RootMo_R,MeContext=LTE03ERBS00020,ManagedElement=1,ENodeBFunction=1,EUtranCellFDD=LTE03ERBS00020-1,EUtranFreqRelation=2,EUtranCellRelation=24" lastModified="1287507109038" mimName="ERBS_NODE_MODEL" mimVersion="A.9.50.J.9.1">
    <attr name="isRemoveAllowed">false</attr>
    <attr name="neighborCellRef">SubNetwork=ONRM_RootMo_R,MeContext=LTE03ERBS00020,ManagedElement=1,ENodeBFunction=1,EUtraNetwork=1,ExternalENodeBFunction=348,ExternalEUtranCellFDD=1</attr>
    <attr name="anrCreated">false</attr>
    <attr name="isHoAllowed">true</attr>
  </mo>
  <mo fdn="SubNetwork=ONRM_RootMo_R,MeContext=LTE03ERBS00020,ManagedElement=1,ENodeBFunction=1,EUtranCellFDD=LTE03ERBS00020-1,EUtranFreqRelation=2,EUtranCellRelation=25" lastModified="1287507109035" mimName="ERBS_NODE_MODEL" mimVersion="A.9.50.J.9.1">
    <attr name="isRemoveAllowed">false</attr>
    <attr name="neighborCellRef">SubNetwork=ONRM_RootMo_R,MeContext=LTE03ERBS00020,ManagedElement=1,ENodeBFunction=1,EUtraNetwork=1,ExternalENodeBFunction=348,ExternalEUtranCellFDD=2</attr>
    <attr name="anrCreated">false</attr>
    <attr name="isHoAllowed">true</attr>
  </mo>
  <mo fdn="SubNetwork=ONRM_RootMo_R,MeContext=LTE03ERBS00020,ManagedElement=1,ENodeBFunction=1,EUtranCellFDD=LTE03ERBS00020-1,EUtranFreqRelation=2,EUtranCellRelation=28" lastModified="1287507109052" mimName="ERBS_NODE_MODEL" mimVersion="A.9.50.J.9.1">
    <attr name="isRemoveAllowed">false</attr>
    <attr name="neighborCellRef">SubNetwork=ONRM_RootMo_R,MeContext=LTE03ERBS00020,ManagedElement=1,ENodeBFunction=1,EUtraNetwork=1,ExternalENodeBFunction=350,ExternalEUtranCellFDD=1</attr>
    <attr name="anrCreated">false</attr>
    <attr name="isHoAllowed">true</attr>
  </mo>
  <mo fdn="SubNetwork=ONRM_RootMo_R,MeContext=LTE03ERBS00020,ManagedElement=1,ENodeBFunction=1,EUtranCellFDD=LTE03ERBS00020-1,EUtranFreqRelation=2,EUtranCellRelation=29" lastModified="1287507109050" mimName="ERBS_NODE_MODEL" mimVersion="A.9.50.J.9.1">
    <attr name="isRemoveAllowed">false</attr>
    <attr name="neighborCellRef">SubNetwork=ONRM_RootMo_R,MeContext=LTE03ERBS00020,ManagedElement=1,ENodeBFunction=1,EUtraNetwork=1,ExternalENodeBFunction=350,ExternalEUtranCellFDD=2</attr>
    <attr name="anrCreated">false</attr>
    <attr name="isHoAllowed">true</attr>
  </mo>
  <mo fdn="SubNetwork=ONRM_RootMo_R,MeContext=LTE03ERBS00020,ManagedElement=1,ENodeBFunction=1,EUtranCellFDD=LTE03ERBS00020-1,EUtranFreqRelation=2,EUtranCellRelation=3" lastModified="1287501933573" mimName="ERBS_NODE_MODEL" mimVersion="A.9.50.J.9.1">
    <attr name="isRemoveAllowed">false</attr>
    <attr name="neighborCellRef">SubNetwork=ONRM_RootMo_R,MeContext=LTE03ERBS00020,ManagedElement=1,ENodeBFunction=1,EUtranCellFDD=LTE03ERBS00020-4</attr>
    <attr name="anrCreated">false</attr>
    <attr name="isHoAllowed">true</attr>
  </mo>
  <mo fdn="SubNetwork=ONRM_RootMo_R,MeContext=LTE03ERBS00020,ManagedElement=1,ENodeBFunction=1,EUtranCellFDD=LTE03ERBS00020-1,EUtranFreqRelation=2,EUtranCellRelation=32" lastModified="1287507109031" mimName="ERBS_NODE_MODEL" mimVersion="A.9.50.J.9.1">
    <attr name="isRemoveAllowed">false</attr>
    <attr name="neighborCellRef">SubNetwork=ONRM_RootMo_R,MeContext=LTE03ERBS00020,ManagedElement=1,ENodeBFunction=1,EUtraNetwork=1,ExternalENodeBFunction=352,ExternalEUtranCellFDD=1</attr>
    <attr name="anrCreated">false</attr>
    <attr name="isHoAllowed">true</attr>
  </mo>
  <mo fdn="SubNetwork=ONRM_RootMo_R,MeContext=LTE03ERBS00020,ManagedElement=1,ENodeBFunction=1,EUtranCellFDD=LTE03ERBS00020-1,EUtranFreqRelation=2,EUtranCellRelation=33" lastModified="1287507109041" mimName="ERBS_NODE_MODEL" mimVersion="A.9.50.J.9.1">
    <attr name="isRemoveAllowed">false</attr>
    <attr name="neighborCellRef">SubNetwork=ONRM_RootMo_R,MeContext=LTE03ERBS00020,ManagedElement=1,ENodeBFunction=1,EUtraNetwork=1,ExternalENodeBFunction=352,ExternalEUtranCellFDD=2</attr>
    <attr name="anrCreated">false</attr>
    <attr name="isHoAllowed">true</attr>
  </mo>
  <mo fdn="SubNetwork=ONRM_RootMo_R,MeContext=LTE03ERBS00020,ManagedElement=1,ENodeBFunction=1,EUtranCellFDD=LTE03ERBS00020-1,EUtranFreqRelation=2,EUtranCellRelation=6" lastModified="1287507109044" mimName="ERBS_NODE_MODEL" mimVersion="A.9.50.J.9.1">
    <attr name="isRemoveAllowed">false</attr>
    <attr name="neighborCellRef">SubNetwork=ONRM_RootMo_R,MeContext=LTE03ERBS00020,ManagedElement=1,ENodeBFunction=1,EUtraNetwork=1,ExternalENodeBFunction=338,ExternalEUtranCellFDD=1</attr>
    <attr name="anrCreated">false</attr>
    <attr name="isHoAllowed">true</attr>
  </mo>
  <mo fdn="SubNetwork=ONRM_RootMo_R,MeContext=LTE03ERBS00020,ManagedElement=1,ENodeBFunction=1,EUtranCellFDD=LTE03ERBS00020-1,EUtranFreqRelation=2,EUtranCellRelation=7" lastModified="1287507109049" mimName="ERBS_NODE_MODEL" mimVersion="A.9.50.J.9.1">
    <attr name="isRemoveAllowed">false</attr>
    <attr name="neighborCellRef">SubNetwork=ONRM_RootMo_R,MeContext=LTE03ERBS00020,ManagedElement=1,ENodeBFunction=1,EUtraNetwork=1,ExternalENodeBFunction=338,ExternalEUtranCellFDD=2</attr>
    <attr name="anrCreated">false</attr>
    <attr name="isHoAllowed">true</attr>
  </mo>
  <mo fdn="SubNetwork=ONRM_RootMo_R,MeContext=LTE03ERBS00020,ManagedElement=1,ENodeBFunction=1,EUtranCellFDD=LTE03ERBS00020-2" lastModified="1287519716160" mimName="ERBS_NODE_MODEL" mimVersion="A.9.50.J.9.1">
    <attr name="EUtranCellFDDId">LTE03ERBS00020-2</attr>
    <attr name="earfcnul">18000</attr>
    <attr name="cellId">2</attr>
    <attr name="tac">48906</attr>
    <attr name="bPlmnList">
      <seq count="1">
        <item>
          <struct>
            <attr name="mcc">311</attr>
            <attr name="mnc">480</attr>
            <attr name="mncLength">2</attr>
          </struct>
        </item>
      </seq>
    </attr>
    <attr name="earfcndl">0</attr>
    <attr name="userLabel">LTE03ERBS00020-2</attr>
  </mo>
  <mo fdn="SubNetwork=ONRM_RootMo_R,MeContext=LTE03ERBS00020,ManagedElement=1,ENodeBFunction=1,EUtranCellFDD=LTE03ERBS00020-2,EUtranFreqRelation=1,EUtranCellRelation=10" lastModified="1287507108796" mimName="ERBS_NODE_MODEL" mimVersion="A.9.50.J.9.1">
    <attr name="isRemoveAllowed">false</attr>
    <attr name="neighborCellRef">SubNetwork=ONRM_RootMo_R,MeContext=LTE03ERBS00020,ManagedElement=1,ENodeBFunction=1,EUtraNetwork=1,ExternalENodeBFunction=341,ExternalEUtranCellFDD=1</attr>
    <attr name="anrCreated">false</attr>
    <attr name="isHoAllowed">true</attr>
  </mo>
  <mo fdn="SubNetwork=ONRM_RootMo_R,MeContext=LTE03ERBS00020,ManagedElement=1,ENodeBFunction=1,EUtranCellFDD=LTE03ERBS00020-2,EUtranFreqRelation=1,EUtranCellRelation=11" lastModified="1287507108795" mimName="ERBS_NODE_MODEL" mimVersion="A.9.50.J.9.1">
    <attr name="isRemoveAllowed">false</attr>
    <attr name="neighborCellRef">SubNetwork=ONRM_RootMo_R,MeContext=LTE03ERBS00020,ManagedElement=1,ENodeBFunction=1,EUtraNetwork=1,ExternalENodeBFunction=341,ExternalEUtranCellFDD=2</attr>
    <attr name="anrCreated">false</attr>
    <attr name="isHoAllowed">true</attr>
  </mo>
  <mo fdn="SubNetwork=ONRM_RootMo_R,MeContext=LTE03ERBS00020,ManagedElement=1,ENodeBFunction=1,EUtranCellFDD=LTE03ERBS00020-2,EUtranFreqRelation=1,EUtranCellRelation=14" lastModified="1287507108790" mimName="ERBS_NODE_MODEL" mimVersion="A.9.50.J.9.1">
    <attr name="isRemoveAllowed">false</attr>
    <attr name="neighborCellRef">SubNetwork=ONRM_RootMo_R,MeContext=LTE03ERBS00020,ManagedElement=1,ENodeBFunction=1,EUtraNetwork=1,ExternalENodeBFunction=343,ExternalEUtranCellFDD=1</attr>
    <attr name="anrCreated">false</attr>
    <attr name="isHoAllowed">true</attr>
  </mo>
  <mo fdn="SubNetwork=ONRM_RootMo_R,MeContext=LTE03ERBS00020,ManagedElement=1,ENodeBFunction=1,EUtranCellFDD=LTE03ERBS00020-2,EUtranFreqRelation=1,EUtranCellRelation=15" lastModified="1287507108808" mimName="ERBS_NODE_MODEL" mimVersion="A.9.50.J.9.1">
    <attr name="isRemoveAllowed">false</attr>
    <attr name="neighborCellRef">SubNetwork=ONRM_RootMo_R,MeContext=LTE03ERBS00020,ManagedElement=1,ENodeBFunction=1,EUtraNetwork=1,ExternalENodeBFunction=343,ExternalEUtranCellFDD=2</attr>
    <attr name="anrCreated">false</attr>
    <attr name="isHoAllowed">true</attr>
  </mo>
  <mo fdn="SubNetwork=ONRM_RootMo_R,MeContext=LTE03ERBS00020,ManagedElement=1,ENodeBFunction=1,EUtranCellFDD=LTE03ERBS00020-2,EUtranFreqRelation=1,EUtranCellRelation=18" lastModified="1287507108801" mimName="ERBS_NODE_MODEL" mimVersion="A.9.50.J.9.1">
    <attr name="isRemoveAllowed">false</attr>
    <attr name="neighborCellRef">SubNetwork=ONRM_RootMo_R,MeContext=LTE03ERBS00020,ManagedElement=1,ENodeBFunction=1,EUtraNetwork=1,ExternalENodeBFunction=345,ExternalEUtranCellFDD=1</attr>
    <attr name="anrCreated">false</attr>
    <attr name="isHoAllowed">true</attr>
  </mo>
  <mo fdn="SubNetwork=ONRM_RootMo_R,MeContext=LTE03ERBS00020,ManagedElement=1,ENodeBFunction=1,EUtranCellFDD=LTE03ERBS00020-2,EUtranFreqRelation=1,EUtranCellRelation=19" lastModified="1287507108800" mimName="ERBS_NODE_MODEL" mimVersion="A.9.50.J.9.1">
    <attr name="isRemoveAllowed">false</attr>
    <attr name="neighborCellRef">SubNetwork=ONRM_RootMo_R,MeContext=LTE03ERBS00020,ManagedElement=1,ENodeBFunction=1,EUtraNetwork=1,ExternalENodeBFunction=345,ExternalEUtranCellFDD=2</attr>
    <attr name="anrCreated">false</attr>
    <attr name="isHoAllowed">true</attr>
  </mo>
  <mo fdn="SubNetwork=ONRM_RootMo_R,MeContext=LTE03ERBS00020,ManagedElement=1,ENodeBFunction=1,EUtranCellFDD=LTE03ERBS00020-2,EUtranFreqRelation=1,EUtranCellRelation=22" lastModified="1287507108792" mimName="ERBS_NODE_MODEL" mimVersion="A.9.50.J.9.1">
    <attr name="isRemoveAllowed">false</attr>
    <attr name="neighborCellRef">SubNetwork=ONRM_RootMo_R,MeContext=LTE03ERBS00020,ManagedElement=1,ENodeBFunction=1,EUtraNetwork=1,ExternalENodeBFunction=347,ExternalEUtranCellFDD=1</attr>
    <attr name="anrCreated">false</attr>
    <attr name="isHoAllowed">true</attr>
  </mo>
  <mo fdn="SubNetwork=ONRM_RootMo_R,MeContext=LTE03ERBS00020,ManagedElement=1,ENodeBFunction=1,EUtranCellFDD=LTE03ERBS00020-2,EUtranFreqRelation=1,EUtranCellRelation=23" lastModified="1287507108791" mimName="ERBS_NODE_MODEL" mimVersion="A.9.50.J.9.1">
    <attr name="isRemoveAllowed">false</attr>
    <attr name="neighborCellRef">SubNetwork=ONRM_RootMo_R,MeContext=LTE03ERBS00020,ManagedElement=1,ENodeBFunction=1,EUtraNetwork=1,ExternalENodeBFunction=347,ExternalEUtranCellFDD=2</attr>
    <attr name="anrCreated">false</attr>
    <attr name="isHoAllowed">true</attr>
  </mo>
  <mo fdn="SubNetwork=ONRM_RootMo_R,MeContext=LTE03ERBS00020,ManagedElement=1,ENodeBFunction=1,EUtranCellFDD=LTE03ERBS00020-2,EUtranFreqRelation=1,EUtranCellRelation=26" lastModified="1287507108806" mimName="ERBS_NODE_MODEL" mimVersion="A.9.50.J.9.1">
    <attr name="isRemoveAllowed">false</attr>
    <attr name="neighborCellRef">SubNetwork=ONRM_RootMo_R,MeContext=LTE03ERBS00020,ManagedElement=1,ENodeBFunction=1,EUtraNetwork=1,ExternalENodeBFunction=349,ExternalEUtranCellFDD=1</attr>
    <attr name="anrCreated">false</attr>
    <attr name="isHoAllowed">true</attr>
  </mo>
  <mo fdn="SubNetwork=ONRM_RootMo_R,MeContext=LTE03ERBS00020,ManagedElement=1,ENodeBFunction=1,EUtranCellFDD=LTE03ERBS00020-2,EUtranFreqRelation=1,EUtranCellRelation=27" lastModified="1287507108804" mimName="ERBS_NODE_MODEL" mimVersion="A.9.50.J.9.1">
    <attr name="isRemoveAllowed">false</attr>
    <attr name="neighborCellRef">SubNetwork=ONRM_RootMo_R,MeContext=LTE03ERBS00020,ManagedElement=1,ENodeBFunction=1,EUtraNetwork=1,ExternalENodeBFunction=349,ExternalEUtranCellFDD=2</attr>
    <attr name="anrCreated">false</attr>
    <attr name="isHoAllowed">true</attr>
  </mo>
  <mo fdn="SubNetwork=ONRM_RootMo_R,MeContext=LTE03ERBS00020,ManagedElement=1,ENodeBFunction=1,EUtranCellFDD=LTE03ERBS00020-2,EUtranFreqRelation=1,EUtranCellRelation=30" lastModified="1287507108794" mimName="ERBS_NODE_MODEL" mimVersion="A.9.50.J.9.1">
    <attr name="isRemoveAllowed">false</attr>
    <attr name="neighborCellRef">SubNetwork=ONRM_RootMo_R,MeContext=LTE03ERBS00020,ManagedElement=1,ENodeBFunction=1,EUtraNetwork=1,ExternalENodeBFunction=351,ExternalEUtranCellFDD=1</attr>
    <attr name="anrCreated">false</attr>
    <attr name="isHoAllowed">true</attr>
  </mo>
  <mo fdn="SubNetwork=ONRM_RootMo_R,MeContext=LTE03ERBS00020,ManagedElement=1,ENodeBFunction=1,EUtranCellFDD=LTE03ERBS00020-2,EUtranFreqRelation=1,EUtranCellRelation=31" lastModified="1287507108793" mimName="ERBS_NODE_MODEL" mimVersion="A.9.50.J.9.1">
    <attr name="isRemoveAllowed">false</attr>
    <attr name="neighborCellRef">SubNetwork=ONRM_RootMo_R,MeContext=LTE03ERBS00020,ManagedElement=1,ENodeBFunction=1,EUtraNetwork=1,ExternalENodeBFunction=351,ExternalEUtranCellFDD=2</attr>
    <attr name="anrCreated">false</attr>
    <attr name="isHoAllowed">true</attr>
  </mo>
  <mo fdn="SubNetwork=ONRM_RootMo_R,MeContext=LTE03ERBS00020,ManagedElement=1,ENodeBFunction=1,EUtranCellFDD=LTE03ERBS00020-2,EUtranFreqRelation=1,EUtranCellRelation=4" lastModified="1287507108807" mimName="ERBS_NODE_MODEL" mimVersion="A.9.50.J.9.1">
    <attr name="isRemoveAllowed">false</attr>
    <attr name="neighborCellRef">SubNetwork=ONRM_RootMo_R,MeContext=LTE03ERBS00020,ManagedElement=1,ENodeBFunction=1,EUtraNetwork=1,ExternalENodeBFunction=337,ExternalEUtranCellFDD=1</attr>
    <attr name="anrCreated">false</attr>
    <attr name="isHoAllowed">true</attr>
  </mo>
  <mo fdn="SubNetwork=ONRM_RootMo_R,MeContext=LTE03ERBS00020,ManagedElement=1,ENodeBFunction=1,EUtranCellFDD=LTE03ERBS00020-2,EUtranFreqRelation=1,EUtranCellRelation=5" lastModified="1287507108808" mimName="ERBS_NODE_MODEL" mimVersion="A.9.50.J.9.1">
    <attr name="isRemoveAllowed">false</attr>
    <attr name="neighborCellRef">SubNetwork=ONRM_RootMo_R,MeContext=LTE03ERBS00020,ManagedElement=1,ENodeBFunction=1,EUtraNetwork=1,ExternalENodeBFunction=337,ExternalEUtranCellFDD=2</attr>
    <attr name="anrCreated">false</attr>
    <attr name="isHoAllowed">true</attr>
  </mo>
  <mo fdn="SubNetwork=ONRM_RootMo_R,MeContext=LTE03ERBS00020,ManagedElement=1,ENodeBFunction=1,EUtranCellFDD=LTE03ERBS00020-2,EUtranFreqRelation=1,EUtranCellRelation=8" lastModified="1287507108797" mimName="ERBS_NODE_MODEL" mimVersion="A.9.50.J.9.1">
    <attr name="isRemoveAllowed">false</attr>
    <attr name="neighborCellRef">SubNetwork=ONRM_RootMo_R,MeContext=LTE03ERBS00020,ManagedElement=1,ENodeBFunction=1,EUtraNetwork=1,ExternalENodeBFunction=339,ExternalEUtranCellFDD=1</attr>
    <attr name="anrCreated">false</attr>
    <attr name="isHoAllowed">true</attr>
  </mo>
  <mo fdn="SubNetwork=ONRM_RootMo_R,MeContext=LTE03ERBS00020,ManagedElement=1,ENodeBFunction=1,EUtranCellFDD=LTE03ERBS00020-2,EUtranFreqRelation=1,EUtranCellRelation=9" lastModified="1287507108797" mimName="ERBS_NODE_MODEL" mimVersion="A.9.50.J.9.1">
    <attr name="isRemoveAllowed">false</attr>
    <attr name="neighborCellRef">SubNetwork=ONRM_RootMo_R,MeContext=LTE03ERBS00020,ManagedElement=1,ENodeBFunction=1,EUtraNetwork=1,ExternalENodeBFunction=339,ExternalEUtranCellFDD=2</attr>
    <attr name="anrCreated">false</attr>
    <attr name="isHoAllowed">true</attr>
  </mo>
  <mo fdn="SubNetwork=ONRM_RootMo_R,MeContext=LTE03ERBS00020,ManagedElement=1,ENodeBFunction=1,EUtranCellFDD=LTE03ERBS00020-2,EUtranFreqRelation=2,EUtranCellRelation=1" lastModified="1287501932319" mimName="ERBS_NODE_MODEL" mimVersion="A.9.50.J.9.1">
    <attr name="isRemoveAllowed">false</attr>
    <attr name="neighborCellRef">SubNetwork=ONRM_RootMo_R,MeContext=LTE03ERBS00020,ManagedElement=1,ENodeBFunction=1,EUtranCellFDD=LTE03ERBS00020-1</attr>
    <attr name="anrCreated">false</attr>
    <attr name="isHoAllowed">true</attr>
  </mo>
  <mo fdn="SubNetwork=ONRM_RootMo_R,MeContext=LTE03ERBS00020,ManagedElement=1,ENodeBFunction=1,EUtranCellFDD=LTE03ERBS00020-2,EUtranFreqRelation=2,EUtranCellRelation=12" lastModified="1287507108775" mimName="ERBS_NODE_MODEL" mimVersion="A.9.50.J.9.1">
    <attr name="isRemoveAllowed">false</attr>
    <attr name="neighborCellRef">SubNetwork=ONRM_RootMo_R,MeContext=LTE03ERBS00020,ManagedElement=1,ENodeBFunction=1,EUtraNetwork=1,ExternalENodeBFunction=342,ExternalEUtranCellFDD=1</attr>
    <attr name="anrCreated">false</attr>
    <attr name="isHoAllowed">true</attr>
  </mo>
  <mo fdn="SubNetwork=ONRM_RootMo_R,MeContext=LTE03ERBS00020,ManagedElement=1,ENodeBFunction=1,EUtranCellFDD=LTE03ERBS00020-2,EUtranFreqRelation=2,EUtranCellRelation=13" lastModified="1287507108772" mimName="ERBS_NODE_MODEL" mimVersion="A.9.50.J.9.1">
    <attr name="isRemoveAllowed">false</attr>
    <attr name="neighborCellRef">SubNetwork=ONRM_RootMo_R,MeContext=LTE03ERBS00020,ManagedElement=1,ENodeBFunction=1,EUtraNetwork=1,ExternalENodeBFunction=342,ExternalEUtranCellFDD=2</attr>
    <attr name="anrCreated">false</attr>
    <attr name="isHoAllowed">true</attr>
  </mo>
  <mo fdn="SubNetwork=ONRM_RootMo_R,MeContext=LTE03ERBS00020,ManagedElement=1,ENodeBFunction=1,EUtranCellFDD=LTE03ERBS00020-2,EUtranFreqRelation=2,EUtranCellRelation=16" lastModified="1287507108786" mimName="ERBS_NODE_MODEL" mimVersion="A.9.50.J.9.1">
    <attr name="isRemoveAllowed">false</attr>
    <attr name="neighborCellRef">SubNetwork=ONRM_RootMo_R,MeContext=LTE03ERBS00020,ManagedElement=1,ENodeBFunction=1,EUtraNetwork=1,ExternalENodeBFunction=344,ExternalEUtranCellFDD=1</attr>
    <attr name="anrCreated">false</attr>
    <attr name="isHoAllowed">true</attr>
  </mo>
  <mo fdn="SubNetwork=ONRM_RootMo_R,MeContext=LTE03ERBS00020,ManagedElement=1,ENodeBFunction=1,EUtranCellFDD=LTE03ERBS00020-2,EUtranFreqRelation=2,EUtranCellRelation=17" lastModified="1287507108780" mimName="ERBS_NODE_MODEL" mimVersion="A.9.50.J.9.1">
    <attr name="isRemoveAllowed">false</attr>
    <attr name="neighborCellRef">SubNetwork=ONRM_RootMo_R,MeContext=LTE03ERBS00020,ManagedElement=1,ENodeBFunction=1,EUtraNetwork=1,ExternalENodeBFunction=344,ExternalEUtranCellFDD=2</attr>
    <attr name="anrCreated">false</attr>
    <attr name="isHoAllowed">true</attr>
  </mo>
  <mo fdn="SubNetwork=ONRM_RootMo_R,MeContext=LTE03ERBS00020,ManagedElement=1,ENodeBFunction=1,EUtranCellFDD=LTE03ERBS00020-2,EUtranFreqRelation=2,EUtranCellRelation=2" lastModified="1287501932317" mimName="ERBS_NODE_MODEL" mimVersion="A.9.50.J.9.1">
    <attr name="isRemoveAllowed">false</attr>
    <attr name="neighborCellRef">SubNetwork=ONRM_RootMo_R,MeContext=LTE03ERBS00020,ManagedElement=1,ENodeBFunction=1,EUtranCellFDD=LTE03ERBS00020-3</attr>
    <attr name="anrCreated">false</attr>
    <attr name="isHoAllowed">true</attr>
  </mo>
  <mo fdn="SubNetwork=ONRM_RootMo_R,MeContext=LTE03ERBS00020,ManagedElement=1,ENodeBFunction=1,EUtranCellFDD=LTE03ERBS00020-2,EUtranFreqRelation=2,EUtranCellRelation=20" lastModified="1287507108778" mimName="ERBS_NODE_MODEL" mimVersion="A.9.50.J.9.1">
    <attr name="isRemoveAllowed">false</attr>
    <attr name="neighborCellRef">SubNetwork=ONRM_RootMo_R,MeContext=LTE03ERBS00020,ManagedElement=1,ENodeBFunction=1,EUtraNetwork=1,ExternalENodeBFunction=346,ExternalEUtranCellFDD=1</attr>
    <attr name="anrCreated">false</attr>
    <attr name="isHoAllowed">true</attr>
  </mo>
  <mo fdn="SubNetwork=ONRM_RootMo_R,MeContext=LTE03ERBS00020,ManagedElement=1,ENodeBFunction=1,EUtranCellFDD=LTE03ERBS00020-2,EUtranFreqRelation=2,EUtranCellRelation=21" lastModified="1287507108777" mimName="ERBS_NODE_MODEL" mimVersion="A.9.50.J.9.1">
    <attr name="isRemoveAllowed">false</attr>
    <attr name="neighborCellRef">SubNetwork=ONRM_RootMo_R,MeContext=LTE03ERBS00020,ManagedElement=1,ENodeBFunction=1,EUtraNetwork=1,ExternalENodeBFunction=346,ExternalEUtranCellFDD=2</attr>
    <attr name="anrCreated">false</attr>
    <attr name="isHoAllowed">true</attr>
  </mo>
  <mo fdn="SubNetwork=ONRM_RootMo_R,MeContext=LTE03ERBS00020,ManagedElement=1,ENodeBFunction=1,EUtranCellFDD=LTE03ERBS00020-2,EUtranFreqRelation=2,EUtranCellRelation=24" lastModified="1287507108776" mimName="ERBS_NODE_MODEL" mimVersion="A.9.50.J.9.1">
    <attr name="isRemoveAllowed">false</attr>
    <attr name="neighborCellRef">SubNetwork=ONRM_RootMo_R,MeContext=LTE03ERBS00020,ManagedElement=1,ENodeBFunction=1,EUtraNetwork=1,ExternalENodeBFunction=348,ExternalEUtranCellFDD=1</attr>
    <attr name="anrCreated">false</attr>
    <attr name="isHoAllowed">true</attr>
  </mo>
  <mo fdn="SubNetwork=ONRM_RootMo_R,MeContext=LTE03ERBS00020,ManagedElement=1,ENodeBFunction=1,EUtranCellFDD=LTE03ERBS00020-2,EUtranFreqRelation=2,EUtranCellRelation=25" lastModified="1287507108774" mimName="ERBS_NODE_MODEL" mimVersion="A.9.50.J.9.1">
    <attr name="isRemoveAllowed">false</attr>
    <attr name="neighborCellRef">SubNetwork=ONRM_RootMo_R,MeContext=LTE03ERBS00020,ManagedElement=1,ENodeBFunction=1,EUtraNetwork=1,ExternalENodeBFunction=348,ExternalEUtranCellFDD=2</attr>
    <attr name="anrCreated">false</attr>
    <attr name="isHoAllowed">true</attr>
  </mo>
  <mo fdn="SubNetwork=ONRM_RootMo_R,MeContext=LTE03ERBS00020,ManagedElement=1,ENodeBFunction=1,EUtranCellFDD=LTE03ERBS00020-2,EUtranFreqRelation=2,EUtranCellRelation=28" lastModified="1287507108787" mimName="ERBS_NODE_MODEL" mimVersion="A.9.50.J.9.1">
    <attr name="isRemoveAllowed">false</attr>
    <attr name="neighborCellRef">SubNetwork=ONRM_RootMo_R,MeContext=LTE03ERBS00020,ManagedElement=1,ENodeBFunction=1,EUtraNetwork=1,ExternalENodeBFunction=350,ExternalEUtranCellFDD=1</attr>
    <attr name="anrCreated">false</attr>
    <attr name="isHoAllowed">true</attr>
  </mo>
  <mo fdn="SubNetwork=ONRM_RootMo_R,MeContext=LTE03ERBS00020,ManagedElement=1,ENodeBFunction=1,EUtranCellFDD=LTE03ERBS00020-2,EUtranFreqRelation=2,EUtranCellRelation=29" lastModified="1287507108784" mimName="ERBS_NODE_MODEL" mimVersion="A.9.50.J.9.1">
    <attr name="isRemoveAllowed">false</attr>
    <attr name="neighborCellRef">SubNetwork=ONRM_RootMo_R,MeContext=LTE03ERBS00020,ManagedElement=1,ENodeBFunction=1,EUtraNetwork=1,ExternalENodeBFunction=350,ExternalEUtranCellFDD=2</attr>
    <attr name="anrCreated">false</attr>
    <attr name="isHoAllowed">true</attr>
  </mo>
  <mo fdn="SubNetwork=ONRM_RootMo_R,MeContext=LTE03ERBS00020,ManagedElement=1,ENodeBFunction=1,EUtranCellFDD=LTE03ERBS00020-2,EUtranFreqRelation=2,EUtranCellRelation=3" lastModified="1287501932314" mimName="ERBS_NODE_MODEL" mimVersion="A.9.50.J.9.1">
    <attr name="isRemoveAllowed">false</attr>
    <attr name="neighborCellRef">SubNetwork=ONRM_RootMo_R,MeContext=LTE03ERBS00020,ManagedElement=1,ENodeBFunction=1,EUtranCellFDD=LTE03ERBS00020-4</attr>
    <attr name="anrCreated">false</attr>
    <attr name="isHoAllowed">true</attr>
  </mo>
  <mo fdn="SubNetwork=ONRM_RootMo_R,MeContext=LTE03ERBS00020,ManagedElement=1,ENodeBFunction=1,EUtranCellFDD=LTE03ERBS00020-2,EUtranFreqRelation=2,EUtranCellRelation=32" lastModified="1287507108770" mimName="ERBS_NODE_MODEL" mimVersion="A.9.50.J.9.1">
    <attr name="isRemoveAllowed">false</attr>
    <attr name="neighborCellRef">SubNetwork=ONRM_RootMo_R,MeContext=LTE03ERBS00020,ManagedElement=1,ENodeBFunction=1,EUtraNetwork=1,ExternalENodeBFunction=352,ExternalEUtranCellFDD=1</attr>
    <attr name="anrCreated">false</attr>
    <attr name="isHoAllowed">true</attr>
  </mo>
  <mo fdn="SubNetwork=ONRM_RootMo_R,MeContext=LTE03ERBS00020,ManagedElement=1,ENodeBFunction=1,EUtranCellFDD=LTE03ERBS00020-2,EUtranFreqRelation=2,EUtranCellRelation=33" lastModified="1287507108779" mimName="ERBS_NODE_MODEL" mimVersion="A.9.50.J.9.1">
    <attr name="isRemoveAllowed">false</attr>
    <attr name="neighborCellRef">SubNetwork=ONRM_RootMo_R,MeContext=LTE03ERBS00020,ManagedElement=1,ENodeBFunction=1,EUtraNetwork=1,ExternalENodeBFunction=352,ExternalEUtranCellFDD=2</attr>
    <attr name="anrCreated">false</attr>
    <attr name="isHoAllowed">true</attr>
  </mo>
  <mo fdn="SubNetwork=ONRM_RootMo_R,MeContext=LTE03ERBS00020,ManagedElement=1,ENodeBFunction=1,EUtranCellFDD=LTE03ERBS00020-2,EUtranFreqRelation=2,EUtranCellRelation=6" lastModified="1287507108780" mimName="ERBS_NODE_MODEL" mimVersion="A.9.50.J.9.1">
    <attr name="isRemoveAllowed">false</attr>
    <attr name="neighborCellRef">SubNetwork=ONRM_RootMo_R,MeContext=LTE03ERBS00020,ManagedElement=1,ENodeBFunction=1,EUtraNetwork=1,ExternalENodeBFunction=338,ExternalEUtranCellFDD=1</attr>
    <attr name="anrCreated">false</attr>
    <attr name="isHoAllowed">true</attr>
  </mo>
  <mo fdn="SubNetwork=ONRM_RootMo_R,MeContext=LTE03ERBS00020,ManagedElement=1,ENodeBFunction=1,EUtranCellFDD=LTE03ERBS00020-2,EUtranFreqRelation=2,EUtranCellRelation=7" lastModified="1287507108781" mimName="ERBS_NODE_MODEL" mimVersion="A.9.50.J.9.1">
    <attr name="isRemoveAllowed">false</attr>
    <attr name="neighborCellRef">SubNetwork=ONRM_RootMo_R,MeContext=LTE03ERBS00020,ManagedElement=1,ENodeBFunction=1,EUtraNetwork=1,ExternalENodeBFunction=338,ExternalEUtranCellFDD=2</attr>
    <attr name="anrCreated">false</attr>
    <attr name="isHoAllowed">true</attr>
  </mo>
  <mo fdn="SubNetwork=ONRM_RootMo_R,MeContext=LTE03ERBS00020,ManagedElement=1,ENodeBFunction=1,EUtranCellFDD=LTE03ERBS00020-3" lastModified="1287519716595" mimName="ERBS_NODE_MODEL" mimVersion="A.9.50.J.9.1">
    <attr name="EUtranCellFDDId">LTE03ERBS00020-3</attr>
    <attr name="earfcnul">18000</attr>
    <attr name="cellId">3</attr>
    <attr name="tac">48906</attr>
    <attr name="bPlmnList">
      <seq count="1">
        <item>
          <struct>
            <attr name="mcc">311</attr>
            <attr name="mnc">480</attr>
            <attr name="mncLength">2</attr>
          </struct>
        </item>
      </seq>
    </attr>
    <attr name="earfcndl">0</attr>
    <attr name="userLabel">LTE03ERBS00020-3</attr>
  </mo>
  <mo fdn="SubNetwork=ONRM_RootMo_R,MeContext=LTE03ERBS00020,ManagedElement=1,ENodeBFunction=1,EUtranCellFDD=LTE03ERBS00020-3,EUtranFreqRelation=1,EUtranCellRelation=10" lastModified="1287507108540" mimName="ERBS_NODE_MODEL" mimVersion="A.9.50.J.9.1">
    <attr name="isRemoveAllowed">false</attr>
    <attr name="neighborCellRef">SubNetwork=ONRM_RootMo_R,MeContext=LTE03ERBS00020,ManagedElement=1,ENodeBFunction=1,EUtraNetwork=1,ExternalENodeBFunction=341,ExternalEUtranCellFDD=3</attr>
    <attr name="anrCreated">false</attr>
    <attr name="isHoAllowed">true</attr>
  </mo>
  <mo fdn="SubNetwork=ONRM_RootMo_R,MeContext=LTE03ERBS00020,ManagedElement=1,ENodeBFunction=1,EUtranCellFDD=LTE03ERBS00020-3,EUtranFreqRelation=1,EUtranCellRelation=11" lastModified="1287507108539" mimName="ERBS_NODE_MODEL" mimVersion="A.9.50.J.9.1">
    <attr name="isRemoveAllowed">false</attr>
    <attr name="neighborCellRef">SubNetwork=ONRM_RootMo_R,MeContext=LTE03ERBS00020,ManagedElement=1,ENodeBFunction=1,EUtraNetwork=1,ExternalENodeBFunction=341,ExternalEUtranCellFDD=4</attr>
    <attr name="anrCreated">false</attr>
    <attr name="isHoAllowed">true</attr>
  </mo>
  <mo fdn="SubNetwork=ONRM_RootMo_R,MeContext=LTE03ERBS00020,ManagedElement=1,ENodeBFunction=1,EUtranCellFDD=LTE03ERBS00020-3,EUtranFreqRelation=1,EUtranCellRelation=14" lastModified="1287507108534" mimName="ERBS_NODE_MODEL" mimVersion="A.9.50.J.9.1">
    <attr name="isRemoveAllowed">false</attr>
    <attr name="neighborCellRef">SubNetwork=ONRM_RootMo_R,MeContext=LTE03ERBS00020,ManagedElement=1,ENodeBFunction=1,EUtraNetwork=1,ExternalENodeBFunction=343,ExternalEUtranCellFDD=3</attr>
    <attr name="anrCreated">false</attr>
    <attr name="isHoAllowed">true</attr>
  </mo>
  <mo fdn="SubNetwork=ONRM_RootMo_R,MeContext=LTE03ERBS00020,ManagedElement=1,ENodeBFunction=1,EUtranCellFDD=LTE03ERBS00020-3,EUtranFreqRelation=1,EUtranCellRelation=15" lastModified="1287507108547" mimName="ERBS_NODE_MODEL" mimVersion="A.9.50.J.9.1">
    <attr name="isRemoveAllowed">false</attr>
    <attr name="neighborCellRef">SubNetwork=ONRM_RootMo_R,MeContext=LTE03ERBS00020,ManagedElement=1,ENodeBFunction=1,EUtraNetwork=1,ExternalENodeBFunction=343,ExternalEUtranCellFDD=4</attr>
    <attr name="anrCreated">false</attr>
    <attr name="isHoAllowed">true</attr>
  </mo>
  <mo fdn="SubNetwork=ONRM_RootMo_R,MeContext=LTE03ERBS00020,ManagedElement=1,ENodeBFunction=1,EUtranCellFDD=LTE03ERBS00020-3,EUtranFreqRelation=1,EUtranCellRelation=18" lastModified="1287507108543" mimName="ERBS_NODE_MODEL" mimVersion="A.9.50.J.9.1">
    <attr name="isRemoveAllowed">false</attr>
    <attr name="neighborCellRef">SubNetwork=ONRM_RootMo_R,MeContext=LTE03ERBS00020,ManagedElement=1,ENodeBFunction=1,EUtraNetwork=1,ExternalENodeBFunction=345,ExternalEUtranCellFDD=3</attr>
    <attr name="anrCreated">false</attr>
    <attr name="isHoAllowed">true</attr>
  </mo>
  <mo fdn="SubNetwork=ONRM_RootMo_R,MeContext=LTE03ERBS00020,ManagedElement=1,ENodeBFunction=1,EUtranCellFDD=LTE03ERBS00020-3,EUtranFreqRelation=1,EUtranCellRelation=19" lastModified="1287507108542" mimName="ERBS_NODE_MODEL" mimVersion="A.9.50.J.9.1">
    <attr name="isRemoveAllowed">false</attr>
    <attr name="neighborCellRef">SubNetwork=ONRM_RootMo_R,MeContext=LTE03ERBS00020,ManagedElement=1,ENodeBFunction=1,EUtraNetwork=1,ExternalENodeBFunction=345,ExternalEUtranCellFDD=4</attr>
    <attr name="anrCreated">false</attr>
    <attr name="isHoAllowed">true</attr>
  </mo>
  <mo fdn="SubNetwork=ONRM_RootMo_R,MeContext=LTE03ERBS00020,ManagedElement=1,ENodeBFunction=1,EUtranCellFDD=LTE03ERBS00020-3,EUtranFreqRelation=1,EUtranCellRelation=22" lastModified="1287507108536" mimName="ERBS_NODE_MODEL" mimVersion="A.9.50.J.9.1">
    <attr name="isRemoveAllowed">false</attr>
    <attr name="neighborCellRef">SubNetwork=ONRM_RootMo_R,MeContext=LTE03ERBS00020,ManagedElement=1,ENodeBFunction=1,EUtraNetwork=1,ExternalENodeBFunction=347,ExternalEUtranCellFDD=3</attr>
    <attr name="anrCreated">false</attr>
    <attr name="isHoAllowed">true</attr>
  </mo>
  <mo fdn="SubNetwork=ONRM_RootMo_R,MeContext=LTE03ERBS00020,ManagedElement=1,ENodeBFunction=1,EUtranCellFDD=LTE03ERBS00020-3,EUtranFreqRelation=1,EUtranCellRelation=23" lastModified="1287507108535" mimName="ERBS_NODE_MODEL" mimVersion="A.9.50.J.9.1">
    <attr name="isRemoveAllowed">false</attr>
    <attr name="neighborCellRef">SubNetwork=ONRM_RootMo_R,MeContext=LTE03ERBS00020,ManagedElement=1,ENodeBFunction=1,EUtraNetwork=1,ExternalENodeBFunction=347,ExternalEUtranCellFDD=4</attr>
    <attr name="anrCreated">false</attr>
    <attr name="isHoAllowed">true</attr>
  </mo>
  <mo fdn="SubNetwork=ONRM_RootMo_R,MeContext=LTE03ERBS00020,ManagedElement=1,ENodeBFunction=1,EUtranCellFDD=LTE03ERBS00020-3,EUtranFreqRelation=1,EUtranCellRelation=26" lastModified="1287507108545" mimName="ERBS_NODE_MODEL" mimVersion="A.9.50.J.9.1">
    <attr name="isRemoveAllowed">false</attr>
    <attr name="neighborCellRef">SubNetwork=ONRM_RootMo_R,MeContext=LTE03ERBS00020,ManagedElement=1,ENodeBFunction=1,EUtraNetwork=1,ExternalENodeBFunction=349,ExternalEUtranCellFDD=3</attr>
    <attr name="anrCreated">false</attr>
    <attr name="isHoAllowed">true</attr>
  </mo>
  <mo fdn="SubNetwork=ONRM_RootMo_R,MeContext=LTE03ERBS00020,ManagedElement=1,ENodeBFunction=1,EUtranCellFDD=LTE03ERBS00020-3,EUtranFreqRelation=1,EUtranCellRelation=27" lastModified="1287507108544" mimName="ERBS_NODE_MODEL" mimVersion="A.9.50.J.9.1">
    <attr name="isRemoveAllowed">false</attr>
    <attr name="neighborCellRef">SubNetwork=ONRM_RootMo_R,MeContext=LTE03ERBS00020,ManagedElement=1,ENodeBFunction=1,EUtraNetwork=1,ExternalENodeBFunction=349,ExternalEUtranCellFDD=4</attr>
    <attr name="anrCreated">false</attr>
    <attr name="isHoAllowed">true</attr>
  </mo>
  <mo fdn="SubNetwork=ONRM_RootMo_R,MeContext=LTE03ERBS00020,ManagedElement=1,ENodeBFunction=1,EUtranCellFDD=LTE03ERBS00020-3,EUtranFreqRelation=1,EUtranCellRelation=30" lastModified="1287507108538" mimName="ERBS_NODE_MODEL" mimVersion="A.9.50.J.9.1">
    <attr name="isRemoveAllowed">false</attr>
    <attr name="neighborCellRef">SubNetwork=ONRM_RootMo_R,MeContext=LTE03ERBS00020,ManagedElement=1,ENodeBFunction=1,EUtraNetwork=1,ExternalENodeBFunction=351,ExternalEUtranCellFDD=3</attr>
    <attr name="anrCreated">false</attr>
    <attr name="isHoAllowed">true</attr>
  </mo>
  <mo fdn="SubNetwork=ONRM_RootMo_R,MeContext=LTE03ERBS00020,ManagedElement=1,ENodeBFunction=1,EUtranCellFDD=LTE03ERBS00020-3,EUtranFreqRelation=1,EUtranCellRelation=31" lastModified="1287507108537" mimName="ERBS_NODE_MODEL" mimVersion="A.9.50.J.9.1">
    <attr name="isRemoveAllowed">false</attr>
    <attr name="neighborCellRef">SubNetwork=ONRM_RootMo_R,MeContext=LTE03ERBS00020,ManagedElement=1,ENodeBFunction=1,EUtraNetwork=1,ExternalENodeBFunction=351,ExternalEUtranCellFDD=4</attr>
    <attr name="anrCreated">false</attr>
    <attr name="isHoAllowed">true</attr>
  </mo>
  <mo fdn="SubNetwork=ONRM_RootMo_R,MeContext=LTE03ERBS00020,ManagedElement=1,ENodeBFunction=1,EUtranCellFDD=LTE03ERBS00020-3,EUtranFreqRelation=1,EUtranCellRelation=4" lastModified="1287507108546" mimName="ERBS_NODE_MODEL" mimVersion="A.9.50.J.9.1">
    <attr name="isRemoveAllowed">false</attr>
    <attr name="neighborCellRef">SubNetwork=ONRM_RootMo_R,MeContext=LTE03ERBS00020,ManagedElement=1,ENodeBFunction=1,EUtraNetwork=1,ExternalENodeBFunction=337,ExternalEUtranCellFDD=3</attr>
    <attr name="anrCreated">false</attr>
    <attr name="isHoAllowed">true</attr>
  </mo>
  <mo fdn="SubNetwork=ONRM_RootMo_R,MeContext=LTE03ERBS00020,ManagedElement=1,ENodeBFunction=1,EUtranCellFDD=LTE03ERBS00020-3,EUtranFreqRelation=1,EUtranCellRelation=5" lastModified="1287507108547" mimName="ERBS_NODE_MODEL" mimVersion="A.9.50.J.9.1">
    <attr name="isRemoveAllowed">false</attr>
    <attr name="neighborCellRef">SubNetwork=ONRM_RootMo_R,MeContext=LTE03ERBS00020,ManagedElement=1,ENodeBFunction=1,EUtraNetwork=1,ExternalENodeBFunction=337,ExternalEUtranCellFDD=4</attr>
    <attr name="anrCreated">false</attr>
    <attr name="isHoAllowed">true</attr>
  </mo>
  <mo fdn="SubNetwork=ONRM_RootMo_R,MeContext=LTE03ERBS00020,ManagedElement=1,ENodeBFunction=1,EUtranCellFDD=LTE03ERBS00020-3,EUtranFreqRelation=1,EUtranCellRelation=8" lastModified="1287507108541" mimName="ERBS_NODE_MODEL" mimVersion="A.9.50.J.9.1">
    <attr name="isRemoveAllowed">false</attr>
    <attr name="neighborCellRef">SubNetwork=ONRM_RootMo_R,MeContext=LTE03ERBS00020,ManagedElement=1,ENodeBFunction=1,EUtraNetwork=1,ExternalENodeBFunction=339,ExternalEUtranCellFDD=3</attr>
    <attr name="anrCreated">false</attr>
    <attr name="isHoAllowed">true</attr>
  </mo>
  <mo fdn="SubNetwork=ONRM_RootMo_R,MeContext=LTE03ERBS00020,ManagedElement=1,ENodeBFunction=1,EUtranCellFDD=LTE03ERBS00020-3,EUtranFreqRelation=1,EUtranCellRelation=9" lastModified="1287507108541" mimName="ERBS_NODE_MODEL" mimVersion="A.9.50.J.9.1">
    <attr name="isRemoveAllowed">false</attr>
    <attr name="neighborCellRef">SubNetwork=ONRM_RootMo_R,MeContext=LTE03ERBS00020,ManagedElement=1,ENodeBFunction=1,EUtraNetwork=1,ExternalENodeBFunction=339,ExternalEUtranCellFDD=4</attr>
    <attr name="anrCreated">false</attr>
    <attr name="isHoAllowed">true</attr>
  </mo>
  <mo fdn="SubNetwork=ONRM_RootMo_R,MeContext=LTE03ERBS00020,ManagedElement=1,ENodeBFunction=1,EUtranCellFDD=LTE03ERBS00020-3,EUtranFreqRelation=2,EUtranCellRelation=1" lastModified="1287501929197" mimName="ERBS_NODE_MODEL" mimVersion="A.9.50.J.9.1">
    <attr name="isRemoveAllowed">false</attr>
    <attr name="neighborCellRef">SubNetwork=ONRM_RootMo_R,MeContext=LTE03ERBS00020,ManagedElement=1,ENodeBFunction=1,EUtranCellFDD=LTE03ERBS00020-1</attr>
    <attr name="anrCreated">false</attr>
    <attr name="isHoAllowed">true</attr>
  </mo>
  <mo fdn="SubNetwork=ONRM_RootMo_R,MeContext=LTE03ERBS00020,ManagedElement=1,ENodeBFunction=1,EUtranCellFDD=LTE03ERBS00020-3,EUtranFreqRelation=2,EUtranCellRelation=12" lastModified="1287507108519" mimName="ERBS_NODE_MODEL" mimVersion="A.9.50.J.9.1">
    <attr name="isRemoveAllowed">false</attr>
    <attr name="neighborCellRef">SubNetwork=ONRM_RootMo_R,MeContext=LTE03ERBS00020,ManagedElement=1,ENodeBFunction=1,EUtraNetwork=1,ExternalENodeBFunction=342,ExternalEUtranCellFDD=3</attr>
    <attr name="anrCreated">false</attr>
    <attr name="isHoAllowed">true</attr>
  </mo>
  <mo fdn="SubNetwork=ONRM_RootMo_R,MeContext=LTE03ERBS00020,ManagedElement=1,ENodeBFunction=1,EUtranCellFDD=LTE03ERBS00020-3,EUtranFreqRelation=2,EUtranCellRelation=13" lastModified="1287507108517" mimName="ERBS_NODE_MODEL" mimVersion="A.9.50.J.9.1">
    <attr name="isRemoveAllowed">false</attr>
    <attr name="neighborCellRef">SubNetwork=ONRM_RootMo_R,MeContext=LTE03ERBS00020,ManagedElement=1,ENodeBFunction=1,EUtraNetwork=1,ExternalENodeBFunction=342,ExternalEUtranCellFDD=4</attr>
    <attr name="anrCreated">false</attr>
    <attr name="isHoAllowed">true</attr>
  </mo>
  <mo fdn="SubNetwork=ONRM_RootMo_R,MeContext=LTE03ERBS00020,ManagedElement=1,ENodeBFunction=1,EUtranCellFDD=LTE03ERBS00020-3,EUtranFreqRelation=2,EUtranCellRelation=16" lastModified="1287507108528" mimName="ERBS_NODE_MODEL" mimVersion="A.9.50.J.9.1">
    <attr name="isRemoveAllowed">false</attr>
    <attr name="neighborCellRef">SubNetwork=ONRM_RootMo_R,MeContext=LTE03ERBS00020,ManagedElement=1,ENodeBFunction=1,EUtraNetwork=1,ExternalENodeBFunction=344,ExternalEUtranCellFDD=3</attr>
    <attr name="anrCreated">false</attr>
    <attr name="isHoAllowed">true</attr>
  </mo>
  <mo fdn="SubNetwork=ONRM_RootMo_R,MeContext=LTE03ERBS00020,ManagedElement=1,ENodeBFunction=1,EUtranCellFDD=LTE03ERBS00020-3,EUtranFreqRelation=2,EUtranCellRelation=17" lastModified="1287507108525" mimName="ERBS_NODE_MODEL" mimVersion="A.9.50.J.9.1">
    <attr name="isRemoveAllowed">false</attr>
    <attr name="neighborCellRef">SubNetwork=ONRM_RootMo_R,MeContext=LTE03ERBS00020,ManagedElement=1,ENodeBFunction=1,EUtraNetwork=1,ExternalENodeBFunction=344,ExternalEUtranCellFDD=4</attr>
    <attr name="anrCreated">false</attr>
    <attr name="isHoAllowed">true</attr>
  </mo>
  <mo fdn="SubNetwork=ONRM_RootMo_R,MeContext=LTE03ERBS00020,ManagedElement=1,ENodeBFunction=1,EUtranCellFDD=LTE03ERBS00020-3,EUtranFreqRelation=2,EUtranCellRelation=2" lastModified="1287501929195" mimName="ERBS_NODE_MODEL" mimVersion="A.9.50.J.9.1">
    <attr name="isRemoveAllowed">false</attr>
    <attr name="neighborCellRef">SubNetwork=ONRM_RootMo_R,MeContext=LTE03ERBS00020,ManagedElement=1,ENodeBFunction=1,EUtranCellFDD=LTE03ERBS00020-2</attr>
    <attr name="anrCreated">false</attr>
    <attr name="isHoAllowed">true</attr>
  </mo>
  <mo fdn="SubNetwork=ONRM_RootMo_R,MeContext=LTE03ERBS00020,ManagedElement=1,ENodeBFunction=1,EUtranCellFDD=LTE03ERBS00020-3,EUtranFreqRelation=2,EUtranCellRelation=20" lastModified="1287507108522" mimName="ERBS_NODE_MODEL" mimVersion="A.9.50.J.9.1">
    <attr name="isRemoveAllowed">false</attr>
    <attr name="neighborCellRef">SubNetwork=ONRM_RootMo_R,MeContext=LTE03ERBS00020,ManagedElement=1,ENodeBFunction=1,EUtraNetwork=1,ExternalENodeBFunction=346,ExternalEUtranCellFDD=3</attr>
    <attr name="anrCreated">false</attr>
    <attr name="isHoAllowed">true</attr>
  </mo>
  <mo fdn="SubNetwork=ONRM_RootMo_R,MeContext=LTE03ERBS00020,ManagedElement=1,ENodeBFunction=1,EUtranCellFDD=LTE03ERBS00020-3,EUtranFreqRelation=2,EUtranCellRelation=21" lastModified="1287507108521" mimName="ERBS_NODE_MODEL" mimVersion="A.9.50.J.9.1">
    <attr name="isRemoveAllowed">false</attr>
    <attr name="neighborCellRef">SubNetwork=ONRM_RootMo_R,MeContext=LTE03ERBS00020,ManagedElement=1,ENodeBFunction=1,EUtraNetwork=1,ExternalENodeBFunction=346,ExternalEUtranCellFDD=4</attr>
    <attr name="anrCreated">false</attr>
    <attr name="isHoAllowed">true</attr>
  </mo>
  <mo fdn="SubNetwork=ONRM_RootMo_R,MeContext=LTE03ERBS00020,ManagedElement=1,ENodeBFunction=1,EUtranCellFDD=LTE03ERBS00020-3,EUtranFreqRelation=2,EUtranCellRelation=24" lastModified="1287507108520" mimName="ERBS_NODE_MODEL" mimVersion="A.9.50.J.9.1">
    <attr name="isRemoveAllowed">false</attr>
    <attr name="neighborCellRef">SubNetwork=ONRM_RootMo_R,MeContext=LTE03ERBS00020,ManagedElement=1,ENodeBFunction=1,EUtraNetwork=1,ExternalENodeBFunction=348,ExternalEUtranCellFDD=3</attr>
    <attr name="anrCreated">false</attr>
    <attr name="isHoAllowed">true</attr>
  </mo>
  <mo fdn="SubNetwork=ONRM_RootMo_R,MeContext=LTE03ERBS00020,ManagedElement=1,ENodeBFunction=1,EUtranCellFDD=LTE03ERBS00020-3,EUtranFreqRelation=2,EUtranCellRelation=25" lastModified="1287507108518" mimName="ERBS_NODE_MODEL" mimVersion="A.9.50.J.9.1">
    <attr name="isRemoveAllowed">false</attr>
    <attr name="neighborCellRef">SubNetwork=ONRM_RootMo_R,MeContext=LTE03ERBS00020,ManagedElement=1,ENodeBFunction=1,EUtraNetwork=1,ExternalENodeBFunction=348,ExternalEUtranCellFDD=4</attr>
    <attr name="anrCreated">false</attr>
    <attr name="isHoAllowed">true</attr>
  </mo>
  <mo fdn="SubNetwork=ONRM_RootMo_R,MeContext=LTE03ERBS00020,ManagedElement=1,ENodeBFunction=1,EUtranCellFDD=LTE03ERBS00020-3,EUtranFreqRelation=2,EUtranCellRelation=28" lastModified="1287507108529" mimName="ERBS_NODE_MODEL" mimVersion="A.9.50.J.9.1">
    <attr name="isRemoveAllowed">false</attr>
    <attr name="neighborCellRef">SubNetwork=ONRM_RootMo_R,MeContext=LTE03ERBS00020,ManagedElement=1,ENodeBFunction=1,EUtraNetwork=1,ExternalENodeBFunction=350,ExternalEUtranCellFDD=3</attr>
    <attr name="anrCreated">false</attr>
    <attr name="isHoAllowed">true</attr>
  </mo>
  <mo fdn="SubNetwork=ONRM_RootMo_R,MeContext=LTE03ERBS00020,ManagedElement=1,ENodeBFunction=1,EUtranCellFDD=LTE03ERBS00020-3,EUtranFreqRelation=2,EUtranCellRelation=29" lastModified="1287507108528" mimName="ERBS_NODE_MODEL" mimVersion="A.9.50.J.9.1">
    <attr name="isRemoveAllowed">false</attr>
    <attr name="neighborCellRef">SubNetwork=ONRM_RootMo_R,MeContext=LTE03ERBS00020,ManagedElement=1,ENodeBFunction=1,EUtraNetwork=1,ExternalENodeBFunction=350,ExternalEUtranCellFDD=4</attr>
    <attr name="anrCreated">false</attr>
    <attr name="isHoAllowed">true</attr>
  </mo>
  <mo fdn="SubNetwork=ONRM_RootMo_R,MeContext=LTE03ERBS00020,ManagedElement=1,ENodeBFunction=1,EUtranCellFDD=LTE03ERBS00020-3,EUtranFreqRelation=2,EUtranCellRelation=3" lastModified="1287501929192" mimName="ERBS_NODE_MODEL" mimVersion="A.9.50.J.9.1">
    <attr name="isRemoveAllowed">false</attr>
    <attr name="neighborCellRef">SubNetwork=ONRM_RootMo_R,MeContext=LTE03ERBS00020,ManagedElement=1,ENodeBFunction=1,EUtranCellFDD=LTE03ERBS00020-4</attr>
    <attr name="anrCreated">false</attr>
    <attr name="isHoAllowed">true</attr>
  </mo>
  <mo fdn="SubNetwork=ONRM_RootMo_R,MeContext=LTE03ERBS00020,ManagedElement=1,ENodeBFunction=1,EUtranCellFDD=LTE03ERBS00020-3,EUtranFreqRelation=2,EUtranCellRelation=32" lastModified="1287507108516" mimName="ERBS_NODE_MODEL" mimVersion="A.9.50.J.9.1">
    <attr name="isRemoveAllowed">false</attr>
    <attr name="neighborCellRef">SubNetwork=ONRM_RootMo_R,MeContext=LTE03ERBS00020,ManagedElement=1,ENodeBFunction=1,EUtraNetwork=1,ExternalENodeBFunction=352,ExternalEUtranCellFDD=3</attr>
    <attr name="anrCreated">false</attr>
    <attr name="isHoAllowed">true</attr>
  </mo>
  <mo fdn="SubNetwork=ONRM_RootMo_R,MeContext=LTE03ERBS00020,ManagedElement=1,ENodeBFunction=1,EUtranCellFDD=LTE03ERBS00020-3,EUtranFreqRelation=2,EUtranCellRelation=33" lastModified="1287507108523" mimName="ERBS_NODE_MODEL" mimVersion="A.9.50.J.9.1">
    <attr name="isRemoveAllowed">false</attr>
    <attr name="neighborCellRef">SubNetwork=ONRM_RootMo_R,MeContext=LTE03ERBS00020,ManagedElement=1,ENodeBFunction=1,EUtraNetwork=1,ExternalENodeBFunction=352,ExternalEUtranCellFDD=4</attr>
    <attr name="anrCreated">false</attr>
    <attr name="isHoAllowed">true</attr>
  </mo>
  <mo fdn="SubNetwork=ONRM_RootMo_R,MeContext=LTE03ERBS00020,ManagedElement=1,ENodeBFunction=1,EUtranCellFDD=LTE03ERBS00020-3,EUtranFreqRelation=2,EUtranCellRelation=6" lastModified="1287507108524" mimName="ERBS_NODE_MODEL" mimVersion="A.9.50.J.9.1">
    <attr name="isRemoveAllowed">false</attr>
    <attr name="neighborCellRef">SubNetwork=ONRM_RootMo_R,MeContext=LTE03ERBS00020,ManagedElement=1,ENodeBFunction=1,EUtraNetwork=1,ExternalENodeBFunction=338,ExternalEUtranCellFDD=3</attr>
    <attr name="anrCreated">false</attr>
    <attr name="isHoAllowed">true</attr>
  </mo>
  <mo fdn="SubNetwork=ONRM_RootMo_R,MeContext=LTE03ERBS00020,ManagedElement=1,ENodeBFunction=1,EUtranCellFDD=LTE03ERBS00020-3,EUtranFreqRelation=2,EUtranCellRelation=7" lastModified="1287507108527" mimName="ERBS_NODE_MODEL" mimVersion="A.9.50.J.9.1">
    <attr name="isRemoveAllowed">false</attr>
    <attr name="neighborCellRef">SubNetwork=ONRM_RootMo_R,MeContext=LTE03ERBS00020,ManagedElement=1,ENodeBFunction=1,EUtraNetwork=1,ExternalENodeBFunction=338,ExternalEUtranCellFDD=4</attr>
    <attr name="anrCreated">false</attr>
    <attr name="isHoAllowed">true</attr>
  </mo>
  <mo fdn="SubNetwork=ONRM_RootMo_R,MeContext=LTE03ERBS00020,ManagedElement=1,ENodeBFunction=1,EUtranCellFDD=LTE03ERBS00020-4" lastModified="1287519715286" mimName="ERBS_NODE_MODEL" mimVersion="A.9.50.J.9.1">
    <attr name="EUtranCellFDDId">LTE03ERBS00020-4</attr>
    <attr name="earfcnul">18000</attr>
    <attr name="cellId">4</attr>
    <attr name="tac">1</attr>
    <attr name="bPlmnList">
      <seq count="1">
        <item>
          <struct>
            <attr name="mcc">311</attr>
            <attr name="mnc">480</attr>
            <attr name="mncLength">2</attr>
          </struct>
        </item>
      </seq>
    </attr>
    <attr name="earfcndl">0</attr>
    <attr name="userLabel">LTE03ERBS00020-4</attr>
  </mo>
  <mo fdn="SubNetwork=ONRM_RootMo_R,MeContext=LTE03ERBS00020,ManagedElement=1,ENodeBFunction=1,EUtranCellFDD=LTE03ERBS00020-4,EUtranFreqRelation=1,EUtranCellRelation=10" lastModified="1287507108286" mimName="ERBS_NODE_MODEL" mimVersion="A.9.50.J.9.1">
    <attr name="isRemoveAllowed">false</attr>
    <attr name="neighborCellRef">SubNetwork=ONRM_RootMo_R,MeContext=LTE03ERBS00020,ManagedElement=1,ENodeBFunction=1,EUtraNetwork=1,ExternalENodeBFunction=341,ExternalEUtranCellFDD=3</attr>
    <attr name="anrCreated">false</attr>
    <attr name="isHoAllowed">true</attr>
  </mo>
  <mo fdn="SubNetwork=ONRM_RootMo_R,MeContext=LTE03ERBS00020,ManagedElement=1,ENodeBFunction=1,EUtranCellFDD=LTE03ERBS00020-4,EUtranFreqRelation=1,EUtranCellRelation=11" lastModified="1287507108286" mimName="ERBS_NODE_MODEL" mimVersion="A.9.50.J.9.1">
    <attr name="isRemoveAllowed">false</attr>
    <attr name="neighborCellRef">SubNetwork=ONRM_RootMo_R,MeContext=LTE03ERBS00020,ManagedElement=1,ENodeBFunction=1,EUtraNetwork=1,ExternalENodeBFunction=341,ExternalEUtranCellFDD=4</attr>
    <attr name="anrCreated">false</attr>
    <attr name="isHoAllowed">true</attr>
  </mo>
  <mo fdn="SubNetwork=ONRM_RootMo_R,MeContext=LTE03ERBS00020,ManagedElement=1,ENodeBFunction=1,EUtranCellFDD=LTE03ERBS00020-4,EUtranFreqRelation=1,EUtranCellRelation=14" lastModified="1287507108282" mimName="ERBS_NODE_MODEL" mimVersion="A.9.50.J.9.1">
    <attr name="isRemoveAllowed">false</attr>
    <attr name="neighborCellRef">SubNetwork=ONRM_RootMo_R,MeContext=LTE03ERBS00020,ManagedElement=1,ENodeBFunction=1,EUtraNetwork=1,ExternalENodeBFunction=343,ExternalEUtranCellFDD=3</attr>
    <attr name="anrCreated">false</attr>
    <attr name="isHoAllowed">true</attr>
  </mo>
  <mo fdn="SubNetwork=ONRM_RootMo_R,MeContext=LTE03ERBS00020,ManagedElement=1,ENodeBFunction=1,EUtranCellFDD=LTE03ERBS00020-4,EUtranFreqRelation=1,EUtranCellRelation=15" lastModified="1287507108292" mimName="ERBS_NODE_MODEL" mimVersion="A.9.50.J.9.1">
    <attr name="isRemoveAllowed">false</attr>
    <attr name="neighborCellRef">SubNetwork=ONRM_RootMo_R,MeContext=LTE03ERBS00020,ManagedElement=1,ENodeBFunction=1,EUtraNetwork=1,ExternalENodeBFunction=343,ExternalEUtranCellFDD=4</attr>
    <attr name="anrCreated">false</attr>
    <attr name="isHoAllowed">true</attr>
  </mo>
  <mo fdn="SubNetwork=ONRM_RootMo_R,MeContext=LTE03ERBS00020,ManagedElement=1,ENodeBFunction=1,EUtranCellFDD=LTE03ERBS00020-4,EUtranFreqRelation=1,EUtranCellRelation=18" lastModified="1287507108289" mimName="ERBS_NODE_MODEL" mimVersion="A.9.50.J.9.1">
    <attr name="isRemoveAllowed">false</attr>
    <attr name="neighborCellRef">SubNetwork=ONRM_RootMo_R,MeContext=LTE03ERBS00020,ManagedElement=1,ENodeBFunction=1,EUtraNetwork=1,ExternalENodeBFunction=345,ExternalEUtranCellFDD=3</attr>
    <attr name="anrCreated">false</attr>
    <attr name="isHoAllowed">true</attr>
  </mo>
  <mo fdn="SubNetwork=ONRM_RootMo_R,MeContext=LTE03ERBS00020,ManagedElement=1,ENodeBFunction=1,EUtranCellFDD=LTE03ERBS00020-4,EUtranFreqRelation=1,EUtranCellRelation=19" lastModified="1287507108289" mimName="ERBS_NODE_MODEL" mimVersion="A.9.50.J.9.1">
    <attr name="isRemoveAllowed">false</attr>
    <attr name="neighborCellRef">SubNetwork=ONRM_RootMo_R,MeContext=LTE03ERBS00020,ManagedElement=1,ENodeBFunction=1,EUtraNetwork=1,ExternalENodeBFunction=345,ExternalEUtranCellFDD=4</attr>
    <attr name="anrCreated">false</attr>
    <attr name="isHoAllowed">true</attr>
  </mo>
  <mo fdn="SubNetwork=ONRM_RootMo_R,MeContext=LTE03ERBS00020,ManagedElement=1,ENodeBFunction=1,EUtranCellFDD=LTE03ERBS00020-4,EUtranFreqRelation=1,EUtranCellRelation=22" lastModified="1287507108283" mimName="ERBS_NODE_MODEL" mimVersion="A.9.50.J.9.1">
    <attr name="isRemoveAllowed">false</attr>
    <attr name="neighborCellRef">SubNetwork=ONRM_RootMo_R,MeContext=LTE03ERBS00020,ManagedElement=1,ENodeBFunction=1,EUtraNetwork=1,ExternalENodeBFunction=347,ExternalEUtranCellFDD=3</attr>
    <attr name="anrCreated">false</attr>
    <attr name="isHoAllowed">true</attr>
  </mo>
  <mo fdn="SubNetwork=ONRM_RootMo_R,MeContext=LTE03ERBS00020,ManagedElement=1,ENodeBFunction=1,EUtranCellFDD=LTE03ERBS00020-4,EUtranFreqRelation=1,EUtranCellRelation=23" lastModified="1287507108282" mimName="ERBS_NODE_MODEL" mimVersion="A.9.50.J.9.1">
    <attr name="isRemoveAllowed">false</attr>
    <attr name="neighborCellRef">SubNetwork=ONRM_RootMo_R,MeContext=LTE03ERBS00020,ManagedElement=1,ENodeBFunction=1,EUtraNetwork=1,ExternalENodeBFunction=347,ExternalEUtranCellFDD=4</attr>
    <attr name="anrCreated">false</attr>
    <attr name="isHoAllowed">true</attr>
  </mo>
  <mo fdn="SubNetwork=ONRM_RootMo_R,MeContext=LTE03ERBS00020,ManagedElement=1,ENodeBFunction=1,EUtranCellFDD=LTE03ERBS00020-4,EUtranFreqRelation=1,EUtranCellRelation=26" lastModified="1287507108291" mimName="ERBS_NODE_MODEL" mimVersion="A.9.50.J.9.1">
    <attr name="isRemoveAllowed">false</attr>
    <attr name="neighborCellRef">SubNetwork=ONRM_RootMo_R,MeContext=LTE03ERBS00020,ManagedElement=1,ENodeBFunction=1,EUtraNetwork=1,ExternalENodeBFunction=349,ExternalEUtranCellFDD=3</attr>
    <attr name="anrCreated">false</attr>
    <attr name="isHoAllowed">true</attr>
  </mo>
  <mo fdn="SubNetwork=ONRM_RootMo_R,MeContext=LTE03ERBS00020,ManagedElement=1,ENodeBFunction=1,EUtranCellFDD=LTE03ERBS00020-4,EUtranFreqRelation=1,EUtranCellRelation=27" lastModified="1287507108290" mimName="ERBS_NODE_MODEL" mimVersion="A.9.50.J.9.1">
    <attr name="isRemoveAllowed">false</attr>
    <attr name="neighborCellRef">SubNetwork=ONRM_RootMo_R,MeContext=LTE03ERBS00020,ManagedElement=1,ENodeBFunction=1,EUtraNetwork=1,ExternalENodeBFunction=349,ExternalEUtranCellFDD=4</attr>
    <attr name="anrCreated">false</attr>
    <attr name="isHoAllowed">true</attr>
  </mo>
  <mo fdn="SubNetwork=ONRM_RootMo_R,MeContext=LTE03ERBS00020,ManagedElement=1,ENodeBFunction=1,EUtranCellFDD=LTE03ERBS00020-4,EUtranFreqRelation=1,EUtranCellRelation=30" lastModified="1287507108285" mimName="ERBS_NODE_MODEL" mimVersion="A.9.50.J.9.1">
    <attr name="isRemoveAllowed">false</attr>
    <attr name="neighborCellRef">SubNetwork=ONRM_RootMo_R,MeContext=LTE03ERBS00020,ManagedElement=1,ENodeBFunction=1,EUtraNetwork=1,ExternalENodeBFunction=351,ExternalEUtranCellFDD=3</attr>
    <attr name="anrCreated">false</attr>
    <attr name="isHoAllowed">true</attr>
  </mo>
  <mo fdn="SubNetwork=ONRM_RootMo_R,MeContext=LTE03ERBS00020,ManagedElement=1,ENodeBFunction=1,EUtranCellFDD=LTE03ERBS00020-4,EUtranFreqRelation=1,EUtranCellRelation=31" lastModified="1287507108284" mimName="ERBS_NODE_MODEL" mimVersion="A.9.50.J.9.1">
    <attr name="isRemoveAllowed">false</attr>
    <attr name="neighborCellRef">SubNetwork=ONRM_RootMo_R,MeContext=LTE03ERBS00020,ManagedElement=1,ENodeBFunction=1,EUtraNetwork=1,ExternalENodeBFunction=351,ExternalEUtranCellFDD=4</attr>
    <attr name="anrCreated">false</attr>
    <attr name="isHoAllowed">true</attr>
  </mo>
  <mo fdn="SubNetwork=ONRM_RootMo_R,MeContext=LTE03ERBS00020,ManagedElement=1,ENodeBFunction=1,EUtranCellFDD=LTE03ERBS00020-4,EUtranFreqRelation=1,EUtranCellRelation=4" lastModified="1287507108291" mimName="ERBS_NODE_MODEL" mimVersion="A.9.50.J.9.1">
    <attr name="isRemoveAllowed">false</attr>
    <attr name="neighborCellRef">SubNetwork=ONRM_RootMo_R,MeContext=LTE03ERBS00020,ManagedElement=1,ENodeBFunction=1,EUtraNetwork=1,ExternalENodeBFunction=337,ExternalEUtranCellFDD=3</attr>
    <attr name="anrCreated">false</attr>
    <attr name="isHoAllowed">true</attr>
  </mo>
  <mo fdn="SubNetwork=ONRM_RootMo_R,MeContext=LTE03ERBS00020,ManagedElement=1,ENodeBFunction=1,EUtranCellFDD=LTE03ERBS00020-4,EUtranFreqRelation=1,EUtranCellRelation=5" lastModified="1287507108293" mimName="ERBS_NODE_MODEL" mimVersion="A.9.50.J.9.1">
    <attr name="isRemoveAllowed">false</attr>
    <attr name="neighborCellRef">SubNetwork=ONRM_RootMo_R,MeContext=LTE03ERBS00020,ManagedElement=1,ENodeBFunction=1,EUtraNetwork=1,ExternalENodeBFunction=337,ExternalEUtranCellFDD=4</attr>
    <attr name="anrCreated">false</attr>
    <attr name="isHoAllowed">true</attr>
  </mo>
  <mo fdn="SubNetwork=ONRM_RootMo_R,MeContext=LTE03ERBS00020,ManagedElement=1,ENodeBFunction=1,EUtranCellFDD=LTE03ERBS00020-4,EUtranFreqRelation=1,EUtranCellRelation=8" lastModified="1287507108287" mimName="ERBS_NODE_MODEL" mimVersion="A.9.50.J.9.1">
    <attr name="isRemoveAllowed">false</attr>
    <attr name="neighborCellRef">SubNetwork=ONRM_RootMo_R,MeContext=LTE03ERBS00020,ManagedElement=1,ENodeBFunction=1,EUtraNetwork=1,ExternalENodeBFunction=339,ExternalEUtranCellFDD=3</attr>
    <attr name="anrCreated">false</attr>
    <attr name="isHoAllowed">true</attr>
  </mo>
  <mo fdn="SubNetwork=ONRM_RootMo_R,MeContext=LTE03ERBS00020,ManagedElement=1,ENodeBFunction=1,EUtranCellFDD=LTE03ERBS00020-4,EUtranFreqRelation=1,EUtranCellRelation=9" lastModified="1287507108288" mimName="ERBS_NODE_MODEL" mimVersion="A.9.50.J.9.1">
    <attr name="isRemoveAllowed">false</attr>
    <attr name="neighborCellRef">SubNetwork=ONRM_RootMo_R,MeContext=LTE03ERBS00020,ManagedElement=1,ENodeBFunction=1,EUtraNetwork=1,ExternalENodeBFunction=339,ExternalEUtranCellFDD=4</attr>
    <attr name="anrCreated">false</attr>
    <attr name="isHoAllowed">true</attr>
  </mo>
  <mo fdn="SubNetwork=ONRM_RootMo_R,MeContext=LTE03ERBS00020,ManagedElement=1,ENodeBFunction=1,EUtranCellFDD=LTE03ERBS00020-4,EUtranFreqRelation=2,EUtranCellRelation=1" lastModified="1287501929165" mimName="ERBS_NODE_MODEL" mimVersion="A.9.50.J.9.1">
    <attr name="isRemoveAllowed">false</attr>
    <attr name="neighborCellRef">SubNetwork=ONRM_RootMo_R,MeContext=LTE03ERBS00020,ManagedElement=1,ENodeBFunction=1,EUtranCellFDD=LTE03ERBS00020-1</attr>
    <attr name="anrCreated">false</attr>
    <attr name="isHoAllowed">true</attr>
  </mo>
  <mo fdn="SubNetwork=ONRM_RootMo_R,MeContext=LTE03ERBS00020,ManagedElement=1,ENodeBFunction=1,EUtranCellFDD=LTE03ERBS00020-4,EUtranFreqRelation=2,EUtranCellRelation=12" lastModified="1287507108270" mimName="ERBS_NODE_MODEL" mimVersion="A.9.50.J.9.1">
    <attr name="isRemoveAllowed">false</attr>
    <attr name="neighborCellRef">SubNetwork=ONRM_RootMo_R,MeContext=LTE03ERBS00020,ManagedElement=1,ENodeBFunction=1,EUtraNetwork=1,ExternalENodeBFunction=342,ExternalEUtranCellFDD=3</attr>
    <attr name="anrCreated">false</attr>
    <attr name="isHoAllowed">true</attr>
  </mo>
  <mo fdn="SubNetwork=ONRM_RootMo_R,MeContext=LTE03ERBS00020,ManagedElement=1,ENodeBFunction=1,EUtranCellFDD=LTE03ERBS00020-4,EUtranFreqRelation=2,EUtranCellRelation=13" lastModified="1287507108265" mimName="ERBS_NODE_MODEL" mimVersion="A.9.50.J.9.1">
    <attr name="isRemoveAllowed">false</attr>
    <attr name="neighborCellRef">SubNetwork=ONRM_RootMo_R,MeContext=LTE03ERBS00020,ManagedElement=1,ENodeBFunction=1,EUtraNetwork=1,ExternalENodeBFunction=342,ExternalEUtranCellFDD=4</attr>
    <attr name="anrCreated">false</attr>
    <attr name="isHoAllowed">true</attr>
  </mo>
  <mo fdn="SubNetwork=ONRM_RootMo_R,MeContext=LTE03ERBS00020,ManagedElement=1,ENodeBFunction=1,EUtranCellFDD=LTE03ERBS00020-4,EUtranFreqRelation=2,EUtranCellRelation=16" lastModified="1287507108278" mimName="ERBS_NODE_MODEL" mimVersion="A.9.50.J.9.1">
    <attr name="isRemoveAllowed">false</attr>
    <attr name="neighborCellRef">SubNetwork=ONRM_RootMo_R,MeContext=LTE03ERBS00020,ManagedElement=1,ENodeBFunction=1,EUtraNetwork=1,ExternalENodeBFunction=344,ExternalEUtranCellFDD=3</attr>
    <attr name="anrCreated">false</attr>
    <attr name="isHoAllowed">true</attr>
  </mo>
  <mo fdn="SubNetwork=ONRM_RootMo_R,MeContext=LTE03ERBS00020,ManagedElement=1,ENodeBFunction=1,EUtranCellFDD=LTE03ERBS00020-4,EUtranFreqRelation=2,EUtranCellRelation=17" lastModified="1287507108276" mimName="ERBS_NODE_MODEL" mimVersion="A.9.50.J.9.1">
    <attr name="isRemoveAllowed">false</attr>
    <attr name="neighborCellRef">SubNetwork=ONRM_RootMo_R,MeContext=LTE03ERBS00020,ManagedElement=1,ENodeBFunction=1,EUtraNetwork=1,ExternalENodeBFunction=344,ExternalEUtranCellFDD=4</attr>
    <attr name="anrCreated">false</attr>
    <attr name="isHoAllowed">true</attr>
  </mo>
  <mo fdn="SubNetwork=ONRM_RootMo_R,MeContext=LTE03ERBS00020,ManagedElement=1,ENodeBFunction=1,EUtranCellFDD=LTE03ERBS00020-4,EUtranFreqRelation=2,EUtranCellRelation=2" lastModified="1287501929163" mimName="ERBS_NODE_MODEL" mimVersion="A.9.50.J.9.1">
    <attr name="isRemoveAllowed">false</attr>
    <attr name="neighborCellRef">SubNetwork=ONRM_RootMo_R,MeContext=LTE03ERBS00020,ManagedElement=1,ENodeBFunction=1,EUtranCellFDD=LTE03ERBS00020-2</attr>
    <attr name="anrCreated">false</attr>
    <attr name="isHoAllowed">true</attr>
  </mo>
  <mo fdn="SubNetwork=ONRM_RootMo_R,MeContext=LTE03ERBS00020,ManagedElement=1,ENodeBFunction=1,EUtranCellFDD=LTE03ERBS00020-4,EUtranFreqRelation=2,EUtranCellRelation=20" lastModified="1287507108274" mimName="ERBS_NODE_MODEL" mimVersion="A.9.50.J.9.1">
    <attr name="isRemoveAllowed">false</attr>
    <attr name="neighborCellRef">SubNetwork=ONRM_RootMo_R,MeContext=LTE03ERBS00020,ManagedElement=1,ENodeBFunction=1,EUtraNetwork=1,ExternalENodeBFunction=346,ExternalEUtranCellFDD=3</attr>
    <attr name="anrCreated">false</attr>
    <attr name="isHoAllowed">true</attr>
  </mo>
  <mo fdn="SubNetwork=ONRM_RootMo_R,MeContext=LTE03ERBS00020,ManagedElement=1,ENodeBFunction=1,EUtranCellFDD=LTE03ERBS00020-4,EUtranFreqRelation=2,EUtranCellRelation=21" lastModified="1287507108273" mimName="ERBS_NODE_MODEL" mimVersion="A.9.50.J.9.1">
    <attr name="isRemoveAllowed">false</attr>
    <attr name="neighborCellRef">SubNetwork=ONRM_RootMo_R,MeContext=LTE03ERBS00020,ManagedElement=1,ENodeBFunction=1,EUtraNetwork=1,ExternalENodeBFunction=346,ExternalEUtranCellFDD=4</attr>
    <attr name="anrCreated">false</attr>
    <attr name="isHoAllowed">true</attr>
  </mo>
  <mo fdn="SubNetwork=ONRM_RootMo_R,MeContext=LTE03ERBS00020,ManagedElement=1,ENodeBFunction=1,EUtranCellFDD=LTE03ERBS00020-4,EUtranFreqRelation=2,EUtranCellRelation=24" lastModified="1287507108272" mimName="ERBS_NODE_MODEL" mimVersion="A.9.50.J.9.1">
    <attr name="isRemoveAllowed">false</attr>
    <attr name="neighborCellRef">SubNetwork=ONRM_RootMo_R,MeContext=LTE03ERBS00020,ManagedElement=1,ENodeBFunction=1,EUtraNetwork=1,ExternalENodeBFunction=348,ExternalEUtranCellFDD=3</attr>
    <attr name="anrCreated">false</attr>
    <attr name="isHoAllowed">true</attr>
  </mo>
  <mo fdn="SubNetwork=ONRM_RootMo_R,MeContext=LTE03ERBS00020,ManagedElement=1,ENodeBFunction=1,EUtranCellFDD=LTE03ERBS00020-4,EUtranFreqRelation=2,EUtranCellRelation=25" lastModified="1287507108268" mimName="ERBS_NODE_MODEL" mimVersion="A.9.50.J.9.1">
    <attr name="isRemoveAllowed">false</attr>
    <attr name="neighborCellRef">SubNetwork=ONRM_RootMo_R,MeContext=LTE03ERBS00020,ManagedElement=1,ENodeBFunction=1,EUtraNetwork=1,ExternalENodeBFunction=348,ExternalEUtranCellFDD=4</attr>
    <attr name="anrCreated">false</attr>
    <attr name="isHoAllowed">true</attr>
  </mo>
  <mo fdn="SubNetwork=ONRM_RootMo_R,MeContext=LTE03ERBS00020,ManagedElement=1,ENodeBFunction=1,EUtranCellFDD=LTE03ERBS00020-4,EUtranFreqRelation=2,EUtranCellRelation=28" lastModified="1287507108279" mimName="ERBS_NODE_MODEL" mimVersion="A.9.50.J.9.1">
    <attr name="isRemoveAllowed">false</attr>
    <attr name="neighborCellRef">SubNetwork=ONRM_RootMo_R,MeContext=LTE03ERBS00020,ManagedElement=1,ENodeBFunction=1,EUtraNetwork=1,ExternalENodeBFunction=350,ExternalEUtranCellFDD=3</attr>
    <attr name="anrCreated">false</attr>
    <attr name="isHoAllowed">true</attr>
  </mo>
  <mo fdn="SubNetwork=ONRM_RootMo_R,MeContext=LTE03ERBS00020,ManagedElement=1,ENodeBFunction=1,EUtranCellFDD=LTE03ERBS00020-4,EUtranFreqRelation=2,EUtranCellRelation=29" lastModified="1287507108278" mimName="ERBS_NODE_MODEL" mimVersion="A.9.50.J.9.1">
    <attr name="isRemoveAllowed">false</attr>
    <attr name="neighborCellRef">SubNetwork=ONRM_RootMo_R,MeContext=LTE03ERBS00020,ManagedElement=1,ENodeBFunction=1,EUtraNetwork=1,ExternalENodeBFunction=350,ExternalEUtranCellFDD=4</attr>
    <attr name="anrCreated">false</attr>
    <attr name="isHoAllowed">true</attr>
  </mo>
  <mo fdn="SubNetwork=ONRM_RootMo_R,MeContext=LTE03ERBS00020,ManagedElement=1,ENodeBFunction=1,EUtranCellFDD=LTE03ERBS00020-4,EUtranFreqRelation=2,EUtranCellRelation=3" lastModified="1287501930496" mimName="ERBS_NODE_MODEL" mimVersion="A.9.50.J.9.1">
    <attr name="isRemoveAllowed">false</attr>
    <attr name="neighborCellRef">SubNetwork=ONRM_RootMo_R,MeContext=LTE03ERBS00020,ManagedElement=1,ENodeBFunction=1,EUtranCellFDD=LTE03ERBS00020-3</attr>
    <attr name="anrCreated">false</attr>
    <attr name="isHoAllowed">true</attr>
  </mo>
  <mo fdn="SubNetwork=ONRM_RootMo_R,MeContext=LTE03ERBS00020,ManagedElement=1,ENodeBFunction=1,EUtranCellFDD=LTE03ERBS00020-4,EUtranFreqRelation=2,EUtranCellRelation=32" lastModified="1287507108264" mimName="ERBS_NODE_MODEL" mimVersion="A.9.50.J.9.1">
    <attr name="isRemoveAllowed">false</attr>
    <attr name="neighborCellRef">SubNetwork=ONRM_RootMo_R,MeContext=LTE03ERBS00020,ManagedElement=1,ENodeBFunction=1,EUtraNetwork=1,ExternalENodeBFunction=352,ExternalEUtranCellFDD=3</attr>
    <attr name="anrCreated">false</attr>
    <attr name="isHoAllowed">true</attr>
  </mo>
  <mo fdn="SubNetwork=ONRM_RootMo_R,MeContext=LTE03ERBS00020,ManagedElement=1,ENodeBFunction=1,EUtranCellFDD=LTE03ERBS00020-4,EUtranFreqRelation=2,EUtranCellRelation=33" lastModified="1287507108275" mimName="ERBS_NODE_MODEL" mimVersion="A.9.50.J.9.1">
    <attr name="isRemoveAllowed">false</attr>
    <attr name="neighborCellRef">SubNetwork=ONRM_RootMo_R,MeContext=LTE03ERBS00020,ManagedElement=1,ENodeBFunction=1,EUtraNetwork=1,ExternalENodeBFunction=352,ExternalEUtranCellFDD=4</attr>
    <attr name="anrCreated">false</attr>
    <attr name="isHoAllowed">true</attr>
  </mo>
  <mo fdn="SubNetwork=ONRM_RootMo_R,MeContext=LTE03ERBS00020,ManagedElement=1,ENodeBFunction=1,EUtranCellFDD=LTE03ERBS00020-4,EUtranFreqRelation=2,EUtranCellRelation=6" lastModified="1287507108275" mimName="ERBS_NODE_MODEL" mimVersion="A.9.50.J.9.1">
    <attr name="isRemoveAllowed">false</attr>
    <attr name="neighborCellRef">SubNetwork=ONRM_RootMo_R,MeContext=LTE03ERBS00020,ManagedElement=1,ENodeBFunction=1,EUtraNetwork=1,ExternalENodeBFunction=338,ExternalEUtranCellFDD=3</attr>
    <attr name="anrCreated">false</attr>
    <attr name="isHoAllowed">true</attr>
  </mo>
  <mo fdn="SubNetwork=ONRM_RootMo_R,MeContext=LTE03ERBS00020,ManagedElement=1,ENodeBFunction=1,EUtranCellFDD=LTE03ERBS00020-4,EUtranFreqRelation=2,EUtranCellRelation=7" lastModified="1287507108277" mimName="ERBS_NODE_MODEL" mimVersion="A.9.50.J.9.1">
    <attr name="isRemoveAllowed">false</attr>
    <attr name="neighborCellRef">SubNetwork=ONRM_RootMo_R,MeContext=LTE03ERBS00020,ManagedElement=1,ENodeBFunction=1,EUtraNetwork=1,ExternalENodeBFunction=338,ExternalEUtranCellFDD=4</attr>
    <attr name="anrCreated">false</attr>
    <attr name="isHoAllowed">true</attr>
  </mo>
</model>
