<?xml version="1.0" encoding="UTF-8" standalone="no"?><!-- Generated by nmsadm --><!-- Generated on Thu Oct 28 14:35:58 BST 2010 --><!-- Generated from configuration valid --><!-- Query - Base MO SubNetwork=ONRM_RootMo_R,MeContext=LTE01ERBS00049; Scope 8 --><model>
  <mo fdn="SubNetwork=ONRM_RootMo_R,MeContext=LTE01ERBS00049" lastModified="1287512095911" mimName="ERBS_NODE_MODEL" mimVersion="A.9.50.J.9.1">
    <attr name="MeContextId">LTE01ERBS00049</attr>
    <attr name="neMIMversion">vA.9.40</attr>
    <attr name="siteRef">SubNetwork=ONRM_RootMo_R,Site=LTE01ERBS00049</attr>
    <attr name="userLabel">LTE01ERBS00049</attr>
  </mo>
  <mo fdn="SubNetwork=ONRM_RootMo_R,MeContext=LTE01ERBS00049,ManagedElement=1,ENodeBFunction=1" lastModified="1287501166190" mimName="ERBS_NODE_MODEL" mimVersion="A.9.50.J.9.1">
    <attr name="eNodeBPlmnId">
      <struct>
        <attr name="mcc">311</attr>
        <attr name="mnc">480</attr>
        <attr name="mncLength">2</attr>
      </struct>
    </attr>
    <attr name="eNBId">188092</attr>
  </mo>
  <mo fdn="SubNetwork=ONRM_RootMo_R,MeContext=LTE01ERBS00049,ManagedElement=1,ENodeBFunction=1,EUtranCellFDD=LTE01ERBS00049-1" lastModified="1287512084534" mimName="ERBS_NODE_MODEL" mimVersion="A.9.50.J.9.1">
    <attr name="EUtranCellFDDId">LTE01ERBS00049-1</attr>
    <attr name="earfcnul">18000</attr>
    <attr name="cellId">1</attr>
    <attr name="tac">48138</attr>
    <attr name="bPlmnList">
      <seq count="1">
        <item>
          <struct>
            <attr name="mcc">311</attr>
            <attr name="mnc">480</attr>
            <attr name="mncLength">2</attr>
          </struct>
        </item>
      </seq>
    </attr>
    <attr name="earfcndl">0</attr>
    <attr name="userLabel">LTE01ERBS00049-1</attr>
  </mo>
  <mo fdn="SubNetwork=ONRM_RootMo_R,MeContext=LTE01ERBS00049,ManagedElement=1,ENodeBFunction=1,EUtranCellFDD=LTE01ERBS00049-1,EUtranFreqRelation=1,EUtranCellRelation=1" lastModified="1287501164415" mimName="ERBS_NODE_MODEL" mimVersion="A.9.50.J.9.1">
    <attr name="isRemoveAllowed">false</attr>
    <attr name="neighborCellRef">SubNetwork=ONRM_RootMo_R,MeContext=LTE01ERBS00049,ManagedElement=1,ENodeBFunction=1,EUtranCellFDD=LTE01ERBS00049-2</attr>
    <attr name="anrCreated">false</attr>
    <attr name="isHoAllowed">true</attr>
  </mo>
  <mo fdn="SubNetwork=ONRM_RootMo_R,MeContext=LTE01ERBS00049,ManagedElement=1,ENodeBFunction=1,EUtranCellFDD=LTE01ERBS00049-1,EUtranFreqRelation=1,EUtranCellRelation=10" lastModified="1287501619875" mimName="ERBS_NODE_MODEL" mimVersion="A.9.50.J.9.1">
    <attr name="isRemoveAllowed">false</attr>
    <attr name="neighborCellRef">SubNetwork=ONRM_RootMo_R,MeContext=LTE01ERBS00049,ManagedElement=1,ENodeBFunction=1,EUtraNetwork=1,ExternalENodeBFunction=53,ExternalEUtranCellFDD=1</attr>
    <attr name="anrCreated">false</attr>
    <attr name="isHoAllowed">true</attr>
  </mo>
  <mo fdn="SubNetwork=ONRM_RootMo_R,MeContext=LTE01ERBS00049,ManagedElement=1,ENodeBFunction=1,EUtranCellFDD=LTE01ERBS00049-1,EUtranFreqRelation=1,EUtranCellRelation=11" lastModified="1287501619873" mimName="ERBS_NODE_MODEL" mimVersion="A.9.50.J.9.1">
    <attr name="isRemoveAllowed">false</attr>
    <attr name="neighborCellRef">SubNetwork=ONRM_RootMo_R,MeContext=LTE01ERBS00049,ManagedElement=1,ENodeBFunction=1,EUtraNetwork=1,ExternalENodeBFunction=53,ExternalEUtranCellFDD=2</attr>
    <attr name="anrCreated">false</attr>
    <attr name="isHoAllowed">true</attr>
  </mo>
  <mo fdn="SubNetwork=ONRM_RootMo_R,MeContext=LTE01ERBS00049,ManagedElement=1,ENodeBFunction=1,EUtranCellFDD=LTE01ERBS00049-1,EUtranFreqRelation=1,EUtranCellRelation=14" lastModified="1287501619866" mimName="ERBS_NODE_MODEL" mimVersion="A.9.50.J.9.1">
    <attr name="isRemoveAllowed">false</attr>
    <attr name="neighborCellRef">SubNetwork=ONRM_RootMo_R,MeContext=LTE01ERBS00049,ManagedElement=1,ENodeBFunction=1,EUtraNetwork=1,ExternalENodeBFunction=55,ExternalEUtranCellFDD=1</attr>
    <attr name="anrCreated">false</attr>
    <attr name="isHoAllowed">true</attr>
  </mo>
  <mo fdn="SubNetwork=ONRM_RootMo_R,MeContext=LTE01ERBS00049,ManagedElement=1,ENodeBFunction=1,EUtranCellFDD=LTE01ERBS00049-1,EUtranFreqRelation=1,EUtranCellRelation=15" lastModified="1287501619890" mimName="ERBS_NODE_MODEL" mimVersion="A.9.50.J.9.1">
    <attr name="isRemoveAllowed">false</attr>
    <attr name="neighborCellRef">SubNetwork=ONRM_RootMo_R,MeContext=LTE01ERBS00049,ManagedElement=1,ENodeBFunction=1,EUtraNetwork=1,ExternalENodeBFunction=55,ExternalEUtranCellFDD=2</attr>
    <attr name="anrCreated">false</attr>
    <attr name="isHoAllowed">true</attr>
  </mo>
  <mo fdn="SubNetwork=ONRM_RootMo_R,MeContext=LTE01ERBS00049,ManagedElement=1,ENodeBFunction=1,EUtranCellFDD=LTE01ERBS00049-1,EUtranFreqRelation=1,EUtranCellRelation=18" lastModified="1287501619883" mimName="ERBS_NODE_MODEL" mimVersion="A.9.50.J.9.1">
    <attr name="isRemoveAllowed">false</attr>
    <attr name="neighborCellRef">SubNetwork=ONRM_RootMo_R,MeContext=LTE01ERBS00049,ManagedElement=1,ENodeBFunction=1,EUtraNetwork=1,ExternalENodeBFunction=57,ExternalEUtranCellFDD=1</attr>
    <attr name="anrCreated">false</attr>
    <attr name="isHoAllowed">true</attr>
  </mo>
  <mo fdn="SubNetwork=ONRM_RootMo_R,MeContext=LTE01ERBS00049,ManagedElement=1,ENodeBFunction=1,EUtranCellFDD=LTE01ERBS00049-1,EUtranFreqRelation=1,EUtranCellRelation=19" lastModified="1287501619877" mimName="ERBS_NODE_MODEL" mimVersion="A.9.50.J.9.1">
    <attr name="isRemoveAllowed">false</attr>
    <attr name="neighborCellRef">SubNetwork=ONRM_RootMo_R,MeContext=LTE01ERBS00049,ManagedElement=1,ENodeBFunction=1,EUtraNetwork=1,ExternalENodeBFunction=57,ExternalEUtranCellFDD=2</attr>
    <attr name="anrCreated">false</attr>
    <attr name="isHoAllowed">true</attr>
  </mo>
  <mo fdn="SubNetwork=ONRM_RootMo_R,MeContext=LTE01ERBS00049,ManagedElement=1,ENodeBFunction=1,EUtranCellFDD=LTE01ERBS00049-1,EUtranFreqRelation=1,EUtranCellRelation=2" lastModified="1287501164379" mimName="ERBS_NODE_MODEL" mimVersion="A.9.50.J.9.1">
    <attr name="isRemoveAllowed">false</attr>
    <attr name="neighborCellRef">SubNetwork=ONRM_RootMo_R,MeContext=LTE01ERBS00049,ManagedElement=1,ENodeBFunction=1,EUtranCellFDD=LTE01ERBS00049-3</attr>
    <attr name="anrCreated">false</attr>
    <attr name="isHoAllowed">true</attr>
  </mo>
  <mo fdn="SubNetwork=ONRM_RootMo_R,MeContext=LTE01ERBS00049,ManagedElement=1,ENodeBFunction=1,EUtranCellFDD=LTE01ERBS00049-1,EUtranFreqRelation=1,EUtranCellRelation=22" lastModified="1287501619867" mimName="ERBS_NODE_MODEL" mimVersion="A.9.50.J.9.1">
    <attr name="isRemoveAllowed">false</attr>
    <attr name="neighborCellRef">SubNetwork=ONRM_RootMo_R,MeContext=LTE01ERBS00049,ManagedElement=1,ENodeBFunction=1,EUtraNetwork=1,ExternalENodeBFunction=59,ExternalEUtranCellFDD=1</attr>
    <attr name="anrCreated">false</attr>
    <attr name="isHoAllowed">true</attr>
  </mo>
  <mo fdn="SubNetwork=ONRM_RootMo_R,MeContext=LTE01ERBS00049,ManagedElement=1,ENodeBFunction=1,EUtranCellFDD=LTE01ERBS00049-1,EUtranFreqRelation=1,EUtranCellRelation=23" lastModified="1287501619863" mimName="ERBS_NODE_MODEL" mimVersion="A.9.50.J.9.1">
    <attr name="isRemoveAllowed">false</attr>
    <attr name="neighborCellRef">SubNetwork=ONRM_RootMo_R,MeContext=LTE01ERBS00049,ManagedElement=1,ENodeBFunction=1,EUtraNetwork=1,ExternalENodeBFunction=59,ExternalEUtranCellFDD=2</attr>
    <attr name="anrCreated">false</attr>
    <attr name="isHoAllowed">true</attr>
  </mo>
  <mo fdn="SubNetwork=ONRM_RootMo_R,MeContext=LTE01ERBS00049,ManagedElement=1,ENodeBFunction=1,EUtranCellFDD=LTE01ERBS00049-1,EUtranFreqRelation=1,EUtranCellRelation=26" lastModified="1287501619887" mimName="ERBS_NODE_MODEL" mimVersion="A.9.50.J.9.1">
    <attr name="isRemoveAllowed">false</attr>
    <attr name="neighborCellRef">SubNetwork=ONRM_RootMo_R,MeContext=LTE01ERBS00049,ManagedElement=1,ENodeBFunction=1,EUtraNetwork=1,ExternalENodeBFunction=61,ExternalEUtranCellFDD=1</attr>
    <attr name="anrCreated">false</attr>
    <attr name="isHoAllowed">true</attr>
  </mo>
  <mo fdn="SubNetwork=ONRM_RootMo_R,MeContext=LTE01ERBS00049,ManagedElement=1,ENodeBFunction=1,EUtranCellFDD=LTE01ERBS00049-1,EUtranFreqRelation=1,EUtranCellRelation=27" lastModified="1287501619881" mimName="ERBS_NODE_MODEL" mimVersion="A.9.50.J.9.1">
    <attr name="isRemoveAllowed">false</attr>
    <attr name="neighborCellRef">SubNetwork=ONRM_RootMo_R,MeContext=LTE01ERBS00049,ManagedElement=1,ENodeBFunction=1,EUtraNetwork=1,ExternalENodeBFunction=61,ExternalEUtranCellFDD=2</attr>
    <attr name="anrCreated">false</attr>
    <attr name="isHoAllowed">true</attr>
  </mo>
  <mo fdn="SubNetwork=ONRM_RootMo_R,MeContext=LTE01ERBS00049,ManagedElement=1,ENodeBFunction=1,EUtranCellFDD=LTE01ERBS00049-1,EUtranFreqRelation=1,EUtranCellRelation=3" lastModified="1287501164356" mimName="ERBS_NODE_MODEL" mimVersion="A.9.50.J.9.1">
    <attr name="isRemoveAllowed">false</attr>
    <attr name="neighborCellRef">SubNetwork=ONRM_RootMo_R,MeContext=LTE01ERBS00049,ManagedElement=1,ENodeBFunction=1,EUtranCellFDD=LTE01ERBS00049-4</attr>
    <attr name="anrCreated">false</attr>
    <attr name="isHoAllowed">true</attr>
  </mo>
  <mo fdn="SubNetwork=ONRM_RootMo_R,MeContext=LTE01ERBS00049,ManagedElement=1,ENodeBFunction=1,EUtranCellFDD=LTE01ERBS00049-1,EUtranFreqRelation=1,EUtranCellRelation=30" lastModified="1287501619870" mimName="ERBS_NODE_MODEL" mimVersion="A.9.50.J.9.1">
    <attr name="isRemoveAllowed">false</attr>
    <attr name="neighborCellRef">SubNetwork=ONRM_RootMo_R,MeContext=LTE01ERBS00049,ManagedElement=1,ENodeBFunction=1,EUtraNetwork=1,ExternalENodeBFunction=63,ExternalEUtranCellFDD=1</attr>
    <attr name="anrCreated">false</attr>
    <attr name="isHoAllowed">true</attr>
  </mo>
  <mo fdn="SubNetwork=ONRM_RootMo_R,MeContext=LTE01ERBS00049,ManagedElement=1,ENodeBFunction=1,EUtranCellFDD=LTE01ERBS00049-1,EUtranFreqRelation=1,EUtranCellRelation=31" lastModified="1287501619869" mimName="ERBS_NODE_MODEL" mimVersion="A.9.50.J.9.1">
    <attr name="isRemoveAllowed">false</attr>
    <attr name="neighborCellRef">SubNetwork=ONRM_RootMo_R,MeContext=LTE01ERBS00049,ManagedElement=1,ENodeBFunction=1,EUtraNetwork=1,ExternalENodeBFunction=63,ExternalEUtranCellFDD=2</attr>
    <attr name="anrCreated">false</attr>
    <attr name="isHoAllowed">true</attr>
  </mo>
  <mo fdn="SubNetwork=ONRM_RootMo_R,MeContext=LTE01ERBS00049,ManagedElement=1,ENodeBFunction=1,EUtranCellFDD=LTE01ERBS00049-1,EUtranFreqRelation=1,EUtranCellRelation=6" lastModified="1287501619885" mimName="ERBS_NODE_MODEL" mimVersion="A.9.50.J.9.1">
    <attr name="isRemoveAllowed">false</attr>
    <attr name="neighborCellRef">SubNetwork=ONRM_RootMo_R,MeContext=LTE01ERBS00049,ManagedElement=1,ENodeBFunction=1,EUtraNetwork=1,ExternalENodeBFunction=51,ExternalEUtranCellFDD=1</attr>
    <attr name="anrCreated">false</attr>
    <attr name="isHoAllowed">true</attr>
  </mo>
  <mo fdn="SubNetwork=ONRM_RootMo_R,MeContext=LTE01ERBS00049,ManagedElement=1,ENodeBFunction=1,EUtranCellFDD=LTE01ERBS00049-1,EUtranFreqRelation=1,EUtranCellRelation=7" lastModified="1287501619888" mimName="ERBS_NODE_MODEL" mimVersion="A.9.50.J.9.1">
    <attr name="isRemoveAllowed">false</attr>
    <attr name="neighborCellRef">SubNetwork=ONRM_RootMo_R,MeContext=LTE01ERBS00049,ManagedElement=1,ENodeBFunction=1,EUtraNetwork=1,ExternalENodeBFunction=51,ExternalEUtranCellFDD=2</attr>
    <attr name="anrCreated">false</attr>
    <attr name="isHoAllowed">true</attr>
  </mo>
  <mo fdn="SubNetwork=ONRM_RootMo_R,MeContext=LTE01ERBS00049,ManagedElement=1,ENodeBFunction=1,EUtranCellFDD=LTE01ERBS00049-1,EUtranFreqRelation=2,EUtranCellRelation=12" lastModified="1287501619844" mimName="ERBS_NODE_MODEL" mimVersion="A.9.50.J.9.1">
    <attr name="isRemoveAllowed">false</attr>
    <attr name="neighborCellRef">SubNetwork=ONRM_RootMo_R,MeContext=LTE01ERBS00049,ManagedElement=1,ENodeBFunction=1,EUtraNetwork=1,ExternalENodeBFunction=54,ExternalEUtranCellFDD=1</attr>
    <attr name="anrCreated">false</attr>
    <attr name="isHoAllowed">true</attr>
  </mo>
  <mo fdn="SubNetwork=ONRM_RootMo_R,MeContext=LTE01ERBS00049,ManagedElement=1,ENodeBFunction=1,EUtranCellFDD=LTE01ERBS00049-1,EUtranFreqRelation=2,EUtranCellRelation=13" lastModified="1287501619843" mimName="ERBS_NODE_MODEL" mimVersion="A.9.50.J.9.1">
    <attr name="isRemoveAllowed">false</attr>
    <attr name="neighborCellRef">SubNetwork=ONRM_RootMo_R,MeContext=LTE01ERBS00049,ManagedElement=1,ENodeBFunction=1,EUtraNetwork=1,ExternalENodeBFunction=54,ExternalEUtranCellFDD=2</attr>
    <attr name="anrCreated">false</attr>
    <attr name="isHoAllowed">true</attr>
  </mo>
  <mo fdn="SubNetwork=ONRM_RootMo_R,MeContext=LTE01ERBS00049,ManagedElement=1,ENodeBFunction=1,EUtranCellFDD=LTE01ERBS00049-1,EUtranFreqRelation=2,EUtranCellRelation=16" lastModified="1287501619857" mimName="ERBS_NODE_MODEL" mimVersion="A.9.50.J.9.1">
    <attr name="isRemoveAllowed">false</attr>
    <attr name="neighborCellRef">SubNetwork=ONRM_RootMo_R,MeContext=LTE01ERBS00049,ManagedElement=1,ENodeBFunction=1,EUtraNetwork=1,ExternalENodeBFunction=56,ExternalEUtranCellFDD=1</attr>
    <attr name="anrCreated">false</attr>
    <attr name="isHoAllowed">true</attr>
  </mo>
  <mo fdn="SubNetwork=ONRM_RootMo_R,MeContext=LTE01ERBS00049,ManagedElement=1,ENodeBFunction=1,EUtranCellFDD=LTE01ERBS00049-1,EUtranFreqRelation=2,EUtranCellRelation=17" lastModified="1287501619855" mimName="ERBS_NODE_MODEL" mimVersion="A.9.50.J.9.1">
    <attr name="isRemoveAllowed">false</attr>
    <attr name="neighborCellRef">SubNetwork=ONRM_RootMo_R,MeContext=LTE01ERBS00049,ManagedElement=1,ENodeBFunction=1,EUtraNetwork=1,ExternalENodeBFunction=56,ExternalEUtranCellFDD=2</attr>
    <attr name="anrCreated">false</attr>
    <attr name="isHoAllowed">true</attr>
  </mo>
  <mo fdn="SubNetwork=ONRM_RootMo_R,MeContext=LTE01ERBS00049,ManagedElement=1,ENodeBFunction=1,EUtranCellFDD=LTE01ERBS00049-1,EUtranFreqRelation=2,EUtranCellRelation=20" lastModified="1287501619850" mimName="ERBS_NODE_MODEL" mimVersion="A.9.50.J.9.1">
    <attr name="isRemoveAllowed">false</attr>
    <attr name="neighborCellRef">SubNetwork=ONRM_RootMo_R,MeContext=LTE01ERBS00049,ManagedElement=1,ENodeBFunction=1,EUtraNetwork=1,ExternalENodeBFunction=58,ExternalEUtranCellFDD=1</attr>
    <attr name="anrCreated">false</attr>
    <attr name="isHoAllowed">true</attr>
  </mo>
  <mo fdn="SubNetwork=ONRM_RootMo_R,MeContext=LTE01ERBS00049,ManagedElement=1,ENodeBFunction=1,EUtranCellFDD=LTE01ERBS00049-1,EUtranFreqRelation=2,EUtranCellRelation=21" lastModified="1287501619848" mimName="ERBS_NODE_MODEL" mimVersion="A.9.50.J.9.1">
    <attr name="isRemoveAllowed">false</attr>
    <attr name="neighborCellRef">SubNetwork=ONRM_RootMo_R,MeContext=LTE01ERBS00049,ManagedElement=1,ENodeBFunction=1,EUtraNetwork=1,ExternalENodeBFunction=58,ExternalEUtranCellFDD=2</attr>
    <attr name="anrCreated">false</attr>
    <attr name="isHoAllowed">true</attr>
  </mo>
  <mo fdn="SubNetwork=ONRM_RootMo_R,MeContext=LTE01ERBS00049,ManagedElement=1,ENodeBFunction=1,EUtranCellFDD=LTE01ERBS00049-1,EUtranFreqRelation=2,EUtranCellRelation=24" lastModified="1287501619847" mimName="ERBS_NODE_MODEL" mimVersion="A.9.50.J.9.1">
    <attr name="isRemoveAllowed">false</attr>
    <attr name="neighborCellRef">SubNetwork=ONRM_RootMo_R,MeContext=LTE01ERBS00049,ManagedElement=1,ENodeBFunction=1,EUtraNetwork=1,ExternalENodeBFunction=60,ExternalEUtranCellFDD=1</attr>
    <attr name="anrCreated">false</attr>
    <attr name="isHoAllowed">true</attr>
  </mo>
  <mo fdn="SubNetwork=ONRM_RootMo_R,MeContext=LTE01ERBS00049,ManagedElement=1,ENodeBFunction=1,EUtranCellFDD=LTE01ERBS00049-1,EUtranFreqRelation=2,EUtranCellRelation=25" lastModified="1287501619845" mimName="ERBS_NODE_MODEL" mimVersion="A.9.50.J.9.1">
    <attr name="isRemoveAllowed">false</attr>
    <attr name="neighborCellRef">SubNetwork=ONRM_RootMo_R,MeContext=LTE01ERBS00049,ManagedElement=1,ENodeBFunction=1,EUtraNetwork=1,ExternalENodeBFunction=60,ExternalEUtranCellFDD=2</attr>
    <attr name="anrCreated">false</attr>
    <attr name="isHoAllowed">true</attr>
  </mo>
  <mo fdn="SubNetwork=ONRM_RootMo_R,MeContext=LTE01ERBS00049,ManagedElement=1,ENodeBFunction=1,EUtranCellFDD=LTE01ERBS00049-1,EUtranFreqRelation=2,EUtranCellRelation=28" lastModified="1287504867047" mimName="ERBS_NODE_MODEL" mimVersion="A.9.50.J.9.1">
    <attr name="isRemoveAllowed">false</attr>
    <attr name="neighborCellRef">SubNetwork=ONRM_RootMo_R,MeContext=LTE01ERBS00049,ManagedElement=1,ENodeBFunction=1,EUtraNetwork=1,ExternalENodeBFunction=62,ExternalEUtranCellFDD=1</attr>
    <attr name="anrCreated">false</attr>
    <attr name="isHoAllowed">true</attr>
  </mo>
  <mo fdn="SubNetwork=ONRM_RootMo_R,MeContext=LTE01ERBS00049,ManagedElement=1,ENodeBFunction=1,EUtranCellFDD=LTE01ERBS00049-1,EUtranFreqRelation=2,EUtranCellRelation=29" lastModified="1287504867044" mimName="ERBS_NODE_MODEL" mimVersion="A.9.50.J.9.1">
    <attr name="isRemoveAllowed">false</attr>
    <attr name="neighborCellRef">SubNetwork=ONRM_RootMo_R,MeContext=LTE01ERBS00049,ManagedElement=1,ENodeBFunction=1,EUtraNetwork=1,ExternalENodeBFunction=62,ExternalEUtranCellFDD=2</attr>
    <attr name="anrCreated">false</attr>
    <attr name="isHoAllowed">true</attr>
  </mo>
  <mo fdn="SubNetwork=ONRM_RootMo_R,MeContext=LTE01ERBS00049,ManagedElement=1,ENodeBFunction=1,EUtranCellFDD=LTE01ERBS00049-1,EUtranFreqRelation=2,EUtranCellRelation=32" lastModified="1287501619761" mimName="ERBS_NODE_MODEL" mimVersion="A.9.50.J.9.1">
    <attr name="isRemoveAllowed">false</attr>
    <attr name="neighborCellRef">SubNetwork=ONRM_RootMo_R,MeContext=LTE01ERBS00049,ManagedElement=1,ENodeBFunction=1,EUtraNetwork=1,ExternalENodeBFunction=64,ExternalEUtranCellFDD=1</attr>
    <attr name="anrCreated">false</attr>
    <attr name="isHoAllowed">true</attr>
  </mo>
  <mo fdn="SubNetwork=ONRM_RootMo_R,MeContext=LTE01ERBS00049,ManagedElement=1,ENodeBFunction=1,EUtranCellFDD=LTE01ERBS00049-1,EUtranFreqRelation=2,EUtranCellRelation=33" lastModified="1287501619851" mimName="ERBS_NODE_MODEL" mimVersion="A.9.50.J.9.1">
    <attr name="isRemoveAllowed">false</attr>
    <attr name="neighborCellRef">SubNetwork=ONRM_RootMo_R,MeContext=LTE01ERBS00049,ManagedElement=1,ENodeBFunction=1,EUtraNetwork=1,ExternalENodeBFunction=64,ExternalEUtranCellFDD=2</attr>
    <attr name="anrCreated">false</attr>
    <attr name="isHoAllowed">true</attr>
  </mo>
  <mo fdn="SubNetwork=ONRM_RootMo_R,MeContext=LTE01ERBS00049,ManagedElement=1,ENodeBFunction=1,EUtranCellFDD=LTE01ERBS00049-1,EUtranFreqRelation=2,EUtranCellRelation=4" lastModified="1287504867041" mimName="ERBS_NODE_MODEL" mimVersion="A.9.50.J.9.1">
    <attr name="isRemoveAllowed">false</attr>
    <attr name="neighborCellRef">SubNetwork=ONRM_RootMo_R,MeContext=LTE01ERBS00049,ManagedElement=1,ENodeBFunction=1,EUtraNetwork=1,ExternalENodeBFunction=50,ExternalEUtranCellFDD=1</attr>
    <attr name="anrCreated">false</attr>
    <attr name="isHoAllowed">true</attr>
  </mo>
  <mo fdn="SubNetwork=ONRM_RootMo_R,MeContext=LTE01ERBS00049,ManagedElement=1,ENodeBFunction=1,EUtranCellFDD=LTE01ERBS00049-1,EUtranFreqRelation=2,EUtranCellRelation=5" lastModified="1287504867049" mimName="ERBS_NODE_MODEL" mimVersion="A.9.50.J.9.1">
    <attr name="isRemoveAllowed">false</attr>
    <attr name="neighborCellRef">SubNetwork=ONRM_RootMo_R,MeContext=LTE01ERBS00049,ManagedElement=1,ENodeBFunction=1,EUtraNetwork=1,ExternalENodeBFunction=50,ExternalEUtranCellFDD=2</attr>
    <attr name="anrCreated">false</attr>
    <attr name="isHoAllowed">true</attr>
  </mo>
  <mo fdn="SubNetwork=ONRM_RootMo_R,MeContext=LTE01ERBS00049,ManagedElement=1,ENodeBFunction=1,EUtranCellFDD=LTE01ERBS00049-1,EUtranFreqRelation=2,EUtranCellRelation=8" lastModified="1287501619852" mimName="ERBS_NODE_MODEL" mimVersion="A.9.50.J.9.1">
    <attr name="isRemoveAllowed">false</attr>
    <attr name="neighborCellRef">SubNetwork=ONRM_RootMo_R,MeContext=LTE01ERBS00049,ManagedElement=1,ENodeBFunction=1,EUtraNetwork=1,ExternalENodeBFunction=52,ExternalEUtranCellFDD=1</attr>
    <attr name="anrCreated">false</attr>
    <attr name="isHoAllowed">true</attr>
  </mo>
  <mo fdn="SubNetwork=ONRM_RootMo_R,MeContext=LTE01ERBS00049,ManagedElement=1,ENodeBFunction=1,EUtranCellFDD=LTE01ERBS00049-1,EUtranFreqRelation=2,EUtranCellRelation=9" lastModified="1287501619854" mimName="ERBS_NODE_MODEL" mimVersion="A.9.50.J.9.1">
    <attr name="isRemoveAllowed">false</attr>
    <attr name="neighborCellRef">SubNetwork=ONRM_RootMo_R,MeContext=LTE01ERBS00049,ManagedElement=1,ENodeBFunction=1,EUtraNetwork=1,ExternalENodeBFunction=52,ExternalEUtranCellFDD=2</attr>
    <attr name="anrCreated">false</attr>
    <attr name="isHoAllowed">true</attr>
  </mo>
  <mo fdn="SubNetwork=ONRM_RootMo_R,MeContext=LTE01ERBS00049,ManagedElement=1,ENodeBFunction=1,EUtranCellFDD=LTE01ERBS00049-2" lastModified="1287512084211" mimName="ERBS_NODE_MODEL" mimVersion="A.9.50.J.9.1">
    <attr name="EUtranCellFDDId">LTE01ERBS00049-2</attr>
    <attr name="earfcnul">18000</attr>
    <attr name="cellId">2</attr>
    <attr name="tac">48138</attr>
    <attr name="bPlmnList">
      <seq count="1">
        <item>
          <struct>
            <attr name="mcc">311</attr>
            <attr name="mnc">480</attr>
            <attr name="mncLength">2</attr>
          </struct>
        </item>
      </seq>
    </attr>
    <attr name="earfcndl">0</attr>
    <attr name="userLabel">LTE01ERBS00049-2</attr>
  </mo>
  <mo fdn="SubNetwork=ONRM_RootMo_R,MeContext=LTE01ERBS00049,ManagedElement=1,ENodeBFunction=1,EUtranCellFDD=LTE01ERBS00049-2,EUtranFreqRelation=1,EUtranCellRelation=1" lastModified="1287501163724" mimName="ERBS_NODE_MODEL" mimVersion="A.9.50.J.9.1">
    <attr name="isRemoveAllowed">false</attr>
    <attr name="neighborCellRef">SubNetwork=ONRM_RootMo_R,MeContext=LTE01ERBS00049,ManagedElement=1,ENodeBFunction=1,EUtranCellFDD=LTE01ERBS00049-1</attr>
    <attr name="anrCreated">false</attr>
    <attr name="isHoAllowed">true</attr>
  </mo>
  <mo fdn="SubNetwork=ONRM_RootMo_R,MeContext=LTE01ERBS00049,ManagedElement=1,ENodeBFunction=1,EUtranCellFDD=LTE01ERBS00049-2,EUtranFreqRelation=1,EUtranCellRelation=10" lastModified="1287501619374" mimName="ERBS_NODE_MODEL" mimVersion="A.9.50.J.9.1">
    <attr name="isRemoveAllowed">false</attr>
    <attr name="neighborCellRef">SubNetwork=ONRM_RootMo_R,MeContext=LTE01ERBS00049,ManagedElement=1,ENodeBFunction=1,EUtraNetwork=1,ExternalENodeBFunction=53,ExternalEUtranCellFDD=1</attr>
    <attr name="anrCreated">false</attr>
    <attr name="isHoAllowed">true</attr>
  </mo>
  <mo fdn="SubNetwork=ONRM_RootMo_R,MeContext=LTE01ERBS00049,ManagedElement=1,ENodeBFunction=1,EUtranCellFDD=LTE01ERBS00049-2,EUtranFreqRelation=1,EUtranCellRelation=11" lastModified="1287501619372" mimName="ERBS_NODE_MODEL" mimVersion="A.9.50.J.9.1">
    <attr name="isRemoveAllowed">false</attr>
    <attr name="neighborCellRef">SubNetwork=ONRM_RootMo_R,MeContext=LTE01ERBS00049,ManagedElement=1,ENodeBFunction=1,EUtraNetwork=1,ExternalENodeBFunction=53,ExternalEUtranCellFDD=2</attr>
    <attr name="anrCreated">false</attr>
    <attr name="isHoAllowed">true</attr>
  </mo>
  <mo fdn="SubNetwork=ONRM_RootMo_R,MeContext=LTE01ERBS00049,ManagedElement=1,ENodeBFunction=1,EUtranCellFDD=LTE01ERBS00049-2,EUtranFreqRelation=1,EUtranCellRelation=14" lastModified="1287501619365" mimName="ERBS_NODE_MODEL" mimVersion="A.9.50.J.9.1">
    <attr name="isRemoveAllowed">false</attr>
    <attr name="neighborCellRef">SubNetwork=ONRM_RootMo_R,MeContext=LTE01ERBS00049,ManagedElement=1,ENodeBFunction=1,EUtraNetwork=1,ExternalENodeBFunction=55,ExternalEUtranCellFDD=1</attr>
    <attr name="anrCreated">false</attr>
    <attr name="isHoAllowed">true</attr>
  </mo>
  <mo fdn="SubNetwork=ONRM_RootMo_R,MeContext=LTE01ERBS00049,ManagedElement=1,ENodeBFunction=1,EUtranCellFDD=LTE01ERBS00049-2,EUtranFreqRelation=1,EUtranCellRelation=15" lastModified="1287501619394" mimName="ERBS_NODE_MODEL" mimVersion="A.9.50.J.9.1">
    <attr name="isRemoveAllowed">false</attr>
    <attr name="neighborCellRef">SubNetwork=ONRM_RootMo_R,MeContext=LTE01ERBS00049,ManagedElement=1,ENodeBFunction=1,EUtraNetwork=1,ExternalENodeBFunction=55,ExternalEUtranCellFDD=2</attr>
    <attr name="anrCreated">false</attr>
    <attr name="isHoAllowed">true</attr>
  </mo>
  <mo fdn="SubNetwork=ONRM_RootMo_R,MeContext=LTE01ERBS00049,ManagedElement=1,ENodeBFunction=1,EUtranCellFDD=LTE01ERBS00049-2,EUtranFreqRelation=1,EUtranCellRelation=18" lastModified="1287501619382" mimName="ERBS_NODE_MODEL" mimVersion="A.9.50.J.9.1">
    <attr name="isRemoveAllowed">false</attr>
    <attr name="neighborCellRef">SubNetwork=ONRM_RootMo_R,MeContext=LTE01ERBS00049,ManagedElement=1,ENodeBFunction=1,EUtraNetwork=1,ExternalENodeBFunction=57,ExternalEUtranCellFDD=1</attr>
    <attr name="anrCreated">false</attr>
    <attr name="isHoAllowed">true</attr>
  </mo>
  <mo fdn="SubNetwork=ONRM_RootMo_R,MeContext=LTE01ERBS00049,ManagedElement=1,ENodeBFunction=1,EUtranCellFDD=LTE01ERBS00049-2,EUtranFreqRelation=1,EUtranCellRelation=19" lastModified="1287501619376" mimName="ERBS_NODE_MODEL" mimVersion="A.9.50.J.9.1">
    <attr name="isRemoveAllowed">false</attr>
    <attr name="neighborCellRef">SubNetwork=ONRM_RootMo_R,MeContext=LTE01ERBS00049,ManagedElement=1,ENodeBFunction=1,EUtraNetwork=1,ExternalENodeBFunction=57,ExternalEUtranCellFDD=2</attr>
    <attr name="anrCreated">false</attr>
    <attr name="isHoAllowed">true</attr>
  </mo>
  <mo fdn="SubNetwork=ONRM_RootMo_R,MeContext=LTE01ERBS00049,ManagedElement=1,ENodeBFunction=1,EUtranCellFDD=LTE01ERBS00049-2,EUtranFreqRelation=1,EUtranCellRelation=2" lastModified="1287501163690" mimName="ERBS_NODE_MODEL" mimVersion="A.9.50.J.9.1">
    <attr name="isRemoveAllowed">false</attr>
    <attr name="neighborCellRef">SubNetwork=ONRM_RootMo_R,MeContext=LTE01ERBS00049,ManagedElement=1,ENodeBFunction=1,EUtranCellFDD=LTE01ERBS00049-3</attr>
    <attr name="anrCreated">false</attr>
    <attr name="isHoAllowed">true</attr>
  </mo>
  <mo fdn="SubNetwork=ONRM_RootMo_R,MeContext=LTE01ERBS00049,ManagedElement=1,ENodeBFunction=1,EUtranCellFDD=LTE01ERBS00049-2,EUtranFreqRelation=1,EUtranCellRelation=22" lastModified="1287501619366" mimName="ERBS_NODE_MODEL" mimVersion="A.9.50.J.9.1">
    <attr name="isRemoveAllowed">false</attr>
    <attr name="neighborCellRef">SubNetwork=ONRM_RootMo_R,MeContext=LTE01ERBS00049,ManagedElement=1,ENodeBFunction=1,EUtraNetwork=1,ExternalENodeBFunction=59,ExternalEUtranCellFDD=1</attr>
    <attr name="anrCreated">false</attr>
    <attr name="isHoAllowed">true</attr>
  </mo>
  <mo fdn="SubNetwork=ONRM_RootMo_R,MeContext=LTE01ERBS00049,ManagedElement=1,ENodeBFunction=1,EUtranCellFDD=LTE01ERBS00049-2,EUtranFreqRelation=1,EUtranCellRelation=23" lastModified="1287501619363" mimName="ERBS_NODE_MODEL" mimVersion="A.9.50.J.9.1">
    <attr name="isRemoveAllowed">false</attr>
    <attr name="neighborCellRef">SubNetwork=ONRM_RootMo_R,MeContext=LTE01ERBS00049,ManagedElement=1,ENodeBFunction=1,EUtraNetwork=1,ExternalENodeBFunction=59,ExternalEUtranCellFDD=2</attr>
    <attr name="anrCreated">false</attr>
    <attr name="isHoAllowed">true</attr>
  </mo>
  <mo fdn="SubNetwork=ONRM_RootMo_R,MeContext=LTE01ERBS00049,ManagedElement=1,ENodeBFunction=1,EUtranCellFDD=LTE01ERBS00049-2,EUtranFreqRelation=1,EUtranCellRelation=26" lastModified="1287501619387" mimName="ERBS_NODE_MODEL" mimVersion="A.9.50.J.9.1">
    <attr name="isRemoveAllowed">false</attr>
    <attr name="neighborCellRef">SubNetwork=ONRM_RootMo_R,MeContext=LTE01ERBS00049,ManagedElement=1,ENodeBFunction=1,EUtraNetwork=1,ExternalENodeBFunction=61,ExternalEUtranCellFDD=1</attr>
    <attr name="anrCreated">false</attr>
    <attr name="isHoAllowed">true</attr>
  </mo>
  <mo fdn="SubNetwork=ONRM_RootMo_R,MeContext=LTE01ERBS00049,ManagedElement=1,ENodeBFunction=1,EUtranCellFDD=LTE01ERBS00049-2,EUtranFreqRelation=1,EUtranCellRelation=27" lastModified="1287501619380" mimName="ERBS_NODE_MODEL" mimVersion="A.9.50.J.9.1">
    <attr name="isRemoveAllowed">false</attr>
    <attr name="neighborCellRef">SubNetwork=ONRM_RootMo_R,MeContext=LTE01ERBS00049,ManagedElement=1,ENodeBFunction=1,EUtraNetwork=1,ExternalENodeBFunction=61,ExternalEUtranCellFDD=2</attr>
    <attr name="anrCreated">false</attr>
    <attr name="isHoAllowed">true</attr>
  </mo>
  <mo fdn="SubNetwork=ONRM_RootMo_R,MeContext=LTE01ERBS00049,ManagedElement=1,ENodeBFunction=1,EUtranCellFDD=LTE01ERBS00049-2,EUtranFreqRelation=1,EUtranCellRelation=3" lastModified="1287501163669" mimName="ERBS_NODE_MODEL" mimVersion="A.9.50.J.9.1">
    <attr name="isRemoveAllowed">false</attr>
    <attr name="neighborCellRef">SubNetwork=ONRM_RootMo_R,MeContext=LTE01ERBS00049,ManagedElement=1,ENodeBFunction=1,EUtranCellFDD=LTE01ERBS00049-4</attr>
    <attr name="anrCreated">false</attr>
    <attr name="isHoAllowed">true</attr>
  </mo>
  <mo fdn="SubNetwork=ONRM_RootMo_R,MeContext=LTE01ERBS00049,ManagedElement=1,ENodeBFunction=1,EUtranCellFDD=LTE01ERBS00049-2,EUtranFreqRelation=1,EUtranCellRelation=30" lastModified="1287501619370" mimName="ERBS_NODE_MODEL" mimVersion="A.9.50.J.9.1">
    <attr name="isRemoveAllowed">false</attr>
    <attr name="neighborCellRef">SubNetwork=ONRM_RootMo_R,MeContext=LTE01ERBS00049,ManagedElement=1,ENodeBFunction=1,EUtraNetwork=1,ExternalENodeBFunction=63,ExternalEUtranCellFDD=1</attr>
    <attr name="anrCreated">false</attr>
    <attr name="isHoAllowed">true</attr>
  </mo>
  <mo fdn="SubNetwork=ONRM_RootMo_R,MeContext=LTE01ERBS00049,ManagedElement=1,ENodeBFunction=1,EUtranCellFDD=LTE01ERBS00049-2,EUtranFreqRelation=1,EUtranCellRelation=31" lastModified="1287501619368" mimName="ERBS_NODE_MODEL" mimVersion="A.9.50.J.9.1">
    <attr name="isRemoveAllowed">false</attr>
    <attr name="neighborCellRef">SubNetwork=ONRM_RootMo_R,MeContext=LTE01ERBS00049,ManagedElement=1,ENodeBFunction=1,EUtraNetwork=1,ExternalENodeBFunction=63,ExternalEUtranCellFDD=2</attr>
    <attr name="anrCreated">false</attr>
    <attr name="isHoAllowed">true</attr>
  </mo>
  <mo fdn="SubNetwork=ONRM_RootMo_R,MeContext=LTE01ERBS00049,ManagedElement=1,ENodeBFunction=1,EUtranCellFDD=LTE01ERBS00049-2,EUtranFreqRelation=1,EUtranCellRelation=6" lastModified="1287501619384" mimName="ERBS_NODE_MODEL" mimVersion="A.9.50.J.9.1">
    <attr name="isRemoveAllowed">false</attr>
    <attr name="neighborCellRef">SubNetwork=ONRM_RootMo_R,MeContext=LTE01ERBS00049,ManagedElement=1,ENodeBFunction=1,EUtraNetwork=1,ExternalENodeBFunction=51,ExternalEUtranCellFDD=1</attr>
    <attr name="anrCreated">false</attr>
    <attr name="isHoAllowed">true</attr>
  </mo>
  <mo fdn="SubNetwork=ONRM_RootMo_R,MeContext=LTE01ERBS00049,ManagedElement=1,ENodeBFunction=1,EUtranCellFDD=LTE01ERBS00049-2,EUtranFreqRelation=1,EUtranCellRelation=7" lastModified="1287501619391" mimName="ERBS_NODE_MODEL" mimVersion="A.9.50.J.9.1">
    <attr name="isRemoveAllowed">false</attr>
    <attr name="neighborCellRef">SubNetwork=ONRM_RootMo_R,MeContext=LTE01ERBS00049,ManagedElement=1,ENodeBFunction=1,EUtraNetwork=1,ExternalENodeBFunction=51,ExternalEUtranCellFDD=2</attr>
    <attr name="anrCreated">false</attr>
    <attr name="isHoAllowed">true</attr>
  </mo>
  <mo fdn="SubNetwork=ONRM_RootMo_R,MeContext=LTE01ERBS00049,ManagedElement=1,ENodeBFunction=1,EUtranCellFDD=LTE01ERBS00049-2,EUtranFreqRelation=2,EUtranCellRelation=12" lastModified="1287501619345" mimName="ERBS_NODE_MODEL" mimVersion="A.9.50.J.9.1">
    <attr name="isRemoveAllowed">false</attr>
    <attr name="neighborCellRef">SubNetwork=ONRM_RootMo_R,MeContext=LTE01ERBS00049,ManagedElement=1,ENodeBFunction=1,EUtraNetwork=1,ExternalENodeBFunction=54,ExternalEUtranCellFDD=1</attr>
    <attr name="anrCreated">false</attr>
    <attr name="isHoAllowed">true</attr>
  </mo>
  <mo fdn="SubNetwork=ONRM_RootMo_R,MeContext=LTE01ERBS00049,ManagedElement=1,ENodeBFunction=1,EUtranCellFDD=LTE01ERBS00049-2,EUtranFreqRelation=2,EUtranCellRelation=13" lastModified="1287501619343" mimName="ERBS_NODE_MODEL" mimVersion="A.9.50.J.9.1">
    <attr name="isRemoveAllowed">false</attr>
    <attr name="neighborCellRef">SubNetwork=ONRM_RootMo_R,MeContext=LTE01ERBS00049,ManagedElement=1,ENodeBFunction=1,EUtraNetwork=1,ExternalENodeBFunction=54,ExternalEUtranCellFDD=2</attr>
    <attr name="anrCreated">false</attr>
    <attr name="isHoAllowed">true</attr>
  </mo>
  <mo fdn="SubNetwork=ONRM_RootMo_R,MeContext=LTE01ERBS00049,ManagedElement=1,ENodeBFunction=1,EUtranCellFDD=LTE01ERBS00049-2,EUtranFreqRelation=2,EUtranCellRelation=16" lastModified="1287501619359" mimName="ERBS_NODE_MODEL" mimVersion="A.9.50.J.9.1">
    <attr name="isRemoveAllowed">false</attr>
    <attr name="neighborCellRef">SubNetwork=ONRM_RootMo_R,MeContext=LTE01ERBS00049,ManagedElement=1,ENodeBFunction=1,EUtraNetwork=1,ExternalENodeBFunction=56,ExternalEUtranCellFDD=1</attr>
    <attr name="anrCreated">false</attr>
    <attr name="isHoAllowed">true</attr>
  </mo>
  <mo fdn="SubNetwork=ONRM_RootMo_R,MeContext=LTE01ERBS00049,ManagedElement=1,ENodeBFunction=1,EUtranCellFDD=LTE01ERBS00049-2,EUtranFreqRelation=2,EUtranCellRelation=17" lastModified="1287501619355" mimName="ERBS_NODE_MODEL" mimVersion="A.9.50.J.9.1">
    <attr name="isRemoveAllowed">false</attr>
    <attr name="neighborCellRef">SubNetwork=ONRM_RootMo_R,MeContext=LTE01ERBS00049,ManagedElement=1,ENodeBFunction=1,EUtraNetwork=1,ExternalENodeBFunction=56,ExternalEUtranCellFDD=2</attr>
    <attr name="anrCreated">false</attr>
    <attr name="isHoAllowed">true</attr>
  </mo>
  <mo fdn="SubNetwork=ONRM_RootMo_R,MeContext=LTE01ERBS00049,ManagedElement=1,ENodeBFunction=1,EUtranCellFDD=LTE01ERBS00049-2,EUtranFreqRelation=2,EUtranCellRelation=20" lastModified="1287501619351" mimName="ERBS_NODE_MODEL" mimVersion="A.9.50.J.9.1">
    <attr name="isRemoveAllowed">false</attr>
    <attr name="neighborCellRef">SubNetwork=ONRM_RootMo_R,MeContext=LTE01ERBS00049,ManagedElement=1,ENodeBFunction=1,EUtraNetwork=1,ExternalENodeBFunction=58,ExternalEUtranCellFDD=1</attr>
    <attr name="anrCreated">false</attr>
    <attr name="isHoAllowed">true</attr>
  </mo>
  <mo fdn="SubNetwork=ONRM_RootMo_R,MeContext=LTE01ERBS00049,ManagedElement=1,ENodeBFunction=1,EUtranCellFDD=LTE01ERBS00049-2,EUtranFreqRelation=2,EUtranCellRelation=21" lastModified="1287501619349" mimName="ERBS_NODE_MODEL" mimVersion="A.9.50.J.9.1">
    <attr name="isRemoveAllowed">false</attr>
    <attr name="neighborCellRef">SubNetwork=ONRM_RootMo_R,MeContext=LTE01ERBS00049,ManagedElement=1,ENodeBFunction=1,EUtraNetwork=1,ExternalENodeBFunction=58,ExternalEUtranCellFDD=2</attr>
    <attr name="anrCreated">false</attr>
    <attr name="isHoAllowed">true</attr>
  </mo>
  <mo fdn="SubNetwork=ONRM_RootMo_R,MeContext=LTE01ERBS00049,ManagedElement=1,ENodeBFunction=1,EUtranCellFDD=LTE01ERBS00049-2,EUtranFreqRelation=2,EUtranCellRelation=24" lastModified="1287501619348" mimName="ERBS_NODE_MODEL" mimVersion="A.9.50.J.9.1">
    <attr name="isRemoveAllowed">false</attr>
    <attr name="neighborCellRef">SubNetwork=ONRM_RootMo_R,MeContext=LTE01ERBS00049,ManagedElement=1,ENodeBFunction=1,EUtraNetwork=1,ExternalENodeBFunction=60,ExternalEUtranCellFDD=1</attr>
    <attr name="anrCreated">false</attr>
    <attr name="isHoAllowed">true</attr>
  </mo>
  <mo fdn="SubNetwork=ONRM_RootMo_R,MeContext=LTE01ERBS00049,ManagedElement=1,ENodeBFunction=1,EUtranCellFDD=LTE01ERBS00049-2,EUtranFreqRelation=2,EUtranCellRelation=25" lastModified="1287501619347" mimName="ERBS_NODE_MODEL" mimVersion="A.9.50.J.9.1">
    <attr name="isRemoveAllowed">false</attr>
    <attr name="neighborCellRef">SubNetwork=ONRM_RootMo_R,MeContext=LTE01ERBS00049,ManagedElement=1,ENodeBFunction=1,EUtraNetwork=1,ExternalENodeBFunction=60,ExternalEUtranCellFDD=2</attr>
    <attr name="anrCreated">false</attr>
    <attr name="isHoAllowed">true</attr>
  </mo>
  <mo fdn="SubNetwork=ONRM_RootMo_R,MeContext=LTE01ERBS00049,ManagedElement=1,ENodeBFunction=1,EUtranCellFDD=LTE01ERBS00049-2,EUtranFreqRelation=2,EUtranCellRelation=28" lastModified="1287504864681" mimName="ERBS_NODE_MODEL" mimVersion="A.9.50.J.9.1">
    <attr name="isRemoveAllowed">false</attr>
    <attr name="neighborCellRef">SubNetwork=ONRM_RootMo_R,MeContext=LTE01ERBS00049,ManagedElement=1,ENodeBFunction=1,EUtraNetwork=1,ExternalENodeBFunction=62,ExternalEUtranCellFDD=1</attr>
    <attr name="anrCreated">false</attr>
    <attr name="isHoAllowed">true</attr>
  </mo>
  <mo fdn="SubNetwork=ONRM_RootMo_R,MeContext=LTE01ERBS00049,ManagedElement=1,ENodeBFunction=1,EUtranCellFDD=LTE01ERBS00049-2,EUtranFreqRelation=2,EUtranCellRelation=29" lastModified="1287504864679" mimName="ERBS_NODE_MODEL" mimVersion="A.9.50.J.9.1">
    <attr name="isRemoveAllowed">false</attr>
    <attr name="neighborCellRef">SubNetwork=ONRM_RootMo_R,MeContext=LTE01ERBS00049,ManagedElement=1,ENodeBFunction=1,EUtraNetwork=1,ExternalENodeBFunction=62,ExternalEUtranCellFDD=2</attr>
    <attr name="anrCreated">false</attr>
    <attr name="isHoAllowed">true</attr>
  </mo>
  <mo fdn="SubNetwork=ONRM_RootMo_R,MeContext=LTE01ERBS00049,ManagedElement=1,ENodeBFunction=1,EUtranCellFDD=LTE01ERBS00049-2,EUtranFreqRelation=2,EUtranCellRelation=32" lastModified="1287501619327" mimName="ERBS_NODE_MODEL" mimVersion="A.9.50.J.9.1">
    <attr name="isRemoveAllowed">false</attr>
    <attr name="neighborCellRef">SubNetwork=ONRM_RootMo_R,MeContext=LTE01ERBS00049,ManagedElement=1,ENodeBFunction=1,EUtraNetwork=1,ExternalENodeBFunction=64,ExternalEUtranCellFDD=1</attr>
    <attr name="anrCreated">false</attr>
    <attr name="isHoAllowed">true</attr>
  </mo>
  <mo fdn="SubNetwork=ONRM_RootMo_R,MeContext=LTE01ERBS00049,ManagedElement=1,ENodeBFunction=1,EUtranCellFDD=LTE01ERBS00049-2,EUtranFreqRelation=2,EUtranCellRelation=33" lastModified="1287501619352" mimName="ERBS_NODE_MODEL" mimVersion="A.9.50.J.9.1">
    <attr name="isRemoveAllowed">false</attr>
    <attr name="neighborCellRef">SubNetwork=ONRM_RootMo_R,MeContext=LTE01ERBS00049,ManagedElement=1,ENodeBFunction=1,EUtraNetwork=1,ExternalENodeBFunction=64,ExternalEUtranCellFDD=2</attr>
    <attr name="anrCreated">false</attr>
    <attr name="isHoAllowed">true</attr>
  </mo>
  <mo fdn="SubNetwork=ONRM_RootMo_R,MeContext=LTE01ERBS00049,ManagedElement=1,ENodeBFunction=1,EUtranCellFDD=LTE01ERBS00049-2,EUtranFreqRelation=2,EUtranCellRelation=4" lastModified="1287504864677" mimName="ERBS_NODE_MODEL" mimVersion="A.9.50.J.9.1">
    <attr name="isRemoveAllowed">false</attr>
    <attr name="neighborCellRef">SubNetwork=ONRM_RootMo_R,MeContext=LTE01ERBS00049,ManagedElement=1,ENodeBFunction=1,EUtraNetwork=1,ExternalENodeBFunction=50,ExternalEUtranCellFDD=1</attr>
    <attr name="anrCreated">false</attr>
    <attr name="isHoAllowed">true</attr>
  </mo>
  <mo fdn="SubNetwork=ONRM_RootMo_R,MeContext=LTE01ERBS00049,ManagedElement=1,ENodeBFunction=1,EUtranCellFDD=LTE01ERBS00049-2,EUtranFreqRelation=2,EUtranCellRelation=5" lastModified="1287504864684" mimName="ERBS_NODE_MODEL" mimVersion="A.9.50.J.9.1">
    <attr name="isRemoveAllowed">false</attr>
    <attr name="neighborCellRef">SubNetwork=ONRM_RootMo_R,MeContext=LTE01ERBS00049,ManagedElement=1,ENodeBFunction=1,EUtraNetwork=1,ExternalENodeBFunction=50,ExternalEUtranCellFDD=2</attr>
    <attr name="anrCreated">false</attr>
    <attr name="isHoAllowed">true</attr>
  </mo>
  <mo fdn="SubNetwork=ONRM_RootMo_R,MeContext=LTE01ERBS00049,ManagedElement=1,ENodeBFunction=1,EUtranCellFDD=LTE01ERBS00049-2,EUtranFreqRelation=2,EUtranCellRelation=8" lastModified="1287501619353" mimName="ERBS_NODE_MODEL" mimVersion="A.9.50.J.9.1">
    <attr name="isRemoveAllowed">false</attr>
    <attr name="neighborCellRef">SubNetwork=ONRM_RootMo_R,MeContext=LTE01ERBS00049,ManagedElement=1,ENodeBFunction=1,EUtraNetwork=1,ExternalENodeBFunction=52,ExternalEUtranCellFDD=1</attr>
    <attr name="anrCreated">false</attr>
    <attr name="isHoAllowed">true</attr>
  </mo>
  <mo fdn="SubNetwork=ONRM_RootMo_R,MeContext=LTE01ERBS00049,ManagedElement=1,ENodeBFunction=1,EUtranCellFDD=LTE01ERBS00049-2,EUtranFreqRelation=2,EUtranCellRelation=9" lastModified="1287501619354" mimName="ERBS_NODE_MODEL" mimVersion="A.9.50.J.9.1">
    <attr name="isRemoveAllowed">false</attr>
    <attr name="neighborCellRef">SubNetwork=ONRM_RootMo_R,MeContext=LTE01ERBS00049,ManagedElement=1,ENodeBFunction=1,EUtraNetwork=1,ExternalENodeBFunction=52,ExternalEUtranCellFDD=2</attr>
    <attr name="anrCreated">false</attr>
    <attr name="isHoAllowed">true</attr>
  </mo>
  <mo fdn="SubNetwork=ONRM_RootMo_R,MeContext=LTE01ERBS00049,ManagedElement=1,ENodeBFunction=1,EUtranCellFDD=LTE01ERBS00049-3" lastModified="1287512083784" mimName="ERBS_NODE_MODEL" mimVersion="A.9.50.J.9.1">
    <attr name="EUtranCellFDDId">LTE01ERBS00049-3</attr>
    <attr name="earfcnul">18000</attr>
    <attr name="cellId">3</attr>
    <attr name="tac">48138</attr>
    <attr name="bPlmnList">
      <seq count="1">
        <item>
          <struct>
            <attr name="mcc">311</attr>
            <attr name="mnc">480</attr>
            <attr name="mncLength">2</attr>
          </struct>
        </item>
      </seq>
    </attr>
    <attr name="earfcndl">0</attr>
    <attr name="userLabel">LTE01ERBS00049-3</attr>
  </mo>
  <mo fdn="SubNetwork=ONRM_RootMo_R,MeContext=LTE01ERBS00049,ManagedElement=1,ENodeBFunction=1,EUtranCellFDD=LTE01ERBS00049-3,EUtranFreqRelation=1,EUtranCellRelation=1" lastModified="1287501163525" mimName="ERBS_NODE_MODEL" mimVersion="A.9.50.J.9.1">
    <attr name="isRemoveAllowed">false</attr>
    <attr name="neighborCellRef">SubNetwork=ONRM_RootMo_R,MeContext=LTE01ERBS00049,ManagedElement=1,ENodeBFunction=1,EUtranCellFDD=LTE01ERBS00049-1</attr>
    <attr name="anrCreated">false</attr>
    <attr name="isHoAllowed">true</attr>
  </mo>
  <mo fdn="SubNetwork=ONRM_RootMo_R,MeContext=LTE01ERBS00049,ManagedElement=1,ENodeBFunction=1,EUtranCellFDD=LTE01ERBS00049-3,EUtranFreqRelation=1,EUtranCellRelation=10" lastModified="1287501618897" mimName="ERBS_NODE_MODEL" mimVersion="A.9.50.J.9.1">
    <attr name="isRemoveAllowed">false</attr>
    <attr name="neighborCellRef">SubNetwork=ONRM_RootMo_R,MeContext=LTE01ERBS00049,ManagedElement=1,ENodeBFunction=1,EUtraNetwork=1,ExternalENodeBFunction=53,ExternalEUtranCellFDD=3</attr>
    <attr name="anrCreated">false</attr>
    <attr name="isHoAllowed">true</attr>
  </mo>
  <mo fdn="SubNetwork=ONRM_RootMo_R,MeContext=LTE01ERBS00049,ManagedElement=1,ENodeBFunction=1,EUtranCellFDD=LTE01ERBS00049-3,EUtranFreqRelation=1,EUtranCellRelation=11" lastModified="1287501618896" mimName="ERBS_NODE_MODEL" mimVersion="A.9.50.J.9.1">
    <attr name="isRemoveAllowed">false</attr>
    <attr name="neighborCellRef">SubNetwork=ONRM_RootMo_R,MeContext=LTE01ERBS00049,ManagedElement=1,ENodeBFunction=1,EUtraNetwork=1,ExternalENodeBFunction=53,ExternalEUtranCellFDD=4</attr>
    <attr name="anrCreated">false</attr>
    <attr name="isHoAllowed">true</attr>
  </mo>
  <mo fdn="SubNetwork=ONRM_RootMo_R,MeContext=LTE01ERBS00049,ManagedElement=1,ENodeBFunction=1,EUtranCellFDD=LTE01ERBS00049-3,EUtranFreqRelation=1,EUtranCellRelation=14" lastModified="1287501618888" mimName="ERBS_NODE_MODEL" mimVersion="A.9.50.J.9.1">
    <attr name="isRemoveAllowed">false</attr>
    <attr name="neighborCellRef">SubNetwork=ONRM_RootMo_R,MeContext=LTE01ERBS00049,ManagedElement=1,ENodeBFunction=1,EUtraNetwork=1,ExternalENodeBFunction=55,ExternalEUtranCellFDD=3</attr>
    <attr name="anrCreated">false</attr>
    <attr name="isHoAllowed">true</attr>
  </mo>
  <mo fdn="SubNetwork=ONRM_RootMo_R,MeContext=LTE01ERBS00049,ManagedElement=1,ENodeBFunction=1,EUtranCellFDD=LTE01ERBS00049-3,EUtranFreqRelation=1,EUtranCellRelation=15" lastModified="1287501618912" mimName="ERBS_NODE_MODEL" mimVersion="A.9.50.J.9.1">
    <attr name="isRemoveAllowed">false</attr>
    <attr name="neighborCellRef">SubNetwork=ONRM_RootMo_R,MeContext=LTE01ERBS00049,ManagedElement=1,ENodeBFunction=1,EUtraNetwork=1,ExternalENodeBFunction=55,ExternalEUtranCellFDD=4</attr>
    <attr name="anrCreated">false</attr>
    <attr name="isHoAllowed">true</attr>
  </mo>
  <mo fdn="SubNetwork=ONRM_RootMo_R,MeContext=LTE01ERBS00049,ManagedElement=1,ENodeBFunction=1,EUtranCellFDD=LTE01ERBS00049-3,EUtranFreqRelation=1,EUtranCellRelation=18" lastModified="1287501618906" mimName="ERBS_NODE_MODEL" mimVersion="A.9.50.J.9.1">
    <attr name="isRemoveAllowed">false</attr>
    <attr name="neighborCellRef">SubNetwork=ONRM_RootMo_R,MeContext=LTE01ERBS00049,ManagedElement=1,ENodeBFunction=1,EUtraNetwork=1,ExternalENodeBFunction=57,ExternalEUtranCellFDD=3</attr>
    <attr name="anrCreated">false</attr>
    <attr name="isHoAllowed">true</attr>
  </mo>
  <mo fdn="SubNetwork=ONRM_RootMo_R,MeContext=LTE01ERBS00049,ManagedElement=1,ENodeBFunction=1,EUtranCellFDD=LTE01ERBS00049-3,EUtranFreqRelation=1,EUtranCellRelation=19" lastModified="1287501618900" mimName="ERBS_NODE_MODEL" mimVersion="A.9.50.J.9.1">
    <attr name="isRemoveAllowed">false</attr>
    <attr name="neighborCellRef">SubNetwork=ONRM_RootMo_R,MeContext=LTE01ERBS00049,ManagedElement=1,ENodeBFunction=1,EUtraNetwork=1,ExternalENodeBFunction=57,ExternalEUtranCellFDD=4</attr>
    <attr name="anrCreated">false</attr>
    <attr name="isHoAllowed">true</attr>
  </mo>
  <mo fdn="SubNetwork=ONRM_RootMo_R,MeContext=LTE01ERBS00049,ManagedElement=1,ENodeBFunction=1,EUtranCellFDD=LTE01ERBS00049-3,EUtranFreqRelation=1,EUtranCellRelation=2" lastModified="1287501163483" mimName="ERBS_NODE_MODEL" mimVersion="A.9.50.J.9.1">
    <attr name="isRemoveAllowed">false</attr>
    <attr name="neighborCellRef">SubNetwork=ONRM_RootMo_R,MeContext=LTE01ERBS00049,ManagedElement=1,ENodeBFunction=1,EUtranCellFDD=LTE01ERBS00049-2</attr>
    <attr name="anrCreated">false</attr>
    <attr name="isHoAllowed">true</attr>
  </mo>
  <mo fdn="SubNetwork=ONRM_RootMo_R,MeContext=LTE01ERBS00049,ManagedElement=1,ENodeBFunction=1,EUtranCellFDD=LTE01ERBS00049-3,EUtranFreqRelation=1,EUtranCellRelation=22" lastModified="1287501618890" mimName="ERBS_NODE_MODEL" mimVersion="A.9.50.J.9.1">
    <attr name="isRemoveAllowed">false</attr>
    <attr name="neighborCellRef">SubNetwork=ONRM_RootMo_R,MeContext=LTE01ERBS00049,ManagedElement=1,ENodeBFunction=1,EUtraNetwork=1,ExternalENodeBFunction=59,ExternalEUtranCellFDD=3</attr>
    <attr name="anrCreated">false</attr>
    <attr name="isHoAllowed">true</attr>
  </mo>
  <mo fdn="SubNetwork=ONRM_RootMo_R,MeContext=LTE01ERBS00049,ManagedElement=1,ENodeBFunction=1,EUtranCellFDD=LTE01ERBS00049-3,EUtranFreqRelation=1,EUtranCellRelation=23" lastModified="1287501618887" mimName="ERBS_NODE_MODEL" mimVersion="A.9.50.J.9.1">
    <attr name="isRemoveAllowed">false</attr>
    <attr name="neighborCellRef">SubNetwork=ONRM_RootMo_R,MeContext=LTE01ERBS00049,ManagedElement=1,ENodeBFunction=1,EUtraNetwork=1,ExternalENodeBFunction=59,ExternalEUtranCellFDD=4</attr>
    <attr name="anrCreated">false</attr>
    <attr name="isHoAllowed">true</attr>
  </mo>
  <mo fdn="SubNetwork=ONRM_RootMo_R,MeContext=LTE01ERBS00049,ManagedElement=1,ENodeBFunction=1,EUtranCellFDD=LTE01ERBS00049-3,EUtranFreqRelation=1,EUtranCellRelation=26" lastModified="1287501618909" mimName="ERBS_NODE_MODEL" mimVersion="A.9.50.J.9.1">
    <attr name="isRemoveAllowed">false</attr>
    <attr name="neighborCellRef">SubNetwork=ONRM_RootMo_R,MeContext=LTE01ERBS00049,ManagedElement=1,ENodeBFunction=1,EUtraNetwork=1,ExternalENodeBFunction=61,ExternalEUtranCellFDD=3</attr>
    <attr name="anrCreated">false</attr>
    <attr name="isHoAllowed">true</attr>
  </mo>
  <mo fdn="SubNetwork=ONRM_RootMo_R,MeContext=LTE01ERBS00049,ManagedElement=1,ENodeBFunction=1,EUtranCellFDD=LTE01ERBS00049-3,EUtranFreqRelation=1,EUtranCellRelation=27" lastModified="1287501618903" mimName="ERBS_NODE_MODEL" mimVersion="A.9.50.J.9.1">
    <attr name="isRemoveAllowed">false</attr>
    <attr name="neighborCellRef">SubNetwork=ONRM_RootMo_R,MeContext=LTE01ERBS00049,ManagedElement=1,ENodeBFunction=1,EUtraNetwork=1,ExternalENodeBFunction=61,ExternalEUtranCellFDD=4</attr>
    <attr name="anrCreated">false</attr>
    <attr name="isHoAllowed">true</attr>
  </mo>
  <mo fdn="SubNetwork=ONRM_RootMo_R,MeContext=LTE01ERBS00049,ManagedElement=1,ENodeBFunction=1,EUtranCellFDD=LTE01ERBS00049-3,EUtranFreqRelation=1,EUtranCellRelation=3" lastModified="1287501163010" mimName="ERBS_NODE_MODEL" mimVersion="A.9.50.J.9.1">
    <attr name="isRemoveAllowed">false</attr>
    <attr name="neighborCellRef">SubNetwork=ONRM_RootMo_R,MeContext=LTE01ERBS00049,ManagedElement=1,ENodeBFunction=1,EUtranCellFDD=LTE01ERBS00049-4</attr>
    <attr name="anrCreated">false</attr>
    <attr name="isHoAllowed">true</attr>
  </mo>
  <mo fdn="SubNetwork=ONRM_RootMo_R,MeContext=LTE01ERBS00049,ManagedElement=1,ENodeBFunction=1,EUtranCellFDD=LTE01ERBS00049-3,EUtranFreqRelation=1,EUtranCellRelation=30" lastModified="1287501618894" mimName="ERBS_NODE_MODEL" mimVersion="A.9.50.J.9.1">
    <attr name="isRemoveAllowed">false</attr>
    <attr name="neighborCellRef">SubNetwork=ONRM_RootMo_R,MeContext=LTE01ERBS00049,ManagedElement=1,ENodeBFunction=1,EUtraNetwork=1,ExternalENodeBFunction=63,ExternalEUtranCellFDD=3</attr>
    <attr name="anrCreated">false</attr>
    <attr name="isHoAllowed">true</attr>
  </mo>
  <mo fdn="SubNetwork=ONRM_RootMo_R,MeContext=LTE01ERBS00049,ManagedElement=1,ENodeBFunction=1,EUtranCellFDD=LTE01ERBS00049-3,EUtranFreqRelation=1,EUtranCellRelation=31" lastModified="1287501618892" mimName="ERBS_NODE_MODEL" mimVersion="A.9.50.J.9.1">
    <attr name="isRemoveAllowed">false</attr>
    <attr name="neighborCellRef">SubNetwork=ONRM_RootMo_R,MeContext=LTE01ERBS00049,ManagedElement=1,ENodeBFunction=1,EUtraNetwork=1,ExternalENodeBFunction=63,ExternalEUtranCellFDD=4</attr>
    <attr name="anrCreated">false</attr>
    <attr name="isHoAllowed">true</attr>
  </mo>
  <mo fdn="SubNetwork=ONRM_RootMo_R,MeContext=LTE01ERBS00049,ManagedElement=1,ENodeBFunction=1,EUtranCellFDD=LTE01ERBS00049-3,EUtranFreqRelation=1,EUtranCellRelation=6" lastModified="1287501618907" mimName="ERBS_NODE_MODEL" mimVersion="A.9.50.J.9.1">
    <attr name="isRemoveAllowed">false</attr>
    <attr name="neighborCellRef">SubNetwork=ONRM_RootMo_R,MeContext=LTE01ERBS00049,ManagedElement=1,ENodeBFunction=1,EUtraNetwork=1,ExternalENodeBFunction=51,ExternalEUtranCellFDD=3</attr>
    <attr name="anrCreated">false</attr>
    <attr name="isHoAllowed">true</attr>
  </mo>
  <mo fdn="SubNetwork=ONRM_RootMo_R,MeContext=LTE01ERBS00049,ManagedElement=1,ENodeBFunction=1,EUtranCellFDD=LTE01ERBS00049-3,EUtranFreqRelation=1,EUtranCellRelation=7" lastModified="1287501618911" mimName="ERBS_NODE_MODEL" mimVersion="A.9.50.J.9.1">
    <attr name="isRemoveAllowed">false</attr>
    <attr name="neighborCellRef">SubNetwork=ONRM_RootMo_R,MeContext=LTE01ERBS00049,ManagedElement=1,ENodeBFunction=1,EUtraNetwork=1,ExternalENodeBFunction=51,ExternalEUtranCellFDD=4</attr>
    <attr name="anrCreated">false</attr>
    <attr name="isHoAllowed">true</attr>
  </mo>
  <mo fdn="SubNetwork=ONRM_RootMo_R,MeContext=LTE01ERBS00049,ManagedElement=1,ENodeBFunction=1,EUtranCellFDD=LTE01ERBS00049-3,EUtranFreqRelation=2,EUtranCellRelation=12" lastModified="1287501618867" mimName="ERBS_NODE_MODEL" mimVersion="A.9.50.J.9.1">
    <attr name="isRemoveAllowed">false</attr>
    <attr name="neighborCellRef">SubNetwork=ONRM_RootMo_R,MeContext=LTE01ERBS00049,ManagedElement=1,ENodeBFunction=1,EUtraNetwork=1,ExternalENodeBFunction=54,ExternalEUtranCellFDD=3</attr>
    <attr name="anrCreated">false</attr>
    <attr name="isHoAllowed">true</attr>
  </mo>
  <mo fdn="SubNetwork=ONRM_RootMo_R,MeContext=LTE01ERBS00049,ManagedElement=1,ENodeBFunction=1,EUtranCellFDD=LTE01ERBS00049-3,EUtranFreqRelation=2,EUtranCellRelation=13" lastModified="1287501618864" mimName="ERBS_NODE_MODEL" mimVersion="A.9.50.J.9.1">
    <attr name="isRemoveAllowed">false</attr>
    <attr name="neighborCellRef">SubNetwork=ONRM_RootMo_R,MeContext=LTE01ERBS00049,ManagedElement=1,ENodeBFunction=1,EUtraNetwork=1,ExternalENodeBFunction=54,ExternalEUtranCellFDD=4</attr>
    <attr name="anrCreated">false</attr>
    <attr name="isHoAllowed">true</attr>
  </mo>
  <mo fdn="SubNetwork=ONRM_RootMo_R,MeContext=LTE01ERBS00049,ManagedElement=1,ENodeBFunction=1,EUtranCellFDD=LTE01ERBS00049-3,EUtranFreqRelation=2,EUtranCellRelation=16" lastModified="1287501618880" mimName="ERBS_NODE_MODEL" mimVersion="A.9.50.J.9.1">
    <attr name="isRemoveAllowed">false</attr>
    <attr name="neighborCellRef">SubNetwork=ONRM_RootMo_R,MeContext=LTE01ERBS00049,ManagedElement=1,ENodeBFunction=1,EUtraNetwork=1,ExternalENodeBFunction=56,ExternalEUtranCellFDD=3</attr>
    <attr name="anrCreated">false</attr>
    <attr name="isHoAllowed">true</attr>
  </mo>
  <mo fdn="SubNetwork=ONRM_RootMo_R,MeContext=LTE01ERBS00049,ManagedElement=1,ENodeBFunction=1,EUtranCellFDD=LTE01ERBS00049-3,EUtranFreqRelation=2,EUtranCellRelation=17" lastModified="1287501618879" mimName="ERBS_NODE_MODEL" mimVersion="A.9.50.J.9.1">
    <attr name="isRemoveAllowed">false</attr>
    <attr name="neighborCellRef">SubNetwork=ONRM_RootMo_R,MeContext=LTE01ERBS00049,ManagedElement=1,ENodeBFunction=1,EUtraNetwork=1,ExternalENodeBFunction=56,ExternalEUtranCellFDD=4</attr>
    <attr name="anrCreated">false</attr>
    <attr name="isHoAllowed">true</attr>
  </mo>
  <mo fdn="SubNetwork=ONRM_RootMo_R,MeContext=LTE01ERBS00049,ManagedElement=1,ENodeBFunction=1,EUtranCellFDD=LTE01ERBS00049-3,EUtranFreqRelation=2,EUtranCellRelation=20" lastModified="1287501618873" mimName="ERBS_NODE_MODEL" mimVersion="A.9.50.J.9.1">
    <attr name="isRemoveAllowed">false</attr>
    <attr name="neighborCellRef">SubNetwork=ONRM_RootMo_R,MeContext=LTE01ERBS00049,ManagedElement=1,ENodeBFunction=1,EUtraNetwork=1,ExternalENodeBFunction=58,ExternalEUtranCellFDD=3</attr>
    <attr name="anrCreated">false</attr>
    <attr name="isHoAllowed">true</attr>
  </mo>
  <mo fdn="SubNetwork=ONRM_RootMo_R,MeContext=LTE01ERBS00049,ManagedElement=1,ENodeBFunction=1,EUtranCellFDD=LTE01ERBS00049-3,EUtranFreqRelation=2,EUtranCellRelation=21" lastModified="1287501618872" mimName="ERBS_NODE_MODEL" mimVersion="A.9.50.J.9.1">
    <attr name="isRemoveAllowed">false</attr>
    <attr name="neighborCellRef">SubNetwork=ONRM_RootMo_R,MeContext=LTE01ERBS00049,ManagedElement=1,ENodeBFunction=1,EUtraNetwork=1,ExternalENodeBFunction=58,ExternalEUtranCellFDD=4</attr>
    <attr name="anrCreated">false</attr>
    <attr name="isHoAllowed">true</attr>
  </mo>
  <mo fdn="SubNetwork=ONRM_RootMo_R,MeContext=LTE01ERBS00049,ManagedElement=1,ENodeBFunction=1,EUtranCellFDD=LTE01ERBS00049-3,EUtranFreqRelation=2,EUtranCellRelation=24" lastModified="1287501618870" mimName="ERBS_NODE_MODEL" mimVersion="A.9.50.J.9.1">
    <attr name="isRemoveAllowed">false</attr>
    <attr name="neighborCellRef">SubNetwork=ONRM_RootMo_R,MeContext=LTE01ERBS00049,ManagedElement=1,ENodeBFunction=1,EUtraNetwork=1,ExternalENodeBFunction=60,ExternalEUtranCellFDD=3</attr>
    <attr name="anrCreated">false</attr>
    <attr name="isHoAllowed">true</attr>
  </mo>
  <mo fdn="SubNetwork=ONRM_RootMo_R,MeContext=LTE01ERBS00049,ManagedElement=1,ENodeBFunction=1,EUtranCellFDD=LTE01ERBS00049-3,EUtranFreqRelation=2,EUtranCellRelation=25" lastModified="1287501618869" mimName="ERBS_NODE_MODEL" mimVersion="A.9.50.J.9.1">
    <attr name="isRemoveAllowed">false</attr>
    <attr name="neighborCellRef">SubNetwork=ONRM_RootMo_R,MeContext=LTE01ERBS00049,ManagedElement=1,ENodeBFunction=1,EUtraNetwork=1,ExternalENodeBFunction=60,ExternalEUtranCellFDD=4</attr>
    <attr name="anrCreated">false</attr>
    <attr name="isHoAllowed">true</attr>
  </mo>
  <mo fdn="SubNetwork=ONRM_RootMo_R,MeContext=LTE01ERBS00049,ManagedElement=1,ENodeBFunction=1,EUtranCellFDD=LTE01ERBS00049-3,EUtranFreqRelation=2,EUtranCellRelation=28" lastModified="1287504860327" mimName="ERBS_NODE_MODEL" mimVersion="A.9.50.J.9.1">
    <attr name="isRemoveAllowed">false</attr>
    <attr name="neighborCellRef">SubNetwork=ONRM_RootMo_R,MeContext=LTE01ERBS00049,ManagedElement=1,ENodeBFunction=1,EUtraNetwork=1,ExternalENodeBFunction=62,ExternalEUtranCellFDD=3</attr>
    <attr name="anrCreated">false</attr>
    <attr name="isHoAllowed">true</attr>
  </mo>
  <mo fdn="SubNetwork=ONRM_RootMo_R,MeContext=LTE01ERBS00049,ManagedElement=1,ENodeBFunction=1,EUtranCellFDD=LTE01ERBS00049-3,EUtranFreqRelation=2,EUtranCellRelation=29" lastModified="1287504860325" mimName="ERBS_NODE_MODEL" mimVersion="A.9.50.J.9.1">
    <attr name="isRemoveAllowed">false</attr>
    <attr name="neighborCellRef">SubNetwork=ONRM_RootMo_R,MeContext=LTE01ERBS00049,ManagedElement=1,ENodeBFunction=1,EUtraNetwork=1,ExternalENodeBFunction=62,ExternalEUtranCellFDD=4</attr>
    <attr name="anrCreated">false</attr>
    <attr name="isHoAllowed">true</attr>
  </mo>
  <mo fdn="SubNetwork=ONRM_RootMo_R,MeContext=LTE01ERBS00049,ManagedElement=1,ENodeBFunction=1,EUtranCellFDD=LTE01ERBS00049-3,EUtranFreqRelation=2,EUtranCellRelation=32" lastModified="1287501618755" mimName="ERBS_NODE_MODEL" mimVersion="A.9.50.J.9.1">
    <attr name="isRemoveAllowed">false</attr>
    <attr name="neighborCellRef">SubNetwork=ONRM_RootMo_R,MeContext=LTE01ERBS00049,ManagedElement=1,ENodeBFunction=1,EUtraNetwork=1,ExternalENodeBFunction=64,ExternalEUtranCellFDD=3</attr>
    <attr name="anrCreated">false</attr>
    <attr name="isHoAllowed">true</attr>
  </mo>
  <mo fdn="SubNetwork=ONRM_RootMo_R,MeContext=LTE01ERBS00049,ManagedElement=1,ENodeBFunction=1,EUtranCellFDD=LTE01ERBS00049-3,EUtranFreqRelation=2,EUtranCellRelation=33" lastModified="1287501618874" mimName="ERBS_NODE_MODEL" mimVersion="A.9.50.J.9.1">
    <attr name="isRemoveAllowed">false</attr>
    <attr name="neighborCellRef">SubNetwork=ONRM_RootMo_R,MeContext=LTE01ERBS00049,ManagedElement=1,ENodeBFunction=1,EUtraNetwork=1,ExternalENodeBFunction=64,ExternalEUtranCellFDD=4</attr>
    <attr name="anrCreated">false</attr>
    <attr name="isHoAllowed">true</attr>
  </mo>
  <mo fdn="SubNetwork=ONRM_RootMo_R,MeContext=LTE01ERBS00049,ManagedElement=1,ENodeBFunction=1,EUtranCellFDD=LTE01ERBS00049-3,EUtranFreqRelation=2,EUtranCellRelation=4" lastModified="1287504860322" mimName="ERBS_NODE_MODEL" mimVersion="A.9.50.J.9.1">
    <attr name="isRemoveAllowed">false</attr>
    <attr name="neighborCellRef">SubNetwork=ONRM_RootMo_R,MeContext=LTE01ERBS00049,ManagedElement=1,ENodeBFunction=1,EUtraNetwork=1,ExternalENodeBFunction=50,ExternalEUtranCellFDD=3</attr>
    <attr name="anrCreated">false</attr>
    <attr name="isHoAllowed">true</attr>
  </mo>
  <mo fdn="SubNetwork=ONRM_RootMo_R,MeContext=LTE01ERBS00049,ManagedElement=1,ENodeBFunction=1,EUtranCellFDD=LTE01ERBS00049-3,EUtranFreqRelation=2,EUtranCellRelation=5" lastModified="1287504860330" mimName="ERBS_NODE_MODEL" mimVersion="A.9.50.J.9.1">
    <attr name="isRemoveAllowed">false</attr>
    <attr name="neighborCellRef">SubNetwork=ONRM_RootMo_R,MeContext=LTE01ERBS00049,ManagedElement=1,ENodeBFunction=1,EUtraNetwork=1,ExternalENodeBFunction=50,ExternalEUtranCellFDD=4</attr>
    <attr name="anrCreated">false</attr>
    <attr name="isHoAllowed">true</attr>
  </mo>
  <mo fdn="SubNetwork=ONRM_RootMo_R,MeContext=LTE01ERBS00049,ManagedElement=1,ENodeBFunction=1,EUtranCellFDD=LTE01ERBS00049-3,EUtranFreqRelation=2,EUtranCellRelation=8" lastModified="1287501618876" mimName="ERBS_NODE_MODEL" mimVersion="A.9.50.J.9.1">
    <attr name="isRemoveAllowed">false</attr>
    <attr name="neighborCellRef">SubNetwork=ONRM_RootMo_R,MeContext=LTE01ERBS00049,ManagedElement=1,ENodeBFunction=1,EUtraNetwork=1,ExternalENodeBFunction=52,ExternalEUtranCellFDD=3</attr>
    <attr name="anrCreated">false</attr>
    <attr name="isHoAllowed">true</attr>
  </mo>
  <mo fdn="SubNetwork=ONRM_RootMo_R,MeContext=LTE01ERBS00049,ManagedElement=1,ENodeBFunction=1,EUtranCellFDD=LTE01ERBS00049-3,EUtranFreqRelation=2,EUtranCellRelation=9" lastModified="1287501618877" mimName="ERBS_NODE_MODEL" mimVersion="A.9.50.J.9.1">
    <attr name="isRemoveAllowed">false</attr>
    <attr name="neighborCellRef">SubNetwork=ONRM_RootMo_R,MeContext=LTE01ERBS00049,ManagedElement=1,ENodeBFunction=1,EUtraNetwork=1,ExternalENodeBFunction=52,ExternalEUtranCellFDD=4</attr>
    <attr name="anrCreated">false</attr>
    <attr name="isHoAllowed">true</attr>
  </mo>
  <mo fdn="SubNetwork=ONRM_RootMo_R,MeContext=LTE01ERBS00049,ManagedElement=1,ENodeBFunction=1,EUtranCellFDD=LTE01ERBS00049-4" lastModified="1287512083367" mimName="ERBS_NODE_MODEL" mimVersion="A.9.50.J.9.1">
    <attr name="EUtranCellFDDId">LTE01ERBS00049-4</attr>
    <attr name="earfcnul">18000</attr>
    <attr name="cellId">4</attr>
    <attr name="tac">1</attr>
    <attr name="bPlmnList">
      <seq count="1">
        <item>
          <struct>
            <attr name="mcc">311</attr>
            <attr name="mnc">480</attr>
            <attr name="mncLength">2</attr>
          </struct>
        </item>
      </seq>
    </attr>
    <attr name="earfcndl">0</attr>
    <attr name="userLabel">LTE01ERBS00049-4</attr>
  </mo>
  <mo fdn="SubNetwork=ONRM_RootMo_R,MeContext=LTE01ERBS00049,ManagedElement=1,ENodeBFunction=1,EUtranCellFDD=LTE01ERBS00049-4,EUtranFreqRelation=1,EUtranCellRelation=1" lastModified="1287501162638" mimName="ERBS_NODE_MODEL" mimVersion="A.9.50.J.9.1">
    <attr name="isRemoveAllowed">false</attr>
    <attr name="neighborCellRef">SubNetwork=ONRM_RootMo_R,MeContext=LTE01ERBS00049,ManagedElement=1,ENodeBFunction=1,EUtranCellFDD=LTE01ERBS00049-1</attr>
    <attr name="anrCreated">false</attr>
    <attr name="isHoAllowed">true</attr>
  </mo>
  <mo fdn="SubNetwork=ONRM_RootMo_R,MeContext=LTE01ERBS00049,ManagedElement=1,ENodeBFunction=1,EUtranCellFDD=LTE01ERBS00049-4,EUtranFreqRelation=1,EUtranCellRelation=10" lastModified="1287501618505" mimName="ERBS_NODE_MODEL" mimVersion="A.9.50.J.9.1">
    <attr name="isRemoveAllowed">false</attr>
    <attr name="neighborCellRef">SubNetwork=ONRM_RootMo_R,MeContext=LTE01ERBS00049,ManagedElement=1,ENodeBFunction=1,EUtraNetwork=1,ExternalENodeBFunction=53,ExternalEUtranCellFDD=3</attr>
    <attr name="anrCreated">false</attr>
    <attr name="isHoAllowed">true</attr>
  </mo>
  <mo fdn="SubNetwork=ONRM_RootMo_R,MeContext=LTE01ERBS00049,ManagedElement=1,ENodeBFunction=1,EUtranCellFDD=LTE01ERBS00049-4,EUtranFreqRelation=1,EUtranCellRelation=11" lastModified="1287501618503" mimName="ERBS_NODE_MODEL" mimVersion="A.9.50.J.9.1">
    <attr name="isRemoveAllowed">false</attr>
    <attr name="neighborCellRef">SubNetwork=ONRM_RootMo_R,MeContext=LTE01ERBS00049,ManagedElement=1,ENodeBFunction=1,EUtraNetwork=1,ExternalENodeBFunction=53,ExternalEUtranCellFDD=4</attr>
    <attr name="anrCreated">false</attr>
    <attr name="isHoAllowed">true</attr>
  </mo>
  <mo fdn="SubNetwork=ONRM_RootMo_R,MeContext=LTE01ERBS00049,ManagedElement=1,ENodeBFunction=1,EUtranCellFDD=LTE01ERBS00049-4,EUtranFreqRelation=1,EUtranCellRelation=14" lastModified="1287501618497" mimName="ERBS_NODE_MODEL" mimVersion="A.9.50.J.9.1">
    <attr name="isRemoveAllowed">false</attr>
    <attr name="neighborCellRef">SubNetwork=ONRM_RootMo_R,MeContext=LTE01ERBS00049,ManagedElement=1,ENodeBFunction=1,EUtraNetwork=1,ExternalENodeBFunction=55,ExternalEUtranCellFDD=3</attr>
    <attr name="anrCreated">false</attr>
    <attr name="isHoAllowed">true</attr>
  </mo>
  <mo fdn="SubNetwork=ONRM_RootMo_R,MeContext=LTE01ERBS00049,ManagedElement=1,ENodeBFunction=1,EUtranCellFDD=LTE01ERBS00049-4,EUtranFreqRelation=1,EUtranCellRelation=15" lastModified="1287501618516" mimName="ERBS_NODE_MODEL" mimVersion="A.9.50.J.9.1">
    <attr name="isRemoveAllowed">false</attr>
    <attr name="neighborCellRef">SubNetwork=ONRM_RootMo_R,MeContext=LTE01ERBS00049,ManagedElement=1,ENodeBFunction=1,EUtraNetwork=1,ExternalENodeBFunction=55,ExternalEUtranCellFDD=4</attr>
    <attr name="anrCreated">false</attr>
    <attr name="isHoAllowed">true</attr>
  </mo>
  <mo fdn="SubNetwork=ONRM_RootMo_R,MeContext=LTE01ERBS00049,ManagedElement=1,ENodeBFunction=1,EUtranCellFDD=LTE01ERBS00049-4,EUtranFreqRelation=1,EUtranCellRelation=18" lastModified="1287501618509" mimName="ERBS_NODE_MODEL" mimVersion="A.9.50.J.9.1">
    <attr name="isRemoveAllowed">false</attr>
    <attr name="neighborCellRef">SubNetwork=ONRM_RootMo_R,MeContext=LTE01ERBS00049,ManagedElement=1,ENodeBFunction=1,EUtraNetwork=1,ExternalENodeBFunction=57,ExternalEUtranCellFDD=3</attr>
    <attr name="anrCreated">false</attr>
    <attr name="isHoAllowed">true</attr>
  </mo>
  <mo fdn="SubNetwork=ONRM_RootMo_R,MeContext=LTE01ERBS00049,ManagedElement=1,ENodeBFunction=1,EUtranCellFDD=LTE01ERBS00049-4,EUtranFreqRelation=1,EUtranCellRelation=19" lastModified="1287501618506" mimName="ERBS_NODE_MODEL" mimVersion="A.9.50.J.9.1">
    <attr name="isRemoveAllowed">false</attr>
    <attr name="neighborCellRef">SubNetwork=ONRM_RootMo_R,MeContext=LTE01ERBS00049,ManagedElement=1,ENodeBFunction=1,EUtraNetwork=1,ExternalENodeBFunction=57,ExternalEUtranCellFDD=4</attr>
    <attr name="anrCreated">false</attr>
    <attr name="isHoAllowed">true</attr>
  </mo>
  <mo fdn="SubNetwork=ONRM_RootMo_R,MeContext=LTE01ERBS00049,ManagedElement=1,ENodeBFunction=1,EUtranCellFDD=LTE01ERBS00049-4,EUtranFreqRelation=1,EUtranCellRelation=2" lastModified="1287501162566" mimName="ERBS_NODE_MODEL" mimVersion="A.9.50.J.9.1">
    <attr name="isRemoveAllowed">false</attr>
    <attr name="neighborCellRef">SubNetwork=ONRM_RootMo_R,MeContext=LTE01ERBS00049,ManagedElement=1,ENodeBFunction=1,EUtranCellFDD=LTE01ERBS00049-2</attr>
    <attr name="anrCreated">false</attr>
    <attr name="isHoAllowed">true</attr>
  </mo>
  <mo fdn="SubNetwork=ONRM_RootMo_R,MeContext=LTE01ERBS00049,ManagedElement=1,ENodeBFunction=1,EUtranCellFDD=LTE01ERBS00049-4,EUtranFreqRelation=1,EUtranCellRelation=22" lastModified="1287501618498" mimName="ERBS_NODE_MODEL" mimVersion="A.9.50.J.9.1">
    <attr name="isRemoveAllowed">false</attr>
    <attr name="neighborCellRef">SubNetwork=ONRM_RootMo_R,MeContext=LTE01ERBS00049,ManagedElement=1,ENodeBFunction=1,EUtraNetwork=1,ExternalENodeBFunction=59,ExternalEUtranCellFDD=3</attr>
    <attr name="anrCreated">false</attr>
    <attr name="isHoAllowed">true</attr>
  </mo>
  <mo fdn="SubNetwork=ONRM_RootMo_R,MeContext=LTE01ERBS00049,ManagedElement=1,ENodeBFunction=1,EUtranCellFDD=LTE01ERBS00049-4,EUtranFreqRelation=1,EUtranCellRelation=23" lastModified="1287501618495" mimName="ERBS_NODE_MODEL" mimVersion="A.9.50.J.9.1">
    <attr name="isRemoveAllowed">false</attr>
    <attr name="neighborCellRef">SubNetwork=ONRM_RootMo_R,MeContext=LTE01ERBS00049,ManagedElement=1,ENodeBFunction=1,EUtraNetwork=1,ExternalENodeBFunction=59,ExternalEUtranCellFDD=4</attr>
    <attr name="anrCreated">false</attr>
    <attr name="isHoAllowed">true</attr>
  </mo>
  <mo fdn="SubNetwork=ONRM_RootMo_R,MeContext=LTE01ERBS00049,ManagedElement=1,ENodeBFunction=1,EUtranCellFDD=LTE01ERBS00049-4,EUtranFreqRelation=1,EUtranCellRelation=26" lastModified="1287501618512" mimName="ERBS_NODE_MODEL" mimVersion="A.9.50.J.9.1">
    <attr name="isRemoveAllowed">false</attr>
    <attr name="neighborCellRef">SubNetwork=ONRM_RootMo_R,MeContext=LTE01ERBS00049,ManagedElement=1,ENodeBFunction=1,EUtraNetwork=1,ExternalENodeBFunction=61,ExternalEUtranCellFDD=3</attr>
    <attr name="anrCreated">false</attr>
    <attr name="isHoAllowed">true</attr>
  </mo>
  <mo fdn="SubNetwork=ONRM_RootMo_R,MeContext=LTE01ERBS00049,ManagedElement=1,ENodeBFunction=1,EUtranCellFDD=LTE01ERBS00049-4,EUtranFreqRelation=1,EUtranCellRelation=27" lastModified="1287501618508" mimName="ERBS_NODE_MODEL" mimVersion="A.9.50.J.9.1">
    <attr name="isRemoveAllowed">false</attr>
    <attr name="neighborCellRef">SubNetwork=ONRM_RootMo_R,MeContext=LTE01ERBS00049,ManagedElement=1,ENodeBFunction=1,EUtraNetwork=1,ExternalENodeBFunction=61,ExternalEUtranCellFDD=4</attr>
    <attr name="anrCreated">false</attr>
    <attr name="isHoAllowed">true</attr>
  </mo>
  <mo fdn="SubNetwork=ONRM_RootMo_R,MeContext=LTE01ERBS00049,ManagedElement=1,ENodeBFunction=1,EUtranCellFDD=LTE01ERBS00049-4,EUtranFreqRelation=1,EUtranCellRelation=3" lastModified="1287501162540" mimName="ERBS_NODE_MODEL" mimVersion="A.9.50.J.9.1">
    <attr name="isRemoveAllowed">false</attr>
    <attr name="neighborCellRef">SubNetwork=ONRM_RootMo_R,MeContext=LTE01ERBS00049,ManagedElement=1,ENodeBFunction=1,EUtranCellFDD=LTE01ERBS00049-3</attr>
    <attr name="anrCreated">false</attr>
    <attr name="isHoAllowed">true</attr>
  </mo>
  <mo fdn="SubNetwork=ONRM_RootMo_R,MeContext=LTE01ERBS00049,ManagedElement=1,ENodeBFunction=1,EUtranCellFDD=LTE01ERBS00049-4,EUtranFreqRelation=1,EUtranCellRelation=30" lastModified="1287501618502" mimName="ERBS_NODE_MODEL" mimVersion="A.9.50.J.9.1">
    <attr name="isRemoveAllowed">false</attr>
    <attr name="neighborCellRef">SubNetwork=ONRM_RootMo_R,MeContext=LTE01ERBS00049,ManagedElement=1,ENodeBFunction=1,EUtraNetwork=1,ExternalENodeBFunction=63,ExternalEUtranCellFDD=3</attr>
    <attr name="anrCreated">false</attr>
    <attr name="isHoAllowed">true</attr>
  </mo>
  <mo fdn="SubNetwork=ONRM_RootMo_R,MeContext=LTE01ERBS00049,ManagedElement=1,ENodeBFunction=1,EUtranCellFDD=LTE01ERBS00049-4,EUtranFreqRelation=1,EUtranCellRelation=31" lastModified="1287501618500" mimName="ERBS_NODE_MODEL" mimVersion="A.9.50.J.9.1">
    <attr name="isRemoveAllowed">false</attr>
    <attr name="neighborCellRef">SubNetwork=ONRM_RootMo_R,MeContext=LTE01ERBS00049,ManagedElement=1,ENodeBFunction=1,EUtraNetwork=1,ExternalENodeBFunction=63,ExternalEUtranCellFDD=4</attr>
    <attr name="anrCreated">false</attr>
    <attr name="isHoAllowed">true</attr>
  </mo>
  <mo fdn="SubNetwork=ONRM_RootMo_R,MeContext=LTE01ERBS00049,ManagedElement=1,ENodeBFunction=1,EUtranCellFDD=LTE01ERBS00049-4,EUtranFreqRelation=1,EUtranCellRelation=6" lastModified="1287501618510" mimName="ERBS_NODE_MODEL" mimVersion="A.9.50.J.9.1">
    <attr name="isRemoveAllowed">false</attr>
    <attr name="neighborCellRef">SubNetwork=ONRM_RootMo_R,MeContext=LTE01ERBS00049,ManagedElement=1,ENodeBFunction=1,EUtraNetwork=1,ExternalENodeBFunction=51,ExternalEUtranCellFDD=3</attr>
    <attr name="anrCreated">false</attr>
    <attr name="isHoAllowed">true</attr>
  </mo>
  <mo fdn="SubNetwork=ONRM_RootMo_R,MeContext=LTE01ERBS00049,ManagedElement=1,ENodeBFunction=1,EUtranCellFDD=LTE01ERBS00049-4,EUtranFreqRelation=1,EUtranCellRelation=7" lastModified="1287501618514" mimName="ERBS_NODE_MODEL" mimVersion="A.9.50.J.9.1">
    <attr name="isRemoveAllowed">false</attr>
    <attr name="neighborCellRef">SubNetwork=ONRM_RootMo_R,MeContext=LTE01ERBS00049,ManagedElement=1,ENodeBFunction=1,EUtraNetwork=1,ExternalENodeBFunction=51,ExternalEUtranCellFDD=4</attr>
    <attr name="anrCreated">false</attr>
    <attr name="isHoAllowed">true</attr>
  </mo>
  <mo fdn="SubNetwork=ONRM_RootMo_R,MeContext=LTE01ERBS00049,ManagedElement=1,ENodeBFunction=1,EUtranCellFDD=LTE01ERBS00049-4,EUtranFreqRelation=2,EUtranCellRelation=12" lastModified="1287501618474" mimName="ERBS_NODE_MODEL" mimVersion="A.9.50.J.9.1">
    <attr name="isRemoveAllowed">false</attr>
    <attr name="neighborCellRef">SubNetwork=ONRM_RootMo_R,MeContext=LTE01ERBS00049,ManagedElement=1,ENodeBFunction=1,EUtraNetwork=1,ExternalENodeBFunction=54,ExternalEUtranCellFDD=3</attr>
    <attr name="anrCreated">false</attr>
    <attr name="isHoAllowed">true</attr>
  </mo>
  <mo fdn="SubNetwork=ONRM_RootMo_R,MeContext=LTE01ERBS00049,ManagedElement=1,ENodeBFunction=1,EUtranCellFDD=LTE01ERBS00049-4,EUtranFreqRelation=2,EUtranCellRelation=13" lastModified="1287501618472" mimName="ERBS_NODE_MODEL" mimVersion="A.9.50.J.9.1">
    <attr name="isRemoveAllowed">false</attr>
    <attr name="neighborCellRef">SubNetwork=ONRM_RootMo_R,MeContext=LTE01ERBS00049,ManagedElement=1,ENodeBFunction=1,EUtraNetwork=1,ExternalENodeBFunction=54,ExternalEUtranCellFDD=4</attr>
    <attr name="anrCreated">false</attr>
    <attr name="isHoAllowed">true</attr>
  </mo>
  <mo fdn="SubNetwork=ONRM_RootMo_R,MeContext=LTE01ERBS00049,ManagedElement=1,ENodeBFunction=1,EUtranCellFDD=LTE01ERBS00049-4,EUtranFreqRelation=2,EUtranCellRelation=16" lastModified="1287501618489" mimName="ERBS_NODE_MODEL" mimVersion="A.9.50.J.9.1">
    <attr name="isRemoveAllowed">false</attr>
    <attr name="neighborCellRef">SubNetwork=ONRM_RootMo_R,MeContext=LTE01ERBS00049,ManagedElement=1,ENodeBFunction=1,EUtraNetwork=1,ExternalENodeBFunction=56,ExternalEUtranCellFDD=3</attr>
    <attr name="anrCreated">false</attr>
    <attr name="isHoAllowed">true</attr>
  </mo>
  <mo fdn="SubNetwork=ONRM_RootMo_R,MeContext=LTE01ERBS00049,ManagedElement=1,ENodeBFunction=1,EUtranCellFDD=LTE01ERBS00049-4,EUtranFreqRelation=2,EUtranCellRelation=17" lastModified="1287501618487" mimName="ERBS_NODE_MODEL" mimVersion="A.9.50.J.9.1">
    <attr name="isRemoveAllowed">false</attr>
    <attr name="neighborCellRef">SubNetwork=ONRM_RootMo_R,MeContext=LTE01ERBS00049,ManagedElement=1,ENodeBFunction=1,EUtraNetwork=1,ExternalENodeBFunction=56,ExternalEUtranCellFDD=4</attr>
    <attr name="anrCreated">false</attr>
    <attr name="isHoAllowed">true</attr>
  </mo>
  <mo fdn="SubNetwork=ONRM_RootMo_R,MeContext=LTE01ERBS00049,ManagedElement=1,ENodeBFunction=1,EUtranCellFDD=LTE01ERBS00049-4,EUtranFreqRelation=2,EUtranCellRelation=20" lastModified="1287501618482" mimName="ERBS_NODE_MODEL" mimVersion="A.9.50.J.9.1">
    <attr name="isRemoveAllowed">false</attr>
    <attr name="neighborCellRef">SubNetwork=ONRM_RootMo_R,MeContext=LTE01ERBS00049,ManagedElement=1,ENodeBFunction=1,EUtraNetwork=1,ExternalENodeBFunction=58,ExternalEUtranCellFDD=3</attr>
    <attr name="anrCreated">false</attr>
    <attr name="isHoAllowed">true</attr>
  </mo>
  <mo fdn="SubNetwork=ONRM_RootMo_R,MeContext=LTE01ERBS00049,ManagedElement=1,ENodeBFunction=1,EUtranCellFDD=LTE01ERBS00049-4,EUtranFreqRelation=2,EUtranCellRelation=21" lastModified="1287501618479" mimName="ERBS_NODE_MODEL" mimVersion="A.9.50.J.9.1">
    <attr name="isRemoveAllowed">false</attr>
    <attr name="neighborCellRef">SubNetwork=ONRM_RootMo_R,MeContext=LTE01ERBS00049,ManagedElement=1,ENodeBFunction=1,EUtraNetwork=1,ExternalENodeBFunction=58,ExternalEUtranCellFDD=4</attr>
    <attr name="anrCreated">false</attr>
    <attr name="isHoAllowed">true</attr>
  </mo>
  <mo fdn="SubNetwork=ONRM_RootMo_R,MeContext=LTE01ERBS00049,ManagedElement=1,ENodeBFunction=1,EUtranCellFDD=LTE01ERBS00049-4,EUtranFreqRelation=2,EUtranCellRelation=24" lastModified="1287501618477" mimName="ERBS_NODE_MODEL" mimVersion="A.9.50.J.9.1">
    <attr name="isRemoveAllowed">false</attr>
    <attr name="neighborCellRef">SubNetwork=ONRM_RootMo_R,MeContext=LTE01ERBS00049,ManagedElement=1,ENodeBFunction=1,EUtraNetwork=1,ExternalENodeBFunction=60,ExternalEUtranCellFDD=3</attr>
    <attr name="anrCreated">false</attr>
    <attr name="isHoAllowed">true</attr>
  </mo>
  <mo fdn="SubNetwork=ONRM_RootMo_R,MeContext=LTE01ERBS00049,ManagedElement=1,ENodeBFunction=1,EUtranCellFDD=LTE01ERBS00049-4,EUtranFreqRelation=2,EUtranCellRelation=25" lastModified="1287501618476" mimName="ERBS_NODE_MODEL" mimVersion="A.9.50.J.9.1">
    <attr name="isRemoveAllowed">false</attr>
    <attr name="neighborCellRef">SubNetwork=ONRM_RootMo_R,MeContext=LTE01ERBS00049,ManagedElement=1,ENodeBFunction=1,EUtraNetwork=1,ExternalENodeBFunction=60,ExternalEUtranCellFDD=4</attr>
    <attr name="anrCreated">false</attr>
    <attr name="isHoAllowed">true</attr>
  </mo>
  <mo fdn="SubNetwork=ONRM_RootMo_R,MeContext=LTE01ERBS00049,ManagedElement=1,ENodeBFunction=1,EUtranCellFDD=LTE01ERBS00049-4,EUtranFreqRelation=2,EUtranCellRelation=28" lastModified="1287504857403" mimName="ERBS_NODE_MODEL" mimVersion="A.9.50.J.9.1">
    <attr name="isRemoveAllowed">false</attr>
    <attr name="neighborCellRef">SubNetwork=ONRM_RootMo_R,MeContext=LTE01ERBS00049,ManagedElement=1,ENodeBFunction=1,EUtraNetwork=1,ExternalENodeBFunction=62,ExternalEUtranCellFDD=3</attr>
    <attr name="anrCreated">false</attr>
    <attr name="isHoAllowed">true</attr>
  </mo>
  <mo fdn="SubNetwork=ONRM_RootMo_R,MeContext=LTE01ERBS00049,ManagedElement=1,ENodeBFunction=1,EUtranCellFDD=LTE01ERBS00049-4,EUtranFreqRelation=2,EUtranCellRelation=29" lastModified="1287504857402" mimName="ERBS_NODE_MODEL" mimVersion="A.9.50.J.9.1">
    <attr name="isRemoveAllowed">false</attr>
    <attr name="neighborCellRef">SubNetwork=ONRM_RootMo_R,MeContext=LTE01ERBS00049,ManagedElement=1,ENodeBFunction=1,EUtraNetwork=1,ExternalENodeBFunction=62,ExternalEUtranCellFDD=4</attr>
    <attr name="anrCreated">false</attr>
    <attr name="isHoAllowed">true</attr>
  </mo>
  <mo fdn="SubNetwork=ONRM_RootMo_R,MeContext=LTE01ERBS00049,ManagedElement=1,ENodeBFunction=1,EUtranCellFDD=LTE01ERBS00049-4,EUtranFreqRelation=2,EUtranCellRelation=32" lastModified="1287501618385" mimName="ERBS_NODE_MODEL" mimVersion="A.9.50.J.9.1">
    <attr name="isRemoveAllowed">false</attr>
    <attr name="neighborCellRef">SubNetwork=ONRM_RootMo_R,MeContext=LTE01ERBS00049,ManagedElement=1,ENodeBFunction=1,EUtraNetwork=1,ExternalENodeBFunction=64,ExternalEUtranCellFDD=3</attr>
    <attr name="anrCreated">false</attr>
    <attr name="isHoAllowed">true</attr>
  </mo>
  <mo fdn="SubNetwork=ONRM_RootMo_R,MeContext=LTE01ERBS00049,ManagedElement=1,ENodeBFunction=1,EUtranCellFDD=LTE01ERBS00049-4,EUtranFreqRelation=2,EUtranCellRelation=33" lastModified="1287501618484" mimName="ERBS_NODE_MODEL" mimVersion="A.9.50.J.9.1">
    <attr name="isRemoveAllowed">false</attr>
    <attr name="neighborCellRef">SubNetwork=ONRM_RootMo_R,MeContext=LTE01ERBS00049,ManagedElement=1,ENodeBFunction=1,EUtraNetwork=1,ExternalENodeBFunction=64,ExternalEUtranCellFDD=4</attr>
    <attr name="anrCreated">false</attr>
    <attr name="isHoAllowed">true</attr>
  </mo>
  <mo fdn="SubNetwork=ONRM_RootMo_R,MeContext=LTE01ERBS00049,ManagedElement=1,ENodeBFunction=1,EUtranCellFDD=LTE01ERBS00049-4,EUtranFreqRelation=2,EUtranCellRelation=4" lastModified="1287504857400" mimName="ERBS_NODE_MODEL" mimVersion="A.9.50.J.9.1">
    <attr name="isRemoveAllowed">false</attr>
    <attr name="neighborCellRef">SubNetwork=ONRM_RootMo_R,MeContext=LTE01ERBS00049,ManagedElement=1,ENodeBFunction=1,EUtraNetwork=1,ExternalENodeBFunction=50,ExternalEUtranCellFDD=3</attr>
    <attr name="anrCreated">false</attr>
    <attr name="isHoAllowed">true</attr>
  </mo>
  <mo fdn="SubNetwork=ONRM_RootMo_R,MeContext=LTE01ERBS00049,ManagedElement=1,ENodeBFunction=1,EUtranCellFDD=LTE01ERBS00049-4,EUtranFreqRelation=2,EUtranCellRelation=5" lastModified="1287504857404" mimName="ERBS_NODE_MODEL" mimVersion="A.9.50.J.9.1">
    <attr name="isRemoveAllowed">false</attr>
    <attr name="neighborCellRef">SubNetwork=ONRM_RootMo_R,MeContext=LTE01ERBS00049,ManagedElement=1,ENodeBFunction=1,EUtraNetwork=1,ExternalENodeBFunction=50,ExternalEUtranCellFDD=4</attr>
    <attr name="anrCreated">false</attr>
    <attr name="isHoAllowed">true</attr>
  </mo>
  <mo fdn="SubNetwork=ONRM_RootMo_R,MeContext=LTE01ERBS00049,ManagedElement=1,ENodeBFunction=1,EUtranCellFDD=LTE01ERBS00049-4,EUtranFreqRelation=2,EUtranCellRelation=8" lastModified="1287501618485" mimName="ERBS_NODE_MODEL" mimVersion="A.9.50.J.9.1">
    <attr name="isRemoveAllowed">false</attr>
    <attr name="neighborCellRef">SubNetwork=ONRM_RootMo_R,MeContext=LTE01ERBS00049,ManagedElement=1,ENodeBFunction=1,EUtraNetwork=1,ExternalENodeBFunction=52,ExternalEUtranCellFDD=3</attr>
    <attr name="anrCreated">false</attr>
    <attr name="isHoAllowed">true</attr>
  </mo>
  <mo fdn="SubNetwork=ONRM_RootMo_R,MeContext=LTE01ERBS00049,ManagedElement=1,ENodeBFunction=1,EUtranCellFDD=LTE01ERBS00049-4,EUtranFreqRelation=2,EUtranCellRelation=9" lastModified="1287501618486" mimName="ERBS_NODE_MODEL" mimVersion="A.9.50.J.9.1">
    <attr name="isRemoveAllowed">false</attr>
    <attr name="neighborCellRef">SubNetwork=ONRM_RootMo_R,MeContext=LTE01ERBS00049,ManagedElement=1,ENodeBFunction=1,EUtraNetwork=1,ExternalENodeBFunction=52,ExternalEUtranCellFDD=4</attr>
    <attr name="anrCreated">false</attr>
    <attr name="isHoAllowed">true</attr>
  </mo>
</model>
