<?xml version="1.0" encoding="UTF-8" standalone="no"?><!-- Generated by nmsadm --><!-- Generated on Thu Oct 28 14:36:35 BST 2010 --><!-- Generated from configuration valid --><!-- Query - Base MO SubNetwork=ONRM_RootMo_R,MeContext=LTE02ERBS00027; Scope 8 --><model>
  <mo fdn="SubNetwork=ONRM_RootMo_R,MeContext=LTE02ERBS00027" lastModified="1287512159781" mimName="ERBS_NODE_MODEL" mimVersion="A.9.50.J.9.1">
    <attr name="MeContextId">LTE02ERBS00027</attr>
    <attr name="neMIMversion">vA.9.40</attr>
    <attr name="siteRef">SubNetwork=ONRM_RootMo_R,Site=LTE02ERBS00027</attr>
    <attr name="userLabel">LTE02ERBS00027</attr>
  </mo>
  <mo fdn="SubNetwork=ONRM_RootMo_R,MeContext=LTE02ERBS00027,ManagedElement=1,ENodeBFunction=1" lastModified="1287501461889" mimName="ERBS_NODE_MODEL" mimVersion="A.9.50.J.9.1">
    <attr name="eNodeBPlmnId">
      <struct>
        <attr name="mcc">311</attr>
        <attr name="mnc">480</attr>
        <attr name="mncLength">2</attr>
      </struct>
    </attr>
    <attr name="eNBId">190351</attr>
  </mo>
  <mo fdn="SubNetwork=ONRM_RootMo_R,MeContext=LTE02ERBS00027,ManagedElement=1,ENodeBFunction=1,EUtranCellFDD=LTE02ERBS00027-1" lastModified="1287512147934" mimName="ERBS_NODE_MODEL" mimVersion="A.9.50.J.9.1">
    <attr name="EUtranCellFDDId">LTE02ERBS00027-1</attr>
    <attr name="earfcnul">18000</attr>
    <attr name="cellId">1</attr>
    <attr name="tac">48650</attr>
    <attr name="bPlmnList">
      <seq count="1">
        <item>
          <struct>
            <attr name="mcc">311</attr>
            <attr name="mnc">480</attr>
            <attr name="mncLength">2</attr>
          </struct>
        </item>
      </seq>
    </attr>
    <attr name="earfcndl">0</attr>
    <attr name="userLabel">LTE02ERBS00027-1</attr>
  </mo>
  <mo fdn="SubNetwork=ONRM_RootMo_R,MeContext=LTE02ERBS00027,ManagedElement=1,ENodeBFunction=1,EUtranCellFDD=LTE02ERBS00027-1,EUtranFreqRelation=1,EUtranCellRelation=1" lastModified="1287501461089" mimName="ERBS_NODE_MODEL" mimVersion="A.9.50.J.9.1">
    <attr name="isRemoveAllowed">false</attr>
    <attr name="neighborCellRef">SubNetwork=ONRM_RootMo_R,MeContext=LTE02ERBS00027,ManagedElement=1,ENodeBFunction=1,EUtranCellFDD=LTE02ERBS00027-2</attr>
    <attr name="anrCreated">false</attr>
    <attr name="isHoAllowed">true</attr>
  </mo>
  <mo fdn="SubNetwork=ONRM_RootMo_R,MeContext=LTE02ERBS00027,ManagedElement=1,ENodeBFunction=1,EUtranCellFDD=LTE02ERBS00027-1,EUtranFreqRelation=1,EUtranCellRelation=12" lastModified="1287505093801" mimName="ERBS_NODE_MODEL" mimVersion="A.9.50.J.9.1">
    <attr name="isRemoveAllowed">false</attr>
    <attr name="neighborCellRef">SubNetwork=ONRM_RootMo_R,MeContext=LTE02ERBS00027,ManagedElement=1,ENodeBFunction=1,EUtraNetwork=1,ExternalENodeBFunction=181,ExternalEUtranCellFDD=1</attr>
    <attr name="anrCreated">false</attr>
    <attr name="isHoAllowed">true</attr>
  </mo>
  <mo fdn="SubNetwork=ONRM_RootMo_R,MeContext=LTE02ERBS00027,ManagedElement=1,ENodeBFunction=1,EUtranCellFDD=LTE02ERBS00027-1,EUtranFreqRelation=1,EUtranCellRelation=13" lastModified="1287505093797" mimName="ERBS_NODE_MODEL" mimVersion="A.9.50.J.9.1">
    <attr name="isRemoveAllowed">false</attr>
    <attr name="neighborCellRef">SubNetwork=ONRM_RootMo_R,MeContext=LTE02ERBS00027,ManagedElement=1,ENodeBFunction=1,EUtraNetwork=1,ExternalENodeBFunction=181,ExternalEUtranCellFDD=2</attr>
    <attr name="anrCreated">false</attr>
    <attr name="isHoAllowed">true</attr>
  </mo>
  <mo fdn="SubNetwork=ONRM_RootMo_R,MeContext=LTE02ERBS00027,ManagedElement=1,ENodeBFunction=1,EUtranCellFDD=LTE02ERBS00027-1,EUtranFreqRelation=1,EUtranCellRelation=16" lastModified="1287505093814" mimName="ERBS_NODE_MODEL" mimVersion="A.9.50.J.9.1">
    <attr name="isRemoveAllowed">false</attr>
    <attr name="neighborCellRef">SubNetwork=ONRM_RootMo_R,MeContext=LTE02ERBS00027,ManagedElement=1,ENodeBFunction=1,EUtraNetwork=1,ExternalENodeBFunction=183,ExternalEUtranCellFDD=1</attr>
    <attr name="anrCreated">false</attr>
    <attr name="isHoAllowed">true</attr>
  </mo>
  <mo fdn="SubNetwork=ONRM_RootMo_R,MeContext=LTE02ERBS00027,ManagedElement=1,ENodeBFunction=1,EUtranCellFDD=LTE02ERBS00027-1,EUtranFreqRelation=1,EUtranCellRelation=17" lastModified="1287505093813" mimName="ERBS_NODE_MODEL" mimVersion="A.9.50.J.9.1">
    <attr name="isRemoveAllowed">false</attr>
    <attr name="neighborCellRef">SubNetwork=ONRM_RootMo_R,MeContext=LTE02ERBS00027,ManagedElement=1,ENodeBFunction=1,EUtraNetwork=1,ExternalENodeBFunction=183,ExternalEUtranCellFDD=2</attr>
    <attr name="anrCreated">false</attr>
    <attr name="isHoAllowed">true</attr>
  </mo>
  <mo fdn="SubNetwork=ONRM_RootMo_R,MeContext=LTE02ERBS00027,ManagedElement=1,ENodeBFunction=1,EUtranCellFDD=LTE02ERBS00027-1,EUtranFreqRelation=1,EUtranCellRelation=2" lastModified="1287501461086" mimName="ERBS_NODE_MODEL" mimVersion="A.9.50.J.9.1">
    <attr name="isRemoveAllowed">false</attr>
    <attr name="neighborCellRef">SubNetwork=ONRM_RootMo_R,MeContext=LTE02ERBS00027,ManagedElement=1,ENodeBFunction=1,EUtranCellFDD=LTE02ERBS00027-3</attr>
    <attr name="anrCreated">false</attr>
    <attr name="isHoAllowed">true</attr>
  </mo>
  <mo fdn="SubNetwork=ONRM_RootMo_R,MeContext=LTE02ERBS00027,ManagedElement=1,ENodeBFunction=1,EUtranCellFDD=LTE02ERBS00027-1,EUtranFreqRelation=1,EUtranCellRelation=20" lastModified="1287505093805" mimName="ERBS_NODE_MODEL" mimVersion="A.9.50.J.9.1">
    <attr name="isRemoveAllowed">false</attr>
    <attr name="neighborCellRef">SubNetwork=ONRM_RootMo_R,MeContext=LTE02ERBS00027,ManagedElement=1,ENodeBFunction=1,EUtraNetwork=1,ExternalENodeBFunction=185,ExternalEUtranCellFDD=1</attr>
    <attr name="anrCreated">false</attr>
    <attr name="isHoAllowed">true</attr>
  </mo>
  <mo fdn="SubNetwork=ONRM_RootMo_R,MeContext=LTE02ERBS00027,ManagedElement=1,ENodeBFunction=1,EUtranCellFDD=LTE02ERBS00027-1,EUtranFreqRelation=1,EUtranCellRelation=21" lastModified="1287505093804" mimName="ERBS_NODE_MODEL" mimVersion="A.9.50.J.9.1">
    <attr name="isRemoveAllowed">false</attr>
    <attr name="neighborCellRef">SubNetwork=ONRM_RootMo_R,MeContext=LTE02ERBS00027,ManagedElement=1,ENodeBFunction=1,EUtraNetwork=1,ExternalENodeBFunction=185,ExternalEUtranCellFDD=2</attr>
    <attr name="anrCreated">false</attr>
    <attr name="isHoAllowed">true</attr>
  </mo>
  <mo fdn="SubNetwork=ONRM_RootMo_R,MeContext=LTE02ERBS00027,ManagedElement=1,ENodeBFunction=1,EUtranCellFDD=LTE02ERBS00027-1,EUtranFreqRelation=1,EUtranCellRelation=26" lastModified="1287505093812" mimName="ERBS_NODE_MODEL" mimVersion="A.9.50.J.9.1">
    <attr name="isRemoveAllowed">false</attr>
    <attr name="neighborCellRef">SubNetwork=ONRM_RootMo_R,MeContext=LTE02ERBS00027,ManagedElement=1,ENodeBFunction=1,EUtraNetwork=1,ExternalENodeBFunction=189,ExternalEUtranCellFDD=1</attr>
    <attr name="anrCreated">false</attr>
    <attr name="isHoAllowed">true</attr>
  </mo>
  <mo fdn="SubNetwork=ONRM_RootMo_R,MeContext=LTE02ERBS00027,ManagedElement=1,ENodeBFunction=1,EUtranCellFDD=LTE02ERBS00027-1,EUtranFreqRelation=1,EUtranCellRelation=27" lastModified="1287505093810" mimName="ERBS_NODE_MODEL" mimVersion="A.9.50.J.9.1">
    <attr name="isRemoveAllowed">false</attr>
    <attr name="neighborCellRef">SubNetwork=ONRM_RootMo_R,MeContext=LTE02ERBS00027,ManagedElement=1,ENodeBFunction=1,EUtraNetwork=1,ExternalENodeBFunction=189,ExternalEUtranCellFDD=2</attr>
    <attr name="anrCreated">false</attr>
    <attr name="isHoAllowed">true</attr>
  </mo>
  <mo fdn="SubNetwork=ONRM_RootMo_R,MeContext=LTE02ERBS00027,ManagedElement=1,ENodeBFunction=1,EUtranCellFDD=LTE02ERBS00027-1,EUtranFreqRelation=1,EUtranCellRelation=3" lastModified="1287501461084" mimName="ERBS_NODE_MODEL" mimVersion="A.9.50.J.9.1">
    <attr name="isRemoveAllowed">false</attr>
    <attr name="neighborCellRef">SubNetwork=ONRM_RootMo_R,MeContext=LTE02ERBS00027,ManagedElement=1,ENodeBFunction=1,EUtranCellFDD=LTE02ERBS00027-4</attr>
    <attr name="anrCreated">false</attr>
    <attr name="isHoAllowed">true</attr>
  </mo>
  <mo fdn="SubNetwork=ONRM_RootMo_R,MeContext=LTE02ERBS00027,ManagedElement=1,ENodeBFunction=1,EUtranCellFDD=LTE02ERBS00027-1,EUtranFreqRelation=1,EUtranCellRelation=30" lastModified="1287505093799" mimName="ERBS_NODE_MODEL" mimVersion="A.9.50.J.9.1">
    <attr name="isRemoveAllowed">false</attr>
    <attr name="neighborCellRef">SubNetwork=ONRM_RootMo_R,MeContext=LTE02ERBS00027,ManagedElement=1,ENodeBFunction=1,EUtraNetwork=1,ExternalENodeBFunction=191,ExternalEUtranCellFDD=1</attr>
    <attr name="anrCreated">false</attr>
    <attr name="isHoAllowed">true</attr>
  </mo>
  <mo fdn="SubNetwork=ONRM_RootMo_R,MeContext=LTE02ERBS00027,ManagedElement=1,ENodeBFunction=1,EUtranCellFDD=LTE02ERBS00027-1,EUtranFreqRelation=1,EUtranCellRelation=31" lastModified="1287505093795" mimName="ERBS_NODE_MODEL" mimVersion="A.9.50.J.9.1">
    <attr name="isRemoveAllowed">false</attr>
    <attr name="neighborCellRef">SubNetwork=ONRM_RootMo_R,MeContext=LTE02ERBS00027,ManagedElement=1,ENodeBFunction=1,EUtraNetwork=1,ExternalENodeBFunction=191,ExternalEUtranCellFDD=2</attr>
    <attr name="anrCreated">false</attr>
    <attr name="isHoAllowed">true</attr>
  </mo>
  <mo fdn="SubNetwork=ONRM_RootMo_R,MeContext=LTE02ERBS00027,ManagedElement=1,ENodeBFunction=1,EUtranCellFDD=LTE02ERBS00027-1,EUtranFreqRelation=1,EUtranCellRelation=4" lastModified="1287505093816" mimName="ERBS_NODE_MODEL" mimVersion="A.9.50.J.9.1">
    <attr name="isRemoveAllowed">false</attr>
    <attr name="neighborCellRef">SubNetwork=ONRM_RootMo_R,MeContext=LTE02ERBS00027,ManagedElement=1,ENodeBFunction=1,EUtraNetwork=1,ExternalENodeBFunction=177,ExternalEUtranCellFDD=1</attr>
    <attr name="anrCreated">false</attr>
    <attr name="isHoAllowed">true</attr>
  </mo>
  <mo fdn="SubNetwork=ONRM_RootMo_R,MeContext=LTE02ERBS00027,ManagedElement=1,ENodeBFunction=1,EUtranCellFDD=LTE02ERBS00027-1,EUtranFreqRelation=1,EUtranCellRelation=5" lastModified="1287505093818" mimName="ERBS_NODE_MODEL" mimVersion="A.9.50.J.9.1">
    <attr name="isRemoveAllowed">false</attr>
    <attr name="neighborCellRef">SubNetwork=ONRM_RootMo_R,MeContext=LTE02ERBS00027,ManagedElement=1,ENodeBFunction=1,EUtraNetwork=1,ExternalENodeBFunction=177,ExternalEUtranCellFDD=2</attr>
    <attr name="anrCreated">false</attr>
    <attr name="isHoAllowed">true</attr>
  </mo>
  <mo fdn="SubNetwork=ONRM_RootMo_R,MeContext=LTE02ERBS00027,ManagedElement=1,ENodeBFunction=1,EUtranCellFDD=LTE02ERBS00027-1,EUtranFreqRelation=1,EUtranCellRelation=8" lastModified="1287505093806" mimName="ERBS_NODE_MODEL" mimVersion="A.9.50.J.9.1">
    <attr name="isRemoveAllowed">false</attr>
    <attr name="neighborCellRef">SubNetwork=ONRM_RootMo_R,MeContext=LTE02ERBS00027,ManagedElement=1,ENodeBFunction=1,EUtraNetwork=1,ExternalENodeBFunction=179,ExternalEUtranCellFDD=1</attr>
    <attr name="anrCreated">false</attr>
    <attr name="isHoAllowed">true</attr>
  </mo>
  <mo fdn="SubNetwork=ONRM_RootMo_R,MeContext=LTE02ERBS00027,ManagedElement=1,ENodeBFunction=1,EUtranCellFDD=LTE02ERBS00027-1,EUtranFreqRelation=1,EUtranCellRelation=9" lastModified="1287505093808" mimName="ERBS_NODE_MODEL" mimVersion="A.9.50.J.9.1">
    <attr name="isRemoveAllowed">false</attr>
    <attr name="neighborCellRef">SubNetwork=ONRM_RootMo_R,MeContext=LTE02ERBS00027,ManagedElement=1,ENodeBFunction=1,EUtraNetwork=1,ExternalENodeBFunction=179,ExternalEUtranCellFDD=2</attr>
    <attr name="anrCreated">false</attr>
    <attr name="isHoAllowed">true</attr>
  </mo>
  <mo fdn="SubNetwork=ONRM_RootMo_R,MeContext=LTE02ERBS00027,ManagedElement=1,ENodeBFunction=1,EUtranCellFDD=LTE02ERBS00027-1,EUtranFreqRelation=2,EUtranCellRelation=10" lastModified="1287505093777" mimName="ERBS_NODE_MODEL" mimVersion="A.9.50.J.9.1">
    <attr name="isRemoveAllowed">false</attr>
    <attr name="neighborCellRef">SubNetwork=ONRM_RootMo_R,MeContext=LTE02ERBS00027,ManagedElement=1,ENodeBFunction=1,EUtraNetwork=1,ExternalENodeBFunction=180,ExternalEUtranCellFDD=1</attr>
    <attr name="anrCreated">false</attr>
    <attr name="isHoAllowed">true</attr>
  </mo>
  <mo fdn="SubNetwork=ONRM_RootMo_R,MeContext=LTE02ERBS00027,ManagedElement=1,ENodeBFunction=1,EUtranCellFDD=LTE02ERBS00027-1,EUtranFreqRelation=2,EUtranCellRelation=11" lastModified="1287505093771" mimName="ERBS_NODE_MODEL" mimVersion="A.9.50.J.9.1">
    <attr name="isRemoveAllowed">false</attr>
    <attr name="neighborCellRef">SubNetwork=ONRM_RootMo_R,MeContext=LTE02ERBS00027,ManagedElement=1,ENodeBFunction=1,EUtraNetwork=1,ExternalENodeBFunction=180,ExternalEUtranCellFDD=2</attr>
    <attr name="anrCreated">false</attr>
    <attr name="isHoAllowed">true</attr>
  </mo>
  <mo fdn="SubNetwork=ONRM_RootMo_R,MeContext=LTE02ERBS00027,ManagedElement=1,ENodeBFunction=1,EUtranCellFDD=LTE02ERBS00027-1,EUtranFreqRelation=2,EUtranCellRelation=14" lastModified="1287505093760" mimName="ERBS_NODE_MODEL" mimVersion="A.9.50.J.9.1">
    <attr name="isRemoveAllowed">false</attr>
    <attr name="neighborCellRef">SubNetwork=ONRM_RootMo_R,MeContext=LTE02ERBS00027,ManagedElement=1,ENodeBFunction=1,EUtraNetwork=1,ExternalENodeBFunction=182,ExternalEUtranCellFDD=1</attr>
    <attr name="anrCreated">false</attr>
    <attr name="isHoAllowed">true</attr>
  </mo>
  <mo fdn="SubNetwork=ONRM_RootMo_R,MeContext=LTE02ERBS00027,ManagedElement=1,ENodeBFunction=1,EUtranCellFDD=LTE02ERBS00027-1,EUtranFreqRelation=2,EUtranCellRelation=15" lastModified="1287505093791" mimName="ERBS_NODE_MODEL" mimVersion="A.9.50.J.9.1">
    <attr name="isRemoveAllowed">false</attr>
    <attr name="neighborCellRef">SubNetwork=ONRM_RootMo_R,MeContext=LTE02ERBS00027,ManagedElement=1,ENodeBFunction=1,EUtraNetwork=1,ExternalENodeBFunction=182,ExternalEUtranCellFDD=2</attr>
    <attr name="anrCreated">false</attr>
    <attr name="isHoAllowed">true</attr>
  </mo>
  <mo fdn="SubNetwork=ONRM_RootMo_R,MeContext=LTE02ERBS00027,ManagedElement=1,ENodeBFunction=1,EUtranCellFDD=LTE02ERBS00027-1,EUtranFreqRelation=2,EUtranCellRelation=18" lastModified="1287505093784" mimName="ERBS_NODE_MODEL" mimVersion="A.9.50.J.9.1">
    <attr name="isRemoveAllowed">false</attr>
    <attr name="neighborCellRef">SubNetwork=ONRM_RootMo_R,MeContext=LTE02ERBS00027,ManagedElement=1,ENodeBFunction=1,EUtraNetwork=1,ExternalENodeBFunction=184,ExternalEUtranCellFDD=1</attr>
    <attr name="anrCreated">false</attr>
    <attr name="isHoAllowed">true</attr>
  </mo>
  <mo fdn="SubNetwork=ONRM_RootMo_R,MeContext=LTE02ERBS00027,ManagedElement=1,ENodeBFunction=1,EUtranCellFDD=LTE02ERBS00027-1,EUtranFreqRelation=2,EUtranCellRelation=19" lastModified="1287505093780" mimName="ERBS_NODE_MODEL" mimVersion="A.9.50.J.9.1">
    <attr name="isRemoveAllowed">false</attr>
    <attr name="neighborCellRef">SubNetwork=ONRM_RootMo_R,MeContext=LTE02ERBS00027,ManagedElement=1,ENodeBFunction=1,EUtraNetwork=1,ExternalENodeBFunction=184,ExternalEUtranCellFDD=2</attr>
    <attr name="anrCreated">false</attr>
    <attr name="isHoAllowed">true</attr>
  </mo>
  <mo fdn="SubNetwork=ONRM_RootMo_R,MeContext=LTE02ERBS00027,ManagedElement=1,ENodeBFunction=1,EUtranCellFDD=LTE02ERBS00027-1,EUtranFreqRelation=2,EUtranCellRelation=22" lastModified="1287505093766" mimName="ERBS_NODE_MODEL" mimVersion="A.9.50.J.9.1">
    <attr name="isRemoveAllowed">false</attr>
    <attr name="neighborCellRef">SubNetwork=ONRM_RootMo_R,MeContext=LTE02ERBS00027,ManagedElement=1,ENodeBFunction=1,EUtraNetwork=1,ExternalENodeBFunction=186,ExternalEUtranCellFDD=1</attr>
    <attr name="anrCreated">false</attr>
    <attr name="isHoAllowed">true</attr>
  </mo>
  <mo fdn="SubNetwork=ONRM_RootMo_R,MeContext=LTE02ERBS00027,ManagedElement=1,ENodeBFunction=1,EUtranCellFDD=LTE02ERBS00027-1,EUtranFreqRelation=2,EUtranCellRelation=23" lastModified="1287505093762" mimName="ERBS_NODE_MODEL" mimVersion="A.9.50.J.9.1">
    <attr name="isRemoveAllowed">false</attr>
    <attr name="neighborCellRef">SubNetwork=ONRM_RootMo_R,MeContext=LTE02ERBS00027,ManagedElement=1,ENodeBFunction=1,EUtraNetwork=1,ExternalENodeBFunction=186,ExternalEUtranCellFDD=2</attr>
    <attr name="anrCreated">false</attr>
    <attr name="isHoAllowed">true</attr>
  </mo>
  <mo fdn="SubNetwork=ONRM_RootMo_R,MeContext=LTE02ERBS00027,ManagedElement=1,ENodeBFunction=1,EUtranCellFDD=LTE02ERBS00027-1,EUtranFreqRelation=2,EUtranCellRelation=24" lastModified="1287505093774" mimName="ERBS_NODE_MODEL" mimVersion="A.9.50.J.9.1">
    <attr name="isRemoveAllowed">false</attr>
    <attr name="neighborCellRef">SubNetwork=ONRM_RootMo_R,MeContext=LTE02ERBS00027,ManagedElement=1,ENodeBFunction=1,EUtraNetwork=1,ExternalENodeBFunction=188,ExternalEUtranCellFDD=1</attr>
    <attr name="anrCreated">false</attr>
    <attr name="isHoAllowed">true</attr>
  </mo>
  <mo fdn="SubNetwork=ONRM_RootMo_R,MeContext=LTE02ERBS00027,ManagedElement=1,ENodeBFunction=1,EUtranCellFDD=LTE02ERBS00027-1,EUtranFreqRelation=2,EUtranCellRelation=25" lastModified="1287505093768" mimName="ERBS_NODE_MODEL" mimVersion="A.9.50.J.9.1">
    <attr name="isRemoveAllowed">false</attr>
    <attr name="neighborCellRef">SubNetwork=ONRM_RootMo_R,MeContext=LTE02ERBS00027,ManagedElement=1,ENodeBFunction=1,EUtraNetwork=1,ExternalENodeBFunction=188,ExternalEUtranCellFDD=2</attr>
    <attr name="anrCreated">false</attr>
    <attr name="isHoAllowed">true</attr>
  </mo>
  <mo fdn="SubNetwork=ONRM_RootMo_R,MeContext=LTE02ERBS00027,ManagedElement=1,ENodeBFunction=1,EUtranCellFDD=LTE02ERBS00027-1,EUtranFreqRelation=2,EUtranCellRelation=28" lastModified="1287505093790" mimName="ERBS_NODE_MODEL" mimVersion="A.9.50.J.9.1">
    <attr name="isRemoveAllowed">false</attr>
    <attr name="neighborCellRef">SubNetwork=ONRM_RootMo_R,MeContext=LTE02ERBS00027,ManagedElement=1,ENodeBFunction=1,EUtraNetwork=1,ExternalENodeBFunction=190,ExternalEUtranCellFDD=1</attr>
    <attr name="anrCreated">false</attr>
    <attr name="isHoAllowed">true</attr>
  </mo>
  <mo fdn="SubNetwork=ONRM_RootMo_R,MeContext=LTE02ERBS00027,ManagedElement=1,ENodeBFunction=1,EUtranCellFDD=LTE02ERBS00027-1,EUtranFreqRelation=2,EUtranCellRelation=29" lastModified="1287505093787" mimName="ERBS_NODE_MODEL" mimVersion="A.9.50.J.9.1">
    <attr name="isRemoveAllowed">false</attr>
    <attr name="neighborCellRef">SubNetwork=ONRM_RootMo_R,MeContext=LTE02ERBS00027,ManagedElement=1,ENodeBFunction=1,EUtraNetwork=1,ExternalENodeBFunction=190,ExternalEUtranCellFDD=2</attr>
    <attr name="anrCreated">false</attr>
    <attr name="isHoAllowed">true</attr>
  </mo>
  <mo fdn="SubNetwork=ONRM_RootMo_R,MeContext=LTE02ERBS00027,ManagedElement=1,ENodeBFunction=1,EUtranCellFDD=LTE02ERBS00027-1,EUtranFreqRelation=2,EUtranCellRelation=32" lastModified="1287505093765" mimName="ERBS_NODE_MODEL" mimVersion="A.9.50.J.9.1">
    <attr name="isRemoveAllowed">false</attr>
    <attr name="neighborCellRef">SubNetwork=ONRM_RootMo_R,MeContext=LTE02ERBS00027,ManagedElement=1,ENodeBFunction=1,EUtraNetwork=1,ExternalENodeBFunction=192,ExternalEUtranCellFDD=1</attr>
    <attr name="anrCreated">false</attr>
    <attr name="isHoAllowed">true</attr>
  </mo>
  <mo fdn="SubNetwork=ONRM_RootMo_R,MeContext=LTE02ERBS00027,ManagedElement=1,ENodeBFunction=1,EUtranCellFDD=LTE02ERBS00027-1,EUtranFreqRelation=2,EUtranCellRelation=33" lastModified="1287505093779" mimName="ERBS_NODE_MODEL" mimVersion="A.9.50.J.9.1">
    <attr name="isRemoveAllowed">false</attr>
    <attr name="neighborCellRef">SubNetwork=ONRM_RootMo_R,MeContext=LTE02ERBS00027,ManagedElement=1,ENodeBFunction=1,EUtraNetwork=1,ExternalENodeBFunction=192,ExternalEUtranCellFDD=2</attr>
    <attr name="anrCreated">false</attr>
    <attr name="isHoAllowed">true</attr>
  </mo>
  <mo fdn="SubNetwork=ONRM_RootMo_R,MeContext=LTE02ERBS00027,ManagedElement=1,ENodeBFunction=1,EUtranCellFDD=LTE02ERBS00027-1,EUtranFreqRelation=2,EUtranCellRelation=6" lastModified="1287505093782" mimName="ERBS_NODE_MODEL" mimVersion="A.9.50.J.9.1">
    <attr name="isRemoveAllowed">false</attr>
    <attr name="neighborCellRef">SubNetwork=ONRM_RootMo_R,MeContext=LTE02ERBS00027,ManagedElement=1,ENodeBFunction=1,EUtraNetwork=1,ExternalENodeBFunction=178,ExternalEUtranCellFDD=1</attr>
    <attr name="anrCreated">false</attr>
    <attr name="isHoAllowed">true</attr>
  </mo>
  <mo fdn="SubNetwork=ONRM_RootMo_R,MeContext=LTE02ERBS00027,ManagedElement=1,ENodeBFunction=1,EUtranCellFDD=LTE02ERBS00027-1,EUtranFreqRelation=2,EUtranCellRelation=7" lastModified="1287505093786" mimName="ERBS_NODE_MODEL" mimVersion="A.9.50.J.9.1">
    <attr name="isRemoveAllowed">false</attr>
    <attr name="neighborCellRef">SubNetwork=ONRM_RootMo_R,MeContext=LTE02ERBS00027,ManagedElement=1,ENodeBFunction=1,EUtraNetwork=1,ExternalENodeBFunction=178,ExternalEUtranCellFDD=2</attr>
    <attr name="anrCreated">false</attr>
    <attr name="isHoAllowed">true</attr>
  </mo>
  <mo fdn="SubNetwork=ONRM_RootMo_R,MeContext=LTE02ERBS00027,ManagedElement=1,ENodeBFunction=1,EUtranCellFDD=LTE02ERBS00027-2" lastModified="1287512147444" mimName="ERBS_NODE_MODEL" mimVersion="A.9.50.J.9.1">
    <attr name="EUtranCellFDDId">LTE02ERBS00027-2</attr>
    <attr name="earfcnul">18000</attr>
    <attr name="cellId">2</attr>
    <attr name="tac">48650</attr>
    <attr name="bPlmnList">
      <seq count="1">
        <item>
          <struct>
            <attr name="mcc">311</attr>
            <attr name="mnc">480</attr>
            <attr name="mncLength">2</attr>
          </struct>
        </item>
      </seq>
    </attr>
    <attr name="earfcndl">0</attr>
    <attr name="userLabel">LTE02ERBS00027-2</attr>
  </mo>
  <mo fdn="SubNetwork=ONRM_RootMo_R,MeContext=LTE02ERBS00027,ManagedElement=1,ENodeBFunction=1,EUtranCellFDD=LTE02ERBS00027-2,EUtranFreqRelation=1,EUtranCellRelation=1" lastModified="1287501460751" mimName="ERBS_NODE_MODEL" mimVersion="A.9.50.J.9.1">
    <attr name="isRemoveAllowed">false</attr>
    <attr name="neighborCellRef">SubNetwork=ONRM_RootMo_R,MeContext=LTE02ERBS00027,ManagedElement=1,ENodeBFunction=1,EUtranCellFDD=LTE02ERBS00027-1</attr>
    <attr name="anrCreated">false</attr>
    <attr name="isHoAllowed">true</attr>
  </mo>
  <mo fdn="SubNetwork=ONRM_RootMo_R,MeContext=LTE02ERBS00027,ManagedElement=1,ENodeBFunction=1,EUtranCellFDD=LTE02ERBS00027-2,EUtranFreqRelation=1,EUtranCellRelation=12" lastModified="1287505089870" mimName="ERBS_NODE_MODEL" mimVersion="A.9.50.J.9.1">
    <attr name="isRemoveAllowed">false</attr>
    <attr name="neighborCellRef">SubNetwork=ONRM_RootMo_R,MeContext=LTE02ERBS00027,ManagedElement=1,ENodeBFunction=1,EUtraNetwork=1,ExternalENodeBFunction=181,ExternalEUtranCellFDD=1</attr>
    <attr name="anrCreated">false</attr>
    <attr name="isHoAllowed">true</attr>
  </mo>
  <mo fdn="SubNetwork=ONRM_RootMo_R,MeContext=LTE02ERBS00027,ManagedElement=1,ENodeBFunction=1,EUtranCellFDD=LTE02ERBS00027-2,EUtranFreqRelation=1,EUtranCellRelation=13" lastModified="1287505089868" mimName="ERBS_NODE_MODEL" mimVersion="A.9.50.J.9.1">
    <attr name="isRemoveAllowed">false</attr>
    <attr name="neighborCellRef">SubNetwork=ONRM_RootMo_R,MeContext=LTE02ERBS00027,ManagedElement=1,ENodeBFunction=1,EUtraNetwork=1,ExternalENodeBFunction=181,ExternalEUtranCellFDD=2</attr>
    <attr name="anrCreated">false</attr>
    <attr name="isHoAllowed">true</attr>
  </mo>
  <mo fdn="SubNetwork=ONRM_RootMo_R,MeContext=LTE02ERBS00027,ManagedElement=1,ENodeBFunction=1,EUtranCellFDD=LTE02ERBS00027-2,EUtranFreqRelation=1,EUtranCellRelation=16" lastModified="1287505089878" mimName="ERBS_NODE_MODEL" mimVersion="A.9.50.J.9.1">
    <attr name="isRemoveAllowed">false</attr>
    <attr name="neighborCellRef">SubNetwork=ONRM_RootMo_R,MeContext=LTE02ERBS00027,ManagedElement=1,ENodeBFunction=1,EUtraNetwork=1,ExternalENodeBFunction=183,ExternalEUtranCellFDD=1</attr>
    <attr name="anrCreated">false</attr>
    <attr name="isHoAllowed">true</attr>
  </mo>
  <mo fdn="SubNetwork=ONRM_RootMo_R,MeContext=LTE02ERBS00027,ManagedElement=1,ENodeBFunction=1,EUtranCellFDD=LTE02ERBS00027-2,EUtranFreqRelation=1,EUtranCellRelation=17" lastModified="1287505089877" mimName="ERBS_NODE_MODEL" mimVersion="A.9.50.J.9.1">
    <attr name="isRemoveAllowed">false</attr>
    <attr name="neighborCellRef">SubNetwork=ONRM_RootMo_R,MeContext=LTE02ERBS00027,ManagedElement=1,ENodeBFunction=1,EUtraNetwork=1,ExternalENodeBFunction=183,ExternalEUtranCellFDD=2</attr>
    <attr name="anrCreated">false</attr>
    <attr name="isHoAllowed">true</attr>
  </mo>
  <mo fdn="SubNetwork=ONRM_RootMo_R,MeContext=LTE02ERBS00027,ManagedElement=1,ENodeBFunction=1,EUtranCellFDD=LTE02ERBS00027-2,EUtranFreqRelation=1,EUtranCellRelation=2" lastModified="1287501460747" mimName="ERBS_NODE_MODEL" mimVersion="A.9.50.J.9.1">
    <attr name="isRemoveAllowed">false</attr>
    <attr name="neighborCellRef">SubNetwork=ONRM_RootMo_R,MeContext=LTE02ERBS00027,ManagedElement=1,ENodeBFunction=1,EUtranCellFDD=LTE02ERBS00027-3</attr>
    <attr name="anrCreated">false</attr>
    <attr name="isHoAllowed">true</attr>
  </mo>
  <mo fdn="SubNetwork=ONRM_RootMo_R,MeContext=LTE02ERBS00027,ManagedElement=1,ENodeBFunction=1,EUtranCellFDD=LTE02ERBS00027-2,EUtranFreqRelation=1,EUtranCellRelation=20" lastModified="1287505089871" mimName="ERBS_NODE_MODEL" mimVersion="A.9.50.J.9.1">
    <attr name="isRemoveAllowed">false</attr>
    <attr name="neighborCellRef">SubNetwork=ONRM_RootMo_R,MeContext=LTE02ERBS00027,ManagedElement=1,ENodeBFunction=1,EUtraNetwork=1,ExternalENodeBFunction=185,ExternalEUtranCellFDD=1</attr>
    <attr name="anrCreated">false</attr>
    <attr name="isHoAllowed">true</attr>
  </mo>
  <mo fdn="SubNetwork=ONRM_RootMo_R,MeContext=LTE02ERBS00027,ManagedElement=1,ENodeBFunction=1,EUtranCellFDD=LTE02ERBS00027-2,EUtranFreqRelation=1,EUtranCellRelation=21" lastModified="1287505089871" mimName="ERBS_NODE_MODEL" mimVersion="A.9.50.J.9.1">
    <attr name="isRemoveAllowed">false</attr>
    <attr name="neighborCellRef">SubNetwork=ONRM_RootMo_R,MeContext=LTE02ERBS00027,ManagedElement=1,ENodeBFunction=1,EUtraNetwork=1,ExternalENodeBFunction=185,ExternalEUtranCellFDD=2</attr>
    <attr name="anrCreated">false</attr>
    <attr name="isHoAllowed">true</attr>
  </mo>
  <mo fdn="SubNetwork=ONRM_RootMo_R,MeContext=LTE02ERBS00027,ManagedElement=1,ENodeBFunction=1,EUtranCellFDD=LTE02ERBS00027-2,EUtranFreqRelation=1,EUtranCellRelation=26" lastModified="1287505089876" mimName="ERBS_NODE_MODEL" mimVersion="A.9.50.J.9.1">
    <attr name="isRemoveAllowed">false</attr>
    <attr name="neighborCellRef">SubNetwork=ONRM_RootMo_R,MeContext=LTE02ERBS00027,ManagedElement=1,ENodeBFunction=1,EUtraNetwork=1,ExternalENodeBFunction=189,ExternalEUtranCellFDD=1</attr>
    <attr name="anrCreated">false</attr>
    <attr name="isHoAllowed">true</attr>
  </mo>
  <mo fdn="SubNetwork=ONRM_RootMo_R,MeContext=LTE02ERBS00027,ManagedElement=1,ENodeBFunction=1,EUtranCellFDD=LTE02ERBS00027-2,EUtranFreqRelation=1,EUtranCellRelation=27" lastModified="1287505089875" mimName="ERBS_NODE_MODEL" mimVersion="A.9.50.J.9.1">
    <attr name="isRemoveAllowed">false</attr>
    <attr name="neighborCellRef">SubNetwork=ONRM_RootMo_R,MeContext=LTE02ERBS00027,ManagedElement=1,ENodeBFunction=1,EUtraNetwork=1,ExternalENodeBFunction=189,ExternalEUtranCellFDD=2</attr>
    <attr name="anrCreated">false</attr>
    <attr name="isHoAllowed">true</attr>
  </mo>
  <mo fdn="SubNetwork=ONRM_RootMo_R,MeContext=LTE02ERBS00027,ManagedElement=1,ENodeBFunction=1,EUtranCellFDD=LTE02ERBS00027-2,EUtranFreqRelation=1,EUtranCellRelation=3" lastModified="1287501460745" mimName="ERBS_NODE_MODEL" mimVersion="A.9.50.J.9.1">
    <attr name="isRemoveAllowed">false</attr>
    <attr name="neighborCellRef">SubNetwork=ONRM_RootMo_R,MeContext=LTE02ERBS00027,ManagedElement=1,ENodeBFunction=1,EUtranCellFDD=LTE02ERBS00027-4</attr>
    <attr name="anrCreated">false</attr>
    <attr name="isHoAllowed">true</attr>
  </mo>
  <mo fdn="SubNetwork=ONRM_RootMo_R,MeContext=LTE02ERBS00027,ManagedElement=1,ENodeBFunction=1,EUtranCellFDD=LTE02ERBS00027-2,EUtranFreqRelation=1,EUtranCellRelation=30" lastModified="1287505089869" mimName="ERBS_NODE_MODEL" mimVersion="A.9.50.J.9.1">
    <attr name="isRemoveAllowed">false</attr>
    <attr name="neighborCellRef">SubNetwork=ONRM_RootMo_R,MeContext=LTE02ERBS00027,ManagedElement=1,ENodeBFunction=1,EUtraNetwork=1,ExternalENodeBFunction=191,ExternalEUtranCellFDD=1</attr>
    <attr name="anrCreated">false</attr>
    <attr name="isHoAllowed">true</attr>
  </mo>
  <mo fdn="SubNetwork=ONRM_RootMo_R,MeContext=LTE02ERBS00027,ManagedElement=1,ENodeBFunction=1,EUtranCellFDD=LTE02ERBS00027-2,EUtranFreqRelation=1,EUtranCellRelation=31" lastModified="1287505089867" mimName="ERBS_NODE_MODEL" mimVersion="A.9.50.J.9.1">
    <attr name="isRemoveAllowed">false</attr>
    <attr name="neighborCellRef">SubNetwork=ONRM_RootMo_R,MeContext=LTE02ERBS00027,ManagedElement=1,ENodeBFunction=1,EUtraNetwork=1,ExternalENodeBFunction=191,ExternalEUtranCellFDD=2</attr>
    <attr name="anrCreated">false</attr>
    <attr name="isHoAllowed">true</attr>
  </mo>
  <mo fdn="SubNetwork=ONRM_RootMo_R,MeContext=LTE02ERBS00027,ManagedElement=1,ENodeBFunction=1,EUtranCellFDD=LTE02ERBS00027-2,EUtranFreqRelation=1,EUtranCellRelation=4" lastModified="1287505089879" mimName="ERBS_NODE_MODEL" mimVersion="A.9.50.J.9.1">
    <attr name="isRemoveAllowed">false</attr>
    <attr name="neighborCellRef">SubNetwork=ONRM_RootMo_R,MeContext=LTE02ERBS00027,ManagedElement=1,ENodeBFunction=1,EUtraNetwork=1,ExternalENodeBFunction=177,ExternalEUtranCellFDD=1</attr>
    <attr name="anrCreated">false</attr>
    <attr name="isHoAllowed">true</attr>
  </mo>
  <mo fdn="SubNetwork=ONRM_RootMo_R,MeContext=LTE02ERBS00027,ManagedElement=1,ENodeBFunction=1,EUtranCellFDD=LTE02ERBS00027-2,EUtranFreqRelation=1,EUtranCellRelation=5" lastModified="1287505089880" mimName="ERBS_NODE_MODEL" mimVersion="A.9.50.J.9.1">
    <attr name="isRemoveAllowed">false</attr>
    <attr name="neighborCellRef">SubNetwork=ONRM_RootMo_R,MeContext=LTE02ERBS00027,ManagedElement=1,ENodeBFunction=1,EUtraNetwork=1,ExternalENodeBFunction=177,ExternalEUtranCellFDD=2</attr>
    <attr name="anrCreated">false</attr>
    <attr name="isHoAllowed">true</attr>
  </mo>
  <mo fdn="SubNetwork=ONRM_RootMo_R,MeContext=LTE02ERBS00027,ManagedElement=1,ENodeBFunction=1,EUtranCellFDD=LTE02ERBS00027-2,EUtranFreqRelation=1,EUtranCellRelation=8" lastModified="1287505089873" mimName="ERBS_NODE_MODEL" mimVersion="A.9.50.J.9.1">
    <attr name="isRemoveAllowed">false</attr>
    <attr name="neighborCellRef">SubNetwork=ONRM_RootMo_R,MeContext=LTE02ERBS00027,ManagedElement=1,ENodeBFunction=1,EUtraNetwork=1,ExternalENodeBFunction=179,ExternalEUtranCellFDD=1</attr>
    <attr name="anrCreated">false</attr>
    <attr name="isHoAllowed">true</attr>
  </mo>
  <mo fdn="SubNetwork=ONRM_RootMo_R,MeContext=LTE02ERBS00027,ManagedElement=1,ENodeBFunction=1,EUtranCellFDD=LTE02ERBS00027-2,EUtranFreqRelation=1,EUtranCellRelation=9" lastModified="1287505089874" mimName="ERBS_NODE_MODEL" mimVersion="A.9.50.J.9.1">
    <attr name="isRemoveAllowed">false</attr>
    <attr name="neighborCellRef">SubNetwork=ONRM_RootMo_R,MeContext=LTE02ERBS00027,ManagedElement=1,ENodeBFunction=1,EUtraNetwork=1,ExternalENodeBFunction=179,ExternalEUtranCellFDD=2</attr>
    <attr name="anrCreated">false</attr>
    <attr name="isHoAllowed">true</attr>
  </mo>
  <mo fdn="SubNetwork=ONRM_RootMo_R,MeContext=LTE02ERBS00027,ManagedElement=1,ENodeBFunction=1,EUtranCellFDD=LTE02ERBS00027-2,EUtranFreqRelation=2,EUtranCellRelation=10" lastModified="1287505089858" mimName="ERBS_NODE_MODEL" mimVersion="A.9.50.J.9.1">
    <attr name="isRemoveAllowed">false</attr>
    <attr name="neighborCellRef">SubNetwork=ONRM_RootMo_R,MeContext=LTE02ERBS00027,ManagedElement=1,ENodeBFunction=1,EUtraNetwork=1,ExternalENodeBFunction=180,ExternalEUtranCellFDD=1</attr>
    <attr name="anrCreated">false</attr>
    <attr name="isHoAllowed">true</attr>
  </mo>
  <mo fdn="SubNetwork=ONRM_RootMo_R,MeContext=LTE02ERBS00027,ManagedElement=1,ENodeBFunction=1,EUtranCellFDD=LTE02ERBS00027-2,EUtranFreqRelation=2,EUtranCellRelation=11" lastModified="1287505089857" mimName="ERBS_NODE_MODEL" mimVersion="A.9.50.J.9.1">
    <attr name="isRemoveAllowed">false</attr>
    <attr name="neighborCellRef">SubNetwork=ONRM_RootMo_R,MeContext=LTE02ERBS00027,ManagedElement=1,ENodeBFunction=1,EUtraNetwork=1,ExternalENodeBFunction=180,ExternalEUtranCellFDD=2</attr>
    <attr name="anrCreated">false</attr>
    <attr name="isHoAllowed">true</attr>
  </mo>
  <mo fdn="SubNetwork=ONRM_RootMo_R,MeContext=LTE02ERBS00027,ManagedElement=1,ENodeBFunction=1,EUtranCellFDD=LTE02ERBS00027-2,EUtranFreqRelation=2,EUtranCellRelation=14" lastModified="1287505089849" mimName="ERBS_NODE_MODEL" mimVersion="A.9.50.J.9.1">
    <attr name="isRemoveAllowed">false</attr>
    <attr name="neighborCellRef">SubNetwork=ONRM_RootMo_R,MeContext=LTE02ERBS00027,ManagedElement=1,ENodeBFunction=1,EUtraNetwork=1,ExternalENodeBFunction=182,ExternalEUtranCellFDD=1</attr>
    <attr name="anrCreated">false</attr>
    <attr name="isHoAllowed">true</attr>
  </mo>
  <mo fdn="SubNetwork=ONRM_RootMo_R,MeContext=LTE02ERBS00027,ManagedElement=1,ENodeBFunction=1,EUtranCellFDD=LTE02ERBS00027-2,EUtranFreqRelation=2,EUtranCellRelation=15" lastModified="1287505089865" mimName="ERBS_NODE_MODEL" mimVersion="A.9.50.J.9.1">
    <attr name="isRemoveAllowed">false</attr>
    <attr name="neighborCellRef">SubNetwork=ONRM_RootMo_R,MeContext=LTE02ERBS00027,ManagedElement=1,ENodeBFunction=1,EUtraNetwork=1,ExternalENodeBFunction=182,ExternalEUtranCellFDD=2</attr>
    <attr name="anrCreated">false</attr>
    <attr name="isHoAllowed">true</attr>
  </mo>
  <mo fdn="SubNetwork=ONRM_RootMo_R,MeContext=LTE02ERBS00027,ManagedElement=1,ENodeBFunction=1,EUtranCellFDD=LTE02ERBS00027-2,EUtranFreqRelation=2,EUtranCellRelation=18" lastModified="1287505089862" mimName="ERBS_NODE_MODEL" mimVersion="A.9.50.J.9.1">
    <attr name="isRemoveAllowed">false</attr>
    <attr name="neighborCellRef">SubNetwork=ONRM_RootMo_R,MeContext=LTE02ERBS00027,ManagedElement=1,ENodeBFunction=1,EUtraNetwork=1,ExternalENodeBFunction=184,ExternalEUtranCellFDD=1</attr>
    <attr name="anrCreated">false</attr>
    <attr name="isHoAllowed">true</attr>
  </mo>
  <mo fdn="SubNetwork=ONRM_RootMo_R,MeContext=LTE02ERBS00027,ManagedElement=1,ENodeBFunction=1,EUtranCellFDD=LTE02ERBS00027-2,EUtranFreqRelation=2,EUtranCellRelation=19" lastModified="1287505089860" mimName="ERBS_NODE_MODEL" mimVersion="A.9.50.J.9.1">
    <attr name="isRemoveAllowed">false</attr>
    <attr name="neighborCellRef">SubNetwork=ONRM_RootMo_R,MeContext=LTE02ERBS00027,ManagedElement=1,ENodeBFunction=1,EUtraNetwork=1,ExternalENodeBFunction=184,ExternalEUtranCellFDD=2</attr>
    <attr name="anrCreated">false</attr>
    <attr name="isHoAllowed">true</attr>
  </mo>
  <mo fdn="SubNetwork=ONRM_RootMo_R,MeContext=LTE02ERBS00027,ManagedElement=1,ENodeBFunction=1,EUtranCellFDD=LTE02ERBS00027-2,EUtranFreqRelation=2,EUtranCellRelation=22" lastModified="1287505089854" mimName="ERBS_NODE_MODEL" mimVersion="A.9.50.J.9.1">
    <attr name="isRemoveAllowed">false</attr>
    <attr name="neighborCellRef">SubNetwork=ONRM_RootMo_R,MeContext=LTE02ERBS00027,ManagedElement=1,ENodeBFunction=1,EUtraNetwork=1,ExternalENodeBFunction=186,ExternalEUtranCellFDD=1</attr>
    <attr name="anrCreated">false</attr>
    <attr name="isHoAllowed">true</attr>
  </mo>
  <mo fdn="SubNetwork=ONRM_RootMo_R,MeContext=LTE02ERBS00027,ManagedElement=1,ENodeBFunction=1,EUtranCellFDD=LTE02ERBS00027-2,EUtranFreqRelation=2,EUtranCellRelation=23" lastModified="1287505089852" mimName="ERBS_NODE_MODEL" mimVersion="A.9.50.J.9.1">
    <attr name="isRemoveAllowed">false</attr>
    <attr name="neighborCellRef">SubNetwork=ONRM_RootMo_R,MeContext=LTE02ERBS00027,ManagedElement=1,ENodeBFunction=1,EUtraNetwork=1,ExternalENodeBFunction=186,ExternalEUtranCellFDD=2</attr>
    <attr name="anrCreated">false</attr>
    <attr name="isHoAllowed">true</attr>
  </mo>
  <mo fdn="SubNetwork=ONRM_RootMo_R,MeContext=LTE02ERBS00027,ManagedElement=1,ENodeBFunction=1,EUtranCellFDD=LTE02ERBS00027-2,EUtranFreqRelation=2,EUtranCellRelation=24" lastModified="1287505089857" mimName="ERBS_NODE_MODEL" mimVersion="A.9.50.J.9.1">
    <attr name="isRemoveAllowed">false</attr>
    <attr name="neighborCellRef">SubNetwork=ONRM_RootMo_R,MeContext=LTE02ERBS00027,ManagedElement=1,ENodeBFunction=1,EUtraNetwork=1,ExternalENodeBFunction=188,ExternalEUtranCellFDD=1</attr>
    <attr name="anrCreated">false</attr>
    <attr name="isHoAllowed">true</attr>
  </mo>
  <mo fdn="SubNetwork=ONRM_RootMo_R,MeContext=LTE02ERBS00027,ManagedElement=1,ENodeBFunction=1,EUtranCellFDD=LTE02ERBS00027-2,EUtranFreqRelation=2,EUtranCellRelation=25" lastModified="1287505089855" mimName="ERBS_NODE_MODEL" mimVersion="A.9.50.J.9.1">
    <attr name="isRemoveAllowed">false</attr>
    <attr name="neighborCellRef">SubNetwork=ONRM_RootMo_R,MeContext=LTE02ERBS00027,ManagedElement=1,ENodeBFunction=1,EUtraNetwork=1,ExternalENodeBFunction=188,ExternalEUtranCellFDD=2</attr>
    <attr name="anrCreated">false</attr>
    <attr name="isHoAllowed">true</attr>
  </mo>
  <mo fdn="SubNetwork=ONRM_RootMo_R,MeContext=LTE02ERBS00027,ManagedElement=1,ENodeBFunction=1,EUtranCellFDD=LTE02ERBS00027-2,EUtranFreqRelation=2,EUtranCellRelation=28" lastModified="1287505089864" mimName="ERBS_NODE_MODEL" mimVersion="A.9.50.J.9.1">
    <attr name="isRemoveAllowed">false</attr>
    <attr name="neighborCellRef">SubNetwork=ONRM_RootMo_R,MeContext=LTE02ERBS00027,ManagedElement=1,ENodeBFunction=1,EUtraNetwork=1,ExternalENodeBFunction=190,ExternalEUtranCellFDD=1</attr>
    <attr name="anrCreated">false</attr>
    <attr name="isHoAllowed">true</attr>
  </mo>
  <mo fdn="SubNetwork=ONRM_RootMo_R,MeContext=LTE02ERBS00027,ManagedElement=1,ENodeBFunction=1,EUtranCellFDD=LTE02ERBS00027-2,EUtranFreqRelation=2,EUtranCellRelation=29" lastModified="1287505089864" mimName="ERBS_NODE_MODEL" mimVersion="A.9.50.J.9.1">
    <attr name="isRemoveAllowed">false</attr>
    <attr name="neighborCellRef">SubNetwork=ONRM_RootMo_R,MeContext=LTE02ERBS00027,ManagedElement=1,ENodeBFunction=1,EUtraNetwork=1,ExternalENodeBFunction=190,ExternalEUtranCellFDD=2</attr>
    <attr name="anrCreated">false</attr>
    <attr name="isHoAllowed">true</attr>
  </mo>
  <mo fdn="SubNetwork=ONRM_RootMo_R,MeContext=LTE02ERBS00027,ManagedElement=1,ENodeBFunction=1,EUtranCellFDD=LTE02ERBS00027-2,EUtranFreqRelation=2,EUtranCellRelation=32" lastModified="1287505089853" mimName="ERBS_NODE_MODEL" mimVersion="A.9.50.J.9.1">
    <attr name="isRemoveAllowed">false</attr>
    <attr name="neighborCellRef">SubNetwork=ONRM_RootMo_R,MeContext=LTE02ERBS00027,ManagedElement=1,ENodeBFunction=1,EUtraNetwork=1,ExternalENodeBFunction=192,ExternalEUtranCellFDD=1</attr>
    <attr name="anrCreated">false</attr>
    <attr name="isHoAllowed">true</attr>
  </mo>
  <mo fdn="SubNetwork=ONRM_RootMo_R,MeContext=LTE02ERBS00027,ManagedElement=1,ENodeBFunction=1,EUtranCellFDD=LTE02ERBS00027-2,EUtranFreqRelation=2,EUtranCellRelation=33" lastModified="1287505089859" mimName="ERBS_NODE_MODEL" mimVersion="A.9.50.J.9.1">
    <attr name="isRemoveAllowed">false</attr>
    <attr name="neighborCellRef">SubNetwork=ONRM_RootMo_R,MeContext=LTE02ERBS00027,ManagedElement=1,ENodeBFunction=1,EUtraNetwork=1,ExternalENodeBFunction=192,ExternalEUtranCellFDD=2</attr>
    <attr name="anrCreated">false</attr>
    <attr name="isHoAllowed">true</attr>
  </mo>
  <mo fdn="SubNetwork=ONRM_RootMo_R,MeContext=LTE02ERBS00027,ManagedElement=1,ENodeBFunction=1,EUtranCellFDD=LTE02ERBS00027-2,EUtranFreqRelation=2,EUtranCellRelation=6" lastModified="1287505089861" mimName="ERBS_NODE_MODEL" mimVersion="A.9.50.J.9.1">
    <attr name="isRemoveAllowed">false</attr>
    <attr name="neighborCellRef">SubNetwork=ONRM_RootMo_R,MeContext=LTE02ERBS00027,ManagedElement=1,ENodeBFunction=1,EUtraNetwork=1,ExternalENodeBFunction=178,ExternalEUtranCellFDD=1</attr>
    <attr name="anrCreated">false</attr>
    <attr name="isHoAllowed">true</attr>
  </mo>
  <mo fdn="SubNetwork=ONRM_RootMo_R,MeContext=LTE02ERBS00027,ManagedElement=1,ENodeBFunction=1,EUtranCellFDD=LTE02ERBS00027-2,EUtranFreqRelation=2,EUtranCellRelation=7" lastModified="1287505089863" mimName="ERBS_NODE_MODEL" mimVersion="A.9.50.J.9.1">
    <attr name="isRemoveAllowed">false</attr>
    <attr name="neighborCellRef">SubNetwork=ONRM_RootMo_R,MeContext=LTE02ERBS00027,ManagedElement=1,ENodeBFunction=1,EUtraNetwork=1,ExternalENodeBFunction=178,ExternalEUtranCellFDD=2</attr>
    <attr name="anrCreated">false</attr>
    <attr name="isHoAllowed">true</attr>
  </mo>
  <mo fdn="SubNetwork=ONRM_RootMo_R,MeContext=LTE02ERBS00027,ManagedElement=1,ENodeBFunction=1,EUtranCellFDD=LTE02ERBS00027-3" lastModified="1287512148914" mimName="ERBS_NODE_MODEL" mimVersion="A.9.50.J.9.1">
    <attr name="EUtranCellFDDId">LTE02ERBS00027-3</attr>
    <attr name="earfcnul">18000</attr>
    <attr name="cellId">3</attr>
    <attr name="tac">48650</attr>
    <attr name="bPlmnList">
      <seq count="1">
        <item>
          <struct>
            <attr name="mcc">311</attr>
            <attr name="mnc">480</attr>
            <attr name="mncLength">2</attr>
          </struct>
        </item>
      </seq>
    </attr>
    <attr name="earfcndl">0</attr>
    <attr name="userLabel">LTE02ERBS00027-3</attr>
  </mo>
  <mo fdn="SubNetwork=ONRM_RootMo_R,MeContext=LTE02ERBS00027,ManagedElement=1,ENodeBFunction=1,EUtranCellFDD=LTE02ERBS00027-3,EUtranFreqRelation=1,EUtranCellRelation=1" lastModified="1287501460701" mimName="ERBS_NODE_MODEL" mimVersion="A.9.50.J.9.1">
    <attr name="isRemoveAllowed">false</attr>
    <attr name="neighborCellRef">SubNetwork=ONRM_RootMo_R,MeContext=LTE02ERBS00027,ManagedElement=1,ENodeBFunction=1,EUtranCellFDD=LTE02ERBS00027-1</attr>
    <attr name="anrCreated">false</attr>
    <attr name="isHoAllowed">true</attr>
  </mo>
  <mo fdn="SubNetwork=ONRM_RootMo_R,MeContext=LTE02ERBS00027,ManagedElement=1,ENodeBFunction=1,EUtranCellFDD=LTE02ERBS00027-3,EUtranFreqRelation=1,EUtranCellRelation=12" lastModified="1287505102675" mimName="ERBS_NODE_MODEL" mimVersion="A.9.50.J.9.1">
    <attr name="isRemoveAllowed">false</attr>
    <attr name="neighborCellRef">SubNetwork=ONRM_RootMo_R,MeContext=LTE02ERBS00027,ManagedElement=1,ENodeBFunction=1,EUtraNetwork=1,ExternalENodeBFunction=181,ExternalEUtranCellFDD=3</attr>
    <attr name="anrCreated">false</attr>
    <attr name="isHoAllowed">true</attr>
  </mo>
  <mo fdn="SubNetwork=ONRM_RootMo_R,MeContext=LTE02ERBS00027,ManagedElement=1,ENodeBFunction=1,EUtranCellFDD=LTE02ERBS00027-3,EUtranFreqRelation=1,EUtranCellRelation=13" lastModified="1287505102673" mimName="ERBS_NODE_MODEL" mimVersion="A.9.50.J.9.1">
    <attr name="isRemoveAllowed">false</attr>
    <attr name="neighborCellRef">SubNetwork=ONRM_RootMo_R,MeContext=LTE02ERBS00027,ManagedElement=1,ENodeBFunction=1,EUtraNetwork=1,ExternalENodeBFunction=181,ExternalEUtranCellFDD=4</attr>
    <attr name="anrCreated">false</attr>
    <attr name="isHoAllowed">true</attr>
  </mo>
  <mo fdn="SubNetwork=ONRM_RootMo_R,MeContext=LTE02ERBS00027,ManagedElement=1,ENodeBFunction=1,EUtranCellFDD=LTE02ERBS00027-3,EUtranFreqRelation=1,EUtranCellRelation=16" lastModified="1287505102691" mimName="ERBS_NODE_MODEL" mimVersion="A.9.50.J.9.1">
    <attr name="isRemoveAllowed">false</attr>
    <attr name="neighborCellRef">SubNetwork=ONRM_RootMo_R,MeContext=LTE02ERBS00027,ManagedElement=1,ENodeBFunction=1,EUtraNetwork=1,ExternalENodeBFunction=183,ExternalEUtranCellFDD=3</attr>
    <attr name="anrCreated">false</attr>
    <attr name="isHoAllowed">true</attr>
  </mo>
  <mo fdn="SubNetwork=ONRM_RootMo_R,MeContext=LTE02ERBS00027,ManagedElement=1,ENodeBFunction=1,EUtranCellFDD=LTE02ERBS00027-3,EUtranFreqRelation=1,EUtranCellRelation=17" lastModified="1287505102690" mimName="ERBS_NODE_MODEL" mimVersion="A.9.50.J.9.1">
    <attr name="isRemoveAllowed">false</attr>
    <attr name="neighborCellRef">SubNetwork=ONRM_RootMo_R,MeContext=LTE02ERBS00027,ManagedElement=1,ENodeBFunction=1,EUtraNetwork=1,ExternalENodeBFunction=183,ExternalEUtranCellFDD=4</attr>
    <attr name="anrCreated">false</attr>
    <attr name="isHoAllowed">true</attr>
  </mo>
  <mo fdn="SubNetwork=ONRM_RootMo_R,MeContext=LTE02ERBS00027,ManagedElement=1,ENodeBFunction=1,EUtranCellFDD=LTE02ERBS00027-3,EUtranFreqRelation=1,EUtranCellRelation=2" lastModified="1287501460698" mimName="ERBS_NODE_MODEL" mimVersion="A.9.50.J.9.1">
    <attr name="isRemoveAllowed">false</attr>
    <attr name="neighborCellRef">SubNetwork=ONRM_RootMo_R,MeContext=LTE02ERBS00027,ManagedElement=1,ENodeBFunction=1,EUtranCellFDD=LTE02ERBS00027-2</attr>
    <attr name="anrCreated">false</attr>
    <attr name="isHoAllowed">true</attr>
  </mo>
  <mo fdn="SubNetwork=ONRM_RootMo_R,MeContext=LTE02ERBS00027,ManagedElement=1,ENodeBFunction=1,EUtranCellFDD=LTE02ERBS00027-3,EUtranFreqRelation=1,EUtranCellRelation=20" lastModified="1287505102680" mimName="ERBS_NODE_MODEL" mimVersion="A.9.50.J.9.1">
    <attr name="isRemoveAllowed">false</attr>
    <attr name="neighborCellRef">SubNetwork=ONRM_RootMo_R,MeContext=LTE02ERBS00027,ManagedElement=1,ENodeBFunction=1,EUtraNetwork=1,ExternalENodeBFunction=185,ExternalEUtranCellFDD=3</attr>
    <attr name="anrCreated">false</attr>
    <attr name="isHoAllowed">true</attr>
  </mo>
  <mo fdn="SubNetwork=ONRM_RootMo_R,MeContext=LTE02ERBS00027,ManagedElement=1,ENodeBFunction=1,EUtranCellFDD=LTE02ERBS00027-3,EUtranFreqRelation=1,EUtranCellRelation=21" lastModified="1287505102678" mimName="ERBS_NODE_MODEL" mimVersion="A.9.50.J.9.1">
    <attr name="isRemoveAllowed">false</attr>
    <attr name="neighborCellRef">SubNetwork=ONRM_RootMo_R,MeContext=LTE02ERBS00027,ManagedElement=1,ENodeBFunction=1,EUtraNetwork=1,ExternalENodeBFunction=185,ExternalEUtranCellFDD=4</attr>
    <attr name="anrCreated">false</attr>
    <attr name="isHoAllowed">true</attr>
  </mo>
  <mo fdn="SubNetwork=ONRM_RootMo_R,MeContext=LTE02ERBS00027,ManagedElement=1,ENodeBFunction=1,EUtranCellFDD=LTE02ERBS00027-3,EUtranFreqRelation=1,EUtranCellRelation=26" lastModified="1287505102688" mimName="ERBS_NODE_MODEL" mimVersion="A.9.50.J.9.1">
    <attr name="isRemoveAllowed">false</attr>
    <attr name="neighborCellRef">SubNetwork=ONRM_RootMo_R,MeContext=LTE02ERBS00027,ManagedElement=1,ENodeBFunction=1,EUtraNetwork=1,ExternalENodeBFunction=189,ExternalEUtranCellFDD=3</attr>
    <attr name="anrCreated">false</attr>
    <attr name="isHoAllowed">true</attr>
  </mo>
  <mo fdn="SubNetwork=ONRM_RootMo_R,MeContext=LTE02ERBS00027,ManagedElement=1,ENodeBFunction=1,EUtranCellFDD=LTE02ERBS00027-3,EUtranFreqRelation=1,EUtranCellRelation=27" lastModified="1287505102687" mimName="ERBS_NODE_MODEL" mimVersion="A.9.50.J.9.1">
    <attr name="isRemoveAllowed">false</attr>
    <attr name="neighborCellRef">SubNetwork=ONRM_RootMo_R,MeContext=LTE02ERBS00027,ManagedElement=1,ENodeBFunction=1,EUtraNetwork=1,ExternalENodeBFunction=189,ExternalEUtranCellFDD=4</attr>
    <attr name="anrCreated">false</attr>
    <attr name="isHoAllowed">true</attr>
  </mo>
  <mo fdn="SubNetwork=ONRM_RootMo_R,MeContext=LTE02ERBS00027,ManagedElement=1,ENodeBFunction=1,EUtranCellFDD=LTE02ERBS00027-3,EUtranFreqRelation=1,EUtranCellRelation=3" lastModified="1287501460694" mimName="ERBS_NODE_MODEL" mimVersion="A.9.50.J.9.1">
    <attr name="isRemoveAllowed">false</attr>
    <attr name="neighborCellRef">SubNetwork=ONRM_RootMo_R,MeContext=LTE02ERBS00027,ManagedElement=1,ENodeBFunction=1,EUtranCellFDD=LTE02ERBS00027-4</attr>
    <attr name="anrCreated">false</attr>
    <attr name="isHoAllowed">true</attr>
  </mo>
  <mo fdn="SubNetwork=ONRM_RootMo_R,MeContext=LTE02ERBS00027,ManagedElement=1,ENodeBFunction=1,EUtranCellFDD=LTE02ERBS00027-3,EUtranFreqRelation=1,EUtranCellRelation=30" lastModified="1287505102674" mimName="ERBS_NODE_MODEL" mimVersion="A.9.50.J.9.1">
    <attr name="isRemoveAllowed">false</attr>
    <attr name="neighborCellRef">SubNetwork=ONRM_RootMo_R,MeContext=LTE02ERBS00027,ManagedElement=1,ENodeBFunction=1,EUtraNetwork=1,ExternalENodeBFunction=191,ExternalEUtranCellFDD=3</attr>
    <attr name="anrCreated">false</attr>
    <attr name="isHoAllowed">true</attr>
  </mo>
  <mo fdn="SubNetwork=ONRM_RootMo_R,MeContext=LTE02ERBS00027,ManagedElement=1,ENodeBFunction=1,EUtranCellFDD=LTE02ERBS00027-3,EUtranFreqRelation=1,EUtranCellRelation=31" lastModified="1287505102670" mimName="ERBS_NODE_MODEL" mimVersion="A.9.50.J.9.1">
    <attr name="isRemoveAllowed">false</attr>
    <attr name="neighborCellRef">SubNetwork=ONRM_RootMo_R,MeContext=LTE02ERBS00027,ManagedElement=1,ENodeBFunction=1,EUtraNetwork=1,ExternalENodeBFunction=191,ExternalEUtranCellFDD=4</attr>
    <attr name="anrCreated">false</attr>
    <attr name="isHoAllowed">true</attr>
  </mo>
  <mo fdn="SubNetwork=ONRM_RootMo_R,MeContext=LTE02ERBS00027,ManagedElement=1,ENodeBFunction=1,EUtranCellFDD=LTE02ERBS00027-3,EUtranFreqRelation=1,EUtranCellRelation=4" lastModified="1287505102692" mimName="ERBS_NODE_MODEL" mimVersion="A.9.50.J.9.1">
    <attr name="isRemoveAllowed">false</attr>
    <attr name="neighborCellRef">SubNetwork=ONRM_RootMo_R,MeContext=LTE02ERBS00027,ManagedElement=1,ENodeBFunction=1,EUtraNetwork=1,ExternalENodeBFunction=177,ExternalEUtranCellFDD=3</attr>
    <attr name="anrCreated">false</attr>
    <attr name="isHoAllowed">true</attr>
  </mo>
  <mo fdn="SubNetwork=ONRM_RootMo_R,MeContext=LTE02ERBS00027,ManagedElement=1,ENodeBFunction=1,EUtranCellFDD=LTE02ERBS00027-3,EUtranFreqRelation=1,EUtranCellRelation=5" lastModified="1287505102695" mimName="ERBS_NODE_MODEL" mimVersion="A.9.50.J.9.1">
    <attr name="isRemoveAllowed">false</attr>
    <attr name="neighborCellRef">SubNetwork=ONRM_RootMo_R,MeContext=LTE02ERBS00027,ManagedElement=1,ENodeBFunction=1,EUtraNetwork=1,ExternalENodeBFunction=177,ExternalEUtranCellFDD=4</attr>
    <attr name="anrCreated">false</attr>
    <attr name="isHoAllowed">true</attr>
  </mo>
  <mo fdn="SubNetwork=ONRM_RootMo_R,MeContext=LTE02ERBS00027,ManagedElement=1,ENodeBFunction=1,EUtranCellFDD=LTE02ERBS00027-3,EUtranFreqRelation=1,EUtranCellRelation=8" lastModified="1287505102682" mimName="ERBS_NODE_MODEL" mimVersion="A.9.50.J.9.1">
    <attr name="isRemoveAllowed">false</attr>
    <attr name="neighborCellRef">SubNetwork=ONRM_RootMo_R,MeContext=LTE02ERBS00027,ManagedElement=1,ENodeBFunction=1,EUtraNetwork=1,ExternalENodeBFunction=179,ExternalEUtranCellFDD=3</attr>
    <attr name="anrCreated">false</attr>
    <attr name="isHoAllowed">true</attr>
  </mo>
  <mo fdn="SubNetwork=ONRM_RootMo_R,MeContext=LTE02ERBS00027,ManagedElement=1,ENodeBFunction=1,EUtranCellFDD=LTE02ERBS00027-3,EUtranFreqRelation=1,EUtranCellRelation=9" lastModified="1287505102685" mimName="ERBS_NODE_MODEL" mimVersion="A.9.50.J.9.1">
    <attr name="isRemoveAllowed">false</attr>
    <attr name="neighborCellRef">SubNetwork=ONRM_RootMo_R,MeContext=LTE02ERBS00027,ManagedElement=1,ENodeBFunction=1,EUtraNetwork=1,ExternalENodeBFunction=179,ExternalEUtranCellFDD=4</attr>
    <attr name="anrCreated">false</attr>
    <attr name="isHoAllowed">true</attr>
  </mo>
  <mo fdn="SubNetwork=ONRM_RootMo_R,MeContext=LTE02ERBS00027,ManagedElement=1,ENodeBFunction=1,EUtranCellFDD=LTE02ERBS00027-3,EUtranFreqRelation=2,EUtranCellRelation=10" lastModified="1287505102648" mimName="ERBS_NODE_MODEL" mimVersion="A.9.50.J.9.1">
    <attr name="isRemoveAllowed">false</attr>
    <attr name="neighborCellRef">SubNetwork=ONRM_RootMo_R,MeContext=LTE02ERBS00027,ManagedElement=1,ENodeBFunction=1,EUtraNetwork=1,ExternalENodeBFunction=180,ExternalEUtranCellFDD=3</attr>
    <attr name="anrCreated">false</attr>
    <attr name="isHoAllowed">true</attr>
  </mo>
  <mo fdn="SubNetwork=ONRM_RootMo_R,MeContext=LTE02ERBS00027,ManagedElement=1,ENodeBFunction=1,EUtranCellFDD=LTE02ERBS00027-3,EUtranFreqRelation=2,EUtranCellRelation=11" lastModified="1287505102645" mimName="ERBS_NODE_MODEL" mimVersion="A.9.50.J.9.1">
    <attr name="isRemoveAllowed">false</attr>
    <attr name="neighborCellRef">SubNetwork=ONRM_RootMo_R,MeContext=LTE02ERBS00027,ManagedElement=1,ENodeBFunction=1,EUtraNetwork=1,ExternalENodeBFunction=180,ExternalEUtranCellFDD=4</attr>
    <attr name="anrCreated">false</attr>
    <attr name="isHoAllowed">true</attr>
  </mo>
  <mo fdn="SubNetwork=ONRM_RootMo_R,MeContext=LTE02ERBS00027,ManagedElement=1,ENodeBFunction=1,EUtranCellFDD=LTE02ERBS00027-3,EUtranFreqRelation=2,EUtranCellRelation=14" lastModified="1287505102633" mimName="ERBS_NODE_MODEL" mimVersion="A.9.50.J.9.1">
    <attr name="isRemoveAllowed">false</attr>
    <attr name="neighborCellRef">SubNetwork=ONRM_RootMo_R,MeContext=LTE02ERBS00027,ManagedElement=1,ENodeBFunction=1,EUtraNetwork=1,ExternalENodeBFunction=182,ExternalEUtranCellFDD=3</attr>
    <attr name="anrCreated">false</attr>
    <attr name="isHoAllowed">true</attr>
  </mo>
  <mo fdn="SubNetwork=ONRM_RootMo_R,MeContext=LTE02ERBS00027,ManagedElement=1,ENodeBFunction=1,EUtranCellFDD=LTE02ERBS00027-3,EUtranFreqRelation=2,EUtranCellRelation=15" lastModified="1287505102662" mimName="ERBS_NODE_MODEL" mimVersion="A.9.50.J.9.1">
    <attr name="isRemoveAllowed">false</attr>
    <attr name="neighborCellRef">SubNetwork=ONRM_RootMo_R,MeContext=LTE02ERBS00027,ManagedElement=1,ENodeBFunction=1,EUtraNetwork=1,ExternalENodeBFunction=182,ExternalEUtranCellFDD=4</attr>
    <attr name="anrCreated">false</attr>
    <attr name="isHoAllowed">true</attr>
  </mo>
  <mo fdn="SubNetwork=ONRM_RootMo_R,MeContext=LTE02ERBS00027,ManagedElement=1,ENodeBFunction=1,EUtranCellFDD=LTE02ERBS00027-3,EUtranFreqRelation=2,EUtranCellRelation=18" lastModified="1287505102656" mimName="ERBS_NODE_MODEL" mimVersion="A.9.50.J.9.1">
    <attr name="isRemoveAllowed">false</attr>
    <attr name="neighborCellRef">SubNetwork=ONRM_RootMo_R,MeContext=LTE02ERBS00027,ManagedElement=1,ENodeBFunction=1,EUtraNetwork=1,ExternalENodeBFunction=184,ExternalEUtranCellFDD=3</attr>
    <attr name="anrCreated">false</attr>
    <attr name="isHoAllowed">true</attr>
  </mo>
  <mo fdn="SubNetwork=ONRM_RootMo_R,MeContext=LTE02ERBS00027,ManagedElement=1,ENodeBFunction=1,EUtranCellFDD=LTE02ERBS00027-3,EUtranFreqRelation=2,EUtranCellRelation=19" lastModified="1287505102651" mimName="ERBS_NODE_MODEL" mimVersion="A.9.50.J.9.1">
    <attr name="isRemoveAllowed">false</attr>
    <attr name="neighborCellRef">SubNetwork=ONRM_RootMo_R,MeContext=LTE02ERBS00027,ManagedElement=1,ENodeBFunction=1,EUtraNetwork=1,ExternalENodeBFunction=184,ExternalEUtranCellFDD=4</attr>
    <attr name="anrCreated">false</attr>
    <attr name="isHoAllowed">true</attr>
  </mo>
  <mo fdn="SubNetwork=ONRM_RootMo_R,MeContext=LTE02ERBS00027,ManagedElement=1,ENodeBFunction=1,EUtranCellFDD=LTE02ERBS00027-3,EUtranFreqRelation=2,EUtranCellRelation=22" lastModified="1287505102638" mimName="ERBS_NODE_MODEL" mimVersion="A.9.50.J.9.1">
    <attr name="isRemoveAllowed">false</attr>
    <attr name="neighborCellRef">SubNetwork=ONRM_RootMo_R,MeContext=LTE02ERBS00027,ManagedElement=1,ENodeBFunction=1,EUtraNetwork=1,ExternalENodeBFunction=186,ExternalEUtranCellFDD=3</attr>
    <attr name="anrCreated">false</attr>
    <attr name="isHoAllowed">true</attr>
  </mo>
  <mo fdn="SubNetwork=ONRM_RootMo_R,MeContext=LTE02ERBS00027,ManagedElement=1,ENodeBFunction=1,EUtranCellFDD=LTE02ERBS00027-3,EUtranFreqRelation=2,EUtranCellRelation=23" lastModified="1287505102634" mimName="ERBS_NODE_MODEL" mimVersion="A.9.50.J.9.1">
    <attr name="isRemoveAllowed">false</attr>
    <attr name="neighborCellRef">SubNetwork=ONRM_RootMo_R,MeContext=LTE02ERBS00027,ManagedElement=1,ENodeBFunction=1,EUtraNetwork=1,ExternalENodeBFunction=186,ExternalEUtranCellFDD=4</attr>
    <attr name="anrCreated">false</attr>
    <attr name="isHoAllowed">true</attr>
  </mo>
  <mo fdn="SubNetwork=ONRM_RootMo_R,MeContext=LTE02ERBS00027,ManagedElement=1,ENodeBFunction=1,EUtranCellFDD=LTE02ERBS00027-3,EUtranFreqRelation=2,EUtranCellRelation=24" lastModified="1287505102647" mimName="ERBS_NODE_MODEL" mimVersion="A.9.50.J.9.1">
    <attr name="isRemoveAllowed">false</attr>
    <attr name="neighborCellRef">SubNetwork=ONRM_RootMo_R,MeContext=LTE02ERBS00027,ManagedElement=1,ENodeBFunction=1,EUtraNetwork=1,ExternalENodeBFunction=188,ExternalEUtranCellFDD=3</attr>
    <attr name="anrCreated">false</attr>
    <attr name="isHoAllowed">true</attr>
  </mo>
  <mo fdn="SubNetwork=ONRM_RootMo_R,MeContext=LTE02ERBS00027,ManagedElement=1,ENodeBFunction=1,EUtranCellFDD=LTE02ERBS00027-3,EUtranFreqRelation=2,EUtranCellRelation=25" lastModified="1287505102641" mimName="ERBS_NODE_MODEL" mimVersion="A.9.50.J.9.1">
    <attr name="isRemoveAllowed">false</attr>
    <attr name="neighborCellRef">SubNetwork=ONRM_RootMo_R,MeContext=LTE02ERBS00027,ManagedElement=1,ENodeBFunction=1,EUtraNetwork=1,ExternalENodeBFunction=188,ExternalEUtranCellFDD=4</attr>
    <attr name="anrCreated">false</attr>
    <attr name="isHoAllowed">true</attr>
  </mo>
  <mo fdn="SubNetwork=ONRM_RootMo_R,MeContext=LTE02ERBS00027,ManagedElement=1,ENodeBFunction=1,EUtranCellFDD=LTE02ERBS00027-3,EUtranFreqRelation=2,EUtranCellRelation=28" lastModified="1287505102661" mimName="ERBS_NODE_MODEL" mimVersion="A.9.50.J.9.1">
    <attr name="isRemoveAllowed">false</attr>
    <attr name="neighborCellRef">SubNetwork=ONRM_RootMo_R,MeContext=LTE02ERBS00027,ManagedElement=1,ENodeBFunction=1,EUtraNetwork=1,ExternalENodeBFunction=190,ExternalEUtranCellFDD=3</attr>
    <attr name="anrCreated">false</attr>
    <attr name="isHoAllowed">true</attr>
  </mo>
  <mo fdn="SubNetwork=ONRM_RootMo_R,MeContext=LTE02ERBS00027,ManagedElement=1,ENodeBFunction=1,EUtranCellFDD=LTE02ERBS00027-3,EUtranFreqRelation=2,EUtranCellRelation=29" lastModified="1287505102659" mimName="ERBS_NODE_MODEL" mimVersion="A.9.50.J.9.1">
    <attr name="isRemoveAllowed">false</attr>
    <attr name="neighborCellRef">SubNetwork=ONRM_RootMo_R,MeContext=LTE02ERBS00027,ManagedElement=1,ENodeBFunction=1,EUtraNetwork=1,ExternalENodeBFunction=190,ExternalEUtranCellFDD=4</attr>
    <attr name="anrCreated">false</attr>
    <attr name="isHoAllowed">true</attr>
  </mo>
  <mo fdn="SubNetwork=ONRM_RootMo_R,MeContext=LTE02ERBS00027,ManagedElement=1,ENodeBFunction=1,EUtranCellFDD=LTE02ERBS00027-3,EUtranFreqRelation=2,EUtranCellRelation=32" lastModified="1287505102637" mimName="ERBS_NODE_MODEL" mimVersion="A.9.50.J.9.1">
    <attr name="isRemoveAllowed">false</attr>
    <attr name="neighborCellRef">SubNetwork=ONRM_RootMo_R,MeContext=LTE02ERBS00027,ManagedElement=1,ENodeBFunction=1,EUtraNetwork=1,ExternalENodeBFunction=192,ExternalEUtranCellFDD=3</attr>
    <attr name="anrCreated">false</attr>
    <attr name="isHoAllowed">true</attr>
  </mo>
  <mo fdn="SubNetwork=ONRM_RootMo_R,MeContext=LTE02ERBS00027,ManagedElement=1,ENodeBFunction=1,EUtranCellFDD=LTE02ERBS00027-3,EUtranFreqRelation=2,EUtranCellRelation=33" lastModified="1287505102650" mimName="ERBS_NODE_MODEL" mimVersion="A.9.50.J.9.1">
    <attr name="isRemoveAllowed">false</attr>
    <attr name="neighborCellRef">SubNetwork=ONRM_RootMo_R,MeContext=LTE02ERBS00027,ManagedElement=1,ENodeBFunction=1,EUtraNetwork=1,ExternalENodeBFunction=192,ExternalEUtranCellFDD=4</attr>
    <attr name="anrCreated">false</attr>
    <attr name="isHoAllowed">true</attr>
  </mo>
  <mo fdn="SubNetwork=ONRM_RootMo_R,MeContext=LTE02ERBS00027,ManagedElement=1,ENodeBFunction=1,EUtranCellFDD=LTE02ERBS00027-3,EUtranFreqRelation=2,EUtranCellRelation=6" lastModified="1287505102654" mimName="ERBS_NODE_MODEL" mimVersion="A.9.50.J.9.1">
    <attr name="isRemoveAllowed">false</attr>
    <attr name="neighborCellRef">SubNetwork=ONRM_RootMo_R,MeContext=LTE02ERBS00027,ManagedElement=1,ENodeBFunction=1,EUtraNetwork=1,ExternalENodeBFunction=178,ExternalEUtranCellFDD=3</attr>
    <attr name="anrCreated">false</attr>
    <attr name="isHoAllowed">true</attr>
  </mo>
  <mo fdn="SubNetwork=ONRM_RootMo_R,MeContext=LTE02ERBS00027,ManagedElement=1,ENodeBFunction=1,EUtranCellFDD=LTE02ERBS00027-3,EUtranFreqRelation=2,EUtranCellRelation=7" lastModified="1287505102657" mimName="ERBS_NODE_MODEL" mimVersion="A.9.50.J.9.1">
    <attr name="isRemoveAllowed">false</attr>
    <attr name="neighborCellRef">SubNetwork=ONRM_RootMo_R,MeContext=LTE02ERBS00027,ManagedElement=1,ENodeBFunction=1,EUtraNetwork=1,ExternalENodeBFunction=178,ExternalEUtranCellFDD=4</attr>
    <attr name="anrCreated">false</attr>
    <attr name="isHoAllowed">true</attr>
  </mo>
  <mo fdn="SubNetwork=ONRM_RootMo_R,MeContext=LTE02ERBS00027,ManagedElement=1,ENodeBFunction=1,EUtranCellFDD=LTE02ERBS00027-4" lastModified="1287512148541" mimName="ERBS_NODE_MODEL" mimVersion="A.9.50.J.9.1">
    <attr name="EUtranCellFDDId">LTE02ERBS00027-4</attr>
    <attr name="earfcnul">18000</attr>
    <attr name="cellId">4</attr>
    <attr name="tac">1</attr>
    <attr name="bPlmnList">
      <seq count="1">
        <item>
          <struct>
            <attr name="mcc">311</attr>
            <attr name="mnc">480</attr>
            <attr name="mncLength">2</attr>
          </struct>
        </item>
      </seq>
    </attr>
    <attr name="earfcndl">0</attr>
    <attr name="userLabel">LTE02ERBS00027-4</attr>
  </mo>
  <mo fdn="SubNetwork=ONRM_RootMo_R,MeContext=LTE02ERBS00027,ManagedElement=1,ENodeBFunction=1,EUtranCellFDD=LTE02ERBS00027-4,EUtranFreqRelation=1,EUtranCellRelation=1" lastModified="1287501459770" mimName="ERBS_NODE_MODEL" mimVersion="A.9.50.J.9.1">
    <attr name="isRemoveAllowed">false</attr>
    <attr name="neighborCellRef">SubNetwork=ONRM_RootMo_R,MeContext=LTE02ERBS00027,ManagedElement=1,ENodeBFunction=1,EUtranCellFDD=LTE02ERBS00027-1</attr>
    <attr name="anrCreated">false</attr>
    <attr name="isHoAllowed">true</attr>
  </mo>
  <mo fdn="SubNetwork=ONRM_RootMo_R,MeContext=LTE02ERBS00027,ManagedElement=1,ENodeBFunction=1,EUtranCellFDD=LTE02ERBS00027-4,EUtranFreqRelation=1,EUtranCellRelation=12" lastModified="1287505100177" mimName="ERBS_NODE_MODEL" mimVersion="A.9.50.J.9.1">
    <attr name="isRemoveAllowed">false</attr>
    <attr name="neighborCellRef">SubNetwork=ONRM_RootMo_R,MeContext=LTE02ERBS00027,ManagedElement=1,ENodeBFunction=1,EUtraNetwork=1,ExternalENodeBFunction=181,ExternalEUtranCellFDD=3</attr>
    <attr name="anrCreated">false</attr>
    <attr name="isHoAllowed">true</attr>
  </mo>
  <mo fdn="SubNetwork=ONRM_RootMo_R,MeContext=LTE02ERBS00027,ManagedElement=1,ENodeBFunction=1,EUtranCellFDD=LTE02ERBS00027-4,EUtranFreqRelation=1,EUtranCellRelation=13" lastModified="1287505100173" mimName="ERBS_NODE_MODEL" mimVersion="A.9.50.J.9.1">
    <attr name="isRemoveAllowed">false</attr>
    <attr name="neighborCellRef">SubNetwork=ONRM_RootMo_R,MeContext=LTE02ERBS00027,ManagedElement=1,ENodeBFunction=1,EUtraNetwork=1,ExternalENodeBFunction=181,ExternalEUtranCellFDD=4</attr>
    <attr name="anrCreated">false</attr>
    <attr name="isHoAllowed">true</attr>
  </mo>
  <mo fdn="SubNetwork=ONRM_RootMo_R,MeContext=LTE02ERBS00027,ManagedElement=1,ENodeBFunction=1,EUtranCellFDD=LTE02ERBS00027-4,EUtranFreqRelation=1,EUtranCellRelation=16" lastModified="1287505100192" mimName="ERBS_NODE_MODEL" mimVersion="A.9.50.J.9.1">
    <attr name="isRemoveAllowed">false</attr>
    <attr name="neighborCellRef">SubNetwork=ONRM_RootMo_R,MeContext=LTE02ERBS00027,ManagedElement=1,ENodeBFunction=1,EUtraNetwork=1,ExternalENodeBFunction=183,ExternalEUtranCellFDD=3</attr>
    <attr name="anrCreated">false</attr>
    <attr name="isHoAllowed">true</attr>
  </mo>
  <mo fdn="SubNetwork=ONRM_RootMo_R,MeContext=LTE02ERBS00027,ManagedElement=1,ENodeBFunction=1,EUtranCellFDD=LTE02ERBS00027-4,EUtranFreqRelation=1,EUtranCellRelation=17" lastModified="1287505100190" mimName="ERBS_NODE_MODEL" mimVersion="A.9.50.J.9.1">
    <attr name="isRemoveAllowed">false</attr>
    <attr name="neighborCellRef">SubNetwork=ONRM_RootMo_R,MeContext=LTE02ERBS00027,ManagedElement=1,ENodeBFunction=1,EUtraNetwork=1,ExternalENodeBFunction=183,ExternalEUtranCellFDD=4</attr>
    <attr name="anrCreated">false</attr>
    <attr name="isHoAllowed">true</attr>
  </mo>
  <mo fdn="SubNetwork=ONRM_RootMo_R,MeContext=LTE02ERBS00027,ManagedElement=1,ENodeBFunction=1,EUtranCellFDD=LTE02ERBS00027-4,EUtranFreqRelation=1,EUtranCellRelation=2" lastModified="1287501459766" mimName="ERBS_NODE_MODEL" mimVersion="A.9.50.J.9.1">
    <attr name="isRemoveAllowed">false</attr>
    <attr name="neighborCellRef">SubNetwork=ONRM_RootMo_R,MeContext=LTE02ERBS00027,ManagedElement=1,ENodeBFunction=1,EUtranCellFDD=LTE02ERBS00027-2</attr>
    <attr name="anrCreated">false</attr>
    <attr name="isHoAllowed">true</attr>
  </mo>
  <mo fdn="SubNetwork=ONRM_RootMo_R,MeContext=LTE02ERBS00027,ManagedElement=1,ENodeBFunction=1,EUtranCellFDD=LTE02ERBS00027-4,EUtranFreqRelation=1,EUtranCellRelation=20" lastModified="1287505100181" mimName="ERBS_NODE_MODEL" mimVersion="A.9.50.J.9.1">
    <attr name="isRemoveAllowed">false</attr>
    <attr name="neighborCellRef">SubNetwork=ONRM_RootMo_R,MeContext=LTE02ERBS00027,ManagedElement=1,ENodeBFunction=1,EUtraNetwork=1,ExternalENodeBFunction=185,ExternalEUtranCellFDD=3</attr>
    <attr name="anrCreated">false</attr>
    <attr name="isHoAllowed">true</attr>
  </mo>
  <mo fdn="SubNetwork=ONRM_RootMo_R,MeContext=LTE02ERBS00027,ManagedElement=1,ENodeBFunction=1,EUtranCellFDD=LTE02ERBS00027-4,EUtranFreqRelation=1,EUtranCellRelation=21" lastModified="1287505100179" mimName="ERBS_NODE_MODEL" mimVersion="A.9.50.J.9.1">
    <attr name="isRemoveAllowed">false</attr>
    <attr name="neighborCellRef">SubNetwork=ONRM_RootMo_R,MeContext=LTE02ERBS00027,ManagedElement=1,ENodeBFunction=1,EUtraNetwork=1,ExternalENodeBFunction=185,ExternalEUtranCellFDD=4</attr>
    <attr name="anrCreated">false</attr>
    <attr name="isHoAllowed">true</attr>
  </mo>
  <mo fdn="SubNetwork=ONRM_RootMo_R,MeContext=LTE02ERBS00027,ManagedElement=1,ENodeBFunction=1,EUtranCellFDD=LTE02ERBS00027-4,EUtranFreqRelation=1,EUtranCellRelation=26" lastModified="1287505100188" mimName="ERBS_NODE_MODEL" mimVersion="A.9.50.J.9.1">
    <attr name="isRemoveAllowed">false</attr>
    <attr name="neighborCellRef">SubNetwork=ONRM_RootMo_R,MeContext=LTE02ERBS00027,ManagedElement=1,ENodeBFunction=1,EUtraNetwork=1,ExternalENodeBFunction=189,ExternalEUtranCellFDD=3</attr>
    <attr name="anrCreated">false</attr>
    <attr name="isHoAllowed">true</attr>
  </mo>
  <mo fdn="SubNetwork=ONRM_RootMo_R,MeContext=LTE02ERBS00027,ManagedElement=1,ENodeBFunction=1,EUtranCellFDD=LTE02ERBS00027-4,EUtranFreqRelation=1,EUtranCellRelation=27" lastModified="1287505100187" mimName="ERBS_NODE_MODEL" mimVersion="A.9.50.J.9.1">
    <attr name="isRemoveAllowed">false</attr>
    <attr name="neighborCellRef">SubNetwork=ONRM_RootMo_R,MeContext=LTE02ERBS00027,ManagedElement=1,ENodeBFunction=1,EUtraNetwork=1,ExternalENodeBFunction=189,ExternalEUtranCellFDD=4</attr>
    <attr name="anrCreated">false</attr>
    <attr name="isHoAllowed">true</attr>
  </mo>
  <mo fdn="SubNetwork=ONRM_RootMo_R,MeContext=LTE02ERBS00027,ManagedElement=1,ENodeBFunction=1,EUtranCellFDD=LTE02ERBS00027-4,EUtranFreqRelation=1,EUtranCellRelation=3" lastModified="1287501459763" mimName="ERBS_NODE_MODEL" mimVersion="A.9.50.J.9.1">
    <attr name="isRemoveAllowed">false</attr>
    <attr name="neighborCellRef">SubNetwork=ONRM_RootMo_R,MeContext=LTE02ERBS00027,ManagedElement=1,ENodeBFunction=1,EUtranCellFDD=LTE02ERBS00027-3</attr>
    <attr name="anrCreated">false</attr>
    <attr name="isHoAllowed">true</attr>
  </mo>
  <mo fdn="SubNetwork=ONRM_RootMo_R,MeContext=LTE02ERBS00027,ManagedElement=1,ENodeBFunction=1,EUtranCellFDD=LTE02ERBS00027-4,EUtranFreqRelation=1,EUtranCellRelation=30" lastModified="1287505100176" mimName="ERBS_NODE_MODEL" mimVersion="A.9.50.J.9.1">
    <attr name="isRemoveAllowed">false</attr>
    <attr name="neighborCellRef">SubNetwork=ONRM_RootMo_R,MeContext=LTE02ERBS00027,ManagedElement=1,ENodeBFunction=1,EUtraNetwork=1,ExternalENodeBFunction=191,ExternalEUtranCellFDD=3</attr>
    <attr name="anrCreated">false</attr>
    <attr name="isHoAllowed">true</attr>
  </mo>
  <mo fdn="SubNetwork=ONRM_RootMo_R,MeContext=LTE02ERBS00027,ManagedElement=1,ENodeBFunction=1,EUtranCellFDD=LTE02ERBS00027-4,EUtranFreqRelation=1,EUtranCellRelation=31" lastModified="1287505100171" mimName="ERBS_NODE_MODEL" mimVersion="A.9.50.J.9.1">
    <attr name="isRemoveAllowed">false</attr>
    <attr name="neighborCellRef">SubNetwork=ONRM_RootMo_R,MeContext=LTE02ERBS00027,ManagedElement=1,ENodeBFunction=1,EUtraNetwork=1,ExternalENodeBFunction=191,ExternalEUtranCellFDD=4</attr>
    <attr name="anrCreated">false</attr>
    <attr name="isHoAllowed">true</attr>
  </mo>
  <mo fdn="SubNetwork=ONRM_RootMo_R,MeContext=LTE02ERBS00027,ManagedElement=1,ENodeBFunction=1,EUtranCellFDD=LTE02ERBS00027-4,EUtranFreqRelation=1,EUtranCellRelation=4" lastModified="1287505100195" mimName="ERBS_NODE_MODEL" mimVersion="A.9.50.J.9.1">
    <attr name="isRemoveAllowed">false</attr>
    <attr name="neighborCellRef">SubNetwork=ONRM_RootMo_R,MeContext=LTE02ERBS00027,ManagedElement=1,ENodeBFunction=1,EUtraNetwork=1,ExternalENodeBFunction=177,ExternalEUtranCellFDD=3</attr>
    <attr name="anrCreated">false</attr>
    <attr name="isHoAllowed">true</attr>
  </mo>
  <mo fdn="SubNetwork=ONRM_RootMo_R,MeContext=LTE02ERBS00027,ManagedElement=1,ENodeBFunction=1,EUtranCellFDD=LTE02ERBS00027-4,EUtranFreqRelation=1,EUtranCellRelation=5" lastModified="1287505100197" mimName="ERBS_NODE_MODEL" mimVersion="A.9.50.J.9.1">
    <attr name="isRemoveAllowed">false</attr>
    <attr name="neighborCellRef">SubNetwork=ONRM_RootMo_R,MeContext=LTE02ERBS00027,ManagedElement=1,ENodeBFunction=1,EUtraNetwork=1,ExternalENodeBFunction=177,ExternalEUtranCellFDD=4</attr>
    <attr name="anrCreated">false</attr>
    <attr name="isHoAllowed">true</attr>
  </mo>
  <mo fdn="SubNetwork=ONRM_RootMo_R,MeContext=LTE02ERBS00027,ManagedElement=1,ENodeBFunction=1,EUtranCellFDD=LTE02ERBS00027-4,EUtranFreqRelation=1,EUtranCellRelation=8" lastModified="1287505100183" mimName="ERBS_NODE_MODEL" mimVersion="A.9.50.J.9.1">
    <attr name="isRemoveAllowed">false</attr>
    <attr name="neighborCellRef">SubNetwork=ONRM_RootMo_R,MeContext=LTE02ERBS00027,ManagedElement=1,ENodeBFunction=1,EUtraNetwork=1,ExternalENodeBFunction=179,ExternalEUtranCellFDD=3</attr>
    <attr name="anrCreated">false</attr>
    <attr name="isHoAllowed">true</attr>
  </mo>
  <mo fdn="SubNetwork=ONRM_RootMo_R,MeContext=LTE02ERBS00027,ManagedElement=1,ENodeBFunction=1,EUtranCellFDD=LTE02ERBS00027-4,EUtranFreqRelation=1,EUtranCellRelation=9" lastModified="1287505100185" mimName="ERBS_NODE_MODEL" mimVersion="A.9.50.J.9.1">
    <attr name="isRemoveAllowed">false</attr>
    <attr name="neighborCellRef">SubNetwork=ONRM_RootMo_R,MeContext=LTE02ERBS00027,ManagedElement=1,ENodeBFunction=1,EUtraNetwork=1,ExternalENodeBFunction=179,ExternalEUtranCellFDD=4</attr>
    <attr name="anrCreated">false</attr>
    <attr name="isHoAllowed">true</attr>
  </mo>
  <mo fdn="SubNetwork=ONRM_RootMo_R,MeContext=LTE02ERBS00027,ManagedElement=1,ENodeBFunction=1,EUtranCellFDD=LTE02ERBS00027-4,EUtranFreqRelation=2,EUtranCellRelation=10" lastModified="1287505100147" mimName="ERBS_NODE_MODEL" mimVersion="A.9.50.J.9.1">
    <attr name="isRemoveAllowed">false</attr>
    <attr name="neighborCellRef">SubNetwork=ONRM_RootMo_R,MeContext=LTE02ERBS00027,ManagedElement=1,ENodeBFunction=1,EUtraNetwork=1,ExternalENodeBFunction=180,ExternalEUtranCellFDD=3</attr>
    <attr name="anrCreated">false</attr>
    <attr name="isHoAllowed">true</attr>
  </mo>
  <mo fdn="SubNetwork=ONRM_RootMo_R,MeContext=LTE02ERBS00027,ManagedElement=1,ENodeBFunction=1,EUtranCellFDD=LTE02ERBS00027-4,EUtranFreqRelation=2,EUtranCellRelation=11" lastModified="1287505100142" mimName="ERBS_NODE_MODEL" mimVersion="A.9.50.J.9.1">
    <attr name="isRemoveAllowed">false</attr>
    <attr name="neighborCellRef">SubNetwork=ONRM_RootMo_R,MeContext=LTE02ERBS00027,ManagedElement=1,ENodeBFunction=1,EUtraNetwork=1,ExternalENodeBFunction=180,ExternalEUtranCellFDD=4</attr>
    <attr name="anrCreated">false</attr>
    <attr name="isHoAllowed">true</attr>
  </mo>
  <mo fdn="SubNetwork=ONRM_RootMo_R,MeContext=LTE02ERBS00027,ManagedElement=1,ENodeBFunction=1,EUtranCellFDD=LTE02ERBS00027-4,EUtranFreqRelation=2,EUtranCellRelation=14" lastModified="1287505100131" mimName="ERBS_NODE_MODEL" mimVersion="A.9.50.J.9.1">
    <attr name="isRemoveAllowed">false</attr>
    <attr name="neighborCellRef">SubNetwork=ONRM_RootMo_R,MeContext=LTE02ERBS00027,ManagedElement=1,ENodeBFunction=1,EUtraNetwork=1,ExternalENodeBFunction=182,ExternalEUtranCellFDD=3</attr>
    <attr name="anrCreated">false</attr>
    <attr name="isHoAllowed">true</attr>
  </mo>
  <mo fdn="SubNetwork=ONRM_RootMo_R,MeContext=LTE02ERBS00027,ManagedElement=1,ENodeBFunction=1,EUtranCellFDD=LTE02ERBS00027-4,EUtranFreqRelation=2,EUtranCellRelation=15" lastModified="1287505100166" mimName="ERBS_NODE_MODEL" mimVersion="A.9.50.J.9.1">
    <attr name="isRemoveAllowed">false</attr>
    <attr name="neighborCellRef">SubNetwork=ONRM_RootMo_R,MeContext=LTE02ERBS00027,ManagedElement=1,ENodeBFunction=1,EUtraNetwork=1,ExternalENodeBFunction=182,ExternalEUtranCellFDD=4</attr>
    <attr name="anrCreated">false</attr>
    <attr name="isHoAllowed">true</attr>
  </mo>
  <mo fdn="SubNetwork=ONRM_RootMo_R,MeContext=LTE02ERBS00027,ManagedElement=1,ENodeBFunction=1,EUtranCellFDD=LTE02ERBS00027-4,EUtranFreqRelation=2,EUtranCellRelation=18" lastModified="1287505100157" mimName="ERBS_NODE_MODEL" mimVersion="A.9.50.J.9.1">
    <attr name="isRemoveAllowed">false</attr>
    <attr name="neighborCellRef">SubNetwork=ONRM_RootMo_R,MeContext=LTE02ERBS00027,ManagedElement=1,ENodeBFunction=1,EUtraNetwork=1,ExternalENodeBFunction=184,ExternalEUtranCellFDD=3</attr>
    <attr name="anrCreated">false</attr>
    <attr name="isHoAllowed">true</attr>
  </mo>
  <mo fdn="SubNetwork=ONRM_RootMo_R,MeContext=LTE02ERBS00027,ManagedElement=1,ENodeBFunction=1,EUtranCellFDD=LTE02ERBS00027-4,EUtranFreqRelation=2,EUtranCellRelation=19" lastModified="1287505100152" mimName="ERBS_NODE_MODEL" mimVersion="A.9.50.J.9.1">
    <attr name="isRemoveAllowed">false</attr>
    <attr name="neighborCellRef">SubNetwork=ONRM_RootMo_R,MeContext=LTE02ERBS00027,ManagedElement=1,ENodeBFunction=1,EUtraNetwork=1,ExternalENodeBFunction=184,ExternalEUtranCellFDD=4</attr>
    <attr name="anrCreated">false</attr>
    <attr name="isHoAllowed">true</attr>
  </mo>
  <mo fdn="SubNetwork=ONRM_RootMo_R,MeContext=LTE02ERBS00027,ManagedElement=1,ENodeBFunction=1,EUtranCellFDD=LTE02ERBS00027-4,EUtranFreqRelation=2,EUtranCellRelation=22" lastModified="1287505100138" mimName="ERBS_NODE_MODEL" mimVersion="A.9.50.J.9.1">
    <attr name="isRemoveAllowed">false</attr>
    <attr name="neighborCellRef">SubNetwork=ONRM_RootMo_R,MeContext=LTE02ERBS00027,ManagedElement=1,ENodeBFunction=1,EUtraNetwork=1,ExternalENodeBFunction=186,ExternalEUtranCellFDD=3</attr>
    <attr name="anrCreated">false</attr>
    <attr name="isHoAllowed">true</attr>
  </mo>
  <mo fdn="SubNetwork=ONRM_RootMo_R,MeContext=LTE02ERBS00027,ManagedElement=1,ENodeBFunction=1,EUtranCellFDD=LTE02ERBS00027-4,EUtranFreqRelation=2,EUtranCellRelation=23" lastModified="1287505100134" mimName="ERBS_NODE_MODEL" mimVersion="A.9.50.J.9.1">
    <attr name="isRemoveAllowed">false</attr>
    <attr name="neighborCellRef">SubNetwork=ONRM_RootMo_R,MeContext=LTE02ERBS00027,ManagedElement=1,ENodeBFunction=1,EUtraNetwork=1,ExternalENodeBFunction=186,ExternalEUtranCellFDD=4</attr>
    <attr name="anrCreated">false</attr>
    <attr name="isHoAllowed">true</attr>
  </mo>
  <mo fdn="SubNetwork=ONRM_RootMo_R,MeContext=LTE02ERBS00027,ManagedElement=1,ENodeBFunction=1,EUtranCellFDD=LTE02ERBS00027-4,EUtranFreqRelation=2,EUtranCellRelation=24" lastModified="1287505100145" mimName="ERBS_NODE_MODEL" mimVersion="A.9.50.J.9.1">
    <attr name="isRemoveAllowed">false</attr>
    <attr name="neighborCellRef">SubNetwork=ONRM_RootMo_R,MeContext=LTE02ERBS00027,ManagedElement=1,ENodeBFunction=1,EUtraNetwork=1,ExternalENodeBFunction=188,ExternalEUtranCellFDD=3</attr>
    <attr name="anrCreated">false</attr>
    <attr name="isHoAllowed">true</attr>
  </mo>
  <mo fdn="SubNetwork=ONRM_RootMo_R,MeContext=LTE02ERBS00027,ManagedElement=1,ENodeBFunction=1,EUtranCellFDD=LTE02ERBS00027-4,EUtranFreqRelation=2,EUtranCellRelation=25" lastModified="1287505100141" mimName="ERBS_NODE_MODEL" mimVersion="A.9.50.J.9.1">
    <attr name="isRemoveAllowed">false</attr>
    <attr name="neighborCellRef">SubNetwork=ONRM_RootMo_R,MeContext=LTE02ERBS00027,ManagedElement=1,ENodeBFunction=1,EUtraNetwork=1,ExternalENodeBFunction=188,ExternalEUtranCellFDD=4</attr>
    <attr name="anrCreated">false</attr>
    <attr name="isHoAllowed">true</attr>
  </mo>
  <mo fdn="SubNetwork=ONRM_RootMo_R,MeContext=LTE02ERBS00027,ManagedElement=1,ENodeBFunction=1,EUtranCellFDD=LTE02ERBS00027-4,EUtranFreqRelation=2,EUtranCellRelation=28" lastModified="1287505100164" mimName="ERBS_NODE_MODEL" mimVersion="A.9.50.J.9.1">
    <attr name="isRemoveAllowed">false</attr>
    <attr name="neighborCellRef">SubNetwork=ONRM_RootMo_R,MeContext=LTE02ERBS00027,ManagedElement=1,ENodeBFunction=1,EUtraNetwork=1,ExternalENodeBFunction=190,ExternalEUtranCellFDD=3</attr>
    <attr name="anrCreated">false</attr>
    <attr name="isHoAllowed">true</attr>
  </mo>
  <mo fdn="SubNetwork=ONRM_RootMo_R,MeContext=LTE02ERBS00027,ManagedElement=1,ENodeBFunction=1,EUtranCellFDD=LTE02ERBS00027-4,EUtranFreqRelation=2,EUtranCellRelation=29" lastModified="1287505100162" mimName="ERBS_NODE_MODEL" mimVersion="A.9.50.J.9.1">
    <attr name="isRemoveAllowed">false</attr>
    <attr name="neighborCellRef">SubNetwork=ONRM_RootMo_R,MeContext=LTE02ERBS00027,ManagedElement=1,ENodeBFunction=1,EUtraNetwork=1,ExternalENodeBFunction=190,ExternalEUtranCellFDD=4</attr>
    <attr name="anrCreated">false</attr>
    <attr name="isHoAllowed">true</attr>
  </mo>
  <mo fdn="SubNetwork=ONRM_RootMo_R,MeContext=LTE02ERBS00027,ManagedElement=1,ENodeBFunction=1,EUtranCellFDD=LTE02ERBS00027-4,EUtranFreqRelation=2,EUtranCellRelation=32" lastModified="1287505100136" mimName="ERBS_NODE_MODEL" mimVersion="A.9.50.J.9.1">
    <attr name="isRemoveAllowed">false</attr>
    <attr name="neighborCellRef">SubNetwork=ONRM_RootMo_R,MeContext=LTE02ERBS00027,ManagedElement=1,ENodeBFunction=1,EUtraNetwork=1,ExternalENodeBFunction=192,ExternalEUtranCellFDD=3</attr>
    <attr name="anrCreated">false</attr>
    <attr name="isHoAllowed">true</attr>
  </mo>
  <mo fdn="SubNetwork=ONRM_RootMo_R,MeContext=LTE02ERBS00027,ManagedElement=1,ENodeBFunction=1,EUtranCellFDD=LTE02ERBS00027-4,EUtranFreqRelation=2,EUtranCellRelation=33" lastModified="1287505100150" mimName="ERBS_NODE_MODEL" mimVersion="A.9.50.J.9.1">
    <attr name="isRemoveAllowed">false</attr>
    <attr name="neighborCellRef">SubNetwork=ONRM_RootMo_R,MeContext=LTE02ERBS00027,ManagedElement=1,ENodeBFunction=1,EUtraNetwork=1,ExternalENodeBFunction=192,ExternalEUtranCellFDD=4</attr>
    <attr name="anrCreated">false</attr>
    <attr name="isHoAllowed">true</attr>
  </mo>
  <mo fdn="SubNetwork=ONRM_RootMo_R,MeContext=LTE02ERBS00027,ManagedElement=1,ENodeBFunction=1,EUtranCellFDD=LTE02ERBS00027-4,EUtranFreqRelation=2,EUtranCellRelation=6" lastModified="1287505100155" mimName="ERBS_NODE_MODEL" mimVersion="A.9.50.J.9.1">
    <attr name="isRemoveAllowed">false</attr>
    <attr name="neighborCellRef">SubNetwork=ONRM_RootMo_R,MeContext=LTE02ERBS00027,ManagedElement=1,ENodeBFunction=1,EUtraNetwork=1,ExternalENodeBFunction=178,ExternalEUtranCellFDD=3</attr>
    <attr name="anrCreated">false</attr>
    <attr name="isHoAllowed">true</attr>
  </mo>
  <mo fdn="SubNetwork=ONRM_RootMo_R,MeContext=LTE02ERBS00027,ManagedElement=1,ENodeBFunction=1,EUtranCellFDD=LTE02ERBS00027-4,EUtranFreqRelation=2,EUtranCellRelation=7" lastModified="1287505100159" mimName="ERBS_NODE_MODEL" mimVersion="A.9.50.J.9.1">
    <attr name="isRemoveAllowed">false</attr>
    <attr name="neighborCellRef">SubNetwork=ONRM_RootMo_R,MeContext=LTE02ERBS00027,ManagedElement=1,ENodeBFunction=1,EUtraNetwork=1,ExternalENodeBFunction=178,ExternalEUtranCellFDD=4</attr>
    <attr name="anrCreated">false</attr>
    <attr name="isHoAllowed">true</attr>
  </mo>
</model>
