<?xml version="1.0" encoding="UTF-8" standalone="no"?><!-- Generated by nmsadm --><!-- Generated on Thu Oct 28 14:36:14 BST 2010 --><!-- Generated from configuration valid --><!-- Query - Base MO SubNetwork=ONRM_RootMo_R,MeContext=LTE01ERBS00098; Scope 8 --><model>
  <mo fdn="SubNetwork=ONRM_RootMo_R,MeContext=LTE01ERBS00098" lastModified="1287508255020" mimName="ERBS_NODE_MODEL" mimVersion="A.9.50.J.9.1">
    <attr name="MeContextId">LTE01ERBS00098</attr>
    <attr name="neMIMversion">vA.9.40</attr>
    <attr name="siteRef">SubNetwork=ONRM_RootMo_R,Site=LTE01ERBS00098</attr>
    <attr name="userLabel">LTE01ERBS00098</attr>
  </mo>
  <mo fdn="SubNetwork=ONRM_RootMo_R,MeContext=LTE01ERBS00098,ManagedElement=1,ENodeBFunction=1" lastModified="1287501080517" mimName="ERBS_NODE_MODEL" mimVersion="A.9.50.J.9.1">
    <attr name="eNodeBPlmnId">
      <struct>
        <attr name="mcc">311</attr>
        <attr name="mnc">480</attr>
        <attr name="mncLength">2</attr>
      </struct>
    </attr>
    <attr name="eNBId">189054</attr>
  </mo>
  <mo fdn="SubNetwork=ONRM_RootMo_R,MeContext=LTE01ERBS00098,ManagedElement=1,ENodeBFunction=1,EUtranCellFDD=LTE01ERBS00098-1" lastModified="1287504899906" mimName="ERBS_NODE_MODEL" mimVersion="A.9.50.J.9.1">
    <attr name="EUtranCellFDDId">LTE01ERBS00098-1</attr>
    <attr name="earfcnul">18000</attr>
    <attr name="cellId">1</attr>
    <attr name="tac">48394</attr>
    <attr name="bPlmnList">
      <seq count="1">
        <item>
          <struct>
            <attr name="mcc">311</attr>
            <attr name="mnc">480</attr>
            <attr name="mncLength">2</attr>
          </struct>
        </item>
      </seq>
    </attr>
    <attr name="earfcndl">0</attr>
    <attr name="userLabel">LTE01ERBS00098-1</attr>
  </mo>
  <mo fdn="SubNetwork=ONRM_RootMo_R,MeContext=LTE01ERBS00098,ManagedElement=1,ENodeBFunction=1,EUtranCellFDD=LTE01ERBS00098-1,EUtranFreqRelation=1,EUtranCellRelation=10" lastModified="1287504899810" mimName="ERBS_NODE_MODEL" mimVersion="A.9.50.J.9.1">
    <attr name="isRemoveAllowed">false</attr>
    <attr name="neighborCellRef">SubNetwork=ONRM_RootMo_R,MeContext=LTE01ERBS00098,ManagedElement=1,ENodeBFunction=1,EUtraNetwork=1,ExternalENodeBFunction=101,ExternalEUtranCellFDD=1</attr>
    <attr name="anrCreated">false</attr>
    <attr name="isHoAllowed">true</attr>
  </mo>
  <mo fdn="SubNetwork=ONRM_RootMo_R,MeContext=LTE01ERBS00098,ManagedElement=1,ENodeBFunction=1,EUtranCellFDD=LTE01ERBS00098-1,EUtranFreqRelation=1,EUtranCellRelation=11" lastModified="1287504899809" mimName="ERBS_NODE_MODEL" mimVersion="A.9.50.J.9.1">
    <attr name="isRemoveAllowed">false</attr>
    <attr name="neighborCellRef">SubNetwork=ONRM_RootMo_R,MeContext=LTE01ERBS00098,ManagedElement=1,ENodeBFunction=1,EUtraNetwork=1,ExternalENodeBFunction=101,ExternalEUtranCellFDD=2</attr>
    <attr name="anrCreated">false</attr>
    <attr name="isHoAllowed">true</attr>
  </mo>
  <mo fdn="SubNetwork=ONRM_RootMo_R,MeContext=LTE01ERBS00098,ManagedElement=1,ENodeBFunction=1,EUtranCellFDD=LTE01ERBS00098-1,EUtranFreqRelation=1,EUtranCellRelation=14" lastModified="1287504899803" mimName="ERBS_NODE_MODEL" mimVersion="A.9.50.J.9.1">
    <attr name="isRemoveAllowed">false</attr>
    <attr name="neighborCellRef">SubNetwork=ONRM_RootMo_R,MeContext=LTE01ERBS00098,ManagedElement=1,ENodeBFunction=1,EUtraNetwork=1,ExternalENodeBFunction=103,ExternalEUtranCellFDD=1</attr>
    <attr name="anrCreated">false</attr>
    <attr name="isHoAllowed">true</attr>
  </mo>
  <mo fdn="SubNetwork=ONRM_RootMo_R,MeContext=LTE01ERBS00098,ManagedElement=1,ENodeBFunction=1,EUtranCellFDD=LTE01ERBS00098-1,EUtranFreqRelation=1,EUtranCellRelation=15" lastModified="1287504899816" mimName="ERBS_NODE_MODEL" mimVersion="A.9.50.J.9.1">
    <attr name="isRemoveAllowed">false</attr>
    <attr name="neighborCellRef">SubNetwork=ONRM_RootMo_R,MeContext=LTE01ERBS00098,ManagedElement=1,ENodeBFunction=1,EUtraNetwork=1,ExternalENodeBFunction=103,ExternalEUtranCellFDD=2</attr>
    <attr name="anrCreated">false</attr>
    <attr name="isHoAllowed">true</attr>
  </mo>
  <mo fdn="SubNetwork=ONRM_RootMo_R,MeContext=LTE01ERBS00098,ManagedElement=1,ENodeBFunction=1,EUtranCellFDD=LTE01ERBS00098-1,EUtranFreqRelation=1,EUtranCellRelation=18" lastModified="1287504899813" mimName="ERBS_NODE_MODEL" mimVersion="A.9.50.J.9.1">
    <attr name="isRemoveAllowed">false</attr>
    <attr name="neighborCellRef">SubNetwork=ONRM_RootMo_R,MeContext=LTE01ERBS00098,ManagedElement=1,ENodeBFunction=1,EUtraNetwork=1,ExternalENodeBFunction=105,ExternalEUtranCellFDD=1</attr>
    <attr name="anrCreated">false</attr>
    <attr name="isHoAllowed">true</attr>
  </mo>
  <mo fdn="SubNetwork=ONRM_RootMo_R,MeContext=LTE01ERBS00098,ManagedElement=1,ENodeBFunction=1,EUtranCellFDD=LTE01ERBS00098-1,EUtranFreqRelation=1,EUtranCellRelation=19" lastModified="1287504899811" mimName="ERBS_NODE_MODEL" mimVersion="A.9.50.J.9.1">
    <attr name="isRemoveAllowed">false</attr>
    <attr name="neighborCellRef">SubNetwork=ONRM_RootMo_R,MeContext=LTE01ERBS00098,ManagedElement=1,ENodeBFunction=1,EUtraNetwork=1,ExternalENodeBFunction=105,ExternalEUtranCellFDD=2</attr>
    <attr name="anrCreated">false</attr>
    <attr name="isHoAllowed">true</attr>
  </mo>
  <mo fdn="SubNetwork=ONRM_RootMo_R,MeContext=LTE01ERBS00098,ManagedElement=1,ENodeBFunction=1,EUtranCellFDD=LTE01ERBS00098-1,EUtranFreqRelation=1,EUtranCellRelation=22" lastModified="1287504899806" mimName="ERBS_NODE_MODEL" mimVersion="A.9.50.J.9.1">
    <attr name="isRemoveAllowed">false</attr>
    <attr name="neighborCellRef">SubNetwork=ONRM_RootMo_R,MeContext=LTE01ERBS00098,ManagedElement=1,ENodeBFunction=1,EUtraNetwork=1,ExternalENodeBFunction=107,ExternalEUtranCellFDD=1</attr>
    <attr name="anrCreated">false</attr>
    <attr name="isHoAllowed">true</attr>
  </mo>
  <mo fdn="SubNetwork=ONRM_RootMo_R,MeContext=LTE01ERBS00098,ManagedElement=1,ENodeBFunction=1,EUtranCellFDD=LTE01ERBS00098-1,EUtranFreqRelation=1,EUtranCellRelation=23" lastModified="1287504899805" mimName="ERBS_NODE_MODEL" mimVersion="A.9.50.J.9.1">
    <attr name="isRemoveAllowed">false</attr>
    <attr name="neighborCellRef">SubNetwork=ONRM_RootMo_R,MeContext=LTE01ERBS00098,ManagedElement=1,ENodeBFunction=1,EUtraNetwork=1,ExternalENodeBFunction=107,ExternalEUtranCellFDD=2</attr>
    <attr name="anrCreated">false</attr>
    <attr name="isHoAllowed">true</attr>
  </mo>
  <mo fdn="SubNetwork=ONRM_RootMo_R,MeContext=LTE01ERBS00098,ManagedElement=1,ENodeBFunction=1,EUtranCellFDD=LTE01ERBS00098-1,EUtranFreqRelation=1,EUtranCellRelation=26" lastModified="1287504899815" mimName="ERBS_NODE_MODEL" mimVersion="A.9.50.J.9.1">
    <attr name="isRemoveAllowed">false</attr>
    <attr name="neighborCellRef">SubNetwork=ONRM_RootMo_R,MeContext=LTE01ERBS00098,ManagedElement=1,ENodeBFunction=1,EUtraNetwork=1,ExternalENodeBFunction=109,ExternalEUtranCellFDD=1</attr>
    <attr name="anrCreated">false</attr>
    <attr name="isHoAllowed">true</attr>
  </mo>
  <mo fdn="SubNetwork=ONRM_RootMo_R,MeContext=LTE01ERBS00098,ManagedElement=1,ENodeBFunction=1,EUtranCellFDD=LTE01ERBS00098-1,EUtranFreqRelation=1,EUtranCellRelation=27" lastModified="1287504899814" mimName="ERBS_NODE_MODEL" mimVersion="A.9.50.J.9.1">
    <attr name="isRemoveAllowed">false</attr>
    <attr name="neighborCellRef">SubNetwork=ONRM_RootMo_R,MeContext=LTE01ERBS00098,ManagedElement=1,ENodeBFunction=1,EUtraNetwork=1,ExternalENodeBFunction=109,ExternalEUtranCellFDD=2</attr>
    <attr name="anrCreated">false</attr>
    <attr name="isHoAllowed">true</attr>
  </mo>
  <mo fdn="SubNetwork=ONRM_RootMo_R,MeContext=LTE01ERBS00098,ManagedElement=1,ENodeBFunction=1,EUtranCellFDD=LTE01ERBS00098-1,EUtranFreqRelation=1,EUtranCellRelation=30" lastModified="1287504899808" mimName="ERBS_NODE_MODEL" mimVersion="A.9.50.J.9.1">
    <attr name="isRemoveAllowed">false</attr>
    <attr name="neighborCellRef">SubNetwork=ONRM_RootMo_R,MeContext=LTE01ERBS00098,ManagedElement=1,ENodeBFunction=1,EUtraNetwork=1,ExternalENodeBFunction=111,ExternalEUtranCellFDD=1</attr>
    <attr name="anrCreated">false</attr>
    <attr name="isHoAllowed">true</attr>
  </mo>
  <mo fdn="SubNetwork=ONRM_RootMo_R,MeContext=LTE01ERBS00098,ManagedElement=1,ENodeBFunction=1,EUtranCellFDD=LTE01ERBS00098-1,EUtranFreqRelation=1,EUtranCellRelation=31" lastModified="1287504899807" mimName="ERBS_NODE_MODEL" mimVersion="A.9.50.J.9.1">
    <attr name="isRemoveAllowed">false</attr>
    <attr name="neighborCellRef">SubNetwork=ONRM_RootMo_R,MeContext=LTE01ERBS00098,ManagedElement=1,ENodeBFunction=1,EUtraNetwork=1,ExternalENodeBFunction=111,ExternalEUtranCellFDD=2</attr>
    <attr name="anrCreated">false</attr>
    <attr name="isHoAllowed">true</attr>
  </mo>
  <mo fdn="SubNetwork=ONRM_RootMo_R,MeContext=LTE01ERBS00098,ManagedElement=1,ENodeBFunction=1,EUtranCellFDD=LTE01ERBS00098-1,EUtranFreqRelation=1,EUtranCellRelation=4" lastModified="1287501368318" mimName="ERBS_NODE_MODEL" mimVersion="A.9.50.J.9.1">
    <attr name="isRemoveAllowed">false</attr>
    <attr name="neighborCellRef">SubNetwork=ONRM_RootMo_R,MeContext=LTE01ERBS00098,ManagedElement=1,ENodeBFunction=1,EUtraNetwork=1,ExternalENodeBFunction=97,ExternalEUtranCellFDD=1</attr>
    <attr name="anrCreated">false</attr>
    <attr name="isHoAllowed">true</attr>
  </mo>
  <mo fdn="SubNetwork=ONRM_RootMo_R,MeContext=LTE01ERBS00098,ManagedElement=1,ENodeBFunction=1,EUtranCellFDD=LTE01ERBS00098-1,EUtranFreqRelation=1,EUtranCellRelation=5" lastModified="1287501368320" mimName="ERBS_NODE_MODEL" mimVersion="A.9.50.J.9.1">
    <attr name="isRemoveAllowed">false</attr>
    <attr name="neighborCellRef">SubNetwork=ONRM_RootMo_R,MeContext=LTE01ERBS00098,ManagedElement=1,ENodeBFunction=1,EUtraNetwork=1,ExternalENodeBFunction=97,ExternalEUtranCellFDD=2</attr>
    <attr name="anrCreated">false</attr>
    <attr name="isHoAllowed">true</attr>
  </mo>
  <mo fdn="SubNetwork=ONRM_RootMo_R,MeContext=LTE01ERBS00098,ManagedElement=1,ENodeBFunction=1,EUtranCellFDD=LTE01ERBS00098-1,EUtranFreqRelation=1,EUtranCellRelation=6" lastModified="1287501368310" mimName="ERBS_NODE_MODEL" mimVersion="A.9.50.J.9.1">
    <attr name="isRemoveAllowed">false</attr>
    <attr name="neighborCellRef">SubNetwork=ONRM_RootMo_R,MeContext=LTE01ERBS00098,ManagedElement=1,ENodeBFunction=1,EUtraNetwork=1,ExternalENodeBFunction=99,ExternalEUtranCellFDD=1</attr>
    <attr name="anrCreated">false</attr>
    <attr name="isHoAllowed">true</attr>
  </mo>
  <mo fdn="SubNetwork=ONRM_RootMo_R,MeContext=LTE01ERBS00098,ManagedElement=1,ENodeBFunction=1,EUtranCellFDD=LTE01ERBS00098-1,EUtranFreqRelation=1,EUtranCellRelation=7" lastModified="1287501368315" mimName="ERBS_NODE_MODEL" mimVersion="A.9.50.J.9.1">
    <attr name="isRemoveAllowed">false</attr>
    <attr name="neighborCellRef">SubNetwork=ONRM_RootMo_R,MeContext=LTE01ERBS00098,ManagedElement=1,ENodeBFunction=1,EUtraNetwork=1,ExternalENodeBFunction=99,ExternalEUtranCellFDD=2</attr>
    <attr name="anrCreated">false</attr>
    <attr name="isHoAllowed">true</attr>
  </mo>
  <mo fdn="SubNetwork=ONRM_RootMo_R,MeContext=LTE01ERBS00098,ManagedElement=1,ENodeBFunction=1,EUtranCellFDD=LTE01ERBS00098-1,EUtranFreqRelation=2,EUtranCellRelation=1" lastModified="1287501079571" mimName="ERBS_NODE_MODEL" mimVersion="A.9.50.J.9.1">
    <attr name="isRemoveAllowed">false</attr>
    <attr name="neighborCellRef">SubNetwork=ONRM_RootMo_R,MeContext=LTE01ERBS00098,ManagedElement=1,ENodeBFunction=1,EUtranCellFDD=LTE01ERBS00098-2</attr>
    <attr name="anrCreated">false</attr>
    <attr name="isHoAllowed">true</attr>
  </mo>
  <mo fdn="SubNetwork=ONRM_RootMo_R,MeContext=LTE01ERBS00098,ManagedElement=1,ENodeBFunction=1,EUtranCellFDD=LTE01ERBS00098-1,EUtranFreqRelation=2,EUtranCellRelation=12" lastModified="1287504899791" mimName="ERBS_NODE_MODEL" mimVersion="A.9.50.J.9.1">
    <attr name="isRemoveAllowed">false</attr>
    <attr name="neighborCellRef">SubNetwork=ONRM_RootMo_R,MeContext=LTE01ERBS00098,ManagedElement=1,ENodeBFunction=1,EUtraNetwork=1,ExternalENodeBFunction=102,ExternalEUtranCellFDD=1</attr>
    <attr name="anrCreated">false</attr>
    <attr name="isHoAllowed">true</attr>
  </mo>
  <mo fdn="SubNetwork=ONRM_RootMo_R,MeContext=LTE01ERBS00098,ManagedElement=1,ENodeBFunction=1,EUtranCellFDD=LTE01ERBS00098-1,EUtranFreqRelation=2,EUtranCellRelation=13" lastModified="1287504899788" mimName="ERBS_NODE_MODEL" mimVersion="A.9.50.J.9.1">
    <attr name="isRemoveAllowed">false</attr>
    <attr name="neighborCellRef">SubNetwork=ONRM_RootMo_R,MeContext=LTE01ERBS00098,ManagedElement=1,ENodeBFunction=1,EUtraNetwork=1,ExternalENodeBFunction=102,ExternalEUtranCellFDD=2</attr>
    <attr name="anrCreated">false</attr>
    <attr name="isHoAllowed">true</attr>
  </mo>
  <mo fdn="SubNetwork=ONRM_RootMo_R,MeContext=LTE01ERBS00098,ManagedElement=1,ENodeBFunction=1,EUtranCellFDD=LTE01ERBS00098-1,EUtranFreqRelation=2,EUtranCellRelation=16" lastModified="1287504899799" mimName="ERBS_NODE_MODEL" mimVersion="A.9.50.J.9.1">
    <attr name="isRemoveAllowed">false</attr>
    <attr name="neighborCellRef">SubNetwork=ONRM_RootMo_R,MeContext=LTE01ERBS00098,ManagedElement=1,ENodeBFunction=1,EUtraNetwork=1,ExternalENodeBFunction=104,ExternalEUtranCellFDD=1</attr>
    <attr name="anrCreated">false</attr>
    <attr name="isHoAllowed">true</attr>
  </mo>
  <mo fdn="SubNetwork=ONRM_RootMo_R,MeContext=LTE01ERBS00098,ManagedElement=1,ENodeBFunction=1,EUtranCellFDD=LTE01ERBS00098-1,EUtranFreqRelation=2,EUtranCellRelation=17" lastModified="1287504899797" mimName="ERBS_NODE_MODEL" mimVersion="A.9.50.J.9.1">
    <attr name="isRemoveAllowed">false</attr>
    <attr name="neighborCellRef">SubNetwork=ONRM_RootMo_R,MeContext=LTE01ERBS00098,ManagedElement=1,ENodeBFunction=1,EUtraNetwork=1,ExternalENodeBFunction=104,ExternalEUtranCellFDD=2</attr>
    <attr name="anrCreated">false</attr>
    <attr name="isHoAllowed">true</attr>
  </mo>
  <mo fdn="SubNetwork=ONRM_RootMo_R,MeContext=LTE01ERBS00098,ManagedElement=1,ENodeBFunction=1,EUtranCellFDD=LTE01ERBS00098-1,EUtranFreqRelation=2,EUtranCellRelation=2" lastModified="1287501079567" mimName="ERBS_NODE_MODEL" mimVersion="A.9.50.J.9.1">
    <attr name="isRemoveAllowed">false</attr>
    <attr name="neighborCellRef">SubNetwork=ONRM_RootMo_R,MeContext=LTE01ERBS00098,ManagedElement=1,ENodeBFunction=1,EUtranCellFDD=LTE01ERBS00098-3</attr>
    <attr name="anrCreated">false</attr>
    <attr name="isHoAllowed">true</attr>
  </mo>
  <mo fdn="SubNetwork=ONRM_RootMo_R,MeContext=LTE01ERBS00098,ManagedElement=1,ENodeBFunction=1,EUtranCellFDD=LTE01ERBS00098-1,EUtranFreqRelation=2,EUtranCellRelation=20" lastModified="1287504899794" mimName="ERBS_NODE_MODEL" mimVersion="A.9.50.J.9.1">
    <attr name="isRemoveAllowed">false</attr>
    <attr name="neighborCellRef">SubNetwork=ONRM_RootMo_R,MeContext=LTE01ERBS00098,ManagedElement=1,ENodeBFunction=1,EUtraNetwork=1,ExternalENodeBFunction=106,ExternalEUtranCellFDD=1</attr>
    <attr name="anrCreated">false</attr>
    <attr name="isHoAllowed">true</attr>
  </mo>
  <mo fdn="SubNetwork=ONRM_RootMo_R,MeContext=LTE01ERBS00098,ManagedElement=1,ENodeBFunction=1,EUtranCellFDD=LTE01ERBS00098-1,EUtranFreqRelation=2,EUtranCellRelation=21" lastModified="1287504899793" mimName="ERBS_NODE_MODEL" mimVersion="A.9.50.J.9.1">
    <attr name="isRemoveAllowed">false</attr>
    <attr name="neighborCellRef">SubNetwork=ONRM_RootMo_R,MeContext=LTE01ERBS00098,ManagedElement=1,ENodeBFunction=1,EUtraNetwork=1,ExternalENodeBFunction=106,ExternalEUtranCellFDD=2</attr>
    <attr name="anrCreated">false</attr>
    <attr name="isHoAllowed">true</attr>
  </mo>
  <mo fdn="SubNetwork=ONRM_RootMo_R,MeContext=LTE01ERBS00098,ManagedElement=1,ENodeBFunction=1,EUtranCellFDD=LTE01ERBS00098-1,EUtranFreqRelation=2,EUtranCellRelation=24" lastModified="1287504899792" mimName="ERBS_NODE_MODEL" mimVersion="A.9.50.J.9.1">
    <attr name="isRemoveAllowed">false</attr>
    <attr name="neighborCellRef">SubNetwork=ONRM_RootMo_R,MeContext=LTE01ERBS00098,ManagedElement=1,ENodeBFunction=1,EUtraNetwork=1,ExternalENodeBFunction=108,ExternalEUtranCellFDD=1</attr>
    <attr name="anrCreated">false</attr>
    <attr name="isHoAllowed">true</attr>
  </mo>
  <mo fdn="SubNetwork=ONRM_RootMo_R,MeContext=LTE01ERBS00098,ManagedElement=1,ENodeBFunction=1,EUtranCellFDD=LTE01ERBS00098-1,EUtranFreqRelation=2,EUtranCellRelation=25" lastModified="1287504899789" mimName="ERBS_NODE_MODEL" mimVersion="A.9.50.J.9.1">
    <attr name="isRemoveAllowed">false</attr>
    <attr name="neighborCellRef">SubNetwork=ONRM_RootMo_R,MeContext=LTE01ERBS00098,ManagedElement=1,ENodeBFunction=1,EUtraNetwork=1,ExternalENodeBFunction=108,ExternalEUtranCellFDD=2</attr>
    <attr name="anrCreated">false</attr>
    <attr name="isHoAllowed">true</attr>
  </mo>
  <mo fdn="SubNetwork=ONRM_RootMo_R,MeContext=LTE01ERBS00098,ManagedElement=1,ENodeBFunction=1,EUtranCellFDD=LTE01ERBS00098-1,EUtranFreqRelation=2,EUtranCellRelation=28" lastModified="1287504899800" mimName="ERBS_NODE_MODEL" mimVersion="A.9.50.J.9.1">
    <attr name="isRemoveAllowed">false</attr>
    <attr name="neighborCellRef">SubNetwork=ONRM_RootMo_R,MeContext=LTE01ERBS00098,ManagedElement=1,ENodeBFunction=1,EUtraNetwork=1,ExternalENodeBFunction=110,ExternalEUtranCellFDD=1</attr>
    <attr name="anrCreated">false</attr>
    <attr name="isHoAllowed">true</attr>
  </mo>
  <mo fdn="SubNetwork=ONRM_RootMo_R,MeContext=LTE01ERBS00098,ManagedElement=1,ENodeBFunction=1,EUtranCellFDD=LTE01ERBS00098-1,EUtranFreqRelation=2,EUtranCellRelation=29" lastModified="1287504899798" mimName="ERBS_NODE_MODEL" mimVersion="A.9.50.J.9.1">
    <attr name="isRemoveAllowed">false</attr>
    <attr name="neighborCellRef">SubNetwork=ONRM_RootMo_R,MeContext=LTE01ERBS00098,ManagedElement=1,ENodeBFunction=1,EUtraNetwork=1,ExternalENodeBFunction=110,ExternalEUtranCellFDD=2</attr>
    <attr name="anrCreated">false</attr>
    <attr name="isHoAllowed">true</attr>
  </mo>
  <mo fdn="SubNetwork=ONRM_RootMo_R,MeContext=LTE01ERBS00098,ManagedElement=1,ENodeBFunction=1,EUtranCellFDD=LTE01ERBS00098-1,EUtranFreqRelation=2,EUtranCellRelation=3" lastModified="1287501079563" mimName="ERBS_NODE_MODEL" mimVersion="A.9.50.J.9.1">
    <attr name="isRemoveAllowed">false</attr>
    <attr name="neighborCellRef">SubNetwork=ONRM_RootMo_R,MeContext=LTE01ERBS00098,ManagedElement=1,ENodeBFunction=1,EUtranCellFDD=LTE01ERBS00098-4</attr>
    <attr name="anrCreated">false</attr>
    <attr name="isHoAllowed">true</attr>
  </mo>
  <mo fdn="SubNetwork=ONRM_RootMo_R,MeContext=LTE01ERBS00098,ManagedElement=1,ENodeBFunction=1,EUtranCellFDD=LTE01ERBS00098-1,EUtranFreqRelation=2,EUtranCellRelation=32" lastModified="1287504899775" mimName="ERBS_NODE_MODEL" mimVersion="A.9.50.J.9.1">
    <attr name="isRemoveAllowed">false</attr>
    <attr name="neighborCellRef">SubNetwork=ONRM_RootMo_R,MeContext=LTE01ERBS00098,ManagedElement=1,ENodeBFunction=1,EUtraNetwork=1,ExternalENodeBFunction=112,ExternalEUtranCellFDD=1</attr>
    <attr name="anrCreated">false</attr>
    <attr name="isHoAllowed">true</attr>
  </mo>
  <mo fdn="SubNetwork=ONRM_RootMo_R,MeContext=LTE01ERBS00098,ManagedElement=1,ENodeBFunction=1,EUtranCellFDD=LTE01ERBS00098-1,EUtranFreqRelation=2,EUtranCellRelation=33" lastModified="1287504899795" mimName="ERBS_NODE_MODEL" mimVersion="A.9.50.J.9.1">
    <attr name="isRemoveAllowed">false</attr>
    <attr name="neighborCellRef">SubNetwork=ONRM_RootMo_R,MeContext=LTE01ERBS00098,ManagedElement=1,ENodeBFunction=1,EUtraNetwork=1,ExternalENodeBFunction=112,ExternalEUtranCellFDD=2</attr>
    <attr name="anrCreated">false</attr>
    <attr name="isHoAllowed">true</attr>
  </mo>
  <mo fdn="SubNetwork=ONRM_RootMo_R,MeContext=LTE01ERBS00098,ManagedElement=1,ENodeBFunction=1,EUtranCellFDD=LTE01ERBS00098-1,EUtranFreqRelation=2,EUtranCellRelation=8" lastModified="1287501368300" mimName="ERBS_NODE_MODEL" mimVersion="A.9.50.J.9.1">
    <attr name="isRemoveAllowed">false</attr>
    <attr name="neighborCellRef">SubNetwork=ONRM_RootMo_R,MeContext=LTE01ERBS00098,ManagedElement=1,ENodeBFunction=1,EUtraNetwork=1,ExternalENodeBFunction=100,ExternalEUtranCellFDD=1</attr>
    <attr name="anrCreated">false</attr>
    <attr name="isHoAllowed">true</attr>
  </mo>
  <mo fdn="SubNetwork=ONRM_RootMo_R,MeContext=LTE01ERBS00098,ManagedElement=1,ENodeBFunction=1,EUtranCellFDD=LTE01ERBS00098-1,EUtranFreqRelation=2,EUtranCellRelation=9" lastModified="1287501368302" mimName="ERBS_NODE_MODEL" mimVersion="A.9.50.J.9.1">
    <attr name="isRemoveAllowed">false</attr>
    <attr name="neighborCellRef">SubNetwork=ONRM_RootMo_R,MeContext=LTE01ERBS00098,ManagedElement=1,ENodeBFunction=1,EUtraNetwork=1,ExternalENodeBFunction=100,ExternalEUtranCellFDD=2</attr>
    <attr name="anrCreated">false</attr>
    <attr name="isHoAllowed">true</attr>
  </mo>
  <mo fdn="SubNetwork=ONRM_RootMo_R,MeContext=LTE01ERBS00098,ManagedElement=1,ENodeBFunction=1,EUtranCellFDD=LTE01ERBS00098-2" lastModified="1287504900933" mimName="ERBS_NODE_MODEL" mimVersion="A.9.50.J.9.1">
    <attr name="EUtranCellFDDId">LTE01ERBS00098-2</attr>
    <attr name="earfcnul">18000</attr>
    <attr name="cellId">2</attr>
    <attr name="tac">48394</attr>
    <attr name="bPlmnList">
      <seq count="1">
        <item>
          <struct>
            <attr name="mcc">311</attr>
            <attr name="mnc">480</attr>
            <attr name="mncLength">2</attr>
          </struct>
        </item>
      </seq>
    </attr>
    <attr name="earfcndl">0</attr>
    <attr name="userLabel">LTE01ERBS00098-2</attr>
  </mo>
  <mo fdn="SubNetwork=ONRM_RootMo_R,MeContext=LTE01ERBS00098,ManagedElement=1,ENodeBFunction=1,EUtranCellFDD=LTE01ERBS00098-2,EUtranFreqRelation=1,EUtranCellRelation=10" lastModified="1287504900830" mimName="ERBS_NODE_MODEL" mimVersion="A.9.50.J.9.1">
    <attr name="isRemoveAllowed">false</attr>
    <attr name="neighborCellRef">SubNetwork=ONRM_RootMo_R,MeContext=LTE01ERBS00098,ManagedElement=1,ENodeBFunction=1,EUtraNetwork=1,ExternalENodeBFunction=101,ExternalEUtranCellFDD=1</attr>
    <attr name="anrCreated">false</attr>
    <attr name="isHoAllowed">true</attr>
  </mo>
  <mo fdn="SubNetwork=ONRM_RootMo_R,MeContext=LTE01ERBS00098,ManagedElement=1,ENodeBFunction=1,EUtranCellFDD=LTE01ERBS00098-2,EUtranFreqRelation=1,EUtranCellRelation=11" lastModified="1287504900829" mimName="ERBS_NODE_MODEL" mimVersion="A.9.50.J.9.1">
    <attr name="isRemoveAllowed">false</attr>
    <attr name="neighborCellRef">SubNetwork=ONRM_RootMo_R,MeContext=LTE01ERBS00098,ManagedElement=1,ENodeBFunction=1,EUtraNetwork=1,ExternalENodeBFunction=101,ExternalEUtranCellFDD=2</attr>
    <attr name="anrCreated">false</attr>
    <attr name="isHoAllowed">true</attr>
  </mo>
  <mo fdn="SubNetwork=ONRM_RootMo_R,MeContext=LTE01ERBS00098,ManagedElement=1,ENodeBFunction=1,EUtranCellFDD=LTE01ERBS00098-2,EUtranFreqRelation=1,EUtranCellRelation=14" lastModified="1287504900822" mimName="ERBS_NODE_MODEL" mimVersion="A.9.50.J.9.1">
    <attr name="isRemoveAllowed">false</attr>
    <attr name="neighborCellRef">SubNetwork=ONRM_RootMo_R,MeContext=LTE01ERBS00098,ManagedElement=1,ENodeBFunction=1,EUtraNetwork=1,ExternalENodeBFunction=103,ExternalEUtranCellFDD=1</attr>
    <attr name="anrCreated">false</attr>
    <attr name="isHoAllowed">true</attr>
  </mo>
  <mo fdn="SubNetwork=ONRM_RootMo_R,MeContext=LTE01ERBS00098,ManagedElement=1,ENodeBFunction=1,EUtranCellFDD=LTE01ERBS00098-2,EUtranFreqRelation=1,EUtranCellRelation=15" lastModified="1287504900838" mimName="ERBS_NODE_MODEL" mimVersion="A.9.50.J.9.1">
    <attr name="isRemoveAllowed">false</attr>
    <attr name="neighborCellRef">SubNetwork=ONRM_RootMo_R,MeContext=LTE01ERBS00098,ManagedElement=1,ENodeBFunction=1,EUtraNetwork=1,ExternalENodeBFunction=103,ExternalEUtranCellFDD=2</attr>
    <attr name="anrCreated">false</attr>
    <attr name="isHoAllowed">true</attr>
  </mo>
  <mo fdn="SubNetwork=ONRM_RootMo_R,MeContext=LTE01ERBS00098,ManagedElement=1,ENodeBFunction=1,EUtranCellFDD=LTE01ERBS00098-2,EUtranFreqRelation=1,EUtranCellRelation=18" lastModified="1287504900834" mimName="ERBS_NODE_MODEL" mimVersion="A.9.50.J.9.1">
    <attr name="isRemoveAllowed">false</attr>
    <attr name="neighborCellRef">SubNetwork=ONRM_RootMo_R,MeContext=LTE01ERBS00098,ManagedElement=1,ENodeBFunction=1,EUtraNetwork=1,ExternalENodeBFunction=105,ExternalEUtranCellFDD=1</attr>
    <attr name="anrCreated">false</attr>
    <attr name="isHoAllowed">true</attr>
  </mo>
  <mo fdn="SubNetwork=ONRM_RootMo_R,MeContext=LTE01ERBS00098,ManagedElement=1,ENodeBFunction=1,EUtranCellFDD=LTE01ERBS00098-2,EUtranFreqRelation=1,EUtranCellRelation=19" lastModified="1287504900831" mimName="ERBS_NODE_MODEL" mimVersion="A.9.50.J.9.1">
    <attr name="isRemoveAllowed">false</attr>
    <attr name="neighborCellRef">SubNetwork=ONRM_RootMo_R,MeContext=LTE01ERBS00098,ManagedElement=1,ENodeBFunction=1,EUtraNetwork=1,ExternalENodeBFunction=105,ExternalEUtranCellFDD=2</attr>
    <attr name="anrCreated">false</attr>
    <attr name="isHoAllowed">true</attr>
  </mo>
  <mo fdn="SubNetwork=ONRM_RootMo_R,MeContext=LTE01ERBS00098,ManagedElement=1,ENodeBFunction=1,EUtranCellFDD=LTE01ERBS00098-2,EUtranFreqRelation=1,EUtranCellRelation=22" lastModified="1287504900825" mimName="ERBS_NODE_MODEL" mimVersion="A.9.50.J.9.1">
    <attr name="isRemoveAllowed">false</attr>
    <attr name="neighborCellRef">SubNetwork=ONRM_RootMo_R,MeContext=LTE01ERBS00098,ManagedElement=1,ENodeBFunction=1,EUtraNetwork=1,ExternalENodeBFunction=107,ExternalEUtranCellFDD=1</attr>
    <attr name="anrCreated">false</attr>
    <attr name="isHoAllowed">true</attr>
  </mo>
  <mo fdn="SubNetwork=ONRM_RootMo_R,MeContext=LTE01ERBS00098,ManagedElement=1,ENodeBFunction=1,EUtranCellFDD=LTE01ERBS00098-2,EUtranFreqRelation=1,EUtranCellRelation=23" lastModified="1287504900824" mimName="ERBS_NODE_MODEL" mimVersion="A.9.50.J.9.1">
    <attr name="isRemoveAllowed">false</attr>
    <attr name="neighborCellRef">SubNetwork=ONRM_RootMo_R,MeContext=LTE01ERBS00098,ManagedElement=1,ENodeBFunction=1,EUtraNetwork=1,ExternalENodeBFunction=107,ExternalEUtranCellFDD=2</attr>
    <attr name="anrCreated">false</attr>
    <attr name="isHoAllowed">true</attr>
  </mo>
  <mo fdn="SubNetwork=ONRM_RootMo_R,MeContext=LTE01ERBS00098,ManagedElement=1,ENodeBFunction=1,EUtranCellFDD=LTE01ERBS00098-2,EUtranFreqRelation=1,EUtranCellRelation=26" lastModified="1287504900837" mimName="ERBS_NODE_MODEL" mimVersion="A.9.50.J.9.1">
    <attr name="isRemoveAllowed">false</attr>
    <attr name="neighborCellRef">SubNetwork=ONRM_RootMo_R,MeContext=LTE01ERBS00098,ManagedElement=1,ENodeBFunction=1,EUtraNetwork=1,ExternalENodeBFunction=109,ExternalEUtranCellFDD=1</attr>
    <attr name="anrCreated">false</attr>
    <attr name="isHoAllowed">true</attr>
  </mo>
  <mo fdn="SubNetwork=ONRM_RootMo_R,MeContext=LTE01ERBS00098,ManagedElement=1,ENodeBFunction=1,EUtranCellFDD=LTE01ERBS00098-2,EUtranFreqRelation=1,EUtranCellRelation=27" lastModified="1287504900836" mimName="ERBS_NODE_MODEL" mimVersion="A.9.50.J.9.1">
    <attr name="isRemoveAllowed">false</attr>
    <attr name="neighborCellRef">SubNetwork=ONRM_RootMo_R,MeContext=LTE01ERBS00098,ManagedElement=1,ENodeBFunction=1,EUtraNetwork=1,ExternalENodeBFunction=109,ExternalEUtranCellFDD=2</attr>
    <attr name="anrCreated">false</attr>
    <attr name="isHoAllowed">true</attr>
  </mo>
  <mo fdn="SubNetwork=ONRM_RootMo_R,MeContext=LTE01ERBS00098,ManagedElement=1,ENodeBFunction=1,EUtranCellFDD=LTE01ERBS00098-2,EUtranFreqRelation=1,EUtranCellRelation=30" lastModified="1287504900827" mimName="ERBS_NODE_MODEL" mimVersion="A.9.50.J.9.1">
    <attr name="isRemoveAllowed">false</attr>
    <attr name="neighborCellRef">SubNetwork=ONRM_RootMo_R,MeContext=LTE01ERBS00098,ManagedElement=1,ENodeBFunction=1,EUtraNetwork=1,ExternalENodeBFunction=111,ExternalEUtranCellFDD=1</attr>
    <attr name="anrCreated">false</attr>
    <attr name="isHoAllowed">true</attr>
  </mo>
  <mo fdn="SubNetwork=ONRM_RootMo_R,MeContext=LTE01ERBS00098,ManagedElement=1,ENodeBFunction=1,EUtranCellFDD=LTE01ERBS00098-2,EUtranFreqRelation=1,EUtranCellRelation=31" lastModified="1287504900826" mimName="ERBS_NODE_MODEL" mimVersion="A.9.50.J.9.1">
    <attr name="isRemoveAllowed">false</attr>
    <attr name="neighborCellRef">SubNetwork=ONRM_RootMo_R,MeContext=LTE01ERBS00098,ManagedElement=1,ENodeBFunction=1,EUtraNetwork=1,ExternalENodeBFunction=111,ExternalEUtranCellFDD=2</attr>
    <attr name="anrCreated">false</attr>
    <attr name="isHoAllowed">true</attr>
  </mo>
  <mo fdn="SubNetwork=ONRM_RootMo_R,MeContext=LTE01ERBS00098,ManagedElement=1,ENodeBFunction=1,EUtranCellFDD=LTE01ERBS00098-2,EUtranFreqRelation=1,EUtranCellRelation=4" lastModified="1287501369211" mimName="ERBS_NODE_MODEL" mimVersion="A.9.50.J.9.1">
    <attr name="isRemoveAllowed">false</attr>
    <attr name="neighborCellRef">SubNetwork=ONRM_RootMo_R,MeContext=LTE01ERBS00098,ManagedElement=1,ENodeBFunction=1,EUtraNetwork=1,ExternalENodeBFunction=97,ExternalEUtranCellFDD=1</attr>
    <attr name="anrCreated">false</attr>
    <attr name="isHoAllowed">true</attr>
  </mo>
  <mo fdn="SubNetwork=ONRM_RootMo_R,MeContext=LTE01ERBS00098,ManagedElement=1,ENodeBFunction=1,EUtranCellFDD=LTE01ERBS00098-2,EUtranFreqRelation=1,EUtranCellRelation=5" lastModified="1287501369213" mimName="ERBS_NODE_MODEL" mimVersion="A.9.50.J.9.1">
    <attr name="isRemoveAllowed">false</attr>
    <attr name="neighborCellRef">SubNetwork=ONRM_RootMo_R,MeContext=LTE01ERBS00098,ManagedElement=1,ENodeBFunction=1,EUtraNetwork=1,ExternalENodeBFunction=97,ExternalEUtranCellFDD=2</attr>
    <attr name="anrCreated">false</attr>
    <attr name="isHoAllowed">true</attr>
  </mo>
  <mo fdn="SubNetwork=ONRM_RootMo_R,MeContext=LTE01ERBS00098,ManagedElement=1,ENodeBFunction=1,EUtranCellFDD=LTE01ERBS00098-2,EUtranFreqRelation=1,EUtranCellRelation=6" lastModified="1287501369207" mimName="ERBS_NODE_MODEL" mimVersion="A.9.50.J.9.1">
    <attr name="isRemoveAllowed">false</attr>
    <attr name="neighborCellRef">SubNetwork=ONRM_RootMo_R,MeContext=LTE01ERBS00098,ManagedElement=1,ENodeBFunction=1,EUtraNetwork=1,ExternalENodeBFunction=99,ExternalEUtranCellFDD=1</attr>
    <attr name="anrCreated">false</attr>
    <attr name="isHoAllowed">true</attr>
  </mo>
  <mo fdn="SubNetwork=ONRM_RootMo_R,MeContext=LTE01ERBS00098,ManagedElement=1,ENodeBFunction=1,EUtranCellFDD=LTE01ERBS00098-2,EUtranFreqRelation=1,EUtranCellRelation=7" lastModified="1287501369209" mimName="ERBS_NODE_MODEL" mimVersion="A.9.50.J.9.1">
    <attr name="isRemoveAllowed">false</attr>
    <attr name="neighborCellRef">SubNetwork=ONRM_RootMo_R,MeContext=LTE01ERBS00098,ManagedElement=1,ENodeBFunction=1,EUtraNetwork=1,ExternalENodeBFunction=99,ExternalEUtranCellFDD=2</attr>
    <attr name="anrCreated">false</attr>
    <attr name="isHoAllowed">true</attr>
  </mo>
  <mo fdn="SubNetwork=ONRM_RootMo_R,MeContext=LTE01ERBS00098,ManagedElement=1,ENodeBFunction=1,EUtranCellFDD=LTE01ERBS00098-2,EUtranFreqRelation=2,EUtranCellRelation=1" lastModified="1287501078403" mimName="ERBS_NODE_MODEL" mimVersion="A.9.50.J.9.1">
    <attr name="isRemoveAllowed">false</attr>
    <attr name="neighborCellRef">SubNetwork=ONRM_RootMo_R,MeContext=LTE01ERBS00098,ManagedElement=1,ENodeBFunction=1,EUtranCellFDD=LTE01ERBS00098-1</attr>
    <attr name="anrCreated">false</attr>
    <attr name="isHoAllowed">true</attr>
  </mo>
  <mo fdn="SubNetwork=ONRM_RootMo_R,MeContext=LTE01ERBS00098,ManagedElement=1,ENodeBFunction=1,EUtranCellFDD=LTE01ERBS00098-2,EUtranFreqRelation=2,EUtranCellRelation=12" lastModified="1287504900813" mimName="ERBS_NODE_MODEL" mimVersion="A.9.50.J.9.1">
    <attr name="isRemoveAllowed">false</attr>
    <attr name="neighborCellRef">SubNetwork=ONRM_RootMo_R,MeContext=LTE01ERBS00098,ManagedElement=1,ENodeBFunction=1,EUtraNetwork=1,ExternalENodeBFunction=102,ExternalEUtranCellFDD=1</attr>
    <attr name="anrCreated">false</attr>
    <attr name="isHoAllowed">true</attr>
  </mo>
  <mo fdn="SubNetwork=ONRM_RootMo_R,MeContext=LTE01ERBS00098,ManagedElement=1,ENodeBFunction=1,EUtranCellFDD=LTE01ERBS00098-2,EUtranFreqRelation=2,EUtranCellRelation=13" lastModified="1287504900810" mimName="ERBS_NODE_MODEL" mimVersion="A.9.50.J.9.1">
    <attr name="isRemoveAllowed">false</attr>
    <attr name="neighborCellRef">SubNetwork=ONRM_RootMo_R,MeContext=LTE01ERBS00098,ManagedElement=1,ENodeBFunction=1,EUtraNetwork=1,ExternalENodeBFunction=102,ExternalEUtranCellFDD=2</attr>
    <attr name="anrCreated">false</attr>
    <attr name="isHoAllowed">true</attr>
  </mo>
  <mo fdn="SubNetwork=ONRM_RootMo_R,MeContext=LTE01ERBS00098,ManagedElement=1,ENodeBFunction=1,EUtranCellFDD=LTE01ERBS00098-2,EUtranFreqRelation=2,EUtranCellRelation=16" lastModified="1287504900819" mimName="ERBS_NODE_MODEL" mimVersion="A.9.50.J.9.1">
    <attr name="isRemoveAllowed">false</attr>
    <attr name="neighborCellRef">SubNetwork=ONRM_RootMo_R,MeContext=LTE01ERBS00098,ManagedElement=1,ENodeBFunction=1,EUtraNetwork=1,ExternalENodeBFunction=104,ExternalEUtranCellFDD=1</attr>
    <attr name="anrCreated">false</attr>
    <attr name="isHoAllowed">true</attr>
  </mo>
  <mo fdn="SubNetwork=ONRM_RootMo_R,MeContext=LTE01ERBS00098,ManagedElement=1,ENodeBFunction=1,EUtranCellFDD=LTE01ERBS00098-2,EUtranFreqRelation=2,EUtranCellRelation=17" lastModified="1287504900818" mimName="ERBS_NODE_MODEL" mimVersion="A.9.50.J.9.1">
    <attr name="isRemoveAllowed">false</attr>
    <attr name="neighborCellRef">SubNetwork=ONRM_RootMo_R,MeContext=LTE01ERBS00098,ManagedElement=1,ENodeBFunction=1,EUtraNetwork=1,ExternalENodeBFunction=104,ExternalEUtranCellFDD=2</attr>
    <attr name="anrCreated">false</attr>
    <attr name="isHoAllowed">true</attr>
  </mo>
  <mo fdn="SubNetwork=ONRM_RootMo_R,MeContext=LTE01ERBS00098,ManagedElement=1,ENodeBFunction=1,EUtranCellFDD=LTE01ERBS00098-2,EUtranFreqRelation=2,EUtranCellRelation=2" lastModified="1287501078401" mimName="ERBS_NODE_MODEL" mimVersion="A.9.50.J.9.1">
    <attr name="isRemoveAllowed">false</attr>
    <attr name="neighborCellRef">SubNetwork=ONRM_RootMo_R,MeContext=LTE01ERBS00098,ManagedElement=1,ENodeBFunction=1,EUtranCellFDD=LTE01ERBS00098-3</attr>
    <attr name="anrCreated">false</attr>
    <attr name="isHoAllowed">true</attr>
  </mo>
  <mo fdn="SubNetwork=ONRM_RootMo_R,MeContext=LTE01ERBS00098,ManagedElement=1,ENodeBFunction=1,EUtranCellFDD=LTE01ERBS00098-2,EUtranFreqRelation=2,EUtranCellRelation=20" lastModified="1287504900816" mimName="ERBS_NODE_MODEL" mimVersion="A.9.50.J.9.1">
    <attr name="isRemoveAllowed">false</attr>
    <attr name="neighborCellRef">SubNetwork=ONRM_RootMo_R,MeContext=LTE01ERBS00098,ManagedElement=1,ENodeBFunction=1,EUtraNetwork=1,ExternalENodeBFunction=106,ExternalEUtranCellFDD=1</attr>
    <attr name="anrCreated">false</attr>
    <attr name="isHoAllowed">true</attr>
  </mo>
  <mo fdn="SubNetwork=ONRM_RootMo_R,MeContext=LTE01ERBS00098,ManagedElement=1,ENodeBFunction=1,EUtranCellFDD=LTE01ERBS00098-2,EUtranFreqRelation=2,EUtranCellRelation=21" lastModified="1287504900815" mimName="ERBS_NODE_MODEL" mimVersion="A.9.50.J.9.1">
    <attr name="isRemoveAllowed">false</attr>
    <attr name="neighborCellRef">SubNetwork=ONRM_RootMo_R,MeContext=LTE01ERBS00098,ManagedElement=1,ENodeBFunction=1,EUtraNetwork=1,ExternalENodeBFunction=106,ExternalEUtranCellFDD=2</attr>
    <attr name="anrCreated">false</attr>
    <attr name="isHoAllowed">true</attr>
  </mo>
  <mo fdn="SubNetwork=ONRM_RootMo_R,MeContext=LTE01ERBS00098,ManagedElement=1,ENodeBFunction=1,EUtranCellFDD=LTE01ERBS00098-2,EUtranFreqRelation=2,EUtranCellRelation=24" lastModified="1287504900814" mimName="ERBS_NODE_MODEL" mimVersion="A.9.50.J.9.1">
    <attr name="isRemoveAllowed">false</attr>
    <attr name="neighborCellRef">SubNetwork=ONRM_RootMo_R,MeContext=LTE01ERBS00098,ManagedElement=1,ENodeBFunction=1,EUtraNetwork=1,ExternalENodeBFunction=108,ExternalEUtranCellFDD=1</attr>
    <attr name="anrCreated">false</attr>
    <attr name="isHoAllowed">true</attr>
  </mo>
  <mo fdn="SubNetwork=ONRM_RootMo_R,MeContext=LTE01ERBS00098,ManagedElement=1,ENodeBFunction=1,EUtranCellFDD=LTE01ERBS00098-2,EUtranFreqRelation=2,EUtranCellRelation=25" lastModified="1287504900812" mimName="ERBS_NODE_MODEL" mimVersion="A.9.50.J.9.1">
    <attr name="isRemoveAllowed">false</attr>
    <attr name="neighborCellRef">SubNetwork=ONRM_RootMo_R,MeContext=LTE01ERBS00098,ManagedElement=1,ENodeBFunction=1,EUtraNetwork=1,ExternalENodeBFunction=108,ExternalEUtranCellFDD=2</attr>
    <attr name="anrCreated">false</attr>
    <attr name="isHoAllowed">true</attr>
  </mo>
  <mo fdn="SubNetwork=ONRM_RootMo_R,MeContext=LTE01ERBS00098,ManagedElement=1,ENodeBFunction=1,EUtranCellFDD=LTE01ERBS00098-2,EUtranFreqRelation=2,EUtranCellRelation=28" lastModified="1287504900820" mimName="ERBS_NODE_MODEL" mimVersion="A.9.50.J.9.1">
    <attr name="isRemoveAllowed">false</attr>
    <attr name="neighborCellRef">SubNetwork=ONRM_RootMo_R,MeContext=LTE01ERBS00098,ManagedElement=1,ENodeBFunction=1,EUtraNetwork=1,ExternalENodeBFunction=110,ExternalEUtranCellFDD=1</attr>
    <attr name="anrCreated">false</attr>
    <attr name="isHoAllowed">true</attr>
  </mo>
  <mo fdn="SubNetwork=ONRM_RootMo_R,MeContext=LTE01ERBS00098,ManagedElement=1,ENodeBFunction=1,EUtranCellFDD=LTE01ERBS00098-2,EUtranFreqRelation=2,EUtranCellRelation=29" lastModified="1287504900819" mimName="ERBS_NODE_MODEL" mimVersion="A.9.50.J.9.1">
    <attr name="isRemoveAllowed">false</attr>
    <attr name="neighborCellRef">SubNetwork=ONRM_RootMo_R,MeContext=LTE01ERBS00098,ManagedElement=1,ENodeBFunction=1,EUtraNetwork=1,ExternalENodeBFunction=110,ExternalEUtranCellFDD=2</attr>
    <attr name="anrCreated">false</attr>
    <attr name="isHoAllowed">true</attr>
  </mo>
  <mo fdn="SubNetwork=ONRM_RootMo_R,MeContext=LTE01ERBS00098,ManagedElement=1,ENodeBFunction=1,EUtranCellFDD=LTE01ERBS00098-2,EUtranFreqRelation=2,EUtranCellRelation=3" lastModified="1287501078397" mimName="ERBS_NODE_MODEL" mimVersion="A.9.50.J.9.1">
    <attr name="isRemoveAllowed">false</attr>
    <attr name="neighborCellRef">SubNetwork=ONRM_RootMo_R,MeContext=LTE01ERBS00098,ManagedElement=1,ENodeBFunction=1,EUtranCellFDD=LTE01ERBS00098-4</attr>
    <attr name="anrCreated">false</attr>
    <attr name="isHoAllowed">true</attr>
  </mo>
  <mo fdn="SubNetwork=ONRM_RootMo_R,MeContext=LTE01ERBS00098,ManagedElement=1,ENodeBFunction=1,EUtranCellFDD=LTE01ERBS00098-2,EUtranFreqRelation=2,EUtranCellRelation=32" lastModified="1287504900796" mimName="ERBS_NODE_MODEL" mimVersion="A.9.50.J.9.1">
    <attr name="isRemoveAllowed">false</attr>
    <attr name="neighborCellRef">SubNetwork=ONRM_RootMo_R,MeContext=LTE01ERBS00098,ManagedElement=1,ENodeBFunction=1,EUtraNetwork=1,ExternalENodeBFunction=112,ExternalEUtranCellFDD=1</attr>
    <attr name="anrCreated">false</attr>
    <attr name="isHoAllowed">true</attr>
  </mo>
  <mo fdn="SubNetwork=ONRM_RootMo_R,MeContext=LTE01ERBS00098,ManagedElement=1,ENodeBFunction=1,EUtranCellFDD=LTE01ERBS00098-2,EUtranFreqRelation=2,EUtranCellRelation=33" lastModified="1287504900816" mimName="ERBS_NODE_MODEL" mimVersion="A.9.50.J.9.1">
    <attr name="isRemoveAllowed">false</attr>
    <attr name="neighborCellRef">SubNetwork=ONRM_RootMo_R,MeContext=LTE01ERBS00098,ManagedElement=1,ENodeBFunction=1,EUtraNetwork=1,ExternalENodeBFunction=112,ExternalEUtranCellFDD=2</attr>
    <attr name="anrCreated">false</attr>
    <attr name="isHoAllowed">true</attr>
  </mo>
  <mo fdn="SubNetwork=ONRM_RootMo_R,MeContext=LTE01ERBS00098,ManagedElement=1,ENodeBFunction=1,EUtranCellFDD=LTE01ERBS00098-2,EUtranFreqRelation=2,EUtranCellRelation=8" lastModified="1287501369194" mimName="ERBS_NODE_MODEL" mimVersion="A.9.50.J.9.1">
    <attr name="isRemoveAllowed">false</attr>
    <attr name="neighborCellRef">SubNetwork=ONRM_RootMo_R,MeContext=LTE01ERBS00098,ManagedElement=1,ENodeBFunction=1,EUtraNetwork=1,ExternalENodeBFunction=100,ExternalEUtranCellFDD=1</attr>
    <attr name="anrCreated">false</attr>
    <attr name="isHoAllowed">true</attr>
  </mo>
  <mo fdn="SubNetwork=ONRM_RootMo_R,MeContext=LTE01ERBS00098,ManagedElement=1,ENodeBFunction=1,EUtranCellFDD=LTE01ERBS00098-2,EUtranFreqRelation=2,EUtranCellRelation=9" lastModified="1287501369198" mimName="ERBS_NODE_MODEL" mimVersion="A.9.50.J.9.1">
    <attr name="isRemoveAllowed">false</attr>
    <attr name="neighborCellRef">SubNetwork=ONRM_RootMo_R,MeContext=LTE01ERBS00098,ManagedElement=1,ENodeBFunction=1,EUtraNetwork=1,ExternalENodeBFunction=100,ExternalEUtranCellFDD=2</attr>
    <attr name="anrCreated">false</attr>
    <attr name="isHoAllowed">true</attr>
  </mo>
  <mo fdn="SubNetwork=ONRM_RootMo_R,MeContext=LTE01ERBS00098,ManagedElement=1,ENodeBFunction=1,EUtranCellFDD=LTE01ERBS00098-3" lastModified="1287504901631" mimName="ERBS_NODE_MODEL" mimVersion="A.9.50.J.9.1">
    <attr name="EUtranCellFDDId">LTE01ERBS00098-3</attr>
    <attr name="earfcnul">18000</attr>
    <attr name="cellId">3</attr>
    <attr name="tac">48394</attr>
    <attr name="bPlmnList">
      <seq count="1">
        <item>
          <struct>
            <attr name="mcc">311</attr>
            <attr name="mnc">480</attr>
            <attr name="mncLength">2</attr>
          </struct>
        </item>
      </seq>
    </attr>
    <attr name="earfcndl">0</attr>
    <attr name="userLabel">LTE01ERBS00098-3</attr>
  </mo>
  <mo fdn="SubNetwork=ONRM_RootMo_R,MeContext=LTE01ERBS00098,ManagedElement=1,ENodeBFunction=1,EUtranCellFDD=LTE01ERBS00098-3,EUtranFreqRelation=1,EUtranCellRelation=10" lastModified="1287504901549" mimName="ERBS_NODE_MODEL" mimVersion="A.9.50.J.9.1">
    <attr name="isRemoveAllowed">false</attr>
    <attr name="neighborCellRef">SubNetwork=ONRM_RootMo_R,MeContext=LTE01ERBS00098,ManagedElement=1,ENodeBFunction=1,EUtraNetwork=1,ExternalENodeBFunction=101,ExternalEUtranCellFDD=3</attr>
    <attr name="anrCreated">false</attr>
    <attr name="isHoAllowed">true</attr>
  </mo>
  <mo fdn="SubNetwork=ONRM_RootMo_R,MeContext=LTE01ERBS00098,ManagedElement=1,ENodeBFunction=1,EUtranCellFDD=LTE01ERBS00098-3,EUtranFreqRelation=1,EUtranCellRelation=11" lastModified="1287504901548" mimName="ERBS_NODE_MODEL" mimVersion="A.9.50.J.9.1">
    <attr name="isRemoveAllowed">false</attr>
    <attr name="neighborCellRef">SubNetwork=ONRM_RootMo_R,MeContext=LTE01ERBS00098,ManagedElement=1,ENodeBFunction=1,EUtraNetwork=1,ExternalENodeBFunction=101,ExternalEUtranCellFDD=4</attr>
    <attr name="anrCreated">false</attr>
    <attr name="isHoAllowed">true</attr>
  </mo>
  <mo fdn="SubNetwork=ONRM_RootMo_R,MeContext=LTE01ERBS00098,ManagedElement=1,ENodeBFunction=1,EUtranCellFDD=LTE01ERBS00098-3,EUtranFreqRelation=1,EUtranCellRelation=14" lastModified="1287504901543" mimName="ERBS_NODE_MODEL" mimVersion="A.9.50.J.9.1">
    <attr name="isRemoveAllowed">false</attr>
    <attr name="neighborCellRef">SubNetwork=ONRM_RootMo_R,MeContext=LTE01ERBS00098,ManagedElement=1,ENodeBFunction=1,EUtraNetwork=1,ExternalENodeBFunction=103,ExternalEUtranCellFDD=3</attr>
    <attr name="anrCreated">false</attr>
    <attr name="isHoAllowed">true</attr>
  </mo>
  <mo fdn="SubNetwork=ONRM_RootMo_R,MeContext=LTE01ERBS00098,ManagedElement=1,ENodeBFunction=1,EUtranCellFDD=LTE01ERBS00098-3,EUtranFreqRelation=1,EUtranCellRelation=15" lastModified="1287504901554" mimName="ERBS_NODE_MODEL" mimVersion="A.9.50.J.9.1">
    <attr name="isRemoveAllowed">false</attr>
    <attr name="neighborCellRef">SubNetwork=ONRM_RootMo_R,MeContext=LTE01ERBS00098,ManagedElement=1,ENodeBFunction=1,EUtraNetwork=1,ExternalENodeBFunction=103,ExternalEUtranCellFDD=4</attr>
    <attr name="anrCreated">false</attr>
    <attr name="isHoAllowed">true</attr>
  </mo>
  <mo fdn="SubNetwork=ONRM_RootMo_R,MeContext=LTE01ERBS00098,ManagedElement=1,ENodeBFunction=1,EUtranCellFDD=LTE01ERBS00098-3,EUtranFreqRelation=1,EUtranCellRelation=18" lastModified="1287504901551" mimName="ERBS_NODE_MODEL" mimVersion="A.9.50.J.9.1">
    <attr name="isRemoveAllowed">false</attr>
    <attr name="neighborCellRef">SubNetwork=ONRM_RootMo_R,MeContext=LTE01ERBS00098,ManagedElement=1,ENodeBFunction=1,EUtraNetwork=1,ExternalENodeBFunction=105,ExternalEUtranCellFDD=3</attr>
    <attr name="anrCreated">false</attr>
    <attr name="isHoAllowed">true</attr>
  </mo>
  <mo fdn="SubNetwork=ONRM_RootMo_R,MeContext=LTE01ERBS00098,ManagedElement=1,ENodeBFunction=1,EUtranCellFDD=LTE01ERBS00098-3,EUtranFreqRelation=1,EUtranCellRelation=19" lastModified="1287504901550" mimName="ERBS_NODE_MODEL" mimVersion="A.9.50.J.9.1">
    <attr name="isRemoveAllowed">false</attr>
    <attr name="neighborCellRef">SubNetwork=ONRM_RootMo_R,MeContext=LTE01ERBS00098,ManagedElement=1,ENodeBFunction=1,EUtraNetwork=1,ExternalENodeBFunction=105,ExternalEUtranCellFDD=4</attr>
    <attr name="anrCreated">false</attr>
    <attr name="isHoAllowed">true</attr>
  </mo>
  <mo fdn="SubNetwork=ONRM_RootMo_R,MeContext=LTE01ERBS00098,ManagedElement=1,ENodeBFunction=1,EUtranCellFDD=LTE01ERBS00098-3,EUtranFreqRelation=1,EUtranCellRelation=22" lastModified="1287504901545" mimName="ERBS_NODE_MODEL" mimVersion="A.9.50.J.9.1">
    <attr name="isRemoveAllowed">false</attr>
    <attr name="neighborCellRef">SubNetwork=ONRM_RootMo_R,MeContext=LTE01ERBS00098,ManagedElement=1,ENodeBFunction=1,EUtraNetwork=1,ExternalENodeBFunction=107,ExternalEUtranCellFDD=3</attr>
    <attr name="anrCreated">false</attr>
    <attr name="isHoAllowed">true</attr>
  </mo>
  <mo fdn="SubNetwork=ONRM_RootMo_R,MeContext=LTE01ERBS00098,ManagedElement=1,ENodeBFunction=1,EUtranCellFDD=LTE01ERBS00098-3,EUtranFreqRelation=1,EUtranCellRelation=23" lastModified="1287504901544" mimName="ERBS_NODE_MODEL" mimVersion="A.9.50.J.9.1">
    <attr name="isRemoveAllowed">false</attr>
    <attr name="neighborCellRef">SubNetwork=ONRM_RootMo_R,MeContext=LTE01ERBS00098,ManagedElement=1,ENodeBFunction=1,EUtraNetwork=1,ExternalENodeBFunction=107,ExternalEUtranCellFDD=4</attr>
    <attr name="anrCreated">false</attr>
    <attr name="isHoAllowed">true</attr>
  </mo>
  <mo fdn="SubNetwork=ONRM_RootMo_R,MeContext=LTE01ERBS00098,ManagedElement=1,ENodeBFunction=1,EUtranCellFDD=LTE01ERBS00098-3,EUtranFreqRelation=1,EUtranCellRelation=26" lastModified="1287504901553" mimName="ERBS_NODE_MODEL" mimVersion="A.9.50.J.9.1">
    <attr name="isRemoveAllowed">false</attr>
    <attr name="neighborCellRef">SubNetwork=ONRM_RootMo_R,MeContext=LTE01ERBS00098,ManagedElement=1,ENodeBFunction=1,EUtraNetwork=1,ExternalENodeBFunction=109,ExternalEUtranCellFDD=3</attr>
    <attr name="anrCreated">false</attr>
    <attr name="isHoAllowed">true</attr>
  </mo>
  <mo fdn="SubNetwork=ONRM_RootMo_R,MeContext=LTE01ERBS00098,ManagedElement=1,ENodeBFunction=1,EUtranCellFDD=LTE01ERBS00098-3,EUtranFreqRelation=1,EUtranCellRelation=27" lastModified="1287504901552" mimName="ERBS_NODE_MODEL" mimVersion="A.9.50.J.9.1">
    <attr name="isRemoveAllowed">false</attr>
    <attr name="neighborCellRef">SubNetwork=ONRM_RootMo_R,MeContext=LTE01ERBS00098,ManagedElement=1,ENodeBFunction=1,EUtraNetwork=1,ExternalENodeBFunction=109,ExternalEUtranCellFDD=4</attr>
    <attr name="anrCreated">false</attr>
    <attr name="isHoAllowed">true</attr>
  </mo>
  <mo fdn="SubNetwork=ONRM_RootMo_R,MeContext=LTE01ERBS00098,ManagedElement=1,ENodeBFunction=1,EUtranCellFDD=LTE01ERBS00098-3,EUtranFreqRelation=1,EUtranCellRelation=30" lastModified="1287504901547" mimName="ERBS_NODE_MODEL" mimVersion="A.9.50.J.9.1">
    <attr name="isRemoveAllowed">false</attr>
    <attr name="neighborCellRef">SubNetwork=ONRM_RootMo_R,MeContext=LTE01ERBS00098,ManagedElement=1,ENodeBFunction=1,EUtraNetwork=1,ExternalENodeBFunction=111,ExternalEUtranCellFDD=3</attr>
    <attr name="anrCreated">false</attr>
    <attr name="isHoAllowed">true</attr>
  </mo>
  <mo fdn="SubNetwork=ONRM_RootMo_R,MeContext=LTE01ERBS00098,ManagedElement=1,ENodeBFunction=1,EUtranCellFDD=LTE01ERBS00098-3,EUtranFreqRelation=1,EUtranCellRelation=31" lastModified="1287504901546" mimName="ERBS_NODE_MODEL" mimVersion="A.9.50.J.9.1">
    <attr name="isRemoveAllowed">false</attr>
    <attr name="neighborCellRef">SubNetwork=ONRM_RootMo_R,MeContext=LTE01ERBS00098,ManagedElement=1,ENodeBFunction=1,EUtraNetwork=1,ExternalENodeBFunction=111,ExternalEUtranCellFDD=4</attr>
    <attr name="anrCreated">false</attr>
    <attr name="isHoAllowed">true</attr>
  </mo>
  <mo fdn="SubNetwork=ONRM_RootMo_R,MeContext=LTE01ERBS00098,ManagedElement=1,ENodeBFunction=1,EUtranCellFDD=LTE01ERBS00098-3,EUtranFreqRelation=1,EUtranCellRelation=4" lastModified="1287501370801" mimName="ERBS_NODE_MODEL" mimVersion="A.9.50.J.9.1">
    <attr name="isRemoveAllowed">false</attr>
    <attr name="neighborCellRef">SubNetwork=ONRM_RootMo_R,MeContext=LTE01ERBS00098,ManagedElement=1,ENodeBFunction=1,EUtraNetwork=1,ExternalENodeBFunction=97,ExternalEUtranCellFDD=3</attr>
    <attr name="anrCreated">false</attr>
    <attr name="isHoAllowed">true</attr>
  </mo>
  <mo fdn="SubNetwork=ONRM_RootMo_R,MeContext=LTE01ERBS00098,ManagedElement=1,ENodeBFunction=1,EUtranCellFDD=LTE01ERBS00098-3,EUtranFreqRelation=1,EUtranCellRelation=5" lastModified="1287501370806" mimName="ERBS_NODE_MODEL" mimVersion="A.9.50.J.9.1">
    <attr name="isRemoveAllowed">false</attr>
    <attr name="neighborCellRef">SubNetwork=ONRM_RootMo_R,MeContext=LTE01ERBS00098,ManagedElement=1,ENodeBFunction=1,EUtraNetwork=1,ExternalENodeBFunction=97,ExternalEUtranCellFDD=4</attr>
    <attr name="anrCreated">false</attr>
    <attr name="isHoAllowed">true</attr>
  </mo>
  <mo fdn="SubNetwork=ONRM_RootMo_R,MeContext=LTE01ERBS00098,ManagedElement=1,ENodeBFunction=1,EUtranCellFDD=LTE01ERBS00098-3,EUtranFreqRelation=1,EUtranCellRelation=6" lastModified="1287501370791" mimName="ERBS_NODE_MODEL" mimVersion="A.9.50.J.9.1">
    <attr name="isRemoveAllowed">false</attr>
    <attr name="neighborCellRef">SubNetwork=ONRM_RootMo_R,MeContext=LTE01ERBS00098,ManagedElement=1,ENodeBFunction=1,EUtraNetwork=1,ExternalENodeBFunction=99,ExternalEUtranCellFDD=3</attr>
    <attr name="anrCreated">false</attr>
    <attr name="isHoAllowed">true</attr>
  </mo>
  <mo fdn="SubNetwork=ONRM_RootMo_R,MeContext=LTE01ERBS00098,ManagedElement=1,ENodeBFunction=1,EUtranCellFDD=LTE01ERBS00098-3,EUtranFreqRelation=1,EUtranCellRelation=7" lastModified="1287501370796" mimName="ERBS_NODE_MODEL" mimVersion="A.9.50.J.9.1">
    <attr name="isRemoveAllowed">false</attr>
    <attr name="neighborCellRef">SubNetwork=ONRM_RootMo_R,MeContext=LTE01ERBS00098,ManagedElement=1,ENodeBFunction=1,EUtraNetwork=1,ExternalENodeBFunction=99,ExternalEUtranCellFDD=4</attr>
    <attr name="anrCreated">false</attr>
    <attr name="isHoAllowed">true</attr>
  </mo>
  <mo fdn="SubNetwork=ONRM_RootMo_R,MeContext=LTE01ERBS00098,ManagedElement=1,ENodeBFunction=1,EUtranCellFDD=LTE01ERBS00098-3,EUtranFreqRelation=2,EUtranCellRelation=1" lastModified="1287501073356" mimName="ERBS_NODE_MODEL" mimVersion="A.9.50.J.9.1">
    <attr name="isRemoveAllowed">false</attr>
    <attr name="neighborCellRef">SubNetwork=ONRM_RootMo_R,MeContext=LTE01ERBS00098,ManagedElement=1,ENodeBFunction=1,EUtranCellFDD=LTE01ERBS00098-1</attr>
    <attr name="anrCreated">false</attr>
    <attr name="isHoAllowed">true</attr>
  </mo>
  <mo fdn="SubNetwork=ONRM_RootMo_R,MeContext=LTE01ERBS00098,ManagedElement=1,ENodeBFunction=1,EUtranCellFDD=LTE01ERBS00098-3,EUtranFreqRelation=2,EUtranCellRelation=12" lastModified="1287504901524" mimName="ERBS_NODE_MODEL" mimVersion="A.9.50.J.9.1">
    <attr name="isRemoveAllowed">false</attr>
    <attr name="neighborCellRef">SubNetwork=ONRM_RootMo_R,MeContext=LTE01ERBS00098,ManagedElement=1,ENodeBFunction=1,EUtraNetwork=1,ExternalENodeBFunction=102,ExternalEUtranCellFDD=3</attr>
    <attr name="anrCreated">false</attr>
    <attr name="isHoAllowed">true</attr>
  </mo>
  <mo fdn="SubNetwork=ONRM_RootMo_R,MeContext=LTE01ERBS00098,ManagedElement=1,ENodeBFunction=1,EUtranCellFDD=LTE01ERBS00098-3,EUtranFreqRelation=2,EUtranCellRelation=13" lastModified="1287504901520" mimName="ERBS_NODE_MODEL" mimVersion="A.9.50.J.9.1">
    <attr name="isRemoveAllowed">false</attr>
    <attr name="neighborCellRef">SubNetwork=ONRM_RootMo_R,MeContext=LTE01ERBS00098,ManagedElement=1,ENodeBFunction=1,EUtraNetwork=1,ExternalENodeBFunction=102,ExternalEUtranCellFDD=4</attr>
    <attr name="anrCreated">false</attr>
    <attr name="isHoAllowed">true</attr>
  </mo>
  <mo fdn="SubNetwork=ONRM_RootMo_R,MeContext=LTE01ERBS00098,ManagedElement=1,ENodeBFunction=1,EUtranCellFDD=LTE01ERBS00098-3,EUtranFreqRelation=2,EUtranCellRelation=16" lastModified="1287504901535" mimName="ERBS_NODE_MODEL" mimVersion="A.9.50.J.9.1">
    <attr name="isRemoveAllowed">false</attr>
    <attr name="neighborCellRef">SubNetwork=ONRM_RootMo_R,MeContext=LTE01ERBS00098,ManagedElement=1,ENodeBFunction=1,EUtraNetwork=1,ExternalENodeBFunction=104,ExternalEUtranCellFDD=3</attr>
    <attr name="anrCreated">false</attr>
    <attr name="isHoAllowed">true</attr>
  </mo>
  <mo fdn="SubNetwork=ONRM_RootMo_R,MeContext=LTE01ERBS00098,ManagedElement=1,ENodeBFunction=1,EUtranCellFDD=LTE01ERBS00098-3,EUtranFreqRelation=2,EUtranCellRelation=17" lastModified="1287504901532" mimName="ERBS_NODE_MODEL" mimVersion="A.9.50.J.9.1">
    <attr name="isRemoveAllowed">false</attr>
    <attr name="neighborCellRef">SubNetwork=ONRM_RootMo_R,MeContext=LTE01ERBS00098,ManagedElement=1,ENodeBFunction=1,EUtraNetwork=1,ExternalENodeBFunction=104,ExternalEUtranCellFDD=4</attr>
    <attr name="anrCreated">false</attr>
    <attr name="isHoAllowed">true</attr>
  </mo>
  <mo fdn="SubNetwork=ONRM_RootMo_R,MeContext=LTE01ERBS00098,ManagedElement=1,ENodeBFunction=1,EUtranCellFDD=LTE01ERBS00098-3,EUtranFreqRelation=2,EUtranCellRelation=2" lastModified="1287501073347" mimName="ERBS_NODE_MODEL" mimVersion="A.9.50.J.9.1">
    <attr name="isRemoveAllowed">false</attr>
    <attr name="neighborCellRef">SubNetwork=ONRM_RootMo_R,MeContext=LTE01ERBS00098,ManagedElement=1,ENodeBFunction=1,EUtranCellFDD=LTE01ERBS00098-2</attr>
    <attr name="anrCreated">false</attr>
    <attr name="isHoAllowed">true</attr>
  </mo>
  <mo fdn="SubNetwork=ONRM_RootMo_R,MeContext=LTE01ERBS00098,ManagedElement=1,ENodeBFunction=1,EUtranCellFDD=LTE01ERBS00098-3,EUtranFreqRelation=2,EUtranCellRelation=20" lastModified="1287504901529" mimName="ERBS_NODE_MODEL" mimVersion="A.9.50.J.9.1">
    <attr name="isRemoveAllowed">false</attr>
    <attr name="neighborCellRef">SubNetwork=ONRM_RootMo_R,MeContext=LTE01ERBS00098,ManagedElement=1,ENodeBFunction=1,EUtraNetwork=1,ExternalENodeBFunction=106,ExternalEUtranCellFDD=3</attr>
    <attr name="anrCreated">false</attr>
    <attr name="isHoAllowed">true</attr>
  </mo>
  <mo fdn="SubNetwork=ONRM_RootMo_R,MeContext=LTE01ERBS00098,ManagedElement=1,ENodeBFunction=1,EUtranCellFDD=LTE01ERBS00098-3,EUtranFreqRelation=2,EUtranCellRelation=21" lastModified="1287504901527" mimName="ERBS_NODE_MODEL" mimVersion="A.9.50.J.9.1">
    <attr name="isRemoveAllowed">false</attr>
    <attr name="neighborCellRef">SubNetwork=ONRM_RootMo_R,MeContext=LTE01ERBS00098,ManagedElement=1,ENodeBFunction=1,EUtraNetwork=1,ExternalENodeBFunction=106,ExternalEUtranCellFDD=4</attr>
    <attr name="anrCreated">false</attr>
    <attr name="isHoAllowed">true</attr>
  </mo>
  <mo fdn="SubNetwork=ONRM_RootMo_R,MeContext=LTE01ERBS00098,ManagedElement=1,ENodeBFunction=1,EUtranCellFDD=LTE01ERBS00098-3,EUtranFreqRelation=2,EUtranCellRelation=24" lastModified="1287504901525" mimName="ERBS_NODE_MODEL" mimVersion="A.9.50.J.9.1">
    <attr name="isRemoveAllowed">false</attr>
    <attr name="neighborCellRef">SubNetwork=ONRM_RootMo_R,MeContext=LTE01ERBS00098,ManagedElement=1,ENodeBFunction=1,EUtraNetwork=1,ExternalENodeBFunction=108,ExternalEUtranCellFDD=3</attr>
    <attr name="anrCreated">false</attr>
    <attr name="isHoAllowed">true</attr>
  </mo>
  <mo fdn="SubNetwork=ONRM_RootMo_R,MeContext=LTE01ERBS00098,ManagedElement=1,ENodeBFunction=1,EUtranCellFDD=LTE01ERBS00098-3,EUtranFreqRelation=2,EUtranCellRelation=25" lastModified="1287504901522" mimName="ERBS_NODE_MODEL" mimVersion="A.9.50.J.9.1">
    <attr name="isRemoveAllowed">false</attr>
    <attr name="neighborCellRef">SubNetwork=ONRM_RootMo_R,MeContext=LTE01ERBS00098,ManagedElement=1,ENodeBFunction=1,EUtraNetwork=1,ExternalENodeBFunction=108,ExternalEUtranCellFDD=4</attr>
    <attr name="anrCreated">false</attr>
    <attr name="isHoAllowed">true</attr>
  </mo>
  <mo fdn="SubNetwork=ONRM_RootMo_R,MeContext=LTE01ERBS00098,ManagedElement=1,ENodeBFunction=1,EUtranCellFDD=LTE01ERBS00098-3,EUtranFreqRelation=2,EUtranCellRelation=28" lastModified="1287504901537" mimName="ERBS_NODE_MODEL" mimVersion="A.9.50.J.9.1">
    <attr name="isRemoveAllowed">false</attr>
    <attr name="neighborCellRef">SubNetwork=ONRM_RootMo_R,MeContext=LTE01ERBS00098,ManagedElement=1,ENodeBFunction=1,EUtraNetwork=1,ExternalENodeBFunction=110,ExternalEUtranCellFDD=3</attr>
    <attr name="anrCreated">false</attr>
    <attr name="isHoAllowed">true</attr>
  </mo>
  <mo fdn="SubNetwork=ONRM_RootMo_R,MeContext=LTE01ERBS00098,ManagedElement=1,ENodeBFunction=1,EUtranCellFDD=LTE01ERBS00098-3,EUtranFreqRelation=2,EUtranCellRelation=29" lastModified="1287504901534" mimName="ERBS_NODE_MODEL" mimVersion="A.9.50.J.9.1">
    <attr name="isRemoveAllowed">false</attr>
    <attr name="neighborCellRef">SubNetwork=ONRM_RootMo_R,MeContext=LTE01ERBS00098,ManagedElement=1,ENodeBFunction=1,EUtraNetwork=1,ExternalENodeBFunction=110,ExternalEUtranCellFDD=4</attr>
    <attr name="anrCreated">false</attr>
    <attr name="isHoAllowed">true</attr>
  </mo>
  <mo fdn="SubNetwork=ONRM_RootMo_R,MeContext=LTE01ERBS00098,ManagedElement=1,ENodeBFunction=1,EUtranCellFDD=LTE01ERBS00098-3,EUtranFreqRelation=2,EUtranCellRelation=3" lastModified="1287501073336" mimName="ERBS_NODE_MODEL" mimVersion="A.9.50.J.9.1">
    <attr name="isRemoveAllowed">false</attr>
    <attr name="neighborCellRef">SubNetwork=ONRM_RootMo_R,MeContext=LTE01ERBS00098,ManagedElement=1,ENodeBFunction=1,EUtranCellFDD=LTE01ERBS00098-4</attr>
    <attr name="anrCreated">false</attr>
    <attr name="isHoAllowed">true</attr>
  </mo>
  <mo fdn="SubNetwork=ONRM_RootMo_R,MeContext=LTE01ERBS00098,ManagedElement=1,ENodeBFunction=1,EUtranCellFDD=LTE01ERBS00098-3,EUtranFreqRelation=2,EUtranCellRelation=32" lastModified="1287504901503" mimName="ERBS_NODE_MODEL" mimVersion="A.9.50.J.9.1">
    <attr name="isRemoveAllowed">false</attr>
    <attr name="neighborCellRef">SubNetwork=ONRM_RootMo_R,MeContext=LTE01ERBS00098,ManagedElement=1,ENodeBFunction=1,EUtraNetwork=1,ExternalENodeBFunction=112,ExternalEUtranCellFDD=3</attr>
    <attr name="anrCreated">false</attr>
    <attr name="isHoAllowed">true</attr>
  </mo>
  <mo fdn="SubNetwork=ONRM_RootMo_R,MeContext=LTE01ERBS00098,ManagedElement=1,ENodeBFunction=1,EUtranCellFDD=LTE01ERBS00098-3,EUtranFreqRelation=2,EUtranCellRelation=33" lastModified="1287504901531" mimName="ERBS_NODE_MODEL" mimVersion="A.9.50.J.9.1">
    <attr name="isRemoveAllowed">false</attr>
    <attr name="neighborCellRef">SubNetwork=ONRM_RootMo_R,MeContext=LTE01ERBS00098,ManagedElement=1,ENodeBFunction=1,EUtraNetwork=1,ExternalENodeBFunction=112,ExternalEUtranCellFDD=4</attr>
    <attr name="anrCreated">false</attr>
    <attr name="isHoAllowed">true</attr>
  </mo>
  <mo fdn="SubNetwork=ONRM_RootMo_R,MeContext=LTE01ERBS00098,ManagedElement=1,ENodeBFunction=1,EUtranCellFDD=LTE01ERBS00098-3,EUtranFreqRelation=2,EUtranCellRelation=8" lastModified="1287501370780" mimName="ERBS_NODE_MODEL" mimVersion="A.9.50.J.9.1">
    <attr name="isRemoveAllowed">false</attr>
    <attr name="neighborCellRef">SubNetwork=ONRM_RootMo_R,MeContext=LTE01ERBS00098,ManagedElement=1,ENodeBFunction=1,EUtraNetwork=1,ExternalENodeBFunction=100,ExternalEUtranCellFDD=3</attr>
    <attr name="anrCreated">false</attr>
    <attr name="isHoAllowed">true</attr>
  </mo>
  <mo fdn="SubNetwork=ONRM_RootMo_R,MeContext=LTE01ERBS00098,ManagedElement=1,ENodeBFunction=1,EUtranCellFDD=LTE01ERBS00098-3,EUtranFreqRelation=2,EUtranCellRelation=9" lastModified="1287501370784" mimName="ERBS_NODE_MODEL" mimVersion="A.9.50.J.9.1">
    <attr name="isRemoveAllowed">false</attr>
    <attr name="neighborCellRef">SubNetwork=ONRM_RootMo_R,MeContext=LTE01ERBS00098,ManagedElement=1,ENodeBFunction=1,EUtraNetwork=1,ExternalENodeBFunction=100,ExternalEUtranCellFDD=4</attr>
    <attr name="anrCreated">false</attr>
    <attr name="isHoAllowed">true</attr>
  </mo>
  <mo fdn="SubNetwork=ONRM_RootMo_R,MeContext=LTE01ERBS00098,ManagedElement=1,ENodeBFunction=1,EUtranCellFDD=LTE01ERBS00098-4" lastModified="1287504959889" mimName="ERBS_NODE_MODEL" mimVersion="A.9.50.J.9.1">
    <attr name="EUtranCellFDDId">LTE01ERBS00098-4</attr>
    <attr name="earfcnul">18000</attr>
    <attr name="cellId">4</attr>
    <attr name="tac">1</attr>
    <attr name="bPlmnList">
      <seq count="1">
        <item>
          <struct>
            <attr name="mcc">311</attr>
            <attr name="mnc">480</attr>
            <attr name="mncLength">2</attr>
          </struct>
        </item>
      </seq>
    </attr>
    <attr name="earfcndl">0</attr>
    <attr name="userLabel">LTE01ERBS00098-4</attr>
  </mo>
  <mo fdn="SubNetwork=ONRM_RootMo_R,MeContext=LTE01ERBS00098,ManagedElement=1,ENodeBFunction=1,EUtranCellFDD=LTE01ERBS00098-4,EUtranFreqRelation=1,EUtranCellRelation=10" lastModified="1287504959811" mimName="ERBS_NODE_MODEL" mimVersion="A.9.50.J.9.1">
    <attr name="isRemoveAllowed">false</attr>
    <attr name="neighborCellRef">SubNetwork=ONRM_RootMo_R,MeContext=LTE01ERBS00098,ManagedElement=1,ENodeBFunction=1,EUtraNetwork=1,ExternalENodeBFunction=101,ExternalEUtranCellFDD=3</attr>
    <attr name="anrCreated">false</attr>
    <attr name="isHoAllowed">true</attr>
  </mo>
  <mo fdn="SubNetwork=ONRM_RootMo_R,MeContext=LTE01ERBS00098,ManagedElement=1,ENodeBFunction=1,EUtranCellFDD=LTE01ERBS00098-4,EUtranFreqRelation=1,EUtranCellRelation=11" lastModified="1287504959810" mimName="ERBS_NODE_MODEL" mimVersion="A.9.50.J.9.1">
    <attr name="isRemoveAllowed">false</attr>
    <attr name="neighborCellRef">SubNetwork=ONRM_RootMo_R,MeContext=LTE01ERBS00098,ManagedElement=1,ENodeBFunction=1,EUtraNetwork=1,ExternalENodeBFunction=101,ExternalEUtranCellFDD=4</attr>
    <attr name="anrCreated">false</attr>
    <attr name="isHoAllowed">true</attr>
  </mo>
  <mo fdn="SubNetwork=ONRM_RootMo_R,MeContext=LTE01ERBS00098,ManagedElement=1,ENodeBFunction=1,EUtranCellFDD=LTE01ERBS00098-4,EUtranFreqRelation=1,EUtranCellRelation=14" lastModified="1287504959805" mimName="ERBS_NODE_MODEL" mimVersion="A.9.50.J.9.1">
    <attr name="isRemoveAllowed">false</attr>
    <attr name="neighborCellRef">SubNetwork=ONRM_RootMo_R,MeContext=LTE01ERBS00098,ManagedElement=1,ENodeBFunction=1,EUtraNetwork=1,ExternalENodeBFunction=103,ExternalEUtranCellFDD=3</attr>
    <attr name="anrCreated">false</attr>
    <attr name="isHoAllowed">true</attr>
  </mo>
  <mo fdn="SubNetwork=ONRM_RootMo_R,MeContext=LTE01ERBS00098,ManagedElement=1,ENodeBFunction=1,EUtranCellFDD=LTE01ERBS00098-4,EUtranFreqRelation=1,EUtranCellRelation=15" lastModified="1287504959816" mimName="ERBS_NODE_MODEL" mimVersion="A.9.50.J.9.1">
    <attr name="isRemoveAllowed">false</attr>
    <attr name="neighborCellRef">SubNetwork=ONRM_RootMo_R,MeContext=LTE01ERBS00098,ManagedElement=1,ENodeBFunction=1,EUtraNetwork=1,ExternalENodeBFunction=103,ExternalEUtranCellFDD=4</attr>
    <attr name="anrCreated">false</attr>
    <attr name="isHoAllowed">true</attr>
  </mo>
  <mo fdn="SubNetwork=ONRM_RootMo_R,MeContext=LTE01ERBS00098,ManagedElement=1,ENodeBFunction=1,EUtranCellFDD=LTE01ERBS00098-4,EUtranFreqRelation=1,EUtranCellRelation=18" lastModified="1287504959813" mimName="ERBS_NODE_MODEL" mimVersion="A.9.50.J.9.1">
    <attr name="isRemoveAllowed">false</attr>
    <attr name="neighborCellRef">SubNetwork=ONRM_RootMo_R,MeContext=LTE01ERBS00098,ManagedElement=1,ENodeBFunction=1,EUtraNetwork=1,ExternalENodeBFunction=105,ExternalEUtranCellFDD=3</attr>
    <attr name="anrCreated">false</attr>
    <attr name="isHoAllowed">true</attr>
  </mo>
  <mo fdn="SubNetwork=ONRM_RootMo_R,MeContext=LTE01ERBS00098,ManagedElement=1,ENodeBFunction=1,EUtranCellFDD=LTE01ERBS00098-4,EUtranFreqRelation=1,EUtranCellRelation=19" lastModified="1287504959812" mimName="ERBS_NODE_MODEL" mimVersion="A.9.50.J.9.1">
    <attr name="isRemoveAllowed">false</attr>
    <attr name="neighborCellRef">SubNetwork=ONRM_RootMo_R,MeContext=LTE01ERBS00098,ManagedElement=1,ENodeBFunction=1,EUtraNetwork=1,ExternalENodeBFunction=105,ExternalEUtranCellFDD=4</attr>
    <attr name="anrCreated">false</attr>
    <attr name="isHoAllowed">true</attr>
  </mo>
  <mo fdn="SubNetwork=ONRM_RootMo_R,MeContext=LTE01ERBS00098,ManagedElement=1,ENodeBFunction=1,EUtranCellFDD=LTE01ERBS00098-4,EUtranFreqRelation=1,EUtranCellRelation=22" lastModified="1287504959808" mimName="ERBS_NODE_MODEL" mimVersion="A.9.50.J.9.1">
    <attr name="isRemoveAllowed">false</attr>
    <attr name="neighborCellRef">SubNetwork=ONRM_RootMo_R,MeContext=LTE01ERBS00098,ManagedElement=1,ENodeBFunction=1,EUtraNetwork=1,ExternalENodeBFunction=107,ExternalEUtranCellFDD=3</attr>
    <attr name="anrCreated">false</attr>
    <attr name="isHoAllowed">true</attr>
  </mo>
  <mo fdn="SubNetwork=ONRM_RootMo_R,MeContext=LTE01ERBS00098,ManagedElement=1,ENodeBFunction=1,EUtranCellFDD=LTE01ERBS00098-4,EUtranFreqRelation=1,EUtranCellRelation=23" lastModified="1287504959807" mimName="ERBS_NODE_MODEL" mimVersion="A.9.50.J.9.1">
    <attr name="isRemoveAllowed">false</attr>
    <attr name="neighborCellRef">SubNetwork=ONRM_RootMo_R,MeContext=LTE01ERBS00098,ManagedElement=1,ENodeBFunction=1,EUtraNetwork=1,ExternalENodeBFunction=107,ExternalEUtranCellFDD=4</attr>
    <attr name="anrCreated">false</attr>
    <attr name="isHoAllowed">true</attr>
  </mo>
  <mo fdn="SubNetwork=ONRM_RootMo_R,MeContext=LTE01ERBS00098,ManagedElement=1,ENodeBFunction=1,EUtranCellFDD=LTE01ERBS00098-4,EUtranFreqRelation=1,EUtranCellRelation=26" lastModified="1287504959815" mimName="ERBS_NODE_MODEL" mimVersion="A.9.50.J.9.1">
    <attr name="isRemoveAllowed">false</attr>
    <attr name="neighborCellRef">SubNetwork=ONRM_RootMo_R,MeContext=LTE01ERBS00098,ManagedElement=1,ENodeBFunction=1,EUtraNetwork=1,ExternalENodeBFunction=109,ExternalEUtranCellFDD=3</attr>
    <attr name="anrCreated">false</attr>
    <attr name="isHoAllowed">true</attr>
  </mo>
  <mo fdn="SubNetwork=ONRM_RootMo_R,MeContext=LTE01ERBS00098,ManagedElement=1,ENodeBFunction=1,EUtranCellFDD=LTE01ERBS00098-4,EUtranFreqRelation=1,EUtranCellRelation=27" lastModified="1287504959814" mimName="ERBS_NODE_MODEL" mimVersion="A.9.50.J.9.1">
    <attr name="isRemoveAllowed">false</attr>
    <attr name="neighborCellRef">SubNetwork=ONRM_RootMo_R,MeContext=LTE01ERBS00098,ManagedElement=1,ENodeBFunction=1,EUtraNetwork=1,ExternalENodeBFunction=109,ExternalEUtranCellFDD=4</attr>
    <attr name="anrCreated">false</attr>
    <attr name="isHoAllowed">true</attr>
  </mo>
  <mo fdn="SubNetwork=ONRM_RootMo_R,MeContext=LTE01ERBS00098,ManagedElement=1,ENodeBFunction=1,EUtranCellFDD=LTE01ERBS00098-4,EUtranFreqRelation=1,EUtranCellRelation=30" lastModified="1287504959809" mimName="ERBS_NODE_MODEL" mimVersion="A.9.50.J.9.1">
    <attr name="isRemoveAllowed">false</attr>
    <attr name="neighborCellRef">SubNetwork=ONRM_RootMo_R,MeContext=LTE01ERBS00098,ManagedElement=1,ENodeBFunction=1,EUtraNetwork=1,ExternalENodeBFunction=111,ExternalEUtranCellFDD=3</attr>
    <attr name="anrCreated">false</attr>
    <attr name="isHoAllowed">true</attr>
  </mo>
  <mo fdn="SubNetwork=ONRM_RootMo_R,MeContext=LTE01ERBS00098,ManagedElement=1,ENodeBFunction=1,EUtranCellFDD=LTE01ERBS00098-4,EUtranFreqRelation=1,EUtranCellRelation=31" lastModified="1287504959809" mimName="ERBS_NODE_MODEL" mimVersion="A.9.50.J.9.1">
    <attr name="isRemoveAllowed">false</attr>
    <attr name="neighborCellRef">SubNetwork=ONRM_RootMo_R,MeContext=LTE01ERBS00098,ManagedElement=1,ENodeBFunction=1,EUtraNetwork=1,ExternalENodeBFunction=111,ExternalEUtranCellFDD=4</attr>
    <attr name="anrCreated">false</attr>
    <attr name="isHoAllowed">true</attr>
  </mo>
  <mo fdn="SubNetwork=ONRM_RootMo_R,MeContext=LTE01ERBS00098,ManagedElement=1,ENodeBFunction=1,EUtranCellFDD=LTE01ERBS00098-4,EUtranFreqRelation=1,EUtranCellRelation=4" lastModified="1287501356049" mimName="ERBS_NODE_MODEL" mimVersion="A.9.50.J.9.1">
    <attr name="isRemoveAllowed">false</attr>
    <attr name="neighborCellRef">SubNetwork=ONRM_RootMo_R,MeContext=LTE01ERBS00098,ManagedElement=1,ENodeBFunction=1,EUtraNetwork=1,ExternalENodeBFunction=97,ExternalEUtranCellFDD=3</attr>
    <attr name="anrCreated">false</attr>
    <attr name="isHoAllowed">true</attr>
  </mo>
  <mo fdn="SubNetwork=ONRM_RootMo_R,MeContext=LTE01ERBS00098,ManagedElement=1,ENodeBFunction=1,EUtranCellFDD=LTE01ERBS00098-4,EUtranFreqRelation=1,EUtranCellRelation=5" lastModified="1287501356053" mimName="ERBS_NODE_MODEL" mimVersion="A.9.50.J.9.1">
    <attr name="isRemoveAllowed">false</attr>
    <attr name="neighborCellRef">SubNetwork=ONRM_RootMo_R,MeContext=LTE01ERBS00098,ManagedElement=1,ENodeBFunction=1,EUtraNetwork=1,ExternalENodeBFunction=97,ExternalEUtranCellFDD=4</attr>
    <attr name="anrCreated">false</attr>
    <attr name="isHoAllowed">true</attr>
  </mo>
  <mo fdn="SubNetwork=ONRM_RootMo_R,MeContext=LTE01ERBS00098,ManagedElement=1,ENodeBFunction=1,EUtranCellFDD=LTE01ERBS00098-4,EUtranFreqRelation=1,EUtranCellRelation=6" lastModified="1287501356042" mimName="ERBS_NODE_MODEL" mimVersion="A.9.50.J.9.1">
    <attr name="isRemoveAllowed">false</attr>
    <attr name="neighborCellRef">SubNetwork=ONRM_RootMo_R,MeContext=LTE01ERBS00098,ManagedElement=1,ENodeBFunction=1,EUtraNetwork=1,ExternalENodeBFunction=99,ExternalEUtranCellFDD=3</attr>
    <attr name="anrCreated">false</attr>
    <attr name="isHoAllowed">true</attr>
  </mo>
  <mo fdn="SubNetwork=ONRM_RootMo_R,MeContext=LTE01ERBS00098,ManagedElement=1,ENodeBFunction=1,EUtranCellFDD=LTE01ERBS00098-4,EUtranFreqRelation=1,EUtranCellRelation=7" lastModified="1287501356047" mimName="ERBS_NODE_MODEL" mimVersion="A.9.50.J.9.1">
    <attr name="isRemoveAllowed">false</attr>
    <attr name="neighborCellRef">SubNetwork=ONRM_RootMo_R,MeContext=LTE01ERBS00098,ManagedElement=1,ENodeBFunction=1,EUtraNetwork=1,ExternalENodeBFunction=99,ExternalEUtranCellFDD=4</attr>
    <attr name="anrCreated">false</attr>
    <attr name="isHoAllowed">true</attr>
  </mo>
  <mo fdn="SubNetwork=ONRM_RootMo_R,MeContext=LTE01ERBS00098,ManagedElement=1,ENodeBFunction=1,EUtranCellFDD=LTE01ERBS00098-4,EUtranFreqRelation=2,EUtranCellRelation=1" lastModified="1287501073160" mimName="ERBS_NODE_MODEL" mimVersion="A.9.50.J.9.1">
    <attr name="isRemoveAllowed">false</attr>
    <attr name="neighborCellRef">SubNetwork=ONRM_RootMo_R,MeContext=LTE01ERBS00098,ManagedElement=1,ENodeBFunction=1,EUtranCellFDD=LTE01ERBS00098-1</attr>
    <attr name="anrCreated">false</attr>
    <attr name="isHoAllowed">true</attr>
  </mo>
  <mo fdn="SubNetwork=ONRM_RootMo_R,MeContext=LTE01ERBS00098,ManagedElement=1,ENodeBFunction=1,EUtranCellFDD=LTE01ERBS00098-4,EUtranFreqRelation=2,EUtranCellRelation=12" lastModified="1287504959785" mimName="ERBS_NODE_MODEL" mimVersion="A.9.50.J.9.1">
    <attr name="isRemoveAllowed">false</attr>
    <attr name="neighborCellRef">SubNetwork=ONRM_RootMo_R,MeContext=LTE01ERBS00098,ManagedElement=1,ENodeBFunction=1,EUtraNetwork=1,ExternalENodeBFunction=102,ExternalEUtranCellFDD=3</attr>
    <attr name="anrCreated">false</attr>
    <attr name="isHoAllowed">true</attr>
  </mo>
  <mo fdn="SubNetwork=ONRM_RootMo_R,MeContext=LTE01ERBS00098,ManagedElement=1,ENodeBFunction=1,EUtranCellFDD=LTE01ERBS00098-4,EUtranFreqRelation=2,EUtranCellRelation=13" lastModified="1287504959781" mimName="ERBS_NODE_MODEL" mimVersion="A.9.50.J.9.1">
    <attr name="isRemoveAllowed">false</attr>
    <attr name="neighborCellRef">SubNetwork=ONRM_RootMo_R,MeContext=LTE01ERBS00098,ManagedElement=1,ENodeBFunction=1,EUtraNetwork=1,ExternalENodeBFunction=102,ExternalEUtranCellFDD=4</attr>
    <attr name="anrCreated">false</attr>
    <attr name="isHoAllowed">true</attr>
  </mo>
  <mo fdn="SubNetwork=ONRM_RootMo_R,MeContext=LTE01ERBS00098,ManagedElement=1,ENodeBFunction=1,EUtranCellFDD=LTE01ERBS00098-4,EUtranFreqRelation=2,EUtranCellRelation=16" lastModified="1287504959798" mimName="ERBS_NODE_MODEL" mimVersion="A.9.50.J.9.1">
    <attr name="isRemoveAllowed">false</attr>
    <attr name="neighborCellRef">SubNetwork=ONRM_RootMo_R,MeContext=LTE01ERBS00098,ManagedElement=1,ENodeBFunction=1,EUtraNetwork=1,ExternalENodeBFunction=104,ExternalEUtranCellFDD=3</attr>
    <attr name="anrCreated">false</attr>
    <attr name="isHoAllowed">true</attr>
  </mo>
  <mo fdn="SubNetwork=ONRM_RootMo_R,MeContext=LTE01ERBS00098,ManagedElement=1,ENodeBFunction=1,EUtranCellFDD=LTE01ERBS00098-4,EUtranFreqRelation=2,EUtranCellRelation=17" lastModified="1287504959796" mimName="ERBS_NODE_MODEL" mimVersion="A.9.50.J.9.1">
    <attr name="isRemoveAllowed">false</attr>
    <attr name="neighborCellRef">SubNetwork=ONRM_RootMo_R,MeContext=LTE01ERBS00098,ManagedElement=1,ENodeBFunction=1,EUtraNetwork=1,ExternalENodeBFunction=104,ExternalEUtranCellFDD=4</attr>
    <attr name="anrCreated">false</attr>
    <attr name="isHoAllowed">true</attr>
  </mo>
  <mo fdn="SubNetwork=ONRM_RootMo_R,MeContext=LTE01ERBS00098,ManagedElement=1,ENodeBFunction=1,EUtranCellFDD=LTE01ERBS00098-4,EUtranFreqRelation=2,EUtranCellRelation=2" lastModified="1287501073143" mimName="ERBS_NODE_MODEL" mimVersion="A.9.50.J.9.1">
    <attr name="isRemoveAllowed">false</attr>
    <attr name="neighborCellRef">SubNetwork=ONRM_RootMo_R,MeContext=LTE01ERBS00098,ManagedElement=1,ENodeBFunction=1,EUtranCellFDD=LTE01ERBS00098-2</attr>
    <attr name="anrCreated">false</attr>
    <attr name="isHoAllowed">true</attr>
  </mo>
  <mo fdn="SubNetwork=ONRM_RootMo_R,MeContext=LTE01ERBS00098,ManagedElement=1,ENodeBFunction=1,EUtranCellFDD=LTE01ERBS00098-4,EUtranFreqRelation=2,EUtranCellRelation=20" lastModified="1287504959789" mimName="ERBS_NODE_MODEL" mimVersion="A.9.50.J.9.1">
    <attr name="isRemoveAllowed">false</attr>
    <attr name="neighborCellRef">SubNetwork=ONRM_RootMo_R,MeContext=LTE01ERBS00098,ManagedElement=1,ENodeBFunction=1,EUtraNetwork=1,ExternalENodeBFunction=106,ExternalEUtranCellFDD=3</attr>
    <attr name="anrCreated">false</attr>
    <attr name="isHoAllowed">true</attr>
  </mo>
  <mo fdn="SubNetwork=ONRM_RootMo_R,MeContext=LTE01ERBS00098,ManagedElement=1,ENodeBFunction=1,EUtranCellFDD=LTE01ERBS00098-4,EUtranFreqRelation=2,EUtranCellRelation=21" lastModified="1287504959788" mimName="ERBS_NODE_MODEL" mimVersion="A.9.50.J.9.1">
    <attr name="isRemoveAllowed">false</attr>
    <attr name="neighborCellRef">SubNetwork=ONRM_RootMo_R,MeContext=LTE01ERBS00098,ManagedElement=1,ENodeBFunction=1,EUtraNetwork=1,ExternalENodeBFunction=106,ExternalEUtranCellFDD=4</attr>
    <attr name="anrCreated">false</attr>
    <attr name="isHoAllowed">true</attr>
  </mo>
  <mo fdn="SubNetwork=ONRM_RootMo_R,MeContext=LTE01ERBS00098,ManagedElement=1,ENodeBFunction=1,EUtranCellFDD=LTE01ERBS00098-4,EUtranFreqRelation=2,EUtranCellRelation=24" lastModified="1287504959787" mimName="ERBS_NODE_MODEL" mimVersion="A.9.50.J.9.1">
    <attr name="isRemoveAllowed">false</attr>
    <attr name="neighborCellRef">SubNetwork=ONRM_RootMo_R,MeContext=LTE01ERBS00098,ManagedElement=1,ENodeBFunction=1,EUtraNetwork=1,ExternalENodeBFunction=108,ExternalEUtranCellFDD=3</attr>
    <attr name="anrCreated">false</attr>
    <attr name="isHoAllowed">true</attr>
  </mo>
  <mo fdn="SubNetwork=ONRM_RootMo_R,MeContext=LTE01ERBS00098,ManagedElement=1,ENodeBFunction=1,EUtranCellFDD=LTE01ERBS00098-4,EUtranFreqRelation=2,EUtranCellRelation=25" lastModified="1287504959783" mimName="ERBS_NODE_MODEL" mimVersion="A.9.50.J.9.1">
    <attr name="isRemoveAllowed">false</attr>
    <attr name="neighborCellRef">SubNetwork=ONRM_RootMo_R,MeContext=LTE01ERBS00098,ManagedElement=1,ENodeBFunction=1,EUtraNetwork=1,ExternalENodeBFunction=108,ExternalEUtranCellFDD=4</attr>
    <attr name="anrCreated">false</attr>
    <attr name="isHoAllowed">true</attr>
  </mo>
  <mo fdn="SubNetwork=ONRM_RootMo_R,MeContext=LTE01ERBS00098,ManagedElement=1,ENodeBFunction=1,EUtranCellFDD=LTE01ERBS00098-4,EUtranFreqRelation=2,EUtranCellRelation=28" lastModified="1287504959801" mimName="ERBS_NODE_MODEL" mimVersion="A.9.50.J.9.1">
    <attr name="isRemoveAllowed">false</attr>
    <attr name="neighborCellRef">SubNetwork=ONRM_RootMo_R,MeContext=LTE01ERBS00098,ManagedElement=1,ENodeBFunction=1,EUtraNetwork=1,ExternalENodeBFunction=110,ExternalEUtranCellFDD=3</attr>
    <attr name="anrCreated">false</attr>
    <attr name="isHoAllowed">true</attr>
  </mo>
  <mo fdn="SubNetwork=ONRM_RootMo_R,MeContext=LTE01ERBS00098,ManagedElement=1,ENodeBFunction=1,EUtranCellFDD=LTE01ERBS00098-4,EUtranFreqRelation=2,EUtranCellRelation=29" lastModified="1287504959797" mimName="ERBS_NODE_MODEL" mimVersion="A.9.50.J.9.1">
    <attr name="isRemoveAllowed">false</attr>
    <attr name="neighborCellRef">SubNetwork=ONRM_RootMo_R,MeContext=LTE01ERBS00098,ManagedElement=1,ENodeBFunction=1,EUtraNetwork=1,ExternalENodeBFunction=110,ExternalEUtranCellFDD=4</attr>
    <attr name="anrCreated">false</attr>
    <attr name="isHoAllowed">true</attr>
  </mo>
  <mo fdn="SubNetwork=ONRM_RootMo_R,MeContext=LTE01ERBS00098,ManagedElement=1,ENodeBFunction=1,EUtranCellFDD=LTE01ERBS00098-4,EUtranFreqRelation=2,EUtranCellRelation=3" lastModified="1287501073018" mimName="ERBS_NODE_MODEL" mimVersion="A.9.50.J.9.1">
    <attr name="isRemoveAllowed">false</attr>
    <attr name="neighborCellRef">SubNetwork=ONRM_RootMo_R,MeContext=LTE01ERBS00098,ManagedElement=1,ENodeBFunction=1,EUtranCellFDD=LTE01ERBS00098-3</attr>
    <attr name="anrCreated">false</attr>
    <attr name="isHoAllowed">true</attr>
  </mo>
  <mo fdn="SubNetwork=ONRM_RootMo_R,MeContext=LTE01ERBS00098,ManagedElement=1,ENodeBFunction=1,EUtranCellFDD=LTE01ERBS00098-4,EUtranFreqRelation=2,EUtranCellRelation=32" lastModified="1287504959765" mimName="ERBS_NODE_MODEL" mimVersion="A.9.50.J.9.1">
    <attr name="isRemoveAllowed">false</attr>
    <attr name="neighborCellRef">SubNetwork=ONRM_RootMo_R,MeContext=LTE01ERBS00098,ManagedElement=1,ENodeBFunction=1,EUtraNetwork=1,ExternalENodeBFunction=112,ExternalEUtranCellFDD=3</attr>
    <attr name="anrCreated">false</attr>
    <attr name="isHoAllowed">true</attr>
  </mo>
  <mo fdn="SubNetwork=ONRM_RootMo_R,MeContext=LTE01ERBS00098,ManagedElement=1,ENodeBFunction=1,EUtranCellFDD=LTE01ERBS00098-4,EUtranFreqRelation=2,EUtranCellRelation=33" lastModified="1287504959792" mimName="ERBS_NODE_MODEL" mimVersion="A.9.50.J.9.1">
    <attr name="isRemoveAllowed">false</attr>
    <attr name="neighborCellRef">SubNetwork=ONRM_RootMo_R,MeContext=LTE01ERBS00098,ManagedElement=1,ENodeBFunction=1,EUtraNetwork=1,ExternalENodeBFunction=112,ExternalEUtranCellFDD=4</attr>
    <attr name="anrCreated">false</attr>
    <attr name="isHoAllowed">true</attr>
  </mo>
  <mo fdn="SubNetwork=ONRM_RootMo_R,MeContext=LTE01ERBS00098,ManagedElement=1,ENodeBFunction=1,EUtranCellFDD=LTE01ERBS00098-4,EUtranFreqRelation=2,EUtranCellRelation=8" lastModified="1287501356030" mimName="ERBS_NODE_MODEL" mimVersion="A.9.50.J.9.1">
    <attr name="isRemoveAllowed">false</attr>
    <attr name="neighborCellRef">SubNetwork=ONRM_RootMo_R,MeContext=LTE01ERBS00098,ManagedElement=1,ENodeBFunction=1,EUtraNetwork=1,ExternalENodeBFunction=100,ExternalEUtranCellFDD=3</attr>
    <attr name="anrCreated">false</attr>
    <attr name="isHoAllowed">true</attr>
  </mo>
  <mo fdn="SubNetwork=ONRM_RootMo_R,MeContext=LTE01ERBS00098,ManagedElement=1,ENodeBFunction=1,EUtranCellFDD=LTE01ERBS00098-4,EUtranFreqRelation=2,EUtranCellRelation=9" lastModified="1287501356033" mimName="ERBS_NODE_MODEL" mimVersion="A.9.50.J.9.1">
    <attr name="isRemoveAllowed">false</attr>
    <attr name="neighborCellRef">SubNetwork=ONRM_RootMo_R,MeContext=LTE01ERBS00098,ManagedElement=1,ENodeBFunction=1,EUtraNetwork=1,ExternalENodeBFunction=100,ExternalEUtranCellFDD=4</attr>
    <attr name="anrCreated">false</attr>
    <attr name="isHoAllowed">true</attr>
  </mo>
</model>
