<?xml version="1.0" encoding="UTF-8" standalone="no"?><!-- Generated by nmsadm --><!-- Generated on Thu Oct 28 14:35:53 BST 2010 --><!-- Generated from configuration valid --><!-- Query - Base MO SubNetwork=ONRM_RootMo_R,MeContext=LTE01ERBS00034; Scope 8 --><model>
  <mo fdn="SubNetwork=ONRM_RootMo_R,MeContext=LTE01ERBS00034" lastModified="1287512100244" mimName="ERBS_NODE_MODEL" mimVersion="A.9.50.J.9.1">
    <attr name="MeContextId">LTE01ERBS00034</attr>
    <attr name="neMIMversion">vA.9.40</attr>
    <attr name="siteRef">SubNetwork=ONRM_RootMo_R,Site=LTE01ERBS00034</attr>
    <attr name="userLabel">LTE01ERBS00034</attr>
  </mo>
  <mo fdn="SubNetwork=ONRM_RootMo_R,MeContext=LTE01ERBS00034,ManagedElement=1,ENodeBFunction=1" lastModified="1287501174188" mimName="ERBS_NODE_MODEL" mimVersion="A.9.50.J.9.1">
    <attr name="eNodeBPlmnId">
      <struct>
        <attr name="mcc">311</attr>
        <attr name="mnc">480</attr>
        <attr name="mncLength">2</attr>
      </struct>
    </attr>
    <attr name="eNBId">188076</attr>
  </mo>
  <mo fdn="SubNetwork=ONRM_RootMo_R,MeContext=LTE01ERBS00034,ManagedElement=1,ENodeBFunction=1,EUtranCellFDD=LTE01ERBS00034-1" lastModified="1287512066788" mimName="ERBS_NODE_MODEL" mimVersion="A.9.50.J.9.1">
    <attr name="EUtranCellFDDId">LTE01ERBS00034-1</attr>
    <attr name="earfcnul">18000</attr>
    <attr name="cellId">1</attr>
    <attr name="tac">48138</attr>
    <attr name="bPlmnList">
      <seq count="1">
        <item>
          <struct>
            <attr name="mcc">311</attr>
            <attr name="mnc">480</attr>
            <attr name="mncLength">2</attr>
          </struct>
        </item>
      </seq>
    </attr>
    <attr name="earfcndl">0</attr>
    <attr name="userLabel">LTE01ERBS00034-1</attr>
  </mo>
  <mo fdn="SubNetwork=ONRM_RootMo_R,MeContext=LTE01ERBS00034,ManagedElement=1,ENodeBFunction=1,EUtranCellFDD=LTE01ERBS00034-1,EUtranFreqRelation=1,EUtranCellRelation=10" lastModified="1287501651052" mimName="ERBS_NODE_MODEL" mimVersion="A.9.50.J.9.1">
    <attr name="isRemoveAllowed">false</attr>
    <attr name="neighborCellRef">SubNetwork=ONRM_RootMo_R,MeContext=LTE01ERBS00034,ManagedElement=1,ENodeBFunction=1,EUtraNetwork=1,ExternalENodeBFunction=37,ExternalEUtranCellFDD=1</attr>
    <attr name="anrCreated">false</attr>
    <attr name="isHoAllowed">true</attr>
  </mo>
  <mo fdn="SubNetwork=ONRM_RootMo_R,MeContext=LTE01ERBS00034,ManagedElement=1,ENodeBFunction=1,EUtranCellFDD=LTE01ERBS00034-1,EUtranFreqRelation=1,EUtranCellRelation=11" lastModified="1287501651050" mimName="ERBS_NODE_MODEL" mimVersion="A.9.50.J.9.1">
    <attr name="isRemoveAllowed">false</attr>
    <attr name="neighborCellRef">SubNetwork=ONRM_RootMo_R,MeContext=LTE01ERBS00034,ManagedElement=1,ENodeBFunction=1,EUtraNetwork=1,ExternalENodeBFunction=37,ExternalEUtranCellFDD=2</attr>
    <attr name="anrCreated">false</attr>
    <attr name="isHoAllowed">true</attr>
  </mo>
  <mo fdn="SubNetwork=ONRM_RootMo_R,MeContext=LTE01ERBS00034,ManagedElement=1,ENodeBFunction=1,EUtranCellFDD=LTE01ERBS00034-1,EUtranFreqRelation=1,EUtranCellRelation=14" lastModified="1287501651043" mimName="ERBS_NODE_MODEL" mimVersion="A.9.50.J.9.1">
    <attr name="isRemoveAllowed">false</attr>
    <attr name="neighborCellRef">SubNetwork=ONRM_RootMo_R,MeContext=LTE01ERBS00034,ManagedElement=1,ENodeBFunction=1,EUtraNetwork=1,ExternalENodeBFunction=39,ExternalEUtranCellFDD=1</attr>
    <attr name="anrCreated">false</attr>
    <attr name="isHoAllowed">true</attr>
  </mo>
  <mo fdn="SubNetwork=ONRM_RootMo_R,MeContext=LTE01ERBS00034,ManagedElement=1,ENodeBFunction=1,EUtranCellFDD=LTE01ERBS00034-1,EUtranFreqRelation=1,EUtranCellRelation=15" lastModified="1287501651061" mimName="ERBS_NODE_MODEL" mimVersion="A.9.50.J.9.1">
    <attr name="isRemoveAllowed">false</attr>
    <attr name="neighborCellRef">SubNetwork=ONRM_RootMo_R,MeContext=LTE01ERBS00034,ManagedElement=1,ENodeBFunction=1,EUtraNetwork=1,ExternalENodeBFunction=39,ExternalEUtranCellFDD=2</attr>
    <attr name="anrCreated">false</attr>
    <attr name="isHoAllowed">true</attr>
  </mo>
  <mo fdn="SubNetwork=ONRM_RootMo_R,MeContext=LTE01ERBS00034,ManagedElement=1,ENodeBFunction=1,EUtranCellFDD=LTE01ERBS00034-1,EUtranFreqRelation=1,EUtranCellRelation=18" lastModified="1287501651055" mimName="ERBS_NODE_MODEL" mimVersion="A.9.50.J.9.1">
    <attr name="isRemoveAllowed">false</attr>
    <attr name="neighborCellRef">SubNetwork=ONRM_RootMo_R,MeContext=LTE01ERBS00034,ManagedElement=1,ENodeBFunction=1,EUtraNetwork=1,ExternalENodeBFunction=41,ExternalEUtranCellFDD=1</attr>
    <attr name="anrCreated">false</attr>
    <attr name="isHoAllowed">true</attr>
  </mo>
  <mo fdn="SubNetwork=ONRM_RootMo_R,MeContext=LTE01ERBS00034,ManagedElement=1,ENodeBFunction=1,EUtranCellFDD=LTE01ERBS00034-1,EUtranFreqRelation=1,EUtranCellRelation=19" lastModified="1287501651053" mimName="ERBS_NODE_MODEL" mimVersion="A.9.50.J.9.1">
    <attr name="isRemoveAllowed">false</attr>
    <attr name="neighborCellRef">SubNetwork=ONRM_RootMo_R,MeContext=LTE01ERBS00034,ManagedElement=1,ENodeBFunction=1,EUtraNetwork=1,ExternalENodeBFunction=41,ExternalEUtranCellFDD=2</attr>
    <attr name="anrCreated">false</attr>
    <attr name="isHoAllowed">true</attr>
  </mo>
  <mo fdn="SubNetwork=ONRM_RootMo_R,MeContext=LTE01ERBS00034,ManagedElement=1,ENodeBFunction=1,EUtranCellFDD=LTE01ERBS00034-1,EUtranFreqRelation=1,EUtranCellRelation=22" lastModified="1287501651046" mimName="ERBS_NODE_MODEL" mimVersion="A.9.50.J.9.1">
    <attr name="isRemoveAllowed">false</attr>
    <attr name="neighborCellRef">SubNetwork=ONRM_RootMo_R,MeContext=LTE01ERBS00034,ManagedElement=1,ENodeBFunction=1,EUtraNetwork=1,ExternalENodeBFunction=43,ExternalEUtranCellFDD=1</attr>
    <attr name="anrCreated">false</attr>
    <attr name="isHoAllowed">true</attr>
  </mo>
  <mo fdn="SubNetwork=ONRM_RootMo_R,MeContext=LTE01ERBS00034,ManagedElement=1,ENodeBFunction=1,EUtranCellFDD=LTE01ERBS00034-1,EUtranFreqRelation=1,EUtranCellRelation=23" lastModified="1287501651045" mimName="ERBS_NODE_MODEL" mimVersion="A.9.50.J.9.1">
    <attr name="isRemoveAllowed">false</attr>
    <attr name="neighborCellRef">SubNetwork=ONRM_RootMo_R,MeContext=LTE01ERBS00034,ManagedElement=1,ENodeBFunction=1,EUtraNetwork=1,ExternalENodeBFunction=43,ExternalEUtranCellFDD=2</attr>
    <attr name="anrCreated">false</attr>
    <attr name="isHoAllowed">true</attr>
  </mo>
  <mo fdn="SubNetwork=ONRM_RootMo_R,MeContext=LTE01ERBS00034,ManagedElement=1,ENodeBFunction=1,EUtranCellFDD=LTE01ERBS00034-1,EUtranFreqRelation=1,EUtranCellRelation=26" lastModified="1287501651057" mimName="ERBS_NODE_MODEL" mimVersion="A.9.50.J.9.1">
    <attr name="isRemoveAllowed">false</attr>
    <attr name="neighborCellRef">SubNetwork=ONRM_RootMo_R,MeContext=LTE01ERBS00034,ManagedElement=1,ENodeBFunction=1,EUtraNetwork=1,ExternalENodeBFunction=45,ExternalEUtranCellFDD=1</attr>
    <attr name="anrCreated">false</attr>
    <attr name="isHoAllowed">true</attr>
  </mo>
  <mo fdn="SubNetwork=ONRM_RootMo_R,MeContext=LTE01ERBS00034,ManagedElement=1,ENodeBFunction=1,EUtranCellFDD=LTE01ERBS00034-1,EUtranFreqRelation=1,EUtranCellRelation=27" lastModified="1287501651056" mimName="ERBS_NODE_MODEL" mimVersion="A.9.50.J.9.1">
    <attr name="isRemoveAllowed">false</attr>
    <attr name="neighborCellRef">SubNetwork=ONRM_RootMo_R,MeContext=LTE01ERBS00034,ManagedElement=1,ENodeBFunction=1,EUtraNetwork=1,ExternalENodeBFunction=45,ExternalEUtranCellFDD=2</attr>
    <attr name="anrCreated">false</attr>
    <attr name="isHoAllowed">true</attr>
  </mo>
  <mo fdn="SubNetwork=ONRM_RootMo_R,MeContext=LTE01ERBS00034,ManagedElement=1,ENodeBFunction=1,EUtranCellFDD=LTE01ERBS00034-1,EUtranFreqRelation=1,EUtranCellRelation=30" lastModified="1287501651049" mimName="ERBS_NODE_MODEL" mimVersion="A.9.50.J.9.1">
    <attr name="isRemoveAllowed">false</attr>
    <attr name="neighborCellRef">SubNetwork=ONRM_RootMo_R,MeContext=LTE01ERBS00034,ManagedElement=1,ENodeBFunction=1,EUtraNetwork=1,ExternalENodeBFunction=47,ExternalEUtranCellFDD=1</attr>
    <attr name="anrCreated">false</attr>
    <attr name="isHoAllowed">true</attr>
  </mo>
  <mo fdn="SubNetwork=ONRM_RootMo_R,MeContext=LTE01ERBS00034,ManagedElement=1,ENodeBFunction=1,EUtranCellFDD=LTE01ERBS00034-1,EUtranFreqRelation=1,EUtranCellRelation=31" lastModified="1287501651047" mimName="ERBS_NODE_MODEL" mimVersion="A.9.50.J.9.1">
    <attr name="isRemoveAllowed">false</attr>
    <attr name="neighborCellRef">SubNetwork=ONRM_RootMo_R,MeContext=LTE01ERBS00034,ManagedElement=1,ENodeBFunction=1,EUtraNetwork=1,ExternalENodeBFunction=47,ExternalEUtranCellFDD=2</attr>
    <attr name="anrCreated">false</attr>
    <attr name="isHoAllowed">true</attr>
  </mo>
  <mo fdn="SubNetwork=ONRM_RootMo_R,MeContext=LTE01ERBS00034,ManagedElement=1,ENodeBFunction=1,EUtranCellFDD=LTE01ERBS00034-1,EUtranFreqRelation=1,EUtranCellRelation=4" lastModified="1287501651059" mimName="ERBS_NODE_MODEL" mimVersion="A.9.50.J.9.1">
    <attr name="isRemoveAllowed">false</attr>
    <attr name="neighborCellRef">SubNetwork=ONRM_RootMo_R,MeContext=LTE01ERBS00034,ManagedElement=1,ENodeBFunction=1,EUtraNetwork=1,ExternalENodeBFunction=33,ExternalEUtranCellFDD=1</attr>
    <attr name="anrCreated">false</attr>
    <attr name="isHoAllowed">true</attr>
  </mo>
  <mo fdn="SubNetwork=ONRM_RootMo_R,MeContext=LTE01ERBS00034,ManagedElement=1,ENodeBFunction=1,EUtranCellFDD=LTE01ERBS00034-1,EUtranFreqRelation=1,EUtranCellRelation=5" lastModified="1287501651062" mimName="ERBS_NODE_MODEL" mimVersion="A.9.50.J.9.1">
    <attr name="isRemoveAllowed">false</attr>
    <attr name="neighborCellRef">SubNetwork=ONRM_RootMo_R,MeContext=LTE01ERBS00034,ManagedElement=1,ENodeBFunction=1,EUtraNetwork=1,ExternalENodeBFunction=33,ExternalEUtranCellFDD=2</attr>
    <attr name="anrCreated">false</attr>
    <attr name="isHoAllowed">true</attr>
  </mo>
  <mo fdn="SubNetwork=ONRM_RootMo_R,MeContext=LTE01ERBS00034,ManagedElement=1,ENodeBFunction=1,EUtranCellFDD=LTE01ERBS00034-1,EUtranFreqRelation=1,EUtranCellRelation=6" lastModified="1287501651054" mimName="ERBS_NODE_MODEL" mimVersion="A.9.50.J.9.1">
    <attr name="isRemoveAllowed">false</attr>
    <attr name="neighborCellRef">SubNetwork=ONRM_RootMo_R,MeContext=LTE01ERBS00034,ManagedElement=1,ENodeBFunction=1,EUtraNetwork=1,ExternalENodeBFunction=35,ExternalEUtranCellFDD=1</attr>
    <attr name="anrCreated">false</attr>
    <attr name="isHoAllowed">true</attr>
  </mo>
  <mo fdn="SubNetwork=ONRM_RootMo_R,MeContext=LTE01ERBS00034,ManagedElement=1,ENodeBFunction=1,EUtranCellFDD=LTE01ERBS00034-1,EUtranFreqRelation=1,EUtranCellRelation=7" lastModified="1287501651057" mimName="ERBS_NODE_MODEL" mimVersion="A.9.50.J.9.1">
    <attr name="isRemoveAllowed">false</attr>
    <attr name="neighborCellRef">SubNetwork=ONRM_RootMo_R,MeContext=LTE01ERBS00034,ManagedElement=1,ENodeBFunction=1,EUtraNetwork=1,ExternalENodeBFunction=35,ExternalEUtranCellFDD=2</attr>
    <attr name="anrCreated">false</attr>
    <attr name="isHoAllowed">true</attr>
  </mo>
  <mo fdn="SubNetwork=ONRM_RootMo_R,MeContext=LTE01ERBS00034,ManagedElement=1,ENodeBFunction=1,EUtranCellFDD=LTE01ERBS00034-1,EUtranFreqRelation=2,EUtranCellRelation=1" lastModified="1287501173242" mimName="ERBS_NODE_MODEL" mimVersion="A.9.50.J.9.1">
    <attr name="isRemoveAllowed">false</attr>
    <attr name="neighborCellRef">SubNetwork=ONRM_RootMo_R,MeContext=LTE01ERBS00034,ManagedElement=1,ENodeBFunction=1,EUtranCellFDD=LTE01ERBS00034-2</attr>
    <attr name="anrCreated">false</attr>
    <attr name="isHoAllowed">true</attr>
  </mo>
  <mo fdn="SubNetwork=ONRM_RootMo_R,MeContext=LTE01ERBS00034,ManagedElement=1,ENodeBFunction=1,EUtranCellFDD=LTE01ERBS00034-1,EUtranFreqRelation=2,EUtranCellRelation=12" lastModified="1287501651030" mimName="ERBS_NODE_MODEL" mimVersion="A.9.50.J.9.1">
    <attr name="isRemoveAllowed">false</attr>
    <attr name="neighborCellRef">SubNetwork=ONRM_RootMo_R,MeContext=LTE01ERBS00034,ManagedElement=1,ENodeBFunction=1,EUtraNetwork=1,ExternalENodeBFunction=38,ExternalEUtranCellFDD=1</attr>
    <attr name="anrCreated">false</attr>
    <attr name="isHoAllowed">true</attr>
  </mo>
  <mo fdn="SubNetwork=ONRM_RootMo_R,MeContext=LTE01ERBS00034,ManagedElement=1,ENodeBFunction=1,EUtranCellFDD=LTE01ERBS00034-1,EUtranFreqRelation=2,EUtranCellRelation=13" lastModified="1287501651027" mimName="ERBS_NODE_MODEL" mimVersion="A.9.50.J.9.1">
    <attr name="isRemoveAllowed">false</attr>
    <attr name="neighborCellRef">SubNetwork=ONRM_RootMo_R,MeContext=LTE01ERBS00034,ManagedElement=1,ENodeBFunction=1,EUtraNetwork=1,ExternalENodeBFunction=38,ExternalEUtranCellFDD=2</attr>
    <attr name="anrCreated">false</attr>
    <attr name="isHoAllowed">true</attr>
  </mo>
  <mo fdn="SubNetwork=ONRM_RootMo_R,MeContext=LTE01ERBS00034,ManagedElement=1,ENodeBFunction=1,EUtranCellFDD=LTE01ERBS00034-1,EUtranFreqRelation=2,EUtranCellRelation=16" lastModified="1287501651039" mimName="ERBS_NODE_MODEL" mimVersion="A.9.50.J.9.1">
    <attr name="isRemoveAllowed">false</attr>
    <attr name="neighborCellRef">SubNetwork=ONRM_RootMo_R,MeContext=LTE01ERBS00034,ManagedElement=1,ENodeBFunction=1,EUtraNetwork=1,ExternalENodeBFunction=40,ExternalEUtranCellFDD=1</attr>
    <attr name="anrCreated">false</attr>
    <attr name="isHoAllowed">true</attr>
  </mo>
  <mo fdn="SubNetwork=ONRM_RootMo_R,MeContext=LTE01ERBS00034,ManagedElement=1,ENodeBFunction=1,EUtranCellFDD=LTE01ERBS00034-1,EUtranFreqRelation=2,EUtranCellRelation=17" lastModified="1287501651037" mimName="ERBS_NODE_MODEL" mimVersion="A.9.50.J.9.1">
    <attr name="isRemoveAllowed">false</attr>
    <attr name="neighborCellRef">SubNetwork=ONRM_RootMo_R,MeContext=LTE01ERBS00034,ManagedElement=1,ENodeBFunction=1,EUtraNetwork=1,ExternalENodeBFunction=40,ExternalEUtranCellFDD=2</attr>
    <attr name="anrCreated">false</attr>
    <attr name="isHoAllowed">true</attr>
  </mo>
  <mo fdn="SubNetwork=ONRM_RootMo_R,MeContext=LTE01ERBS00034,ManagedElement=1,ENodeBFunction=1,EUtranCellFDD=LTE01ERBS00034-1,EUtranFreqRelation=2,EUtranCellRelation=2" lastModified="1287501173239" mimName="ERBS_NODE_MODEL" mimVersion="A.9.50.J.9.1">
    <attr name="isRemoveAllowed">false</attr>
    <attr name="neighborCellRef">SubNetwork=ONRM_RootMo_R,MeContext=LTE01ERBS00034,ManagedElement=1,ENodeBFunction=1,EUtranCellFDD=LTE01ERBS00034-3</attr>
    <attr name="anrCreated">false</attr>
    <attr name="isHoAllowed">true</attr>
  </mo>
  <mo fdn="SubNetwork=ONRM_RootMo_R,MeContext=LTE01ERBS00034,ManagedElement=1,ENodeBFunction=1,EUtranCellFDD=LTE01ERBS00034-1,EUtranFreqRelation=2,EUtranCellRelation=20" lastModified="1287501651034" mimName="ERBS_NODE_MODEL" mimVersion="A.9.50.J.9.1">
    <attr name="isRemoveAllowed">false</attr>
    <attr name="neighborCellRef">SubNetwork=ONRM_RootMo_R,MeContext=LTE01ERBS00034,ManagedElement=1,ENodeBFunction=1,EUtraNetwork=1,ExternalENodeBFunction=42,ExternalEUtranCellFDD=1</attr>
    <attr name="anrCreated">false</attr>
    <attr name="isHoAllowed">true</attr>
  </mo>
  <mo fdn="SubNetwork=ONRM_RootMo_R,MeContext=LTE01ERBS00034,ManagedElement=1,ENodeBFunction=1,EUtranCellFDD=LTE01ERBS00034-1,EUtranFreqRelation=2,EUtranCellRelation=21" lastModified="1287501651033" mimName="ERBS_NODE_MODEL" mimVersion="A.9.50.J.9.1">
    <attr name="isRemoveAllowed">false</attr>
    <attr name="neighborCellRef">SubNetwork=ONRM_RootMo_R,MeContext=LTE01ERBS00034,ManagedElement=1,ENodeBFunction=1,EUtraNetwork=1,ExternalENodeBFunction=42,ExternalEUtranCellFDD=2</attr>
    <attr name="anrCreated">false</attr>
    <attr name="isHoAllowed">true</attr>
  </mo>
  <mo fdn="SubNetwork=ONRM_RootMo_R,MeContext=LTE01ERBS00034,ManagedElement=1,ENodeBFunction=1,EUtranCellFDD=LTE01ERBS00034-1,EUtranFreqRelation=2,EUtranCellRelation=24" lastModified="1287501651032" mimName="ERBS_NODE_MODEL" mimVersion="A.9.50.J.9.1">
    <attr name="isRemoveAllowed">false</attr>
    <attr name="neighborCellRef">SubNetwork=ONRM_RootMo_R,MeContext=LTE01ERBS00034,ManagedElement=1,ENodeBFunction=1,EUtraNetwork=1,ExternalENodeBFunction=44,ExternalEUtranCellFDD=1</attr>
    <attr name="anrCreated">false</attr>
    <attr name="isHoAllowed">true</attr>
  </mo>
  <mo fdn="SubNetwork=ONRM_RootMo_R,MeContext=LTE01ERBS00034,ManagedElement=1,ENodeBFunction=1,EUtranCellFDD=LTE01ERBS00034-1,EUtranFreqRelation=2,EUtranCellRelation=25" lastModified="1287501651029" mimName="ERBS_NODE_MODEL" mimVersion="A.9.50.J.9.1">
    <attr name="isRemoveAllowed">false</attr>
    <attr name="neighborCellRef">SubNetwork=ONRM_RootMo_R,MeContext=LTE01ERBS00034,ManagedElement=1,ENodeBFunction=1,EUtraNetwork=1,ExternalENodeBFunction=44,ExternalEUtranCellFDD=2</attr>
    <attr name="anrCreated">false</attr>
    <attr name="isHoAllowed">true</attr>
  </mo>
  <mo fdn="SubNetwork=ONRM_RootMo_R,MeContext=LTE01ERBS00034,ManagedElement=1,ENodeBFunction=1,EUtranCellFDD=LTE01ERBS00034-1,EUtranFreqRelation=2,EUtranCellRelation=28" lastModified="1287501651040" mimName="ERBS_NODE_MODEL" mimVersion="A.9.50.J.9.1">
    <attr name="isRemoveAllowed">false</attr>
    <attr name="neighborCellRef">SubNetwork=ONRM_RootMo_R,MeContext=LTE01ERBS00034,ManagedElement=1,ENodeBFunction=1,EUtraNetwork=1,ExternalENodeBFunction=46,ExternalEUtranCellFDD=1</attr>
    <attr name="anrCreated">false</attr>
    <attr name="isHoAllowed">true</attr>
  </mo>
  <mo fdn="SubNetwork=ONRM_RootMo_R,MeContext=LTE01ERBS00034,ManagedElement=1,ENodeBFunction=1,EUtranCellFDD=LTE01ERBS00034-1,EUtranFreqRelation=2,EUtranCellRelation=29" lastModified="1287501651038" mimName="ERBS_NODE_MODEL" mimVersion="A.9.50.J.9.1">
    <attr name="isRemoveAllowed">false</attr>
    <attr name="neighborCellRef">SubNetwork=ONRM_RootMo_R,MeContext=LTE01ERBS00034,ManagedElement=1,ENodeBFunction=1,EUtraNetwork=1,ExternalENodeBFunction=46,ExternalEUtranCellFDD=2</attr>
    <attr name="anrCreated">false</attr>
    <attr name="isHoAllowed">true</attr>
  </mo>
  <mo fdn="SubNetwork=ONRM_RootMo_R,MeContext=LTE01ERBS00034,ManagedElement=1,ENodeBFunction=1,EUtranCellFDD=LTE01ERBS00034-1,EUtranFreqRelation=2,EUtranCellRelation=3" lastModified="1287501173236" mimName="ERBS_NODE_MODEL" mimVersion="A.9.50.J.9.1">
    <attr name="isRemoveAllowed">false</attr>
    <attr name="neighborCellRef">SubNetwork=ONRM_RootMo_R,MeContext=LTE01ERBS00034,ManagedElement=1,ENodeBFunction=1,EUtranCellFDD=LTE01ERBS00034-4</attr>
    <attr name="anrCreated">false</attr>
    <attr name="isHoAllowed">true</attr>
  </mo>
  <mo fdn="SubNetwork=ONRM_RootMo_R,MeContext=LTE01ERBS00034,ManagedElement=1,ENodeBFunction=1,EUtranCellFDD=LTE01ERBS00034-1,EUtranFreqRelation=2,EUtranCellRelation=32" lastModified="1287501651015" mimName="ERBS_NODE_MODEL" mimVersion="A.9.50.J.9.1">
    <attr name="isRemoveAllowed">false</attr>
    <attr name="neighborCellRef">SubNetwork=ONRM_RootMo_R,MeContext=LTE01ERBS00034,ManagedElement=1,ENodeBFunction=1,EUtraNetwork=1,ExternalENodeBFunction=48,ExternalEUtranCellFDD=1</attr>
    <attr name="anrCreated">false</attr>
    <attr name="isHoAllowed">true</attr>
  </mo>
  <mo fdn="SubNetwork=ONRM_RootMo_R,MeContext=LTE01ERBS00034,ManagedElement=1,ENodeBFunction=1,EUtranCellFDD=LTE01ERBS00034-1,EUtranFreqRelation=2,EUtranCellRelation=33" lastModified="1287501651035" mimName="ERBS_NODE_MODEL" mimVersion="A.9.50.J.9.1">
    <attr name="isRemoveAllowed">false</attr>
    <attr name="neighborCellRef">SubNetwork=ONRM_RootMo_R,MeContext=LTE01ERBS00034,ManagedElement=1,ENodeBFunction=1,EUtraNetwork=1,ExternalENodeBFunction=48,ExternalEUtranCellFDD=2</attr>
    <attr name="anrCreated">false</attr>
    <attr name="isHoAllowed">true</attr>
  </mo>
  <mo fdn="SubNetwork=ONRM_RootMo_R,MeContext=LTE01ERBS00034,ManagedElement=1,ENodeBFunction=1,EUtranCellFDD=LTE01ERBS00034-1,EUtranFreqRelation=2,EUtranCellRelation=8" lastModified="1287501651036" mimName="ERBS_NODE_MODEL" mimVersion="A.9.50.J.9.1">
    <attr name="isRemoveAllowed">false</attr>
    <attr name="neighborCellRef">SubNetwork=ONRM_RootMo_R,MeContext=LTE01ERBS00034,ManagedElement=1,ENodeBFunction=1,EUtraNetwork=1,ExternalENodeBFunction=36,ExternalEUtranCellFDD=1</attr>
    <attr name="anrCreated">false</attr>
    <attr name="isHoAllowed">true</attr>
  </mo>
  <mo fdn="SubNetwork=ONRM_RootMo_R,MeContext=LTE01ERBS00034,ManagedElement=1,ENodeBFunction=1,EUtranCellFDD=LTE01ERBS00034-1,EUtranFreqRelation=2,EUtranCellRelation=9" lastModified="1287501651037" mimName="ERBS_NODE_MODEL" mimVersion="A.9.50.J.9.1">
    <attr name="isRemoveAllowed">false</attr>
    <attr name="neighborCellRef">SubNetwork=ONRM_RootMo_R,MeContext=LTE01ERBS00034,ManagedElement=1,ENodeBFunction=1,EUtraNetwork=1,ExternalENodeBFunction=36,ExternalEUtranCellFDD=2</attr>
    <attr name="anrCreated">false</attr>
    <attr name="isHoAllowed">true</attr>
  </mo>
  <mo fdn="SubNetwork=ONRM_RootMo_R,MeContext=LTE01ERBS00034,ManagedElement=1,ENodeBFunction=1,EUtranCellFDD=LTE01ERBS00034-2" lastModified="1287512067109" mimName="ERBS_NODE_MODEL" mimVersion="A.9.50.J.9.1">
    <attr name="EUtranCellFDDId">LTE01ERBS00034-2</attr>
    <attr name="earfcnul">18000</attr>
    <attr name="cellId">2</attr>
    <attr name="tac">48138</attr>
    <attr name="bPlmnList">
      <seq count="1">
        <item>
          <struct>
            <attr name="mcc">311</attr>
            <attr name="mnc">480</attr>
            <attr name="mncLength">2</attr>
          </struct>
        </item>
      </seq>
    </attr>
    <attr name="earfcndl">0</attr>
    <attr name="userLabel">LTE01ERBS00034-2</attr>
  </mo>
  <mo fdn="SubNetwork=ONRM_RootMo_R,MeContext=LTE01ERBS00034,ManagedElement=1,ENodeBFunction=1,EUtranCellFDD=LTE01ERBS00034-2,EUtranFreqRelation=1,EUtranCellRelation=10" lastModified="1287501650564" mimName="ERBS_NODE_MODEL" mimVersion="A.9.50.J.9.1">
    <attr name="isRemoveAllowed">false</attr>
    <attr name="neighborCellRef">SubNetwork=ONRM_RootMo_R,MeContext=LTE01ERBS00034,ManagedElement=1,ENodeBFunction=1,EUtraNetwork=1,ExternalENodeBFunction=37,ExternalEUtranCellFDD=1</attr>
    <attr name="anrCreated">false</attr>
    <attr name="isHoAllowed">true</attr>
  </mo>
  <mo fdn="SubNetwork=ONRM_RootMo_R,MeContext=LTE01ERBS00034,ManagedElement=1,ENodeBFunction=1,EUtranCellFDD=LTE01ERBS00034-2,EUtranFreqRelation=1,EUtranCellRelation=11" lastModified="1287501650563" mimName="ERBS_NODE_MODEL" mimVersion="A.9.50.J.9.1">
    <attr name="isRemoveAllowed">false</attr>
    <attr name="neighborCellRef">SubNetwork=ONRM_RootMo_R,MeContext=LTE01ERBS00034,ManagedElement=1,ENodeBFunction=1,EUtraNetwork=1,ExternalENodeBFunction=37,ExternalEUtranCellFDD=2</attr>
    <attr name="anrCreated">false</attr>
    <attr name="isHoAllowed">true</attr>
  </mo>
  <mo fdn="SubNetwork=ONRM_RootMo_R,MeContext=LTE01ERBS00034,ManagedElement=1,ENodeBFunction=1,EUtranCellFDD=LTE01ERBS00034-2,EUtranFreqRelation=1,EUtranCellRelation=14" lastModified="1287501650556" mimName="ERBS_NODE_MODEL" mimVersion="A.9.50.J.9.1">
    <attr name="isRemoveAllowed">false</attr>
    <attr name="neighborCellRef">SubNetwork=ONRM_RootMo_R,MeContext=LTE01ERBS00034,ManagedElement=1,ENodeBFunction=1,EUtraNetwork=1,ExternalENodeBFunction=39,ExternalEUtranCellFDD=1</attr>
    <attr name="anrCreated">false</attr>
    <attr name="isHoAllowed">true</attr>
  </mo>
  <mo fdn="SubNetwork=ONRM_RootMo_R,MeContext=LTE01ERBS00034,ManagedElement=1,ENodeBFunction=1,EUtranCellFDD=LTE01ERBS00034-2,EUtranFreqRelation=1,EUtranCellRelation=15" lastModified="1287501650573" mimName="ERBS_NODE_MODEL" mimVersion="A.9.50.J.9.1">
    <attr name="isRemoveAllowed">false</attr>
    <attr name="neighborCellRef">SubNetwork=ONRM_RootMo_R,MeContext=LTE01ERBS00034,ManagedElement=1,ENodeBFunction=1,EUtraNetwork=1,ExternalENodeBFunction=39,ExternalEUtranCellFDD=2</attr>
    <attr name="anrCreated">false</attr>
    <attr name="isHoAllowed">true</attr>
  </mo>
  <mo fdn="SubNetwork=ONRM_RootMo_R,MeContext=LTE01ERBS00034,ManagedElement=1,ENodeBFunction=1,EUtranCellFDD=LTE01ERBS00034-2,EUtranFreqRelation=1,EUtranCellRelation=18" lastModified="1287501650568" mimName="ERBS_NODE_MODEL" mimVersion="A.9.50.J.9.1">
    <attr name="isRemoveAllowed">false</attr>
    <attr name="neighborCellRef">SubNetwork=ONRM_RootMo_R,MeContext=LTE01ERBS00034,ManagedElement=1,ENodeBFunction=1,EUtraNetwork=1,ExternalENodeBFunction=41,ExternalEUtranCellFDD=1</attr>
    <attr name="anrCreated">false</attr>
    <attr name="isHoAllowed">true</attr>
  </mo>
  <mo fdn="SubNetwork=ONRM_RootMo_R,MeContext=LTE01ERBS00034,ManagedElement=1,ENodeBFunction=1,EUtranCellFDD=LTE01ERBS00034-2,EUtranFreqRelation=1,EUtranCellRelation=19" lastModified="1287501650565" mimName="ERBS_NODE_MODEL" mimVersion="A.9.50.J.9.1">
    <attr name="isRemoveAllowed">false</attr>
    <attr name="neighborCellRef">SubNetwork=ONRM_RootMo_R,MeContext=LTE01ERBS00034,ManagedElement=1,ENodeBFunction=1,EUtraNetwork=1,ExternalENodeBFunction=41,ExternalEUtranCellFDD=2</attr>
    <attr name="anrCreated">false</attr>
    <attr name="isHoAllowed">true</attr>
  </mo>
  <mo fdn="SubNetwork=ONRM_RootMo_R,MeContext=LTE01ERBS00034,ManagedElement=1,ENodeBFunction=1,EUtranCellFDD=LTE01ERBS00034-2,EUtranFreqRelation=1,EUtranCellRelation=22" lastModified="1287501650560" mimName="ERBS_NODE_MODEL" mimVersion="A.9.50.J.9.1">
    <attr name="isRemoveAllowed">false</attr>
    <attr name="neighborCellRef">SubNetwork=ONRM_RootMo_R,MeContext=LTE01ERBS00034,ManagedElement=1,ENodeBFunction=1,EUtraNetwork=1,ExternalENodeBFunction=43,ExternalEUtranCellFDD=1</attr>
    <attr name="anrCreated">false</attr>
    <attr name="isHoAllowed">true</attr>
  </mo>
  <mo fdn="SubNetwork=ONRM_RootMo_R,MeContext=LTE01ERBS00034,ManagedElement=1,ENodeBFunction=1,EUtranCellFDD=LTE01ERBS00034-2,EUtranFreqRelation=1,EUtranCellRelation=23" lastModified="1287501650558" mimName="ERBS_NODE_MODEL" mimVersion="A.9.50.J.9.1">
    <attr name="isRemoveAllowed">false</attr>
    <attr name="neighborCellRef">SubNetwork=ONRM_RootMo_R,MeContext=LTE01ERBS00034,ManagedElement=1,ENodeBFunction=1,EUtraNetwork=1,ExternalENodeBFunction=43,ExternalEUtranCellFDD=2</attr>
    <attr name="anrCreated">false</attr>
    <attr name="isHoAllowed">true</attr>
  </mo>
  <mo fdn="SubNetwork=ONRM_RootMo_R,MeContext=LTE01ERBS00034,ManagedElement=1,ENodeBFunction=1,EUtranCellFDD=LTE01ERBS00034-2,EUtranFreqRelation=1,EUtranCellRelation=26" lastModified="1287501650572" mimName="ERBS_NODE_MODEL" mimVersion="A.9.50.J.9.1">
    <attr name="isRemoveAllowed">false</attr>
    <attr name="neighborCellRef">SubNetwork=ONRM_RootMo_R,MeContext=LTE01ERBS00034,ManagedElement=1,ENodeBFunction=1,EUtraNetwork=1,ExternalENodeBFunction=45,ExternalEUtranCellFDD=1</attr>
    <attr name="anrCreated">false</attr>
    <attr name="isHoAllowed">true</attr>
  </mo>
  <mo fdn="SubNetwork=ONRM_RootMo_R,MeContext=LTE01ERBS00034,ManagedElement=1,ENodeBFunction=1,EUtranCellFDD=LTE01ERBS00034-2,EUtranFreqRelation=1,EUtranCellRelation=27" lastModified="1287501650569" mimName="ERBS_NODE_MODEL" mimVersion="A.9.50.J.9.1">
    <attr name="isRemoveAllowed">false</attr>
    <attr name="neighborCellRef">SubNetwork=ONRM_RootMo_R,MeContext=LTE01ERBS00034,ManagedElement=1,ENodeBFunction=1,EUtraNetwork=1,ExternalENodeBFunction=45,ExternalEUtranCellFDD=2</attr>
    <attr name="anrCreated">false</attr>
    <attr name="isHoAllowed">true</attr>
  </mo>
  <mo fdn="SubNetwork=ONRM_RootMo_R,MeContext=LTE01ERBS00034,ManagedElement=1,ENodeBFunction=1,EUtranCellFDD=LTE01ERBS00034-2,EUtranFreqRelation=1,EUtranCellRelation=30" lastModified="1287501650562" mimName="ERBS_NODE_MODEL" mimVersion="A.9.50.J.9.1">
    <attr name="isRemoveAllowed">false</attr>
    <attr name="neighborCellRef">SubNetwork=ONRM_RootMo_R,MeContext=LTE01ERBS00034,ManagedElement=1,ENodeBFunction=1,EUtraNetwork=1,ExternalENodeBFunction=47,ExternalEUtranCellFDD=1</attr>
    <attr name="anrCreated">false</attr>
    <attr name="isHoAllowed">true</attr>
  </mo>
  <mo fdn="SubNetwork=ONRM_RootMo_R,MeContext=LTE01ERBS00034,ManagedElement=1,ENodeBFunction=1,EUtranCellFDD=LTE01ERBS00034-2,EUtranFreqRelation=1,EUtranCellRelation=31" lastModified="1287501650561" mimName="ERBS_NODE_MODEL" mimVersion="A.9.50.J.9.1">
    <attr name="isRemoveAllowed">false</attr>
    <attr name="neighborCellRef">SubNetwork=ONRM_RootMo_R,MeContext=LTE01ERBS00034,ManagedElement=1,ENodeBFunction=1,EUtraNetwork=1,ExternalENodeBFunction=47,ExternalEUtranCellFDD=2</attr>
    <attr name="anrCreated">false</attr>
    <attr name="isHoAllowed">true</attr>
  </mo>
  <mo fdn="SubNetwork=ONRM_RootMo_R,MeContext=LTE01ERBS00034,ManagedElement=1,ENodeBFunction=1,EUtranCellFDD=LTE01ERBS00034-2,EUtranFreqRelation=1,EUtranCellRelation=4" lastModified="1287501650573" mimName="ERBS_NODE_MODEL" mimVersion="A.9.50.J.9.1">
    <attr name="isRemoveAllowed">false</attr>
    <attr name="neighborCellRef">SubNetwork=ONRM_RootMo_R,MeContext=LTE01ERBS00034,ManagedElement=1,ENodeBFunction=1,EUtraNetwork=1,ExternalENodeBFunction=33,ExternalEUtranCellFDD=1</attr>
    <attr name="anrCreated">false</attr>
    <attr name="isHoAllowed">true</attr>
  </mo>
  <mo fdn="SubNetwork=ONRM_RootMo_R,MeContext=LTE01ERBS00034,ManagedElement=1,ENodeBFunction=1,EUtranCellFDD=LTE01ERBS00034-2,EUtranFreqRelation=1,EUtranCellRelation=5" lastModified="1287501650574" mimName="ERBS_NODE_MODEL" mimVersion="A.9.50.J.9.1">
    <attr name="isRemoveAllowed">false</attr>
    <attr name="neighborCellRef">SubNetwork=ONRM_RootMo_R,MeContext=LTE01ERBS00034,ManagedElement=1,ENodeBFunction=1,EUtraNetwork=1,ExternalENodeBFunction=33,ExternalEUtranCellFDD=2</attr>
    <attr name="anrCreated">false</attr>
    <attr name="isHoAllowed">true</attr>
  </mo>
  <mo fdn="SubNetwork=ONRM_RootMo_R,MeContext=LTE01ERBS00034,ManagedElement=1,ENodeBFunction=1,EUtranCellFDD=LTE01ERBS00034-2,EUtranFreqRelation=1,EUtranCellRelation=6" lastModified="1287501650566" mimName="ERBS_NODE_MODEL" mimVersion="A.9.50.J.9.1">
    <attr name="isRemoveAllowed">false</attr>
    <attr name="neighborCellRef">SubNetwork=ONRM_RootMo_R,MeContext=LTE01ERBS00034,ManagedElement=1,ENodeBFunction=1,EUtraNetwork=1,ExternalENodeBFunction=35,ExternalEUtranCellFDD=1</attr>
    <attr name="anrCreated">false</attr>
    <attr name="isHoAllowed">true</attr>
  </mo>
  <mo fdn="SubNetwork=ONRM_RootMo_R,MeContext=LTE01ERBS00034,ManagedElement=1,ENodeBFunction=1,EUtranCellFDD=LTE01ERBS00034-2,EUtranFreqRelation=1,EUtranCellRelation=7" lastModified="1287501650570" mimName="ERBS_NODE_MODEL" mimVersion="A.9.50.J.9.1">
    <attr name="isRemoveAllowed">false</attr>
    <attr name="neighborCellRef">SubNetwork=ONRM_RootMo_R,MeContext=LTE01ERBS00034,ManagedElement=1,ENodeBFunction=1,EUtraNetwork=1,ExternalENodeBFunction=35,ExternalEUtranCellFDD=2</attr>
    <attr name="anrCreated">false</attr>
    <attr name="isHoAllowed">true</attr>
  </mo>
  <mo fdn="SubNetwork=ONRM_RootMo_R,MeContext=LTE01ERBS00034,ManagedElement=1,ENodeBFunction=1,EUtranCellFDD=LTE01ERBS00034-2,EUtranFreqRelation=2,EUtranCellRelation=1" lastModified="1287501173141" mimName="ERBS_NODE_MODEL" mimVersion="A.9.50.J.9.1">
    <attr name="isRemoveAllowed">false</attr>
    <attr name="neighborCellRef">SubNetwork=ONRM_RootMo_R,MeContext=LTE01ERBS00034,ManagedElement=1,ENodeBFunction=1,EUtranCellFDD=LTE01ERBS00034-1</attr>
    <attr name="anrCreated">false</attr>
    <attr name="isHoAllowed">true</attr>
  </mo>
  <mo fdn="SubNetwork=ONRM_RootMo_R,MeContext=LTE01ERBS00034,ManagedElement=1,ENodeBFunction=1,EUtranCellFDD=LTE01ERBS00034-2,EUtranFreqRelation=2,EUtranCellRelation=12" lastModified="1287501650530" mimName="ERBS_NODE_MODEL" mimVersion="A.9.50.J.9.1">
    <attr name="isRemoveAllowed">false</attr>
    <attr name="neighborCellRef">SubNetwork=ONRM_RootMo_R,MeContext=LTE01ERBS00034,ManagedElement=1,ENodeBFunction=1,EUtraNetwork=1,ExternalENodeBFunction=38,ExternalEUtranCellFDD=1</attr>
    <attr name="anrCreated">false</attr>
    <attr name="isHoAllowed">true</attr>
  </mo>
  <mo fdn="SubNetwork=ONRM_RootMo_R,MeContext=LTE01ERBS00034,ManagedElement=1,ENodeBFunction=1,EUtranCellFDD=LTE01ERBS00034-2,EUtranFreqRelation=2,EUtranCellRelation=13" lastModified="1287501650523" mimName="ERBS_NODE_MODEL" mimVersion="A.9.50.J.9.1">
    <attr name="isRemoveAllowed">false</attr>
    <attr name="neighborCellRef">SubNetwork=ONRM_RootMo_R,MeContext=LTE01ERBS00034,ManagedElement=1,ENodeBFunction=1,EUtraNetwork=1,ExternalENodeBFunction=38,ExternalEUtranCellFDD=2</attr>
    <attr name="anrCreated">false</attr>
    <attr name="isHoAllowed">true</attr>
  </mo>
  <mo fdn="SubNetwork=ONRM_RootMo_R,MeContext=LTE01ERBS00034,ManagedElement=1,ENodeBFunction=1,EUtranCellFDD=LTE01ERBS00034-2,EUtranFreqRelation=2,EUtranCellRelation=16" lastModified="1287501650550" mimName="ERBS_NODE_MODEL" mimVersion="A.9.50.J.9.1">
    <attr name="isRemoveAllowed">false</attr>
    <attr name="neighborCellRef">SubNetwork=ONRM_RootMo_R,MeContext=LTE01ERBS00034,ManagedElement=1,ENodeBFunction=1,EUtraNetwork=1,ExternalENodeBFunction=40,ExternalEUtranCellFDD=1</attr>
    <attr name="anrCreated">false</attr>
    <attr name="isHoAllowed">true</attr>
  </mo>
  <mo fdn="SubNetwork=ONRM_RootMo_R,MeContext=LTE01ERBS00034,ManagedElement=1,ENodeBFunction=1,EUtranCellFDD=LTE01ERBS00034-2,EUtranFreqRelation=2,EUtranCellRelation=17" lastModified="1287501650547" mimName="ERBS_NODE_MODEL" mimVersion="A.9.50.J.9.1">
    <attr name="isRemoveAllowed">false</attr>
    <attr name="neighborCellRef">SubNetwork=ONRM_RootMo_R,MeContext=LTE01ERBS00034,ManagedElement=1,ENodeBFunction=1,EUtraNetwork=1,ExternalENodeBFunction=40,ExternalEUtranCellFDD=2</attr>
    <attr name="anrCreated">false</attr>
    <attr name="isHoAllowed">true</attr>
  </mo>
  <mo fdn="SubNetwork=ONRM_RootMo_R,MeContext=LTE01ERBS00034,ManagedElement=1,ENodeBFunction=1,EUtranCellFDD=LTE01ERBS00034-2,EUtranFreqRelation=2,EUtranCellRelation=2" lastModified="1287501173138" mimName="ERBS_NODE_MODEL" mimVersion="A.9.50.J.9.1">
    <attr name="isRemoveAllowed">false</attr>
    <attr name="neighborCellRef">SubNetwork=ONRM_RootMo_R,MeContext=LTE01ERBS00034,ManagedElement=1,ENodeBFunction=1,EUtranCellFDD=LTE01ERBS00034-3</attr>
    <attr name="anrCreated">false</attr>
    <attr name="isHoAllowed">true</attr>
  </mo>
  <mo fdn="SubNetwork=ONRM_RootMo_R,MeContext=LTE01ERBS00034,ManagedElement=1,ENodeBFunction=1,EUtranCellFDD=LTE01ERBS00034-2,EUtranFreqRelation=2,EUtranCellRelation=20" lastModified="1287501650539" mimName="ERBS_NODE_MODEL" mimVersion="A.9.50.J.9.1">
    <attr name="isRemoveAllowed">false</attr>
    <attr name="neighborCellRef">SubNetwork=ONRM_RootMo_R,MeContext=LTE01ERBS00034,ManagedElement=1,ENodeBFunction=1,EUtraNetwork=1,ExternalENodeBFunction=42,ExternalEUtranCellFDD=1</attr>
    <attr name="anrCreated">false</attr>
    <attr name="isHoAllowed">true</attr>
  </mo>
  <mo fdn="SubNetwork=ONRM_RootMo_R,MeContext=LTE01ERBS00034,ManagedElement=1,ENodeBFunction=1,EUtranCellFDD=LTE01ERBS00034-2,EUtranFreqRelation=2,EUtranCellRelation=21" lastModified="1287501650536" mimName="ERBS_NODE_MODEL" mimVersion="A.9.50.J.9.1">
    <attr name="isRemoveAllowed">false</attr>
    <attr name="neighborCellRef">SubNetwork=ONRM_RootMo_R,MeContext=LTE01ERBS00034,ManagedElement=1,ENodeBFunction=1,EUtraNetwork=1,ExternalENodeBFunction=42,ExternalEUtranCellFDD=2</attr>
    <attr name="anrCreated">false</attr>
    <attr name="isHoAllowed">true</attr>
  </mo>
  <mo fdn="SubNetwork=ONRM_RootMo_R,MeContext=LTE01ERBS00034,ManagedElement=1,ENodeBFunction=1,EUtranCellFDD=LTE01ERBS00034-2,EUtranFreqRelation=2,EUtranCellRelation=24" lastModified="1287501650532" mimName="ERBS_NODE_MODEL" mimVersion="A.9.50.J.9.1">
    <attr name="isRemoveAllowed">false</attr>
    <attr name="neighborCellRef">SubNetwork=ONRM_RootMo_R,MeContext=LTE01ERBS00034,ManagedElement=1,ENodeBFunction=1,EUtraNetwork=1,ExternalENodeBFunction=44,ExternalEUtranCellFDD=1</attr>
    <attr name="anrCreated">false</attr>
    <attr name="isHoAllowed">true</attr>
  </mo>
  <mo fdn="SubNetwork=ONRM_RootMo_R,MeContext=LTE01ERBS00034,ManagedElement=1,ENodeBFunction=1,EUtranCellFDD=LTE01ERBS00034-2,EUtranFreqRelation=2,EUtranCellRelation=25" lastModified="1287501650526" mimName="ERBS_NODE_MODEL" mimVersion="A.9.50.J.9.1">
    <attr name="isRemoveAllowed">false</attr>
    <attr name="neighborCellRef">SubNetwork=ONRM_RootMo_R,MeContext=LTE01ERBS00034,ManagedElement=1,ENodeBFunction=1,EUtraNetwork=1,ExternalENodeBFunction=44,ExternalEUtranCellFDD=2</attr>
    <attr name="anrCreated">false</attr>
    <attr name="isHoAllowed">true</attr>
  </mo>
  <mo fdn="SubNetwork=ONRM_RootMo_R,MeContext=LTE01ERBS00034,ManagedElement=1,ENodeBFunction=1,EUtranCellFDD=LTE01ERBS00034-2,EUtranFreqRelation=2,EUtranCellRelation=28" lastModified="1287501650552" mimName="ERBS_NODE_MODEL" mimVersion="A.9.50.J.9.1">
    <attr name="isRemoveAllowed">false</attr>
    <attr name="neighborCellRef">SubNetwork=ONRM_RootMo_R,MeContext=LTE01ERBS00034,ManagedElement=1,ENodeBFunction=1,EUtraNetwork=1,ExternalENodeBFunction=46,ExternalEUtranCellFDD=1</attr>
    <attr name="anrCreated">false</attr>
    <attr name="isHoAllowed">true</attr>
  </mo>
  <mo fdn="SubNetwork=ONRM_RootMo_R,MeContext=LTE01ERBS00034,ManagedElement=1,ENodeBFunction=1,EUtranCellFDD=LTE01ERBS00034-2,EUtranFreqRelation=2,EUtranCellRelation=29" lastModified="1287501650549" mimName="ERBS_NODE_MODEL" mimVersion="A.9.50.J.9.1">
    <attr name="isRemoveAllowed">false</attr>
    <attr name="neighborCellRef">SubNetwork=ONRM_RootMo_R,MeContext=LTE01ERBS00034,ManagedElement=1,ENodeBFunction=1,EUtraNetwork=1,ExternalENodeBFunction=46,ExternalEUtranCellFDD=2</attr>
    <attr name="anrCreated">false</attr>
    <attr name="isHoAllowed">true</attr>
  </mo>
  <mo fdn="SubNetwork=ONRM_RootMo_R,MeContext=LTE01ERBS00034,ManagedElement=1,ENodeBFunction=1,EUtranCellFDD=LTE01ERBS00034-2,EUtranFreqRelation=2,EUtranCellRelation=3" lastModified="1287501173134" mimName="ERBS_NODE_MODEL" mimVersion="A.9.50.J.9.1">
    <attr name="isRemoveAllowed">false</attr>
    <attr name="neighborCellRef">SubNetwork=ONRM_RootMo_R,MeContext=LTE01ERBS00034,ManagedElement=1,ENodeBFunction=1,EUtranCellFDD=LTE01ERBS00034-4</attr>
    <attr name="anrCreated">false</attr>
    <attr name="isHoAllowed">true</attr>
  </mo>
  <mo fdn="SubNetwork=ONRM_RootMo_R,MeContext=LTE01ERBS00034,ManagedElement=1,ENodeBFunction=1,EUtranCellFDD=LTE01ERBS00034-2,EUtranFreqRelation=2,EUtranCellRelation=32" lastModified="1287501650505" mimName="ERBS_NODE_MODEL" mimVersion="A.9.50.J.9.1">
    <attr name="isRemoveAllowed">false</attr>
    <attr name="neighborCellRef">SubNetwork=ONRM_RootMo_R,MeContext=LTE01ERBS00034,ManagedElement=1,ENodeBFunction=1,EUtraNetwork=1,ExternalENodeBFunction=48,ExternalEUtranCellFDD=1</attr>
    <attr name="anrCreated">false</attr>
    <attr name="isHoAllowed">true</attr>
  </mo>
  <mo fdn="SubNetwork=ONRM_RootMo_R,MeContext=LTE01ERBS00034,ManagedElement=1,ENodeBFunction=1,EUtranCellFDD=LTE01ERBS00034-2,EUtranFreqRelation=2,EUtranCellRelation=33" lastModified="1287501650542" mimName="ERBS_NODE_MODEL" mimVersion="A.9.50.J.9.1">
    <attr name="isRemoveAllowed">false</attr>
    <attr name="neighborCellRef">SubNetwork=ONRM_RootMo_R,MeContext=LTE01ERBS00034,ManagedElement=1,ENodeBFunction=1,EUtraNetwork=1,ExternalENodeBFunction=48,ExternalEUtranCellFDD=2</attr>
    <attr name="anrCreated">false</attr>
    <attr name="isHoAllowed">true</attr>
  </mo>
  <mo fdn="SubNetwork=ONRM_RootMo_R,MeContext=LTE01ERBS00034,ManagedElement=1,ENodeBFunction=1,EUtranCellFDD=LTE01ERBS00034-2,EUtranFreqRelation=2,EUtranCellRelation=8" lastModified="1287501650544" mimName="ERBS_NODE_MODEL" mimVersion="A.9.50.J.9.1">
    <attr name="isRemoveAllowed">false</attr>
    <attr name="neighborCellRef">SubNetwork=ONRM_RootMo_R,MeContext=LTE01ERBS00034,ManagedElement=1,ENodeBFunction=1,EUtraNetwork=1,ExternalENodeBFunction=36,ExternalEUtranCellFDD=1</attr>
    <attr name="anrCreated">false</attr>
    <attr name="isHoAllowed">true</attr>
  </mo>
  <mo fdn="SubNetwork=ONRM_RootMo_R,MeContext=LTE01ERBS00034,ManagedElement=1,ENodeBFunction=1,EUtranCellFDD=LTE01ERBS00034-2,EUtranFreqRelation=2,EUtranCellRelation=9" lastModified="1287501650545" mimName="ERBS_NODE_MODEL" mimVersion="A.9.50.J.9.1">
    <attr name="isRemoveAllowed">false</attr>
    <attr name="neighborCellRef">SubNetwork=ONRM_RootMo_R,MeContext=LTE01ERBS00034,ManagedElement=1,ENodeBFunction=1,EUtraNetwork=1,ExternalENodeBFunction=36,ExternalEUtranCellFDD=2</attr>
    <attr name="anrCreated">false</attr>
    <attr name="isHoAllowed">true</attr>
  </mo>
  <mo fdn="SubNetwork=ONRM_RootMo_R,MeContext=LTE01ERBS00034,ManagedElement=1,ENodeBFunction=1,EUtranCellFDD=LTE01ERBS00034-3" lastModified="1287512067518" mimName="ERBS_NODE_MODEL" mimVersion="A.9.50.J.9.1">
    <attr name="EUtranCellFDDId">LTE01ERBS00034-3</attr>
    <attr name="earfcnul">18000</attr>
    <attr name="cellId">3</attr>
    <attr name="tac">48138</attr>
    <attr name="bPlmnList">
      <seq count="1">
        <item>
          <struct>
            <attr name="mcc">311</attr>
            <attr name="mnc">480</attr>
            <attr name="mncLength">2</attr>
          </struct>
        </item>
      </seq>
    </attr>
    <attr name="earfcndl">0</attr>
    <attr name="userLabel">LTE01ERBS00034-3</attr>
  </mo>
  <mo fdn="SubNetwork=ONRM_RootMo_R,MeContext=LTE01ERBS00034,ManagedElement=1,ENodeBFunction=1,EUtranCellFDD=LTE01ERBS00034-3,EUtranFreqRelation=1,EUtranCellRelation=10" lastModified="1287501650197" mimName="ERBS_NODE_MODEL" mimVersion="A.9.50.J.9.1">
    <attr name="isRemoveAllowed">false</attr>
    <attr name="neighborCellRef">SubNetwork=ONRM_RootMo_R,MeContext=LTE01ERBS00034,ManagedElement=1,ENodeBFunction=1,EUtraNetwork=1,ExternalENodeBFunction=37,ExternalEUtranCellFDD=3</attr>
    <attr name="anrCreated">false</attr>
    <attr name="isHoAllowed">true</attr>
  </mo>
  <mo fdn="SubNetwork=ONRM_RootMo_R,MeContext=LTE01ERBS00034,ManagedElement=1,ENodeBFunction=1,EUtranCellFDD=LTE01ERBS00034-3,EUtranFreqRelation=1,EUtranCellRelation=11" lastModified="1287501650196" mimName="ERBS_NODE_MODEL" mimVersion="A.9.50.J.9.1">
    <attr name="isRemoveAllowed">false</attr>
    <attr name="neighborCellRef">SubNetwork=ONRM_RootMo_R,MeContext=LTE01ERBS00034,ManagedElement=1,ENodeBFunction=1,EUtraNetwork=1,ExternalENodeBFunction=37,ExternalEUtranCellFDD=4</attr>
    <attr name="anrCreated">false</attr>
    <attr name="isHoAllowed">true</attr>
  </mo>
  <mo fdn="SubNetwork=ONRM_RootMo_R,MeContext=LTE01ERBS00034,ManagedElement=1,ENodeBFunction=1,EUtranCellFDD=LTE01ERBS00034-3,EUtranFreqRelation=1,EUtranCellRelation=14" lastModified="1287501650189" mimName="ERBS_NODE_MODEL" mimVersion="A.9.50.J.9.1">
    <attr name="isRemoveAllowed">false</attr>
    <attr name="neighborCellRef">SubNetwork=ONRM_RootMo_R,MeContext=LTE01ERBS00034,ManagedElement=1,ENodeBFunction=1,EUtraNetwork=1,ExternalENodeBFunction=39,ExternalEUtranCellFDD=3</attr>
    <attr name="anrCreated">false</attr>
    <attr name="isHoAllowed">true</attr>
  </mo>
  <mo fdn="SubNetwork=ONRM_RootMo_R,MeContext=LTE01ERBS00034,ManagedElement=1,ENodeBFunction=1,EUtranCellFDD=LTE01ERBS00034-3,EUtranFreqRelation=1,EUtranCellRelation=15" lastModified="1287501650207" mimName="ERBS_NODE_MODEL" mimVersion="A.9.50.J.9.1">
    <attr name="isRemoveAllowed">false</attr>
    <attr name="neighborCellRef">SubNetwork=ONRM_RootMo_R,MeContext=LTE01ERBS00034,ManagedElement=1,ENodeBFunction=1,EUtraNetwork=1,ExternalENodeBFunction=39,ExternalEUtranCellFDD=4</attr>
    <attr name="anrCreated">false</attr>
    <attr name="isHoAllowed">true</attr>
  </mo>
  <mo fdn="SubNetwork=ONRM_RootMo_R,MeContext=LTE01ERBS00034,ManagedElement=1,ENodeBFunction=1,EUtranCellFDD=LTE01ERBS00034-3,EUtranFreqRelation=1,EUtranCellRelation=18" lastModified="1287501650200" mimName="ERBS_NODE_MODEL" mimVersion="A.9.50.J.9.1">
    <attr name="isRemoveAllowed">false</attr>
    <attr name="neighborCellRef">SubNetwork=ONRM_RootMo_R,MeContext=LTE01ERBS00034,ManagedElement=1,ENodeBFunction=1,EUtraNetwork=1,ExternalENodeBFunction=41,ExternalEUtranCellFDD=3</attr>
    <attr name="anrCreated">false</attr>
    <attr name="isHoAllowed">true</attr>
  </mo>
  <mo fdn="SubNetwork=ONRM_RootMo_R,MeContext=LTE01ERBS00034,ManagedElement=1,ENodeBFunction=1,EUtranCellFDD=LTE01ERBS00034-3,EUtranFreqRelation=1,EUtranCellRelation=19" lastModified="1287501650198" mimName="ERBS_NODE_MODEL" mimVersion="A.9.50.J.9.1">
    <attr name="isRemoveAllowed">false</attr>
    <attr name="neighborCellRef">SubNetwork=ONRM_RootMo_R,MeContext=LTE01ERBS00034,ManagedElement=1,ENodeBFunction=1,EUtraNetwork=1,ExternalENodeBFunction=41,ExternalEUtranCellFDD=4</attr>
    <attr name="anrCreated">false</attr>
    <attr name="isHoAllowed">true</attr>
  </mo>
  <mo fdn="SubNetwork=ONRM_RootMo_R,MeContext=LTE01ERBS00034,ManagedElement=1,ENodeBFunction=1,EUtranCellFDD=LTE01ERBS00034-3,EUtranFreqRelation=1,EUtranCellRelation=22" lastModified="1287501650193" mimName="ERBS_NODE_MODEL" mimVersion="A.9.50.J.9.1">
    <attr name="isRemoveAllowed">false</attr>
    <attr name="neighborCellRef">SubNetwork=ONRM_RootMo_R,MeContext=LTE01ERBS00034,ManagedElement=1,ENodeBFunction=1,EUtraNetwork=1,ExternalENodeBFunction=43,ExternalEUtranCellFDD=3</attr>
    <attr name="anrCreated">false</attr>
    <attr name="isHoAllowed">true</attr>
  </mo>
  <mo fdn="SubNetwork=ONRM_RootMo_R,MeContext=LTE01ERBS00034,ManagedElement=1,ENodeBFunction=1,EUtranCellFDD=LTE01ERBS00034-3,EUtranFreqRelation=1,EUtranCellRelation=23" lastModified="1287501650190" mimName="ERBS_NODE_MODEL" mimVersion="A.9.50.J.9.1">
    <attr name="isRemoveAllowed">false</attr>
    <attr name="neighborCellRef">SubNetwork=ONRM_RootMo_R,MeContext=LTE01ERBS00034,ManagedElement=1,ENodeBFunction=1,EUtraNetwork=1,ExternalENodeBFunction=43,ExternalEUtranCellFDD=4</attr>
    <attr name="anrCreated">false</attr>
    <attr name="isHoAllowed">true</attr>
  </mo>
  <mo fdn="SubNetwork=ONRM_RootMo_R,MeContext=LTE01ERBS00034,ManagedElement=1,ENodeBFunction=1,EUtranCellFDD=LTE01ERBS00034-3,EUtranFreqRelation=1,EUtranCellRelation=26" lastModified="1287501650203" mimName="ERBS_NODE_MODEL" mimVersion="A.9.50.J.9.1">
    <attr name="isRemoveAllowed">false</attr>
    <attr name="neighborCellRef">SubNetwork=ONRM_RootMo_R,MeContext=LTE01ERBS00034,ManagedElement=1,ENodeBFunction=1,EUtraNetwork=1,ExternalENodeBFunction=45,ExternalEUtranCellFDD=3</attr>
    <attr name="anrCreated">false</attr>
    <attr name="isHoAllowed">true</attr>
  </mo>
  <mo fdn="SubNetwork=ONRM_RootMo_R,MeContext=LTE01ERBS00034,ManagedElement=1,ENodeBFunction=1,EUtranCellFDD=LTE01ERBS00034-3,EUtranFreqRelation=1,EUtranCellRelation=27" lastModified="1287501650201" mimName="ERBS_NODE_MODEL" mimVersion="A.9.50.J.9.1">
    <attr name="isRemoveAllowed">false</attr>
    <attr name="neighborCellRef">SubNetwork=ONRM_RootMo_R,MeContext=LTE01ERBS00034,ManagedElement=1,ENodeBFunction=1,EUtraNetwork=1,ExternalENodeBFunction=45,ExternalEUtranCellFDD=4</attr>
    <attr name="anrCreated">false</attr>
    <attr name="isHoAllowed">true</attr>
  </mo>
  <mo fdn="SubNetwork=ONRM_RootMo_R,MeContext=LTE01ERBS00034,ManagedElement=1,ENodeBFunction=1,EUtranCellFDD=LTE01ERBS00034-3,EUtranFreqRelation=1,EUtranCellRelation=30" lastModified="1287501650196" mimName="ERBS_NODE_MODEL" mimVersion="A.9.50.J.9.1">
    <attr name="isRemoveAllowed">false</attr>
    <attr name="neighborCellRef">SubNetwork=ONRM_RootMo_R,MeContext=LTE01ERBS00034,ManagedElement=1,ENodeBFunction=1,EUtraNetwork=1,ExternalENodeBFunction=47,ExternalEUtranCellFDD=3</attr>
    <attr name="anrCreated">false</attr>
    <attr name="isHoAllowed">true</attr>
  </mo>
  <mo fdn="SubNetwork=ONRM_RootMo_R,MeContext=LTE01ERBS00034,ManagedElement=1,ENodeBFunction=1,EUtranCellFDD=LTE01ERBS00034-3,EUtranFreqRelation=1,EUtranCellRelation=31" lastModified="1287501650195" mimName="ERBS_NODE_MODEL" mimVersion="A.9.50.J.9.1">
    <attr name="isRemoveAllowed">false</attr>
    <attr name="neighborCellRef">SubNetwork=ONRM_RootMo_R,MeContext=LTE01ERBS00034,ManagedElement=1,ENodeBFunction=1,EUtraNetwork=1,ExternalENodeBFunction=47,ExternalEUtranCellFDD=4</attr>
    <attr name="anrCreated">false</attr>
    <attr name="isHoAllowed">true</attr>
  </mo>
  <mo fdn="SubNetwork=ONRM_RootMo_R,MeContext=LTE01ERBS00034,ManagedElement=1,ENodeBFunction=1,EUtranCellFDD=LTE01ERBS00034-3,EUtranFreqRelation=1,EUtranCellRelation=4" lastModified="1287501650205" mimName="ERBS_NODE_MODEL" mimVersion="A.9.50.J.9.1">
    <attr name="isRemoveAllowed">false</attr>
    <attr name="neighborCellRef">SubNetwork=ONRM_RootMo_R,MeContext=LTE01ERBS00034,ManagedElement=1,ENodeBFunction=1,EUtraNetwork=1,ExternalENodeBFunction=33,ExternalEUtranCellFDD=3</attr>
    <attr name="anrCreated">false</attr>
    <attr name="isHoAllowed">true</attr>
  </mo>
  <mo fdn="SubNetwork=ONRM_RootMo_R,MeContext=LTE01ERBS00034,ManagedElement=1,ENodeBFunction=1,EUtranCellFDD=LTE01ERBS00034-3,EUtranFreqRelation=1,EUtranCellRelation=5" lastModified="1287501650207" mimName="ERBS_NODE_MODEL" mimVersion="A.9.50.J.9.1">
    <attr name="isRemoveAllowed">false</attr>
    <attr name="neighborCellRef">SubNetwork=ONRM_RootMo_R,MeContext=LTE01ERBS00034,ManagedElement=1,ENodeBFunction=1,EUtraNetwork=1,ExternalENodeBFunction=33,ExternalEUtranCellFDD=4</attr>
    <attr name="anrCreated">false</attr>
    <attr name="isHoAllowed">true</attr>
  </mo>
  <mo fdn="SubNetwork=ONRM_RootMo_R,MeContext=LTE01ERBS00034,ManagedElement=1,ENodeBFunction=1,EUtranCellFDD=LTE01ERBS00034-3,EUtranFreqRelation=1,EUtranCellRelation=6" lastModified="1287501650199" mimName="ERBS_NODE_MODEL" mimVersion="A.9.50.J.9.1">
    <attr name="isRemoveAllowed">false</attr>
    <attr name="neighborCellRef">SubNetwork=ONRM_RootMo_R,MeContext=LTE01ERBS00034,ManagedElement=1,ENodeBFunction=1,EUtraNetwork=1,ExternalENodeBFunction=35,ExternalEUtranCellFDD=3</attr>
    <attr name="anrCreated">false</attr>
    <attr name="isHoAllowed">true</attr>
  </mo>
  <mo fdn="SubNetwork=ONRM_RootMo_R,MeContext=LTE01ERBS00034,ManagedElement=1,ENodeBFunction=1,EUtranCellFDD=LTE01ERBS00034-3,EUtranFreqRelation=1,EUtranCellRelation=7" lastModified="1287501650202" mimName="ERBS_NODE_MODEL" mimVersion="A.9.50.J.9.1">
    <attr name="isRemoveAllowed">false</attr>
    <attr name="neighborCellRef">SubNetwork=ONRM_RootMo_R,MeContext=LTE01ERBS00034,ManagedElement=1,ENodeBFunction=1,EUtraNetwork=1,ExternalENodeBFunction=35,ExternalEUtranCellFDD=4</attr>
    <attr name="anrCreated">false</attr>
    <attr name="isHoAllowed">true</attr>
  </mo>
  <mo fdn="SubNetwork=ONRM_RootMo_R,MeContext=LTE01ERBS00034,ManagedElement=1,ENodeBFunction=1,EUtranCellFDD=LTE01ERBS00034-3,EUtranFreqRelation=2,EUtranCellRelation=1" lastModified="1287501169093" mimName="ERBS_NODE_MODEL" mimVersion="A.9.50.J.9.1">
    <attr name="isRemoveAllowed">false</attr>
    <attr name="neighborCellRef">SubNetwork=ONRM_RootMo_R,MeContext=LTE01ERBS00034,ManagedElement=1,ENodeBFunction=1,EUtranCellFDD=LTE01ERBS00034-1</attr>
    <attr name="anrCreated">false</attr>
    <attr name="isHoAllowed">true</attr>
  </mo>
  <mo fdn="SubNetwork=ONRM_RootMo_R,MeContext=LTE01ERBS00034,ManagedElement=1,ENodeBFunction=1,EUtranCellFDD=LTE01ERBS00034-3,EUtranFreqRelation=2,EUtranCellRelation=12" lastModified="1287501650170" mimName="ERBS_NODE_MODEL" mimVersion="A.9.50.J.9.1">
    <attr name="isRemoveAllowed">false</attr>
    <attr name="neighborCellRef">SubNetwork=ONRM_RootMo_R,MeContext=LTE01ERBS00034,ManagedElement=1,ENodeBFunction=1,EUtraNetwork=1,ExternalENodeBFunction=38,ExternalEUtranCellFDD=3</attr>
    <attr name="anrCreated">false</attr>
    <attr name="isHoAllowed">true</attr>
  </mo>
  <mo fdn="SubNetwork=ONRM_RootMo_R,MeContext=LTE01ERBS00034,ManagedElement=1,ENodeBFunction=1,EUtranCellFDD=LTE01ERBS00034-3,EUtranFreqRelation=2,EUtranCellRelation=13" lastModified="1287501650165" mimName="ERBS_NODE_MODEL" mimVersion="A.9.50.J.9.1">
    <attr name="isRemoveAllowed">false</attr>
    <attr name="neighborCellRef">SubNetwork=ONRM_RootMo_R,MeContext=LTE01ERBS00034,ManagedElement=1,ENodeBFunction=1,EUtraNetwork=1,ExternalENodeBFunction=38,ExternalEUtranCellFDD=4</attr>
    <attr name="anrCreated">false</attr>
    <attr name="isHoAllowed">true</attr>
  </mo>
  <mo fdn="SubNetwork=ONRM_RootMo_R,MeContext=LTE01ERBS00034,ManagedElement=1,ENodeBFunction=1,EUtranCellFDD=LTE01ERBS00034-3,EUtranFreqRelation=2,EUtranCellRelation=16" lastModified="1287501650185" mimName="ERBS_NODE_MODEL" mimVersion="A.9.50.J.9.1">
    <attr name="isRemoveAllowed">false</attr>
    <attr name="neighborCellRef">SubNetwork=ONRM_RootMo_R,MeContext=LTE01ERBS00034,ManagedElement=1,ENodeBFunction=1,EUtraNetwork=1,ExternalENodeBFunction=40,ExternalEUtranCellFDD=3</attr>
    <attr name="anrCreated">false</attr>
    <attr name="isHoAllowed">true</attr>
  </mo>
  <mo fdn="SubNetwork=ONRM_RootMo_R,MeContext=LTE01ERBS00034,ManagedElement=1,ENodeBFunction=1,EUtranCellFDD=LTE01ERBS00034-3,EUtranFreqRelation=2,EUtranCellRelation=17" lastModified="1287501650183" mimName="ERBS_NODE_MODEL" mimVersion="A.9.50.J.9.1">
    <attr name="isRemoveAllowed">false</attr>
    <attr name="neighborCellRef">SubNetwork=ONRM_RootMo_R,MeContext=LTE01ERBS00034,ManagedElement=1,ENodeBFunction=1,EUtraNetwork=1,ExternalENodeBFunction=40,ExternalEUtranCellFDD=4</attr>
    <attr name="anrCreated">false</attr>
    <attr name="isHoAllowed">true</attr>
  </mo>
  <mo fdn="SubNetwork=ONRM_RootMo_R,MeContext=LTE01ERBS00034,ManagedElement=1,ENodeBFunction=1,EUtranCellFDD=LTE01ERBS00034-3,EUtranFreqRelation=2,EUtranCellRelation=2" lastModified="1287501169087" mimName="ERBS_NODE_MODEL" mimVersion="A.9.50.J.9.1">
    <attr name="isRemoveAllowed">false</attr>
    <attr name="neighborCellRef">SubNetwork=ONRM_RootMo_R,MeContext=LTE01ERBS00034,ManagedElement=1,ENodeBFunction=1,EUtranCellFDD=LTE01ERBS00034-2</attr>
    <attr name="anrCreated">false</attr>
    <attr name="isHoAllowed">true</attr>
  </mo>
  <mo fdn="SubNetwork=ONRM_RootMo_R,MeContext=LTE01ERBS00034,ManagedElement=1,ENodeBFunction=1,EUtranCellFDD=LTE01ERBS00034-3,EUtranFreqRelation=2,EUtranCellRelation=20" lastModified="1287501650176" mimName="ERBS_NODE_MODEL" mimVersion="A.9.50.J.9.1">
    <attr name="isRemoveAllowed">false</attr>
    <attr name="neighborCellRef">SubNetwork=ONRM_RootMo_R,MeContext=LTE01ERBS00034,ManagedElement=1,ENodeBFunction=1,EUtraNetwork=1,ExternalENodeBFunction=42,ExternalEUtranCellFDD=3</attr>
    <attr name="anrCreated">false</attr>
    <attr name="isHoAllowed">true</attr>
  </mo>
  <mo fdn="SubNetwork=ONRM_RootMo_R,MeContext=LTE01ERBS00034,ManagedElement=1,ENodeBFunction=1,EUtranCellFDD=LTE01ERBS00034-3,EUtranFreqRelation=2,EUtranCellRelation=21" lastModified="1287501650174" mimName="ERBS_NODE_MODEL" mimVersion="A.9.50.J.9.1">
    <attr name="isRemoveAllowed">false</attr>
    <attr name="neighborCellRef">SubNetwork=ONRM_RootMo_R,MeContext=LTE01ERBS00034,ManagedElement=1,ENodeBFunction=1,EUtraNetwork=1,ExternalENodeBFunction=42,ExternalEUtranCellFDD=4</attr>
    <attr name="anrCreated">false</attr>
    <attr name="isHoAllowed">true</attr>
  </mo>
  <mo fdn="SubNetwork=ONRM_RootMo_R,MeContext=LTE01ERBS00034,ManagedElement=1,ENodeBFunction=1,EUtranCellFDD=LTE01ERBS00034-3,EUtranFreqRelation=2,EUtranCellRelation=24" lastModified="1287501650173" mimName="ERBS_NODE_MODEL" mimVersion="A.9.50.J.9.1">
    <attr name="isRemoveAllowed">false</attr>
    <attr name="neighborCellRef">SubNetwork=ONRM_RootMo_R,MeContext=LTE01ERBS00034,ManagedElement=1,ENodeBFunction=1,EUtraNetwork=1,ExternalENodeBFunction=44,ExternalEUtranCellFDD=3</attr>
    <attr name="anrCreated">false</attr>
    <attr name="isHoAllowed">true</attr>
  </mo>
  <mo fdn="SubNetwork=ONRM_RootMo_R,MeContext=LTE01ERBS00034,ManagedElement=1,ENodeBFunction=1,EUtranCellFDD=LTE01ERBS00034-3,EUtranFreqRelation=2,EUtranCellRelation=25" lastModified="1287501650167" mimName="ERBS_NODE_MODEL" mimVersion="A.9.50.J.9.1">
    <attr name="isRemoveAllowed">false</attr>
    <attr name="neighborCellRef">SubNetwork=ONRM_RootMo_R,MeContext=LTE01ERBS00034,ManagedElement=1,ENodeBFunction=1,EUtraNetwork=1,ExternalENodeBFunction=44,ExternalEUtranCellFDD=4</attr>
    <attr name="anrCreated">false</attr>
    <attr name="isHoAllowed">true</attr>
  </mo>
  <mo fdn="SubNetwork=ONRM_RootMo_R,MeContext=LTE01ERBS00034,ManagedElement=1,ENodeBFunction=1,EUtranCellFDD=LTE01ERBS00034-3,EUtranFreqRelation=2,EUtranCellRelation=28" lastModified="1287501650186" mimName="ERBS_NODE_MODEL" mimVersion="A.9.50.J.9.1">
    <attr name="isRemoveAllowed">false</attr>
    <attr name="neighborCellRef">SubNetwork=ONRM_RootMo_R,MeContext=LTE01ERBS00034,ManagedElement=1,ENodeBFunction=1,EUtraNetwork=1,ExternalENodeBFunction=46,ExternalEUtranCellFDD=3</attr>
    <attr name="anrCreated">false</attr>
    <attr name="isHoAllowed">true</attr>
  </mo>
  <mo fdn="SubNetwork=ONRM_RootMo_R,MeContext=LTE01ERBS00034,ManagedElement=1,ENodeBFunction=1,EUtranCellFDD=LTE01ERBS00034-3,EUtranFreqRelation=2,EUtranCellRelation=29" lastModified="1287501650184" mimName="ERBS_NODE_MODEL" mimVersion="A.9.50.J.9.1">
    <attr name="isRemoveAllowed">false</attr>
    <attr name="neighborCellRef">SubNetwork=ONRM_RootMo_R,MeContext=LTE01ERBS00034,ManagedElement=1,ENodeBFunction=1,EUtraNetwork=1,ExternalENodeBFunction=46,ExternalEUtranCellFDD=4</attr>
    <attr name="anrCreated">false</attr>
    <attr name="isHoAllowed">true</attr>
  </mo>
  <mo fdn="SubNetwork=ONRM_RootMo_R,MeContext=LTE01ERBS00034,ManagedElement=1,ENodeBFunction=1,EUtranCellFDD=LTE01ERBS00034-3,EUtranFreqRelation=2,EUtranCellRelation=3" lastModified="1287501169079" mimName="ERBS_NODE_MODEL" mimVersion="A.9.50.J.9.1">
    <attr name="isRemoveAllowed">false</attr>
    <attr name="neighborCellRef">SubNetwork=ONRM_RootMo_R,MeContext=LTE01ERBS00034,ManagedElement=1,ENodeBFunction=1,EUtranCellFDD=LTE01ERBS00034-4</attr>
    <attr name="anrCreated">false</attr>
    <attr name="isHoAllowed">true</attr>
  </mo>
  <mo fdn="SubNetwork=ONRM_RootMo_R,MeContext=LTE01ERBS00034,ManagedElement=1,ENodeBFunction=1,EUtranCellFDD=LTE01ERBS00034-3,EUtranFreqRelation=2,EUtranCellRelation=32" lastModified="1287501650148" mimName="ERBS_NODE_MODEL" mimVersion="A.9.50.J.9.1">
    <attr name="isRemoveAllowed">false</attr>
    <attr name="neighborCellRef">SubNetwork=ONRM_RootMo_R,MeContext=LTE01ERBS00034,ManagedElement=1,ENodeBFunction=1,EUtraNetwork=1,ExternalENodeBFunction=48,ExternalEUtranCellFDD=3</attr>
    <attr name="anrCreated">false</attr>
    <attr name="isHoAllowed">true</attr>
  </mo>
  <mo fdn="SubNetwork=ONRM_RootMo_R,MeContext=LTE01ERBS00034,ManagedElement=1,ENodeBFunction=1,EUtranCellFDD=LTE01ERBS00034-3,EUtranFreqRelation=2,EUtranCellRelation=33" lastModified="1287501650177" mimName="ERBS_NODE_MODEL" mimVersion="A.9.50.J.9.1">
    <attr name="isRemoveAllowed">false</attr>
    <attr name="neighborCellRef">SubNetwork=ONRM_RootMo_R,MeContext=LTE01ERBS00034,ManagedElement=1,ENodeBFunction=1,EUtraNetwork=1,ExternalENodeBFunction=48,ExternalEUtranCellFDD=4</attr>
    <attr name="anrCreated">false</attr>
    <attr name="isHoAllowed">true</attr>
  </mo>
  <mo fdn="SubNetwork=ONRM_RootMo_R,MeContext=LTE01ERBS00034,ManagedElement=1,ENodeBFunction=1,EUtranCellFDD=LTE01ERBS00034-3,EUtranFreqRelation=2,EUtranCellRelation=8" lastModified="1287501650179" mimName="ERBS_NODE_MODEL" mimVersion="A.9.50.J.9.1">
    <attr name="isRemoveAllowed">false</attr>
    <attr name="neighborCellRef">SubNetwork=ONRM_RootMo_R,MeContext=LTE01ERBS00034,ManagedElement=1,ENodeBFunction=1,EUtraNetwork=1,ExternalENodeBFunction=36,ExternalEUtranCellFDD=3</attr>
    <attr name="anrCreated">false</attr>
    <attr name="isHoAllowed">true</attr>
  </mo>
  <mo fdn="SubNetwork=ONRM_RootMo_R,MeContext=LTE01ERBS00034,ManagedElement=1,ENodeBFunction=1,EUtranCellFDD=LTE01ERBS00034-3,EUtranFreqRelation=2,EUtranCellRelation=9" lastModified="1287501650180" mimName="ERBS_NODE_MODEL" mimVersion="A.9.50.J.9.1">
    <attr name="isRemoveAllowed">false</attr>
    <attr name="neighborCellRef">SubNetwork=ONRM_RootMo_R,MeContext=LTE01ERBS00034,ManagedElement=1,ENodeBFunction=1,EUtraNetwork=1,ExternalENodeBFunction=36,ExternalEUtranCellFDD=4</attr>
    <attr name="anrCreated">false</attr>
    <attr name="isHoAllowed">true</attr>
  </mo>
  <mo fdn="SubNetwork=ONRM_RootMo_R,MeContext=LTE01ERBS00034,ManagedElement=1,ENodeBFunction=1,EUtranCellFDD=LTE01ERBS00034-4" lastModified="1287512089786" mimName="ERBS_NODE_MODEL" mimVersion="A.9.50.J.9.1">
    <attr name="EUtranCellFDDId">LTE01ERBS00034-4</attr>
    <attr name="earfcnul">18000</attr>
    <attr name="cellId">4</attr>
    <attr name="tac">1</attr>
    <attr name="bPlmnList">
      <seq count="1">
        <item>
          <struct>
            <attr name="mcc">311</attr>
            <attr name="mnc">480</attr>
            <attr name="mncLength">2</attr>
          </struct>
        </item>
      </seq>
    </attr>
    <attr name="earfcndl">0</attr>
    <attr name="userLabel">LTE01ERBS00034-4</attr>
  </mo>
  <mo fdn="SubNetwork=ONRM_RootMo_R,MeContext=LTE01ERBS00034,ManagedElement=1,ENodeBFunction=1,EUtranCellFDD=LTE01ERBS00034-4,EUtranFreqRelation=1,EUtranCellRelation=10" lastModified="1287501649630" mimName="ERBS_NODE_MODEL" mimVersion="A.9.50.J.9.1">
    <attr name="isRemoveAllowed">false</attr>
    <attr name="neighborCellRef">SubNetwork=ONRM_RootMo_R,MeContext=LTE01ERBS00034,ManagedElement=1,ENodeBFunction=1,EUtraNetwork=1,ExternalENodeBFunction=37,ExternalEUtranCellFDD=3</attr>
    <attr name="anrCreated">false</attr>
    <attr name="isHoAllowed">true</attr>
  </mo>
  <mo fdn="SubNetwork=ONRM_RootMo_R,MeContext=LTE01ERBS00034,ManagedElement=1,ENodeBFunction=1,EUtranCellFDD=LTE01ERBS00034-4,EUtranFreqRelation=1,EUtranCellRelation=11" lastModified="1287501649629" mimName="ERBS_NODE_MODEL" mimVersion="A.9.50.J.9.1">
    <attr name="isRemoveAllowed">false</attr>
    <attr name="neighborCellRef">SubNetwork=ONRM_RootMo_R,MeContext=LTE01ERBS00034,ManagedElement=1,ENodeBFunction=1,EUtraNetwork=1,ExternalENodeBFunction=37,ExternalEUtranCellFDD=4</attr>
    <attr name="anrCreated">false</attr>
    <attr name="isHoAllowed">true</attr>
  </mo>
  <mo fdn="SubNetwork=ONRM_RootMo_R,MeContext=LTE01ERBS00034,ManagedElement=1,ENodeBFunction=1,EUtranCellFDD=LTE01ERBS00034-4,EUtranFreqRelation=1,EUtranCellRelation=14" lastModified="1287501649623" mimName="ERBS_NODE_MODEL" mimVersion="A.9.50.J.9.1">
    <attr name="isRemoveAllowed">false</attr>
    <attr name="neighborCellRef">SubNetwork=ONRM_RootMo_R,MeContext=LTE01ERBS00034,ManagedElement=1,ENodeBFunction=1,EUtraNetwork=1,ExternalENodeBFunction=39,ExternalEUtranCellFDD=3</attr>
    <attr name="anrCreated">false</attr>
    <attr name="isHoAllowed">true</attr>
  </mo>
  <mo fdn="SubNetwork=ONRM_RootMo_R,MeContext=LTE01ERBS00034,ManagedElement=1,ENodeBFunction=1,EUtranCellFDD=LTE01ERBS00034-4,EUtranFreqRelation=1,EUtranCellRelation=15" lastModified="1287501649638" mimName="ERBS_NODE_MODEL" mimVersion="A.9.50.J.9.1">
    <attr name="isRemoveAllowed">false</attr>
    <attr name="neighborCellRef">SubNetwork=ONRM_RootMo_R,MeContext=LTE01ERBS00034,ManagedElement=1,ENodeBFunction=1,EUtraNetwork=1,ExternalENodeBFunction=39,ExternalEUtranCellFDD=4</attr>
    <attr name="anrCreated">false</attr>
    <attr name="isHoAllowed">true</attr>
  </mo>
  <mo fdn="SubNetwork=ONRM_RootMo_R,MeContext=LTE01ERBS00034,ManagedElement=1,ENodeBFunction=1,EUtranCellFDD=LTE01ERBS00034-4,EUtranFreqRelation=1,EUtranCellRelation=18" lastModified="1287501649633" mimName="ERBS_NODE_MODEL" mimVersion="A.9.50.J.9.1">
    <attr name="isRemoveAllowed">false</attr>
    <attr name="neighborCellRef">SubNetwork=ONRM_RootMo_R,MeContext=LTE01ERBS00034,ManagedElement=1,ENodeBFunction=1,EUtraNetwork=1,ExternalENodeBFunction=41,ExternalEUtranCellFDD=3</attr>
    <attr name="anrCreated">false</attr>
    <attr name="isHoAllowed">true</attr>
  </mo>
  <mo fdn="SubNetwork=ONRM_RootMo_R,MeContext=LTE01ERBS00034,ManagedElement=1,ENodeBFunction=1,EUtranCellFDD=LTE01ERBS00034-4,EUtranFreqRelation=1,EUtranCellRelation=19" lastModified="1287501649631" mimName="ERBS_NODE_MODEL" mimVersion="A.9.50.J.9.1">
    <attr name="isRemoveAllowed">false</attr>
    <attr name="neighborCellRef">SubNetwork=ONRM_RootMo_R,MeContext=LTE01ERBS00034,ManagedElement=1,ENodeBFunction=1,EUtraNetwork=1,ExternalENodeBFunction=41,ExternalEUtranCellFDD=4</attr>
    <attr name="anrCreated">false</attr>
    <attr name="isHoAllowed">true</attr>
  </mo>
  <mo fdn="SubNetwork=ONRM_RootMo_R,MeContext=LTE01ERBS00034,ManagedElement=1,ENodeBFunction=1,EUtranCellFDD=LTE01ERBS00034-4,EUtranFreqRelation=1,EUtranCellRelation=22" lastModified="1287501649626" mimName="ERBS_NODE_MODEL" mimVersion="A.9.50.J.9.1">
    <attr name="isRemoveAllowed">false</attr>
    <attr name="neighborCellRef">SubNetwork=ONRM_RootMo_R,MeContext=LTE01ERBS00034,ManagedElement=1,ENodeBFunction=1,EUtraNetwork=1,ExternalENodeBFunction=43,ExternalEUtranCellFDD=3</attr>
    <attr name="anrCreated">false</attr>
    <attr name="isHoAllowed">true</attr>
  </mo>
  <mo fdn="SubNetwork=ONRM_RootMo_R,MeContext=LTE01ERBS00034,ManagedElement=1,ENodeBFunction=1,EUtranCellFDD=LTE01ERBS00034-4,EUtranFreqRelation=1,EUtranCellRelation=23" lastModified="1287501649624" mimName="ERBS_NODE_MODEL" mimVersion="A.9.50.J.9.1">
    <attr name="isRemoveAllowed">false</attr>
    <attr name="neighborCellRef">SubNetwork=ONRM_RootMo_R,MeContext=LTE01ERBS00034,ManagedElement=1,ENodeBFunction=1,EUtraNetwork=1,ExternalENodeBFunction=43,ExternalEUtranCellFDD=4</attr>
    <attr name="anrCreated">false</attr>
    <attr name="isHoAllowed">true</attr>
  </mo>
  <mo fdn="SubNetwork=ONRM_RootMo_R,MeContext=LTE01ERBS00034,ManagedElement=1,ENodeBFunction=1,EUtranCellFDD=LTE01ERBS00034-4,EUtranFreqRelation=1,EUtranCellRelation=26" lastModified="1287501649636" mimName="ERBS_NODE_MODEL" mimVersion="A.9.50.J.9.1">
    <attr name="isRemoveAllowed">false</attr>
    <attr name="neighborCellRef">SubNetwork=ONRM_RootMo_R,MeContext=LTE01ERBS00034,ManagedElement=1,ENodeBFunction=1,EUtraNetwork=1,ExternalENodeBFunction=45,ExternalEUtranCellFDD=3</attr>
    <attr name="anrCreated">false</attr>
    <attr name="isHoAllowed">true</attr>
  </mo>
  <mo fdn="SubNetwork=ONRM_RootMo_R,MeContext=LTE01ERBS00034,ManagedElement=1,ENodeBFunction=1,EUtranCellFDD=LTE01ERBS00034-4,EUtranFreqRelation=1,EUtranCellRelation=27" lastModified="1287501649634" mimName="ERBS_NODE_MODEL" mimVersion="A.9.50.J.9.1">
    <attr name="isRemoveAllowed">false</attr>
    <attr name="neighborCellRef">SubNetwork=ONRM_RootMo_R,MeContext=LTE01ERBS00034,ManagedElement=1,ENodeBFunction=1,EUtraNetwork=1,ExternalENodeBFunction=45,ExternalEUtranCellFDD=4</attr>
    <attr name="anrCreated">false</attr>
    <attr name="isHoAllowed">true</attr>
  </mo>
  <mo fdn="SubNetwork=ONRM_RootMo_R,MeContext=LTE01ERBS00034,ManagedElement=1,ENodeBFunction=1,EUtranCellFDD=LTE01ERBS00034-4,EUtranFreqRelation=1,EUtranCellRelation=30" lastModified="1287501649628" mimName="ERBS_NODE_MODEL" mimVersion="A.9.50.J.9.1">
    <attr name="isRemoveAllowed">false</attr>
    <attr name="neighborCellRef">SubNetwork=ONRM_RootMo_R,MeContext=LTE01ERBS00034,ManagedElement=1,ENodeBFunction=1,EUtraNetwork=1,ExternalENodeBFunction=47,ExternalEUtranCellFDD=3</attr>
    <attr name="anrCreated">false</attr>
    <attr name="isHoAllowed">true</attr>
  </mo>
  <mo fdn="SubNetwork=ONRM_RootMo_R,MeContext=LTE01ERBS00034,ManagedElement=1,ENodeBFunction=1,EUtranCellFDD=LTE01ERBS00034-4,EUtranFreqRelation=1,EUtranCellRelation=31" lastModified="1287501649627" mimName="ERBS_NODE_MODEL" mimVersion="A.9.50.J.9.1">
    <attr name="isRemoveAllowed">false</attr>
    <attr name="neighborCellRef">SubNetwork=ONRM_RootMo_R,MeContext=LTE01ERBS00034,ManagedElement=1,ENodeBFunction=1,EUtraNetwork=1,ExternalENodeBFunction=47,ExternalEUtranCellFDD=4</attr>
    <attr name="anrCreated">false</attr>
    <attr name="isHoAllowed">true</attr>
  </mo>
  <mo fdn="SubNetwork=ONRM_RootMo_R,MeContext=LTE01ERBS00034,ManagedElement=1,ENodeBFunction=1,EUtranCellFDD=LTE01ERBS00034-4,EUtranFreqRelation=1,EUtranCellRelation=4" lastModified="1287501649637" mimName="ERBS_NODE_MODEL" mimVersion="A.9.50.J.9.1">
    <attr name="isRemoveAllowed">false</attr>
    <attr name="neighborCellRef">SubNetwork=ONRM_RootMo_R,MeContext=LTE01ERBS00034,ManagedElement=1,ENodeBFunction=1,EUtraNetwork=1,ExternalENodeBFunction=33,ExternalEUtranCellFDD=3</attr>
    <attr name="anrCreated">false</attr>
    <attr name="isHoAllowed">true</attr>
  </mo>
  <mo fdn="SubNetwork=ONRM_RootMo_R,MeContext=LTE01ERBS00034,ManagedElement=1,ENodeBFunction=1,EUtranCellFDD=LTE01ERBS00034-4,EUtranFreqRelation=1,EUtranCellRelation=5" lastModified="1287501649639" mimName="ERBS_NODE_MODEL" mimVersion="A.9.50.J.9.1">
    <attr name="isRemoveAllowed">false</attr>
    <attr name="neighborCellRef">SubNetwork=ONRM_RootMo_R,MeContext=LTE01ERBS00034,ManagedElement=1,ENodeBFunction=1,EUtraNetwork=1,ExternalENodeBFunction=33,ExternalEUtranCellFDD=4</attr>
    <attr name="anrCreated">false</attr>
    <attr name="isHoAllowed">true</attr>
  </mo>
  <mo fdn="SubNetwork=ONRM_RootMo_R,MeContext=LTE01ERBS00034,ManagedElement=1,ENodeBFunction=1,EUtranCellFDD=LTE01ERBS00034-4,EUtranFreqRelation=1,EUtranCellRelation=6" lastModified="1287501649632" mimName="ERBS_NODE_MODEL" mimVersion="A.9.50.J.9.1">
    <attr name="isRemoveAllowed">false</attr>
    <attr name="neighborCellRef">SubNetwork=ONRM_RootMo_R,MeContext=LTE01ERBS00034,ManagedElement=1,ENodeBFunction=1,EUtraNetwork=1,ExternalENodeBFunction=35,ExternalEUtranCellFDD=3</attr>
    <attr name="anrCreated">false</attr>
    <attr name="isHoAllowed">true</attr>
  </mo>
  <mo fdn="SubNetwork=ONRM_RootMo_R,MeContext=LTE01ERBS00034,ManagedElement=1,ENodeBFunction=1,EUtranCellFDD=LTE01ERBS00034-4,EUtranFreqRelation=1,EUtranCellRelation=7" lastModified="1287501649635" mimName="ERBS_NODE_MODEL" mimVersion="A.9.50.J.9.1">
    <attr name="isRemoveAllowed">false</attr>
    <attr name="neighborCellRef">SubNetwork=ONRM_RootMo_R,MeContext=LTE01ERBS00034,ManagedElement=1,ENodeBFunction=1,EUtraNetwork=1,ExternalENodeBFunction=35,ExternalEUtranCellFDD=4</attr>
    <attr name="anrCreated">false</attr>
    <attr name="isHoAllowed">true</attr>
  </mo>
  <mo fdn="SubNetwork=ONRM_RootMo_R,MeContext=LTE01ERBS00034,ManagedElement=1,ENodeBFunction=1,EUtranCellFDD=LTE01ERBS00034-4,EUtranFreqRelation=2,EUtranCellRelation=1" lastModified="1287501168950" mimName="ERBS_NODE_MODEL" mimVersion="A.9.50.J.9.1">
    <attr name="isRemoveAllowed">false</attr>
    <attr name="neighborCellRef">SubNetwork=ONRM_RootMo_R,MeContext=LTE01ERBS00034,ManagedElement=1,ENodeBFunction=1,EUtranCellFDD=LTE01ERBS00034-1</attr>
    <attr name="anrCreated">false</attr>
    <attr name="isHoAllowed">true</attr>
  </mo>
  <mo fdn="SubNetwork=ONRM_RootMo_R,MeContext=LTE01ERBS00034,ManagedElement=1,ENodeBFunction=1,EUtranCellFDD=LTE01ERBS00034-4,EUtranFreqRelation=2,EUtranCellRelation=12" lastModified="1287501649597" mimName="ERBS_NODE_MODEL" mimVersion="A.9.50.J.9.1">
    <attr name="isRemoveAllowed">false</attr>
    <attr name="neighborCellRef">SubNetwork=ONRM_RootMo_R,MeContext=LTE01ERBS00034,ManagedElement=1,ENodeBFunction=1,EUtraNetwork=1,ExternalENodeBFunction=38,ExternalEUtranCellFDD=3</attr>
    <attr name="anrCreated">false</attr>
    <attr name="isHoAllowed">true</attr>
  </mo>
  <mo fdn="SubNetwork=ONRM_RootMo_R,MeContext=LTE01ERBS00034,ManagedElement=1,ENodeBFunction=1,EUtranCellFDD=LTE01ERBS00034-4,EUtranFreqRelation=2,EUtranCellRelation=13" lastModified="1287501649592" mimName="ERBS_NODE_MODEL" mimVersion="A.9.50.J.9.1">
    <attr name="isRemoveAllowed">false</attr>
    <attr name="neighborCellRef">SubNetwork=ONRM_RootMo_R,MeContext=LTE01ERBS00034,ManagedElement=1,ENodeBFunction=1,EUtraNetwork=1,ExternalENodeBFunction=38,ExternalEUtranCellFDD=4</attr>
    <attr name="anrCreated">false</attr>
    <attr name="isHoAllowed">true</attr>
  </mo>
  <mo fdn="SubNetwork=ONRM_RootMo_R,MeContext=LTE01ERBS00034,ManagedElement=1,ENodeBFunction=1,EUtranCellFDD=LTE01ERBS00034-4,EUtranFreqRelation=2,EUtranCellRelation=16" lastModified="1287501649614" mimName="ERBS_NODE_MODEL" mimVersion="A.9.50.J.9.1">
    <attr name="isRemoveAllowed">false</attr>
    <attr name="neighborCellRef">SubNetwork=ONRM_RootMo_R,MeContext=LTE01ERBS00034,ManagedElement=1,ENodeBFunction=1,EUtraNetwork=1,ExternalENodeBFunction=40,ExternalEUtranCellFDD=3</attr>
    <attr name="anrCreated">false</attr>
    <attr name="isHoAllowed">true</attr>
  </mo>
  <mo fdn="SubNetwork=ONRM_RootMo_R,MeContext=LTE01ERBS00034,ManagedElement=1,ENodeBFunction=1,EUtranCellFDD=LTE01ERBS00034-4,EUtranFreqRelation=2,EUtranCellRelation=17" lastModified="1287501649611" mimName="ERBS_NODE_MODEL" mimVersion="A.9.50.J.9.1">
    <attr name="isRemoveAllowed">false</attr>
    <attr name="neighborCellRef">SubNetwork=ONRM_RootMo_R,MeContext=LTE01ERBS00034,ManagedElement=1,ENodeBFunction=1,EUtraNetwork=1,ExternalENodeBFunction=40,ExternalEUtranCellFDD=4</attr>
    <attr name="anrCreated">false</attr>
    <attr name="isHoAllowed">true</attr>
  </mo>
  <mo fdn="SubNetwork=ONRM_RootMo_R,MeContext=LTE01ERBS00034,ManagedElement=1,ENodeBFunction=1,EUtranCellFDD=LTE01ERBS00034-4,EUtranFreqRelation=2,EUtranCellRelation=2" lastModified="1287501168936" mimName="ERBS_NODE_MODEL" mimVersion="A.9.50.J.9.1">
    <attr name="isRemoveAllowed">false</attr>
    <attr name="neighborCellRef">SubNetwork=ONRM_RootMo_R,MeContext=LTE01ERBS00034,ManagedElement=1,ENodeBFunction=1,EUtranCellFDD=LTE01ERBS00034-2</attr>
    <attr name="anrCreated">false</attr>
    <attr name="isHoAllowed">true</attr>
  </mo>
  <mo fdn="SubNetwork=ONRM_RootMo_R,MeContext=LTE01ERBS00034,ManagedElement=1,ENodeBFunction=1,EUtranCellFDD=LTE01ERBS00034-4,EUtranFreqRelation=2,EUtranCellRelation=20" lastModified="1287501649605" mimName="ERBS_NODE_MODEL" mimVersion="A.9.50.J.9.1">
    <attr name="isRemoveAllowed">false</attr>
    <attr name="neighborCellRef">SubNetwork=ONRM_RootMo_R,MeContext=LTE01ERBS00034,ManagedElement=1,ENodeBFunction=1,EUtraNetwork=1,ExternalENodeBFunction=42,ExternalEUtranCellFDD=3</attr>
    <attr name="anrCreated">false</attr>
    <attr name="isHoAllowed">true</attr>
  </mo>
  <mo fdn="SubNetwork=ONRM_RootMo_R,MeContext=LTE01ERBS00034,ManagedElement=1,ENodeBFunction=1,EUtranCellFDD=LTE01ERBS00034-4,EUtranFreqRelation=2,EUtranCellRelation=21" lastModified="1287501649604" mimName="ERBS_NODE_MODEL" mimVersion="A.9.50.J.9.1">
    <attr name="isRemoveAllowed">false</attr>
    <attr name="neighborCellRef">SubNetwork=ONRM_RootMo_R,MeContext=LTE01ERBS00034,ManagedElement=1,ENodeBFunction=1,EUtraNetwork=1,ExternalENodeBFunction=42,ExternalEUtranCellFDD=4</attr>
    <attr name="anrCreated">false</attr>
    <attr name="isHoAllowed">true</attr>
  </mo>
  <mo fdn="SubNetwork=ONRM_RootMo_R,MeContext=LTE01ERBS00034,ManagedElement=1,ENodeBFunction=1,EUtranCellFDD=LTE01ERBS00034-4,EUtranFreqRelation=2,EUtranCellRelation=24" lastModified="1287501649600" mimName="ERBS_NODE_MODEL" mimVersion="A.9.50.J.9.1">
    <attr name="isRemoveAllowed">false</attr>
    <attr name="neighborCellRef">SubNetwork=ONRM_RootMo_R,MeContext=LTE01ERBS00034,ManagedElement=1,ENodeBFunction=1,EUtraNetwork=1,ExternalENodeBFunction=44,ExternalEUtranCellFDD=3</attr>
    <attr name="anrCreated">false</attr>
    <attr name="isHoAllowed">true</attr>
  </mo>
  <mo fdn="SubNetwork=ONRM_RootMo_R,MeContext=LTE01ERBS00034,ManagedElement=1,ENodeBFunction=1,EUtranCellFDD=LTE01ERBS00034-4,EUtranFreqRelation=2,EUtranCellRelation=25" lastModified="1287501649595" mimName="ERBS_NODE_MODEL" mimVersion="A.9.50.J.9.1">
    <attr name="isRemoveAllowed">false</attr>
    <attr name="neighborCellRef">SubNetwork=ONRM_RootMo_R,MeContext=LTE01ERBS00034,ManagedElement=1,ENodeBFunction=1,EUtraNetwork=1,ExternalENodeBFunction=44,ExternalEUtranCellFDD=4</attr>
    <attr name="anrCreated">false</attr>
    <attr name="isHoAllowed">true</attr>
  </mo>
  <mo fdn="SubNetwork=ONRM_RootMo_R,MeContext=LTE01ERBS00034,ManagedElement=1,ENodeBFunction=1,EUtranCellFDD=LTE01ERBS00034-4,EUtranFreqRelation=2,EUtranCellRelation=28" lastModified="1287501649616" mimName="ERBS_NODE_MODEL" mimVersion="A.9.50.J.9.1">
    <attr name="isRemoveAllowed">false</attr>
    <attr name="neighborCellRef">SubNetwork=ONRM_RootMo_R,MeContext=LTE01ERBS00034,ManagedElement=1,ENodeBFunction=1,EUtraNetwork=1,ExternalENodeBFunction=46,ExternalEUtranCellFDD=3</attr>
    <attr name="anrCreated">false</attr>
    <attr name="isHoAllowed">true</attr>
  </mo>
  <mo fdn="SubNetwork=ONRM_RootMo_R,MeContext=LTE01ERBS00034,ManagedElement=1,ENodeBFunction=1,EUtranCellFDD=LTE01ERBS00034-4,EUtranFreqRelation=2,EUtranCellRelation=29" lastModified="1287501649612" mimName="ERBS_NODE_MODEL" mimVersion="A.9.50.J.9.1">
    <attr name="isRemoveAllowed">false</attr>
    <attr name="neighborCellRef">SubNetwork=ONRM_RootMo_R,MeContext=LTE01ERBS00034,ManagedElement=1,ENodeBFunction=1,EUtraNetwork=1,ExternalENodeBFunction=46,ExternalEUtranCellFDD=4</attr>
    <attr name="anrCreated">false</attr>
    <attr name="isHoAllowed">true</attr>
  </mo>
  <mo fdn="SubNetwork=ONRM_RootMo_R,MeContext=LTE01ERBS00034,ManagedElement=1,ENodeBFunction=1,EUtranCellFDD=LTE01ERBS00034-4,EUtranFreqRelation=2,EUtranCellRelation=3" lastModified="1287501170280" mimName="ERBS_NODE_MODEL" mimVersion="A.9.50.J.9.1">
    <attr name="isRemoveAllowed">false</attr>
    <attr name="neighborCellRef">SubNetwork=ONRM_RootMo_R,MeContext=LTE01ERBS00034,ManagedElement=1,ENodeBFunction=1,EUtranCellFDD=LTE01ERBS00034-3</attr>
    <attr name="anrCreated">false</attr>
    <attr name="isHoAllowed">true</attr>
  </mo>
  <mo fdn="SubNetwork=ONRM_RootMo_R,MeContext=LTE01ERBS00034,ManagedElement=1,ENodeBFunction=1,EUtranCellFDD=LTE01ERBS00034-4,EUtranFreqRelation=2,EUtranCellRelation=32" lastModified="1287501649576" mimName="ERBS_NODE_MODEL" mimVersion="A.9.50.J.9.1">
    <attr name="isRemoveAllowed">false</attr>
    <attr name="neighborCellRef">SubNetwork=ONRM_RootMo_R,MeContext=LTE01ERBS00034,ManagedElement=1,ENodeBFunction=1,EUtraNetwork=1,ExternalENodeBFunction=48,ExternalEUtranCellFDD=3</attr>
    <attr name="anrCreated">false</attr>
    <attr name="isHoAllowed">true</attr>
  </mo>
  <mo fdn="SubNetwork=ONRM_RootMo_R,MeContext=LTE01ERBS00034,ManagedElement=1,ENodeBFunction=1,EUtranCellFDD=LTE01ERBS00034-4,EUtranFreqRelation=2,EUtranCellRelation=33" lastModified="1287501649607" mimName="ERBS_NODE_MODEL" mimVersion="A.9.50.J.9.1">
    <attr name="isRemoveAllowed">false</attr>
    <attr name="neighborCellRef">SubNetwork=ONRM_RootMo_R,MeContext=LTE01ERBS00034,ManagedElement=1,ENodeBFunction=1,EUtraNetwork=1,ExternalENodeBFunction=48,ExternalEUtranCellFDD=4</attr>
    <attr name="anrCreated">false</attr>
    <attr name="isHoAllowed">true</attr>
  </mo>
  <mo fdn="SubNetwork=ONRM_RootMo_R,MeContext=LTE01ERBS00034,ManagedElement=1,ENodeBFunction=1,EUtranCellFDD=LTE01ERBS00034-4,EUtranFreqRelation=2,EUtranCellRelation=8" lastModified="1287501649609" mimName="ERBS_NODE_MODEL" mimVersion="A.9.50.J.9.1">
    <attr name="isRemoveAllowed">false</attr>
    <attr name="neighborCellRef">SubNetwork=ONRM_RootMo_R,MeContext=LTE01ERBS00034,ManagedElement=1,ENodeBFunction=1,EUtraNetwork=1,ExternalENodeBFunction=36,ExternalEUtranCellFDD=3</attr>
    <attr name="anrCreated">false</attr>
    <attr name="isHoAllowed">true</attr>
  </mo>
  <mo fdn="SubNetwork=ONRM_RootMo_R,MeContext=LTE01ERBS00034,ManagedElement=1,ENodeBFunction=1,EUtranCellFDD=LTE01ERBS00034-4,EUtranFreqRelation=2,EUtranCellRelation=9" lastModified="1287501649610" mimName="ERBS_NODE_MODEL" mimVersion="A.9.50.J.9.1">
    <attr name="isRemoveAllowed">false</attr>
    <attr name="neighborCellRef">SubNetwork=ONRM_RootMo_R,MeContext=LTE01ERBS00034,ManagedElement=1,ENodeBFunction=1,EUtraNetwork=1,ExternalENodeBFunction=36,ExternalEUtranCellFDD=4</attr>
    <attr name="anrCreated">false</attr>
    <attr name="isHoAllowed">true</attr>
  </mo>
</model>
