<?xml version="1.0" encoding="UTF-8" standalone="no"?><!-- Generated by nmsadm --><!-- Generated on Thu Oct 28 14:36:33 BST 2010 --><!-- Generated from configuration valid --><!-- Query - Base MO SubNetwork=ONRM_RootMo_R,MeContext=LTE02ERBS00015; Scope 8 --><model>
  <mo fdn="SubNetwork=ONRM_RootMo_R,MeContext=LTE02ERBS00015" lastModified="1287512157867" mimName="ERBS_NODE_MODEL" mimVersion="A.9.50.J.9.1">
    <attr name="MeContextId">LTE02ERBS00015</attr>
    <attr name="neMIMversion">vA.9.40</attr>
    <attr name="siteRef">SubNetwork=ONRM_RootMo_R,Site=LTE02ERBS00015</attr>
    <attr name="userLabel">LTE02ERBS00015</attr>
  </mo>
  <mo fdn="SubNetwork=ONRM_RootMo_R,MeContext=LTE02ERBS00015,ManagedElement=1,ENodeBFunction=1" lastModified="1287501530387" mimName="ERBS_NODE_MODEL" mimVersion="A.9.50.J.9.1">
    <attr name="eNodeBPlmnId">
      <struct>
        <attr name="mcc">311</attr>
        <attr name="mnc">480</attr>
        <attr name="mncLength">2</attr>
      </struct>
    </attr>
    <attr name="eNBId">190334</attr>
  </mo>
  <mo fdn="SubNetwork=ONRM_RootMo_R,MeContext=LTE02ERBS00015,ManagedElement=1,ENodeBFunction=1,EUtranCellFDD=LTE02ERBS00015-1" lastModified="1287512142079" mimName="ERBS_NODE_MODEL" mimVersion="A.9.50.J.9.1">
    <attr name="EUtranCellFDDId">LTE02ERBS00015-1</attr>
    <attr name="earfcnul">18000</attr>
    <attr name="cellId">1</attr>
    <attr name="tac">48650</attr>
    <attr name="bPlmnList">
      <seq count="1">
        <item>
          <struct>
            <attr name="mcc">311</attr>
            <attr name="mnc">480</attr>
            <attr name="mncLength">2</attr>
          </struct>
        </item>
      </seq>
    </attr>
    <attr name="earfcndl">0</attr>
    <attr name="userLabel">LTE02ERBS00015-1</attr>
  </mo>
  <mo fdn="SubNetwork=ONRM_RootMo_R,MeContext=LTE02ERBS00015,ManagedElement=1,ENodeBFunction=1,EUtranCellFDD=LTE02ERBS00015-1,EUtranFreqRelation=1,EUtranCellRelation=1" lastModified="1287501525912" mimName="ERBS_NODE_MODEL" mimVersion="A.9.50.J.9.1">
    <attr name="isRemoveAllowed">false</attr>
    <attr name="neighborCellRef">SubNetwork=ONRM_RootMo_R,MeContext=LTE02ERBS00015,ManagedElement=1,ENodeBFunction=1,EUtranCellFDD=LTE02ERBS00015-2</attr>
    <attr name="anrCreated">false</attr>
    <attr name="isHoAllowed">true</attr>
  </mo>
  <mo fdn="SubNetwork=ONRM_RootMo_R,MeContext=LTE02ERBS00015,ManagedElement=1,ENodeBFunction=1,EUtranCellFDD=LTE02ERBS00015-1,EUtranFreqRelation=1,EUtranCellRelation=12" lastModified="1287505063116" mimName="ERBS_NODE_MODEL" mimVersion="A.9.50.J.9.1">
    <attr name="isRemoveAllowed">false</attr>
    <attr name="neighborCellRef">SubNetwork=ONRM_RootMo_R,MeContext=LTE02ERBS00015,ManagedElement=1,ENodeBFunction=1,EUtraNetwork=1,ExternalENodeBFunction=165,ExternalEUtranCellFDD=1</attr>
    <attr name="anrCreated">false</attr>
    <attr name="isHoAllowed">true</attr>
  </mo>
  <mo fdn="SubNetwork=ONRM_RootMo_R,MeContext=LTE02ERBS00015,ManagedElement=1,ENodeBFunction=1,EUtranCellFDD=LTE02ERBS00015-1,EUtranFreqRelation=1,EUtranCellRelation=13" lastModified="1287505063114" mimName="ERBS_NODE_MODEL" mimVersion="A.9.50.J.9.1">
    <attr name="isRemoveAllowed">false</attr>
    <attr name="neighborCellRef">SubNetwork=ONRM_RootMo_R,MeContext=LTE02ERBS00015,ManagedElement=1,ENodeBFunction=1,EUtraNetwork=1,ExternalENodeBFunction=165,ExternalEUtranCellFDD=2</attr>
    <attr name="anrCreated">false</attr>
    <attr name="isHoAllowed">true</attr>
  </mo>
  <mo fdn="SubNetwork=ONRM_RootMo_R,MeContext=LTE02ERBS00015,ManagedElement=1,ENodeBFunction=1,EUtranCellFDD=LTE02ERBS00015-1,EUtranFreqRelation=1,EUtranCellRelation=16" lastModified="1287505063125" mimName="ERBS_NODE_MODEL" mimVersion="A.9.50.J.9.1">
    <attr name="isRemoveAllowed">false</attr>
    <attr name="neighborCellRef">SubNetwork=ONRM_RootMo_R,MeContext=LTE02ERBS00015,ManagedElement=1,ENodeBFunction=1,EUtraNetwork=1,ExternalENodeBFunction=167,ExternalEUtranCellFDD=1</attr>
    <attr name="anrCreated">false</attr>
    <attr name="isHoAllowed">true</attr>
  </mo>
  <mo fdn="SubNetwork=ONRM_RootMo_R,MeContext=LTE02ERBS00015,ManagedElement=1,ENodeBFunction=1,EUtranCellFDD=LTE02ERBS00015-1,EUtranFreqRelation=1,EUtranCellRelation=17" lastModified="1287505063123" mimName="ERBS_NODE_MODEL" mimVersion="A.9.50.J.9.1">
    <attr name="isRemoveAllowed">false</attr>
    <attr name="neighborCellRef">SubNetwork=ONRM_RootMo_R,MeContext=LTE02ERBS00015,ManagedElement=1,ENodeBFunction=1,EUtraNetwork=1,ExternalENodeBFunction=167,ExternalEUtranCellFDD=2</attr>
    <attr name="anrCreated">false</attr>
    <attr name="isHoAllowed">true</attr>
  </mo>
  <mo fdn="SubNetwork=ONRM_RootMo_R,MeContext=LTE02ERBS00015,ManagedElement=1,ENodeBFunction=1,EUtranCellFDD=LTE02ERBS00015-1,EUtranFreqRelation=1,EUtranCellRelation=2" lastModified="1287501525909" mimName="ERBS_NODE_MODEL" mimVersion="A.9.50.J.9.1">
    <attr name="isRemoveAllowed">false</attr>
    <attr name="neighborCellRef">SubNetwork=ONRM_RootMo_R,MeContext=LTE02ERBS00015,ManagedElement=1,ENodeBFunction=1,EUtranCellFDD=LTE02ERBS00015-3</attr>
    <attr name="anrCreated">false</attr>
    <attr name="isHoAllowed">true</attr>
  </mo>
  <mo fdn="SubNetwork=ONRM_RootMo_R,MeContext=LTE02ERBS00015,ManagedElement=1,ENodeBFunction=1,EUtranCellFDD=LTE02ERBS00015-1,EUtranFreqRelation=1,EUtranCellRelation=20" lastModified="1287505063121" mimName="ERBS_NODE_MODEL" mimVersion="A.9.50.J.9.1">
    <attr name="isRemoveAllowed">false</attr>
    <attr name="neighborCellRef">SubNetwork=ONRM_RootMo_R,MeContext=LTE02ERBS00015,ManagedElement=1,ENodeBFunction=1,EUtraNetwork=1,ExternalENodeBFunction=169,ExternalEUtranCellFDD=1</attr>
    <attr name="anrCreated">false</attr>
    <attr name="isHoAllowed">true</attr>
  </mo>
  <mo fdn="SubNetwork=ONRM_RootMo_R,MeContext=LTE02ERBS00015,ManagedElement=1,ENodeBFunction=1,EUtranCellFDD=LTE02ERBS00015-1,EUtranFreqRelation=1,EUtranCellRelation=21" lastModified="1287505063119" mimName="ERBS_NODE_MODEL" mimVersion="A.9.50.J.9.1">
    <attr name="isRemoveAllowed">false</attr>
    <attr name="neighborCellRef">SubNetwork=ONRM_RootMo_R,MeContext=LTE02ERBS00015,ManagedElement=1,ENodeBFunction=1,EUtraNetwork=1,ExternalENodeBFunction=169,ExternalEUtranCellFDD=2</attr>
    <attr name="anrCreated">false</attr>
    <attr name="isHoAllowed">true</attr>
  </mo>
  <mo fdn="SubNetwork=ONRM_RootMo_R,MeContext=LTE02ERBS00015,ManagedElement=1,ENodeBFunction=1,EUtranCellFDD=LTE02ERBS00015-1,EUtranFreqRelation=1,EUtranCellRelation=24" lastModified="1287505063118" mimName="ERBS_NODE_MODEL" mimVersion="A.9.50.J.9.1">
    <attr name="isRemoveAllowed">false</attr>
    <attr name="neighborCellRef">SubNetwork=ONRM_RootMo_R,MeContext=LTE02ERBS00015,ManagedElement=1,ENodeBFunction=1,EUtraNetwork=1,ExternalENodeBFunction=171,ExternalEUtranCellFDD=1</attr>
    <attr name="anrCreated">false</attr>
    <attr name="isHoAllowed">true</attr>
  </mo>
  <mo fdn="SubNetwork=ONRM_RootMo_R,MeContext=LTE02ERBS00015,ManagedElement=1,ENodeBFunction=1,EUtranCellFDD=LTE02ERBS00015-1,EUtranFreqRelation=1,EUtranCellRelation=25" lastModified="1287505063115" mimName="ERBS_NODE_MODEL" mimVersion="A.9.50.J.9.1">
    <attr name="isRemoveAllowed">false</attr>
    <attr name="neighborCellRef">SubNetwork=ONRM_RootMo_R,MeContext=LTE02ERBS00015,ManagedElement=1,ENodeBFunction=1,EUtraNetwork=1,ExternalENodeBFunction=171,ExternalEUtranCellFDD=2</attr>
    <attr name="anrCreated">false</attr>
    <attr name="isHoAllowed">true</attr>
  </mo>
  <mo fdn="SubNetwork=ONRM_RootMo_R,MeContext=LTE02ERBS00015,ManagedElement=1,ENodeBFunction=1,EUtranCellFDD=LTE02ERBS00015-1,EUtranFreqRelation=1,EUtranCellRelation=28" lastModified="1287505063127" mimName="ERBS_NODE_MODEL" mimVersion="A.9.50.J.9.1">
    <attr name="isRemoveAllowed">false</attr>
    <attr name="neighborCellRef">SubNetwork=ONRM_RootMo_R,MeContext=LTE02ERBS00015,ManagedElement=1,ENodeBFunction=1,EUtraNetwork=1,ExternalENodeBFunction=173,ExternalEUtranCellFDD=1</attr>
    <attr name="anrCreated">false</attr>
    <attr name="isHoAllowed">true</attr>
  </mo>
  <mo fdn="SubNetwork=ONRM_RootMo_R,MeContext=LTE02ERBS00015,ManagedElement=1,ENodeBFunction=1,EUtranCellFDD=LTE02ERBS00015-1,EUtranFreqRelation=1,EUtranCellRelation=29" lastModified="1287505063124" mimName="ERBS_NODE_MODEL" mimVersion="A.9.50.J.9.1">
    <attr name="isRemoveAllowed">false</attr>
    <attr name="neighborCellRef">SubNetwork=ONRM_RootMo_R,MeContext=LTE02ERBS00015,ManagedElement=1,ENodeBFunction=1,EUtraNetwork=1,ExternalENodeBFunction=173,ExternalEUtranCellFDD=2</attr>
    <attr name="anrCreated">false</attr>
    <attr name="isHoAllowed">true</attr>
  </mo>
  <mo fdn="SubNetwork=ONRM_RootMo_R,MeContext=LTE02ERBS00015,ManagedElement=1,ENodeBFunction=1,EUtranCellFDD=LTE02ERBS00015-1,EUtranFreqRelation=1,EUtranCellRelation=3" lastModified="1287501525905" mimName="ERBS_NODE_MODEL" mimVersion="A.9.50.J.9.1">
    <attr name="isRemoveAllowed">false</attr>
    <attr name="neighborCellRef">SubNetwork=ONRM_RootMo_R,MeContext=LTE02ERBS00015,ManagedElement=1,ENodeBFunction=1,EUtranCellFDD=LTE02ERBS00015-4</attr>
    <attr name="anrCreated">false</attr>
    <attr name="isHoAllowed">true</attr>
  </mo>
  <mo fdn="SubNetwork=ONRM_RootMo_R,MeContext=LTE02ERBS00015,ManagedElement=1,ENodeBFunction=1,EUtranCellFDD=LTE02ERBS00015-1,EUtranFreqRelation=1,EUtranCellRelation=4" lastModified="1287505063126" mimName="ERBS_NODE_MODEL" mimVersion="A.9.50.J.9.1">
    <attr name="isRemoveAllowed">false</attr>
    <attr name="neighborCellRef">SubNetwork=ONRM_RootMo_R,MeContext=LTE02ERBS00015,ManagedElement=1,ENodeBFunction=1,EUtraNetwork=1,ExternalENodeBFunction=161,ExternalEUtranCellFDD=1</attr>
    <attr name="anrCreated">false</attr>
    <attr name="isHoAllowed">true</attr>
  </mo>
  <mo fdn="SubNetwork=ONRM_RootMo_R,MeContext=LTE02ERBS00015,ManagedElement=1,ENodeBFunction=1,EUtranCellFDD=LTE02ERBS00015-1,EUtranFreqRelation=1,EUtranCellRelation=5" lastModified="1287505063128" mimName="ERBS_NODE_MODEL" mimVersion="A.9.50.J.9.1">
    <attr name="isRemoveAllowed">false</attr>
    <attr name="neighborCellRef">SubNetwork=ONRM_RootMo_R,MeContext=LTE02ERBS00015,ManagedElement=1,ENodeBFunction=1,EUtraNetwork=1,ExternalENodeBFunction=161,ExternalEUtranCellFDD=2</attr>
    <attr name="anrCreated">false</attr>
    <attr name="isHoAllowed">true</attr>
  </mo>
  <mo fdn="SubNetwork=ONRM_RootMo_R,MeContext=LTE02ERBS00015,ManagedElement=1,ENodeBFunction=1,EUtranCellFDD=LTE02ERBS00015-1,EUtranFreqRelation=1,EUtranCellRelation=8" lastModified="1287505063122" mimName="ERBS_NODE_MODEL" mimVersion="A.9.50.J.9.1">
    <attr name="isRemoveAllowed">false</attr>
    <attr name="neighborCellRef">SubNetwork=ONRM_RootMo_R,MeContext=LTE02ERBS00015,ManagedElement=1,ENodeBFunction=1,EUtraNetwork=1,ExternalENodeBFunction=163,ExternalEUtranCellFDD=1</attr>
    <attr name="anrCreated">false</attr>
    <attr name="isHoAllowed">true</attr>
  </mo>
  <mo fdn="SubNetwork=ONRM_RootMo_R,MeContext=LTE02ERBS00015,ManagedElement=1,ENodeBFunction=1,EUtranCellFDD=LTE02ERBS00015-1,EUtranFreqRelation=1,EUtranCellRelation=9" lastModified="1287505063123" mimName="ERBS_NODE_MODEL" mimVersion="A.9.50.J.9.1">
    <attr name="isRemoveAllowed">false</attr>
    <attr name="neighborCellRef">SubNetwork=ONRM_RootMo_R,MeContext=LTE02ERBS00015,ManagedElement=1,ENodeBFunction=1,EUtraNetwork=1,ExternalENodeBFunction=163,ExternalEUtranCellFDD=2</attr>
    <attr name="anrCreated">false</attr>
    <attr name="isHoAllowed">true</attr>
  </mo>
  <mo fdn="SubNetwork=ONRM_RootMo_R,MeContext=LTE02ERBS00015,ManagedElement=1,ENodeBFunction=1,EUtranCellFDD=LTE02ERBS00015-1,EUtranFreqRelation=2,EUtranCellRelation=10" lastModified="1287505063103" mimName="ERBS_NODE_MODEL" mimVersion="A.9.50.J.9.1">
    <attr name="isRemoveAllowed">false</attr>
    <attr name="neighborCellRef">SubNetwork=ONRM_RootMo_R,MeContext=LTE02ERBS00015,ManagedElement=1,ENodeBFunction=1,EUtraNetwork=1,ExternalENodeBFunction=164,ExternalEUtranCellFDD=1</attr>
    <attr name="anrCreated">false</attr>
    <attr name="isHoAllowed">true</attr>
  </mo>
  <mo fdn="SubNetwork=ONRM_RootMo_R,MeContext=LTE02ERBS00015,ManagedElement=1,ENodeBFunction=1,EUtranCellFDD=LTE02ERBS00015-1,EUtranFreqRelation=2,EUtranCellRelation=11" lastModified="1287505063102" mimName="ERBS_NODE_MODEL" mimVersion="A.9.50.J.9.1">
    <attr name="isRemoveAllowed">false</attr>
    <attr name="neighborCellRef">SubNetwork=ONRM_RootMo_R,MeContext=LTE02ERBS00015,ManagedElement=1,ENodeBFunction=1,EUtraNetwork=1,ExternalENodeBFunction=164,ExternalEUtranCellFDD=2</attr>
    <attr name="anrCreated">false</attr>
    <attr name="isHoAllowed">true</attr>
  </mo>
  <mo fdn="SubNetwork=ONRM_RootMo_R,MeContext=LTE02ERBS00015,ManagedElement=1,ENodeBFunction=1,EUtranCellFDD=LTE02ERBS00015-1,EUtranFreqRelation=2,EUtranCellRelation=14" lastModified="1287505063093" mimName="ERBS_NODE_MODEL" mimVersion="A.9.50.J.9.1">
    <attr name="isRemoveAllowed">false</attr>
    <attr name="neighborCellRef">SubNetwork=ONRM_RootMo_R,MeContext=LTE02ERBS00015,ManagedElement=1,ENodeBFunction=1,EUtraNetwork=1,ExternalENodeBFunction=166,ExternalEUtranCellFDD=1</attr>
    <attr name="anrCreated">false</attr>
    <attr name="isHoAllowed">true</attr>
  </mo>
  <mo fdn="SubNetwork=ONRM_RootMo_R,MeContext=LTE02ERBS00015,ManagedElement=1,ENodeBFunction=1,EUtranCellFDD=LTE02ERBS00015-1,EUtranFreqRelation=2,EUtranCellRelation=15" lastModified="1287505063112" mimName="ERBS_NODE_MODEL" mimVersion="A.9.50.J.9.1">
    <attr name="isRemoveAllowed">false</attr>
    <attr name="neighborCellRef">SubNetwork=ONRM_RootMo_R,MeContext=LTE02ERBS00015,ManagedElement=1,ENodeBFunction=1,EUtraNetwork=1,ExternalENodeBFunction=166,ExternalEUtranCellFDD=2</attr>
    <attr name="anrCreated">false</attr>
    <attr name="isHoAllowed">true</attr>
  </mo>
  <mo fdn="SubNetwork=ONRM_RootMo_R,MeContext=LTE02ERBS00015,ManagedElement=1,ENodeBFunction=1,EUtranCellFDD=LTE02ERBS00015-1,EUtranFreqRelation=2,EUtranCellRelation=18" lastModified="1287505063108" mimName="ERBS_NODE_MODEL" mimVersion="A.9.50.J.9.1">
    <attr name="isRemoveAllowed">false</attr>
    <attr name="neighborCellRef">SubNetwork=ONRM_RootMo_R,MeContext=LTE02ERBS00015,ManagedElement=1,ENodeBFunction=1,EUtraNetwork=1,ExternalENodeBFunction=168,ExternalEUtranCellFDD=1</attr>
    <attr name="anrCreated">false</attr>
    <attr name="isHoAllowed">true</attr>
  </mo>
  <mo fdn="SubNetwork=ONRM_RootMo_R,MeContext=LTE02ERBS00015,ManagedElement=1,ENodeBFunction=1,EUtranCellFDD=LTE02ERBS00015-1,EUtranFreqRelation=2,EUtranCellRelation=19" lastModified="1287505063105" mimName="ERBS_NODE_MODEL" mimVersion="A.9.50.J.9.1">
    <attr name="isRemoveAllowed">false</attr>
    <attr name="neighborCellRef">SubNetwork=ONRM_RootMo_R,MeContext=LTE02ERBS00015,ManagedElement=1,ENodeBFunction=1,EUtraNetwork=1,ExternalENodeBFunction=168,ExternalEUtranCellFDD=2</attr>
    <attr name="anrCreated">false</attr>
    <attr name="isHoAllowed">true</attr>
  </mo>
  <mo fdn="SubNetwork=ONRM_RootMo_R,MeContext=LTE02ERBS00015,ManagedElement=1,ENodeBFunction=1,EUtranCellFDD=LTE02ERBS00015-1,EUtranFreqRelation=2,EUtranCellRelation=22" lastModified="1287505063098" mimName="ERBS_NODE_MODEL" mimVersion="A.9.50.J.9.1">
    <attr name="isRemoveAllowed">false</attr>
    <attr name="neighborCellRef">SubNetwork=ONRM_RootMo_R,MeContext=LTE02ERBS00015,ManagedElement=1,ENodeBFunction=1,EUtraNetwork=1,ExternalENodeBFunction=170,ExternalEUtranCellFDD=1</attr>
    <attr name="anrCreated">false</attr>
    <attr name="isHoAllowed">true</attr>
  </mo>
  <mo fdn="SubNetwork=ONRM_RootMo_R,MeContext=LTE02ERBS00015,ManagedElement=1,ENodeBFunction=1,EUtranCellFDD=LTE02ERBS00015-1,EUtranFreqRelation=2,EUtranCellRelation=23" lastModified="1287505063095" mimName="ERBS_NODE_MODEL" mimVersion="A.9.50.J.9.1">
    <attr name="isRemoveAllowed">false</attr>
    <attr name="neighborCellRef">SubNetwork=ONRM_RootMo_R,MeContext=LTE02ERBS00015,ManagedElement=1,ENodeBFunction=1,EUtraNetwork=1,ExternalENodeBFunction=170,ExternalEUtranCellFDD=2</attr>
    <attr name="anrCreated">false</attr>
    <attr name="isHoAllowed">true</attr>
  </mo>
  <mo fdn="SubNetwork=ONRM_RootMo_R,MeContext=LTE02ERBS00015,ManagedElement=1,ENodeBFunction=1,EUtranCellFDD=LTE02ERBS00015-1,EUtranFreqRelation=2,EUtranCellRelation=26" lastModified="1287505063110" mimName="ERBS_NODE_MODEL" mimVersion="A.9.50.J.9.1">
    <attr name="isRemoveAllowed">false</attr>
    <attr name="neighborCellRef">SubNetwork=ONRM_RootMo_R,MeContext=LTE02ERBS00015,ManagedElement=1,ENodeBFunction=1,EUtraNetwork=1,ExternalENodeBFunction=172,ExternalEUtranCellFDD=1</attr>
    <attr name="anrCreated">false</attr>
    <attr name="isHoAllowed">true</attr>
  </mo>
  <mo fdn="SubNetwork=ONRM_RootMo_R,MeContext=LTE02ERBS00015,ManagedElement=1,ENodeBFunction=1,EUtranCellFDD=LTE02ERBS00015-1,EUtranFreqRelation=2,EUtranCellRelation=27" lastModified="1287505063109" mimName="ERBS_NODE_MODEL" mimVersion="A.9.50.J.9.1">
    <attr name="isRemoveAllowed">false</attr>
    <attr name="neighborCellRef">SubNetwork=ONRM_RootMo_R,MeContext=LTE02ERBS00015,ManagedElement=1,ENodeBFunction=1,EUtraNetwork=1,ExternalENodeBFunction=172,ExternalEUtranCellFDD=2</attr>
    <attr name="anrCreated">false</attr>
    <attr name="isHoAllowed">true</attr>
  </mo>
  <mo fdn="SubNetwork=ONRM_RootMo_R,MeContext=LTE02ERBS00015,ManagedElement=1,ENodeBFunction=1,EUtranCellFDD=LTE02ERBS00015-1,EUtranFreqRelation=2,EUtranCellRelation=30" lastModified="1287505063101" mimName="ERBS_NODE_MODEL" mimVersion="A.9.50.J.9.1">
    <attr name="isRemoveAllowed">false</attr>
    <attr name="neighborCellRef">SubNetwork=ONRM_RootMo_R,MeContext=LTE02ERBS00015,ManagedElement=1,ENodeBFunction=1,EUtraNetwork=1,ExternalENodeBFunction=174,ExternalEUtranCellFDD=1</attr>
    <attr name="anrCreated">false</attr>
    <attr name="isHoAllowed">true</attr>
  </mo>
  <mo fdn="SubNetwork=ONRM_RootMo_R,MeContext=LTE02ERBS00015,ManagedElement=1,ENodeBFunction=1,EUtranCellFDD=LTE02ERBS00015-1,EUtranFreqRelation=2,EUtranCellRelation=31" lastModified="1287505063100" mimName="ERBS_NODE_MODEL" mimVersion="A.9.50.J.9.1">
    <attr name="isRemoveAllowed">false</attr>
    <attr name="neighborCellRef">SubNetwork=ONRM_RootMo_R,MeContext=LTE02ERBS00015,ManagedElement=1,ENodeBFunction=1,EUtraNetwork=1,ExternalENodeBFunction=174,ExternalEUtranCellFDD=2</attr>
    <attr name="anrCreated">false</attr>
    <attr name="isHoAllowed">true</attr>
  </mo>
  <mo fdn="SubNetwork=ONRM_RootMo_R,MeContext=LTE02ERBS00015,ManagedElement=1,ENodeBFunction=1,EUtranCellFDD=LTE02ERBS00015-1,EUtranFreqRelation=2,EUtranCellRelation=32" lastModified="1287505063097" mimName="ERBS_NODE_MODEL" mimVersion="A.9.50.J.9.1">
    <attr name="isRemoveAllowed">false</attr>
    <attr name="neighborCellRef">SubNetwork=ONRM_RootMo_R,MeContext=LTE02ERBS00015,ManagedElement=1,ENodeBFunction=1,EUtraNetwork=1,ExternalENodeBFunction=176,ExternalEUtranCellFDD=1</attr>
    <attr name="anrCreated">false</attr>
    <attr name="isHoAllowed">true</attr>
  </mo>
  <mo fdn="SubNetwork=ONRM_RootMo_R,MeContext=LTE02ERBS00015,ManagedElement=1,ENodeBFunction=1,EUtranCellFDD=LTE02ERBS00015-1,EUtranFreqRelation=2,EUtranCellRelation=33" lastModified="1287505063104" mimName="ERBS_NODE_MODEL" mimVersion="A.9.50.J.9.1">
    <attr name="isRemoveAllowed">false</attr>
    <attr name="neighborCellRef">SubNetwork=ONRM_RootMo_R,MeContext=LTE02ERBS00015,ManagedElement=1,ENodeBFunction=1,EUtraNetwork=1,ExternalENodeBFunction=176,ExternalEUtranCellFDD=2</attr>
    <attr name="anrCreated">false</attr>
    <attr name="isHoAllowed">true</attr>
  </mo>
  <mo fdn="SubNetwork=ONRM_RootMo_R,MeContext=LTE02ERBS00015,ManagedElement=1,ENodeBFunction=1,EUtranCellFDD=LTE02ERBS00015-1,EUtranFreqRelation=2,EUtranCellRelation=6" lastModified="1287505063107" mimName="ERBS_NODE_MODEL" mimVersion="A.9.50.J.9.1">
    <attr name="isRemoveAllowed">false</attr>
    <attr name="neighborCellRef">SubNetwork=ONRM_RootMo_R,MeContext=LTE02ERBS00015,ManagedElement=1,ENodeBFunction=1,EUtraNetwork=1,ExternalENodeBFunction=162,ExternalEUtranCellFDD=1</attr>
    <attr name="anrCreated">false</attr>
    <attr name="isHoAllowed">true</attr>
  </mo>
  <mo fdn="SubNetwork=ONRM_RootMo_R,MeContext=LTE02ERBS00015,ManagedElement=1,ENodeBFunction=1,EUtranCellFDD=LTE02ERBS00015-1,EUtranFreqRelation=2,EUtranCellRelation=7" lastModified="1287505063111" mimName="ERBS_NODE_MODEL" mimVersion="A.9.50.J.9.1">
    <attr name="isRemoveAllowed">false</attr>
    <attr name="neighborCellRef">SubNetwork=ONRM_RootMo_R,MeContext=LTE02ERBS00015,ManagedElement=1,ENodeBFunction=1,EUtraNetwork=1,ExternalENodeBFunction=162,ExternalEUtranCellFDD=2</attr>
    <attr name="anrCreated">false</attr>
    <attr name="isHoAllowed">true</attr>
  </mo>
  <mo fdn="SubNetwork=ONRM_RootMo_R,MeContext=LTE02ERBS00015,ManagedElement=1,ENodeBFunction=1,EUtranCellFDD=LTE02ERBS00015-2" lastModified="1287512142420" mimName="ERBS_NODE_MODEL" mimVersion="A.9.50.J.9.1">
    <attr name="EUtranCellFDDId">LTE02ERBS00015-2</attr>
    <attr name="earfcnul">18000</attr>
    <attr name="cellId">2</attr>
    <attr name="tac">48650</attr>
    <attr name="bPlmnList">
      <seq count="1">
        <item>
          <struct>
            <attr name="mcc">311</attr>
            <attr name="mnc">480</attr>
            <attr name="mncLength">2</attr>
          </struct>
        </item>
      </seq>
    </attr>
    <attr name="earfcndl">0</attr>
    <attr name="userLabel">LTE02ERBS00015-2</attr>
  </mo>
  <mo fdn="SubNetwork=ONRM_RootMo_R,MeContext=LTE02ERBS00015,ManagedElement=1,ENodeBFunction=1,EUtranCellFDD=LTE02ERBS00015-2,EUtranFreqRelation=1,EUtranCellRelation=1" lastModified="1287501524184" mimName="ERBS_NODE_MODEL" mimVersion="A.9.50.J.9.1">
    <attr name="isRemoveAllowed">false</attr>
    <attr name="neighborCellRef">SubNetwork=ONRM_RootMo_R,MeContext=LTE02ERBS00015,ManagedElement=1,ENodeBFunction=1,EUtranCellFDD=LTE02ERBS00015-1</attr>
    <attr name="anrCreated">false</attr>
    <attr name="isHoAllowed">true</attr>
  </mo>
  <mo fdn="SubNetwork=ONRM_RootMo_R,MeContext=LTE02ERBS00015,ManagedElement=1,ENodeBFunction=1,EUtranCellFDD=LTE02ERBS00015-2,EUtranFreqRelation=1,EUtranCellRelation=12" lastModified="1287505064395" mimName="ERBS_NODE_MODEL" mimVersion="A.9.50.J.9.1">
    <attr name="isRemoveAllowed">false</attr>
    <attr name="neighborCellRef">SubNetwork=ONRM_RootMo_R,MeContext=LTE02ERBS00015,ManagedElement=1,ENodeBFunction=1,EUtraNetwork=1,ExternalENodeBFunction=165,ExternalEUtranCellFDD=1</attr>
    <attr name="anrCreated">false</attr>
    <attr name="isHoAllowed">true</attr>
  </mo>
  <mo fdn="SubNetwork=ONRM_RootMo_R,MeContext=LTE02ERBS00015,ManagedElement=1,ENodeBFunction=1,EUtranCellFDD=LTE02ERBS00015-2,EUtranFreqRelation=1,EUtranCellRelation=13" lastModified="1287505064390" mimName="ERBS_NODE_MODEL" mimVersion="A.9.50.J.9.1">
    <attr name="isRemoveAllowed">false</attr>
    <attr name="neighborCellRef">SubNetwork=ONRM_RootMo_R,MeContext=LTE02ERBS00015,ManagedElement=1,ENodeBFunction=1,EUtraNetwork=1,ExternalENodeBFunction=165,ExternalEUtranCellFDD=2</attr>
    <attr name="anrCreated">false</attr>
    <attr name="isHoAllowed">true</attr>
  </mo>
  <mo fdn="SubNetwork=ONRM_RootMo_R,MeContext=LTE02ERBS00015,ManagedElement=1,ENodeBFunction=1,EUtranCellFDD=LTE02ERBS00015-2,EUtranFreqRelation=1,EUtranCellRelation=16" lastModified="1287505064406" mimName="ERBS_NODE_MODEL" mimVersion="A.9.50.J.9.1">
    <attr name="isRemoveAllowed">false</attr>
    <attr name="neighborCellRef">SubNetwork=ONRM_RootMo_R,MeContext=LTE02ERBS00015,ManagedElement=1,ENodeBFunction=1,EUtraNetwork=1,ExternalENodeBFunction=167,ExternalEUtranCellFDD=1</attr>
    <attr name="anrCreated">false</attr>
    <attr name="isHoAllowed">true</attr>
  </mo>
  <mo fdn="SubNetwork=ONRM_RootMo_R,MeContext=LTE02ERBS00015,ManagedElement=1,ENodeBFunction=1,EUtranCellFDD=LTE02ERBS00015-2,EUtranFreqRelation=1,EUtranCellRelation=17" lastModified="1287505064403" mimName="ERBS_NODE_MODEL" mimVersion="A.9.50.J.9.1">
    <attr name="isRemoveAllowed">false</attr>
    <attr name="neighborCellRef">SubNetwork=ONRM_RootMo_R,MeContext=LTE02ERBS00015,ManagedElement=1,ENodeBFunction=1,EUtraNetwork=1,ExternalENodeBFunction=167,ExternalEUtranCellFDD=2</attr>
    <attr name="anrCreated">false</attr>
    <attr name="isHoAllowed">true</attr>
  </mo>
  <mo fdn="SubNetwork=ONRM_RootMo_R,MeContext=LTE02ERBS00015,ManagedElement=1,ENodeBFunction=1,EUtranCellFDD=LTE02ERBS00015-2,EUtranFreqRelation=1,EUtranCellRelation=2" lastModified="1287501524175" mimName="ERBS_NODE_MODEL" mimVersion="A.9.50.J.9.1">
    <attr name="isRemoveAllowed">false</attr>
    <attr name="neighborCellRef">SubNetwork=ONRM_RootMo_R,MeContext=LTE02ERBS00015,ManagedElement=1,ENodeBFunction=1,EUtranCellFDD=LTE02ERBS00015-3</attr>
    <attr name="anrCreated">false</attr>
    <attr name="isHoAllowed">true</attr>
  </mo>
  <mo fdn="SubNetwork=ONRM_RootMo_R,MeContext=LTE02ERBS00015,ManagedElement=1,ENodeBFunction=1,EUtranCellFDD=LTE02ERBS00015-2,EUtranFreqRelation=1,EUtranCellRelation=20" lastModified="1287505064400" mimName="ERBS_NODE_MODEL" mimVersion="A.9.50.J.9.1">
    <attr name="isRemoveAllowed">false</attr>
    <attr name="neighborCellRef">SubNetwork=ONRM_RootMo_R,MeContext=LTE02ERBS00015,ManagedElement=1,ENodeBFunction=1,EUtraNetwork=1,ExternalENodeBFunction=169,ExternalEUtranCellFDD=1</attr>
    <attr name="anrCreated">false</attr>
    <attr name="isHoAllowed">true</attr>
  </mo>
  <mo fdn="SubNetwork=ONRM_RootMo_R,MeContext=LTE02ERBS00015,ManagedElement=1,ENodeBFunction=1,EUtranCellFDD=LTE02ERBS00015-2,EUtranFreqRelation=1,EUtranCellRelation=21" lastModified="1287505064399" mimName="ERBS_NODE_MODEL" mimVersion="A.9.50.J.9.1">
    <attr name="isRemoveAllowed">false</attr>
    <attr name="neighborCellRef">SubNetwork=ONRM_RootMo_R,MeContext=LTE02ERBS00015,ManagedElement=1,ENodeBFunction=1,EUtraNetwork=1,ExternalENodeBFunction=169,ExternalEUtranCellFDD=2</attr>
    <attr name="anrCreated">false</attr>
    <attr name="isHoAllowed">true</attr>
  </mo>
  <mo fdn="SubNetwork=ONRM_RootMo_R,MeContext=LTE02ERBS00015,ManagedElement=1,ENodeBFunction=1,EUtranCellFDD=LTE02ERBS00015-2,EUtranFreqRelation=1,EUtranCellRelation=24" lastModified="1287505064397" mimName="ERBS_NODE_MODEL" mimVersion="A.9.50.J.9.1">
    <attr name="isRemoveAllowed">false</attr>
    <attr name="neighborCellRef">SubNetwork=ONRM_RootMo_R,MeContext=LTE02ERBS00015,ManagedElement=1,ENodeBFunction=1,EUtraNetwork=1,ExternalENodeBFunction=171,ExternalEUtranCellFDD=1</attr>
    <attr name="anrCreated">false</attr>
    <attr name="isHoAllowed">true</attr>
  </mo>
  <mo fdn="SubNetwork=ONRM_RootMo_R,MeContext=LTE02ERBS00015,ManagedElement=1,ENodeBFunction=1,EUtranCellFDD=LTE02ERBS00015-2,EUtranFreqRelation=1,EUtranCellRelation=25" lastModified="1287505064393" mimName="ERBS_NODE_MODEL" mimVersion="A.9.50.J.9.1">
    <attr name="isRemoveAllowed">false</attr>
    <attr name="neighborCellRef">SubNetwork=ONRM_RootMo_R,MeContext=LTE02ERBS00015,ManagedElement=1,ENodeBFunction=1,EUtraNetwork=1,ExternalENodeBFunction=171,ExternalEUtranCellFDD=2</attr>
    <attr name="anrCreated">false</attr>
    <attr name="isHoAllowed">true</attr>
  </mo>
  <mo fdn="SubNetwork=ONRM_RootMo_R,MeContext=LTE02ERBS00015,ManagedElement=1,ENodeBFunction=1,EUtranCellFDD=LTE02ERBS00015-2,EUtranFreqRelation=1,EUtranCellRelation=28" lastModified="1287505064407" mimName="ERBS_NODE_MODEL" mimVersion="A.9.50.J.9.1">
    <attr name="isRemoveAllowed">false</attr>
    <attr name="neighborCellRef">SubNetwork=ONRM_RootMo_R,MeContext=LTE02ERBS00015,ManagedElement=1,ENodeBFunction=1,EUtraNetwork=1,ExternalENodeBFunction=173,ExternalEUtranCellFDD=1</attr>
    <attr name="anrCreated">false</attr>
    <attr name="isHoAllowed">true</attr>
  </mo>
  <mo fdn="SubNetwork=ONRM_RootMo_R,MeContext=LTE02ERBS00015,ManagedElement=1,ENodeBFunction=1,EUtranCellFDD=LTE02ERBS00015-2,EUtranFreqRelation=1,EUtranCellRelation=29" lastModified="1287505064404" mimName="ERBS_NODE_MODEL" mimVersion="A.9.50.J.9.1">
    <attr name="isRemoveAllowed">false</attr>
    <attr name="neighborCellRef">SubNetwork=ONRM_RootMo_R,MeContext=LTE02ERBS00015,ManagedElement=1,ENodeBFunction=1,EUtraNetwork=1,ExternalENodeBFunction=173,ExternalEUtranCellFDD=2</attr>
    <attr name="anrCreated">false</attr>
    <attr name="isHoAllowed">true</attr>
  </mo>
  <mo fdn="SubNetwork=ONRM_RootMo_R,MeContext=LTE02ERBS00015,ManagedElement=1,ENodeBFunction=1,EUtranCellFDD=LTE02ERBS00015-2,EUtranFreqRelation=1,EUtranCellRelation=3" lastModified="1287501524138" mimName="ERBS_NODE_MODEL" mimVersion="A.9.50.J.9.1">
    <attr name="isRemoveAllowed">false</attr>
    <attr name="neighborCellRef">SubNetwork=ONRM_RootMo_R,MeContext=LTE02ERBS00015,ManagedElement=1,ENodeBFunction=1,EUtranCellFDD=LTE02ERBS00015-4</attr>
    <attr name="anrCreated">false</attr>
    <attr name="isHoAllowed">true</attr>
  </mo>
  <mo fdn="SubNetwork=ONRM_RootMo_R,MeContext=LTE02ERBS00015,ManagedElement=1,ENodeBFunction=1,EUtranCellFDD=LTE02ERBS00015-2,EUtranFreqRelation=1,EUtranCellRelation=4" lastModified="1287505064407" mimName="ERBS_NODE_MODEL" mimVersion="A.9.50.J.9.1">
    <attr name="isRemoveAllowed">false</attr>
    <attr name="neighborCellRef">SubNetwork=ONRM_RootMo_R,MeContext=LTE02ERBS00015,ManagedElement=1,ENodeBFunction=1,EUtraNetwork=1,ExternalENodeBFunction=161,ExternalEUtranCellFDD=1</attr>
    <attr name="anrCreated">false</attr>
    <attr name="isHoAllowed">true</attr>
  </mo>
  <mo fdn="SubNetwork=ONRM_RootMo_R,MeContext=LTE02ERBS00015,ManagedElement=1,ENodeBFunction=1,EUtranCellFDD=LTE02ERBS00015-2,EUtranFreqRelation=1,EUtranCellRelation=5" lastModified="1287505064408" mimName="ERBS_NODE_MODEL" mimVersion="A.9.50.J.9.1">
    <attr name="isRemoveAllowed">false</attr>
    <attr name="neighborCellRef">SubNetwork=ONRM_RootMo_R,MeContext=LTE02ERBS00015,ManagedElement=1,ENodeBFunction=1,EUtraNetwork=1,ExternalENodeBFunction=161,ExternalEUtranCellFDD=2</attr>
    <attr name="anrCreated">false</attr>
    <attr name="isHoAllowed">true</attr>
  </mo>
  <mo fdn="SubNetwork=ONRM_RootMo_R,MeContext=LTE02ERBS00015,ManagedElement=1,ENodeBFunction=1,EUtranCellFDD=LTE02ERBS00015-2,EUtranFreqRelation=1,EUtranCellRelation=8" lastModified="1287505064401" mimName="ERBS_NODE_MODEL" mimVersion="A.9.50.J.9.1">
    <attr name="isRemoveAllowed">false</attr>
    <attr name="neighborCellRef">SubNetwork=ONRM_RootMo_R,MeContext=LTE02ERBS00015,ManagedElement=1,ENodeBFunction=1,EUtraNetwork=1,ExternalENodeBFunction=163,ExternalEUtranCellFDD=1</attr>
    <attr name="anrCreated">false</attr>
    <attr name="isHoAllowed">true</attr>
  </mo>
  <mo fdn="SubNetwork=ONRM_RootMo_R,MeContext=LTE02ERBS00015,ManagedElement=1,ENodeBFunction=1,EUtranCellFDD=LTE02ERBS00015-2,EUtranFreqRelation=1,EUtranCellRelation=9" lastModified="1287505064402" mimName="ERBS_NODE_MODEL" mimVersion="A.9.50.J.9.1">
    <attr name="isRemoveAllowed">false</attr>
    <attr name="neighborCellRef">SubNetwork=ONRM_RootMo_R,MeContext=LTE02ERBS00015,ManagedElement=1,ENodeBFunction=1,EUtraNetwork=1,ExternalENodeBFunction=163,ExternalEUtranCellFDD=2</attr>
    <attr name="anrCreated">false</attr>
    <attr name="isHoAllowed">true</attr>
  </mo>
  <mo fdn="SubNetwork=ONRM_RootMo_R,MeContext=LTE02ERBS00015,ManagedElement=1,ENodeBFunction=1,EUtranCellFDD=LTE02ERBS00015-2,EUtranFreqRelation=2,EUtranCellRelation=10" lastModified="1287505064371" mimName="ERBS_NODE_MODEL" mimVersion="A.9.50.J.9.1">
    <attr name="isRemoveAllowed">false</attr>
    <attr name="neighborCellRef">SubNetwork=ONRM_RootMo_R,MeContext=LTE02ERBS00015,ManagedElement=1,ENodeBFunction=1,EUtraNetwork=1,ExternalENodeBFunction=164,ExternalEUtranCellFDD=1</attr>
    <attr name="anrCreated">false</attr>
    <attr name="isHoAllowed">true</attr>
  </mo>
  <mo fdn="SubNetwork=ONRM_RootMo_R,MeContext=LTE02ERBS00015,ManagedElement=1,ENodeBFunction=1,EUtranCellFDD=LTE02ERBS00015-2,EUtranFreqRelation=2,EUtranCellRelation=11" lastModified="1287505064369" mimName="ERBS_NODE_MODEL" mimVersion="A.9.50.J.9.1">
    <attr name="isRemoveAllowed">false</attr>
    <attr name="neighborCellRef">SubNetwork=ONRM_RootMo_R,MeContext=LTE02ERBS00015,ManagedElement=1,ENodeBFunction=1,EUtraNetwork=1,ExternalENodeBFunction=164,ExternalEUtranCellFDD=2</attr>
    <attr name="anrCreated">false</attr>
    <attr name="isHoAllowed">true</attr>
  </mo>
  <mo fdn="SubNetwork=ONRM_RootMo_R,MeContext=LTE02ERBS00015,ManagedElement=1,ENodeBFunction=1,EUtranCellFDD=LTE02ERBS00015-2,EUtranFreqRelation=2,EUtranCellRelation=14" lastModified="1287505064354" mimName="ERBS_NODE_MODEL" mimVersion="A.9.50.J.9.1">
    <attr name="isRemoveAllowed">false</attr>
    <attr name="neighborCellRef">SubNetwork=ONRM_RootMo_R,MeContext=LTE02ERBS00015,ManagedElement=1,ENodeBFunction=1,EUtraNetwork=1,ExternalENodeBFunction=166,ExternalEUtranCellFDD=1</attr>
    <attr name="anrCreated">false</attr>
    <attr name="isHoAllowed">true</attr>
  </mo>
  <mo fdn="SubNetwork=ONRM_RootMo_R,MeContext=LTE02ERBS00015,ManagedElement=1,ENodeBFunction=1,EUtranCellFDD=LTE02ERBS00015-2,EUtranFreqRelation=2,EUtranCellRelation=15" lastModified="1287505064385" mimName="ERBS_NODE_MODEL" mimVersion="A.9.50.J.9.1">
    <attr name="isRemoveAllowed">false</attr>
    <attr name="neighborCellRef">SubNetwork=ONRM_RootMo_R,MeContext=LTE02ERBS00015,ManagedElement=1,ENodeBFunction=1,EUtraNetwork=1,ExternalENodeBFunction=166,ExternalEUtranCellFDD=2</attr>
    <attr name="anrCreated">false</attr>
    <attr name="isHoAllowed">true</attr>
  </mo>
  <mo fdn="SubNetwork=ONRM_RootMo_R,MeContext=LTE02ERBS00015,ManagedElement=1,ENodeBFunction=1,EUtranCellFDD=LTE02ERBS00015-2,EUtranFreqRelation=2,EUtranCellRelation=18" lastModified="1287505064378" mimName="ERBS_NODE_MODEL" mimVersion="A.9.50.J.9.1">
    <attr name="isRemoveAllowed">false</attr>
    <attr name="neighborCellRef">SubNetwork=ONRM_RootMo_R,MeContext=LTE02ERBS00015,ManagedElement=1,ENodeBFunction=1,EUtraNetwork=1,ExternalENodeBFunction=168,ExternalEUtranCellFDD=1</attr>
    <attr name="anrCreated">false</attr>
    <attr name="isHoAllowed">true</attr>
  </mo>
  <mo fdn="SubNetwork=ONRM_RootMo_R,MeContext=LTE02ERBS00015,ManagedElement=1,ENodeBFunction=1,EUtranCellFDD=LTE02ERBS00015-2,EUtranFreqRelation=2,EUtranCellRelation=19" lastModified="1287505064375" mimName="ERBS_NODE_MODEL" mimVersion="A.9.50.J.9.1">
    <attr name="isRemoveAllowed">false</attr>
    <attr name="neighborCellRef">SubNetwork=ONRM_RootMo_R,MeContext=LTE02ERBS00015,ManagedElement=1,ENodeBFunction=1,EUtraNetwork=1,ExternalENodeBFunction=168,ExternalEUtranCellFDD=2</attr>
    <attr name="anrCreated">false</attr>
    <attr name="isHoAllowed">true</attr>
  </mo>
  <mo fdn="SubNetwork=ONRM_RootMo_R,MeContext=LTE02ERBS00015,ManagedElement=1,ENodeBFunction=1,EUtranCellFDD=LTE02ERBS00015-2,EUtranFreqRelation=2,EUtranCellRelation=22" lastModified="1287505064361" mimName="ERBS_NODE_MODEL" mimVersion="A.9.50.J.9.1">
    <attr name="isRemoveAllowed">false</attr>
    <attr name="neighborCellRef">SubNetwork=ONRM_RootMo_R,MeContext=LTE02ERBS00015,ManagedElement=1,ENodeBFunction=1,EUtraNetwork=1,ExternalENodeBFunction=170,ExternalEUtranCellFDD=1</attr>
    <attr name="anrCreated">false</attr>
    <attr name="isHoAllowed">true</attr>
  </mo>
  <mo fdn="SubNetwork=ONRM_RootMo_R,MeContext=LTE02ERBS00015,ManagedElement=1,ENodeBFunction=1,EUtranCellFDD=LTE02ERBS00015-2,EUtranFreqRelation=2,EUtranCellRelation=23" lastModified="1287505064356" mimName="ERBS_NODE_MODEL" mimVersion="A.9.50.J.9.1">
    <attr name="isRemoveAllowed">false</attr>
    <attr name="neighborCellRef">SubNetwork=ONRM_RootMo_R,MeContext=LTE02ERBS00015,ManagedElement=1,ENodeBFunction=1,EUtraNetwork=1,ExternalENodeBFunction=170,ExternalEUtranCellFDD=2</attr>
    <attr name="anrCreated">false</attr>
    <attr name="isHoAllowed">true</attr>
  </mo>
  <mo fdn="SubNetwork=ONRM_RootMo_R,MeContext=LTE02ERBS00015,ManagedElement=1,ENodeBFunction=1,EUtranCellFDD=LTE02ERBS00015-2,EUtranFreqRelation=2,EUtranCellRelation=26" lastModified="1287505064382" mimName="ERBS_NODE_MODEL" mimVersion="A.9.50.J.9.1">
    <attr name="isRemoveAllowed">false</attr>
    <attr name="neighborCellRef">SubNetwork=ONRM_RootMo_R,MeContext=LTE02ERBS00015,ManagedElement=1,ENodeBFunction=1,EUtraNetwork=1,ExternalENodeBFunction=172,ExternalEUtranCellFDD=1</attr>
    <attr name="anrCreated">false</attr>
    <attr name="isHoAllowed">true</attr>
  </mo>
  <mo fdn="SubNetwork=ONRM_RootMo_R,MeContext=LTE02ERBS00015,ManagedElement=1,ENodeBFunction=1,EUtranCellFDD=LTE02ERBS00015-2,EUtranFreqRelation=2,EUtranCellRelation=27" lastModified="1287505064380" mimName="ERBS_NODE_MODEL" mimVersion="A.9.50.J.9.1">
    <attr name="isRemoveAllowed">false</attr>
    <attr name="neighborCellRef">SubNetwork=ONRM_RootMo_R,MeContext=LTE02ERBS00015,ManagedElement=1,ENodeBFunction=1,EUtraNetwork=1,ExternalENodeBFunction=172,ExternalEUtranCellFDD=2</attr>
    <attr name="anrCreated">false</attr>
    <attr name="isHoAllowed">true</attr>
  </mo>
  <mo fdn="SubNetwork=ONRM_RootMo_R,MeContext=LTE02ERBS00015,ManagedElement=1,ENodeBFunction=1,EUtranCellFDD=LTE02ERBS00015-2,EUtranFreqRelation=2,EUtranCellRelation=30" lastModified="1287505064368" mimName="ERBS_NODE_MODEL" mimVersion="A.9.50.J.9.1">
    <attr name="isRemoveAllowed">false</attr>
    <attr name="neighborCellRef">SubNetwork=ONRM_RootMo_R,MeContext=LTE02ERBS00015,ManagedElement=1,ENodeBFunction=1,EUtraNetwork=1,ExternalENodeBFunction=174,ExternalEUtranCellFDD=1</attr>
    <attr name="anrCreated">false</attr>
    <attr name="isHoAllowed">true</attr>
  </mo>
  <mo fdn="SubNetwork=ONRM_RootMo_R,MeContext=LTE02ERBS00015,ManagedElement=1,ENodeBFunction=1,EUtranCellFDD=LTE02ERBS00015-2,EUtranFreqRelation=2,EUtranCellRelation=31" lastModified="1287505064365" mimName="ERBS_NODE_MODEL" mimVersion="A.9.50.J.9.1">
    <attr name="isRemoveAllowed">false</attr>
    <attr name="neighborCellRef">SubNetwork=ONRM_RootMo_R,MeContext=LTE02ERBS00015,ManagedElement=1,ENodeBFunction=1,EUtraNetwork=1,ExternalENodeBFunction=174,ExternalEUtranCellFDD=2</attr>
    <attr name="anrCreated">false</attr>
    <attr name="isHoAllowed">true</attr>
  </mo>
  <mo fdn="SubNetwork=ONRM_RootMo_R,MeContext=LTE02ERBS00015,ManagedElement=1,ENodeBFunction=1,EUtranCellFDD=LTE02ERBS00015-2,EUtranFreqRelation=2,EUtranCellRelation=32" lastModified="1287505064358" mimName="ERBS_NODE_MODEL" mimVersion="A.9.50.J.9.1">
    <attr name="isRemoveAllowed">false</attr>
    <attr name="neighborCellRef">SubNetwork=ONRM_RootMo_R,MeContext=LTE02ERBS00015,ManagedElement=1,ENodeBFunction=1,EUtraNetwork=1,ExternalENodeBFunction=176,ExternalEUtranCellFDD=1</attr>
    <attr name="anrCreated">false</attr>
    <attr name="isHoAllowed">true</attr>
  </mo>
  <mo fdn="SubNetwork=ONRM_RootMo_R,MeContext=LTE02ERBS00015,ManagedElement=1,ENodeBFunction=1,EUtranCellFDD=LTE02ERBS00015-2,EUtranFreqRelation=2,EUtranCellRelation=33" lastModified="1287505064373" mimName="ERBS_NODE_MODEL" mimVersion="A.9.50.J.9.1">
    <attr name="isRemoveAllowed">false</attr>
    <attr name="neighborCellRef">SubNetwork=ONRM_RootMo_R,MeContext=LTE02ERBS00015,ManagedElement=1,ENodeBFunction=1,EUtraNetwork=1,ExternalENodeBFunction=176,ExternalEUtranCellFDD=2</attr>
    <attr name="anrCreated">false</attr>
    <attr name="isHoAllowed">true</attr>
  </mo>
  <mo fdn="SubNetwork=ONRM_RootMo_R,MeContext=LTE02ERBS00015,ManagedElement=1,ENodeBFunction=1,EUtranCellFDD=LTE02ERBS00015-2,EUtranFreqRelation=2,EUtranCellRelation=6" lastModified="1287505064376" mimName="ERBS_NODE_MODEL" mimVersion="A.9.50.J.9.1">
    <attr name="isRemoveAllowed">false</attr>
    <attr name="neighborCellRef">SubNetwork=ONRM_RootMo_R,MeContext=LTE02ERBS00015,ManagedElement=1,ENodeBFunction=1,EUtraNetwork=1,ExternalENodeBFunction=162,ExternalEUtranCellFDD=1</attr>
    <attr name="anrCreated">false</attr>
    <attr name="isHoAllowed">true</attr>
  </mo>
  <mo fdn="SubNetwork=ONRM_RootMo_R,MeContext=LTE02ERBS00015,ManagedElement=1,ENodeBFunction=1,EUtranCellFDD=LTE02ERBS00015-2,EUtranFreqRelation=2,EUtranCellRelation=7" lastModified="1287505064383" mimName="ERBS_NODE_MODEL" mimVersion="A.9.50.J.9.1">
    <attr name="isRemoveAllowed">false</attr>
    <attr name="neighborCellRef">SubNetwork=ONRM_RootMo_R,MeContext=LTE02ERBS00015,ManagedElement=1,ENodeBFunction=1,EUtraNetwork=1,ExternalENodeBFunction=162,ExternalEUtranCellFDD=2</attr>
    <attr name="anrCreated">false</attr>
    <attr name="isHoAllowed">true</attr>
  </mo>
  <mo fdn="SubNetwork=ONRM_RootMo_R,MeContext=LTE02ERBS00015,ManagedElement=1,ENodeBFunction=1,EUtranCellFDD=LTE02ERBS00015-3" lastModified="1287512142878" mimName="ERBS_NODE_MODEL" mimVersion="A.9.50.J.9.1">
    <attr name="EUtranCellFDDId">LTE02ERBS00015-3</attr>
    <attr name="earfcnul">18000</attr>
    <attr name="cellId">3</attr>
    <attr name="tac">48650</attr>
    <attr name="bPlmnList">
      <seq count="1">
        <item>
          <struct>
            <attr name="mcc">311</attr>
            <attr name="mnc">480</attr>
            <attr name="mncLength">2</attr>
          </struct>
        </item>
      </seq>
    </attr>
    <attr name="earfcndl">0</attr>
    <attr name="userLabel">LTE02ERBS00015-3</attr>
  </mo>
  <mo fdn="SubNetwork=ONRM_RootMo_R,MeContext=LTE02ERBS00015,ManagedElement=1,ENodeBFunction=1,EUtranCellFDD=LTE02ERBS00015-3,EUtranFreqRelation=1,EUtranCellRelation=1" lastModified="1287501524000" mimName="ERBS_NODE_MODEL" mimVersion="A.9.50.J.9.1">
    <attr name="isRemoveAllowed">false</attr>
    <attr name="neighborCellRef">SubNetwork=ONRM_RootMo_R,MeContext=LTE02ERBS00015,ManagedElement=1,ENodeBFunction=1,EUtranCellFDD=LTE02ERBS00015-1</attr>
    <attr name="anrCreated">false</attr>
    <attr name="isHoAllowed">true</attr>
  </mo>
  <mo fdn="SubNetwork=ONRM_RootMo_R,MeContext=LTE02ERBS00015,ManagedElement=1,ENodeBFunction=1,EUtranCellFDD=LTE02ERBS00015-3,EUtranFreqRelation=1,EUtranCellRelation=12" lastModified="1287505066224" mimName="ERBS_NODE_MODEL" mimVersion="A.9.50.J.9.1">
    <attr name="isRemoveAllowed">false</attr>
    <attr name="neighborCellRef">SubNetwork=ONRM_RootMo_R,MeContext=LTE02ERBS00015,ManagedElement=1,ENodeBFunction=1,EUtraNetwork=1,ExternalENodeBFunction=165,ExternalEUtranCellFDD=3</attr>
    <attr name="anrCreated">false</attr>
    <attr name="isHoAllowed">true</attr>
  </mo>
  <mo fdn="SubNetwork=ONRM_RootMo_R,MeContext=LTE02ERBS00015,ManagedElement=1,ENodeBFunction=1,EUtranCellFDD=LTE02ERBS00015-3,EUtranFreqRelation=1,EUtranCellRelation=13" lastModified="1287505066220" mimName="ERBS_NODE_MODEL" mimVersion="A.9.50.J.9.1">
    <attr name="isRemoveAllowed">false</attr>
    <attr name="neighborCellRef">SubNetwork=ONRM_RootMo_R,MeContext=LTE02ERBS00015,ManagedElement=1,ENodeBFunction=1,EUtraNetwork=1,ExternalENodeBFunction=165,ExternalEUtranCellFDD=4</attr>
    <attr name="anrCreated">false</attr>
    <attr name="isHoAllowed">true</attr>
  </mo>
  <mo fdn="SubNetwork=ONRM_RootMo_R,MeContext=LTE02ERBS00015,ManagedElement=1,ENodeBFunction=1,EUtranCellFDD=LTE02ERBS00015-3,EUtranFreqRelation=1,EUtranCellRelation=16" lastModified="1287505066236" mimName="ERBS_NODE_MODEL" mimVersion="A.9.50.J.9.1">
    <attr name="isRemoveAllowed">false</attr>
    <attr name="neighborCellRef">SubNetwork=ONRM_RootMo_R,MeContext=LTE02ERBS00015,ManagedElement=1,ENodeBFunction=1,EUtraNetwork=1,ExternalENodeBFunction=167,ExternalEUtranCellFDD=3</attr>
    <attr name="anrCreated">false</attr>
    <attr name="isHoAllowed">true</attr>
  </mo>
  <mo fdn="SubNetwork=ONRM_RootMo_R,MeContext=LTE02ERBS00015,ManagedElement=1,ENodeBFunction=1,EUtranCellFDD=LTE02ERBS00015-3,EUtranFreqRelation=1,EUtranCellRelation=17" lastModified="1287505066234" mimName="ERBS_NODE_MODEL" mimVersion="A.9.50.J.9.1">
    <attr name="isRemoveAllowed">false</attr>
    <attr name="neighborCellRef">SubNetwork=ONRM_RootMo_R,MeContext=LTE02ERBS00015,ManagedElement=1,ENodeBFunction=1,EUtraNetwork=1,ExternalENodeBFunction=167,ExternalEUtranCellFDD=4</attr>
    <attr name="anrCreated">false</attr>
    <attr name="isHoAllowed">true</attr>
  </mo>
  <mo fdn="SubNetwork=ONRM_RootMo_R,MeContext=LTE02ERBS00015,ManagedElement=1,ENodeBFunction=1,EUtranCellFDD=LTE02ERBS00015-3,EUtranFreqRelation=1,EUtranCellRelation=2" lastModified="1287501523995" mimName="ERBS_NODE_MODEL" mimVersion="A.9.50.J.9.1">
    <attr name="isRemoveAllowed">false</attr>
    <attr name="neighborCellRef">SubNetwork=ONRM_RootMo_R,MeContext=LTE02ERBS00015,ManagedElement=1,ENodeBFunction=1,EUtranCellFDD=LTE02ERBS00015-2</attr>
    <attr name="anrCreated">false</attr>
    <attr name="isHoAllowed">true</attr>
  </mo>
  <mo fdn="SubNetwork=ONRM_RootMo_R,MeContext=LTE02ERBS00015,ManagedElement=1,ENodeBFunction=1,EUtranCellFDD=LTE02ERBS00015-3,EUtranFreqRelation=1,EUtranCellRelation=20" lastModified="1287505066231" mimName="ERBS_NODE_MODEL" mimVersion="A.9.50.J.9.1">
    <attr name="isRemoveAllowed">false</attr>
    <attr name="neighborCellRef">SubNetwork=ONRM_RootMo_R,MeContext=LTE02ERBS00015,ManagedElement=1,ENodeBFunction=1,EUtraNetwork=1,ExternalENodeBFunction=169,ExternalEUtranCellFDD=3</attr>
    <attr name="anrCreated">false</attr>
    <attr name="isHoAllowed">true</attr>
  </mo>
  <mo fdn="SubNetwork=ONRM_RootMo_R,MeContext=LTE02ERBS00015,ManagedElement=1,ENodeBFunction=1,EUtranCellFDD=LTE02ERBS00015-3,EUtranFreqRelation=1,EUtranCellRelation=21" lastModified="1287505066230" mimName="ERBS_NODE_MODEL" mimVersion="A.9.50.J.9.1">
    <attr name="isRemoveAllowed">false</attr>
    <attr name="neighborCellRef">SubNetwork=ONRM_RootMo_R,MeContext=LTE02ERBS00015,ManagedElement=1,ENodeBFunction=1,EUtraNetwork=1,ExternalENodeBFunction=169,ExternalEUtranCellFDD=4</attr>
    <attr name="anrCreated">false</attr>
    <attr name="isHoAllowed">true</attr>
  </mo>
  <mo fdn="SubNetwork=ONRM_RootMo_R,MeContext=LTE02ERBS00015,ManagedElement=1,ENodeBFunction=1,EUtranCellFDD=LTE02ERBS00015-3,EUtranFreqRelation=1,EUtranCellRelation=24" lastModified="1287505066227" mimName="ERBS_NODE_MODEL" mimVersion="A.9.50.J.9.1">
    <attr name="isRemoveAllowed">false</attr>
    <attr name="neighborCellRef">SubNetwork=ONRM_RootMo_R,MeContext=LTE02ERBS00015,ManagedElement=1,ENodeBFunction=1,EUtraNetwork=1,ExternalENodeBFunction=171,ExternalEUtranCellFDD=3</attr>
    <attr name="anrCreated">false</attr>
    <attr name="isHoAllowed">true</attr>
  </mo>
  <mo fdn="SubNetwork=ONRM_RootMo_R,MeContext=LTE02ERBS00015,ManagedElement=1,ENodeBFunction=1,EUtranCellFDD=LTE02ERBS00015-3,EUtranFreqRelation=1,EUtranCellRelation=25" lastModified="1287505066222" mimName="ERBS_NODE_MODEL" mimVersion="A.9.50.J.9.1">
    <attr name="isRemoveAllowed">false</attr>
    <attr name="neighborCellRef">SubNetwork=ONRM_RootMo_R,MeContext=LTE02ERBS00015,ManagedElement=1,ENodeBFunction=1,EUtraNetwork=1,ExternalENodeBFunction=171,ExternalEUtranCellFDD=4</attr>
    <attr name="anrCreated">false</attr>
    <attr name="isHoAllowed">true</attr>
  </mo>
  <mo fdn="SubNetwork=ONRM_RootMo_R,MeContext=LTE02ERBS00015,ManagedElement=1,ENodeBFunction=1,EUtranCellFDD=LTE02ERBS00015-3,EUtranFreqRelation=1,EUtranCellRelation=28" lastModified="1287505066238" mimName="ERBS_NODE_MODEL" mimVersion="A.9.50.J.9.1">
    <attr name="isRemoveAllowed">false</attr>
    <attr name="neighborCellRef">SubNetwork=ONRM_RootMo_R,MeContext=LTE02ERBS00015,ManagedElement=1,ENodeBFunction=1,EUtraNetwork=1,ExternalENodeBFunction=173,ExternalEUtranCellFDD=3</attr>
    <attr name="anrCreated">false</attr>
    <attr name="isHoAllowed">true</attr>
  </mo>
  <mo fdn="SubNetwork=ONRM_RootMo_R,MeContext=LTE02ERBS00015,ManagedElement=1,ENodeBFunction=1,EUtranCellFDD=LTE02ERBS00015-3,EUtranFreqRelation=1,EUtranCellRelation=29" lastModified="1287505066235" mimName="ERBS_NODE_MODEL" mimVersion="A.9.50.J.9.1">
    <attr name="isRemoveAllowed">false</attr>
    <attr name="neighborCellRef">SubNetwork=ONRM_RootMo_R,MeContext=LTE02ERBS00015,ManagedElement=1,ENodeBFunction=1,EUtraNetwork=1,ExternalENodeBFunction=173,ExternalEUtranCellFDD=4</attr>
    <attr name="anrCreated">false</attr>
    <attr name="isHoAllowed">true</attr>
  </mo>
  <mo fdn="SubNetwork=ONRM_RootMo_R,MeContext=LTE02ERBS00015,ManagedElement=1,ENodeBFunction=1,EUtranCellFDD=LTE02ERBS00015-3,EUtranFreqRelation=1,EUtranCellRelation=3" lastModified="1287501522382" mimName="ERBS_NODE_MODEL" mimVersion="A.9.50.J.9.1">
    <attr name="isRemoveAllowed">false</attr>
    <attr name="neighborCellRef">SubNetwork=ONRM_RootMo_R,MeContext=LTE02ERBS00015,ManagedElement=1,ENodeBFunction=1,EUtranCellFDD=LTE02ERBS00015-4</attr>
    <attr name="anrCreated">false</attr>
    <attr name="isHoAllowed">true</attr>
  </mo>
  <mo fdn="SubNetwork=ONRM_RootMo_R,MeContext=LTE02ERBS00015,ManagedElement=1,ENodeBFunction=1,EUtranCellFDD=LTE02ERBS00015-3,EUtranFreqRelation=1,EUtranCellRelation=4" lastModified="1287505066237" mimName="ERBS_NODE_MODEL" mimVersion="A.9.50.J.9.1">
    <attr name="isRemoveAllowed">false</attr>
    <attr name="neighborCellRef">SubNetwork=ONRM_RootMo_R,MeContext=LTE02ERBS00015,ManagedElement=1,ENodeBFunction=1,EUtraNetwork=1,ExternalENodeBFunction=161,ExternalEUtranCellFDD=3</attr>
    <attr name="anrCreated">false</attr>
    <attr name="isHoAllowed">true</attr>
  </mo>
  <mo fdn="SubNetwork=ONRM_RootMo_R,MeContext=LTE02ERBS00015,ManagedElement=1,ENodeBFunction=1,EUtranCellFDD=LTE02ERBS00015-3,EUtranFreqRelation=1,EUtranCellRelation=5" lastModified="1287505066238" mimName="ERBS_NODE_MODEL" mimVersion="A.9.50.J.9.1">
    <attr name="isRemoveAllowed">false</attr>
    <attr name="neighborCellRef">SubNetwork=ONRM_RootMo_R,MeContext=LTE02ERBS00015,ManagedElement=1,ENodeBFunction=1,EUtraNetwork=1,ExternalENodeBFunction=161,ExternalEUtranCellFDD=4</attr>
    <attr name="anrCreated">false</attr>
    <attr name="isHoAllowed">true</attr>
  </mo>
  <mo fdn="SubNetwork=ONRM_RootMo_R,MeContext=LTE02ERBS00015,ManagedElement=1,ENodeBFunction=1,EUtranCellFDD=LTE02ERBS00015-3,EUtranFreqRelation=1,EUtranCellRelation=8" lastModified="1287505066232" mimName="ERBS_NODE_MODEL" mimVersion="A.9.50.J.9.1">
    <attr name="isRemoveAllowed">false</attr>
    <attr name="neighborCellRef">SubNetwork=ONRM_RootMo_R,MeContext=LTE02ERBS00015,ManagedElement=1,ENodeBFunction=1,EUtraNetwork=1,ExternalENodeBFunction=163,ExternalEUtranCellFDD=3</attr>
    <attr name="anrCreated">false</attr>
    <attr name="isHoAllowed">true</attr>
  </mo>
  <mo fdn="SubNetwork=ONRM_RootMo_R,MeContext=LTE02ERBS00015,ManagedElement=1,ENodeBFunction=1,EUtranCellFDD=LTE02ERBS00015-3,EUtranFreqRelation=1,EUtranCellRelation=9" lastModified="1287505066233" mimName="ERBS_NODE_MODEL" mimVersion="A.9.50.J.9.1">
    <attr name="isRemoveAllowed">false</attr>
    <attr name="neighborCellRef">SubNetwork=ONRM_RootMo_R,MeContext=LTE02ERBS00015,ManagedElement=1,ENodeBFunction=1,EUtraNetwork=1,ExternalENodeBFunction=163,ExternalEUtranCellFDD=4</attr>
    <attr name="anrCreated">false</attr>
    <attr name="isHoAllowed">true</attr>
  </mo>
  <mo fdn="SubNetwork=ONRM_RootMo_R,MeContext=LTE02ERBS00015,ManagedElement=1,ENodeBFunction=1,EUtranCellFDD=LTE02ERBS00015-3,EUtranFreqRelation=2,EUtranCellRelation=10" lastModified="1287505066209" mimName="ERBS_NODE_MODEL" mimVersion="A.9.50.J.9.1">
    <attr name="isRemoveAllowed">false</attr>
    <attr name="neighborCellRef">SubNetwork=ONRM_RootMo_R,MeContext=LTE02ERBS00015,ManagedElement=1,ENodeBFunction=1,EUtraNetwork=1,ExternalENodeBFunction=164,ExternalEUtranCellFDD=3</attr>
    <attr name="anrCreated">false</attr>
    <attr name="isHoAllowed">true</attr>
  </mo>
  <mo fdn="SubNetwork=ONRM_RootMo_R,MeContext=LTE02ERBS00015,ManagedElement=1,ENodeBFunction=1,EUtranCellFDD=LTE02ERBS00015-3,EUtranFreqRelation=2,EUtranCellRelation=11" lastModified="1287505066208" mimName="ERBS_NODE_MODEL" mimVersion="A.9.50.J.9.1">
    <attr name="isRemoveAllowed">false</attr>
    <attr name="neighborCellRef">SubNetwork=ONRM_RootMo_R,MeContext=LTE02ERBS00015,ManagedElement=1,ENodeBFunction=1,EUtraNetwork=1,ExternalENodeBFunction=164,ExternalEUtranCellFDD=4</attr>
    <attr name="anrCreated">false</attr>
    <attr name="isHoAllowed">true</attr>
  </mo>
  <mo fdn="SubNetwork=ONRM_RootMo_R,MeContext=LTE02ERBS00015,ManagedElement=1,ENodeBFunction=1,EUtranCellFDD=LTE02ERBS00015-3,EUtranFreqRelation=2,EUtranCellRelation=14" lastModified="1287505066202" mimName="ERBS_NODE_MODEL" mimVersion="A.9.50.J.9.1">
    <attr name="isRemoveAllowed">false</attr>
    <attr name="neighborCellRef">SubNetwork=ONRM_RootMo_R,MeContext=LTE02ERBS00015,ManagedElement=1,ENodeBFunction=1,EUtraNetwork=1,ExternalENodeBFunction=166,ExternalEUtranCellFDD=3</attr>
    <attr name="anrCreated">false</attr>
    <attr name="isHoAllowed">true</attr>
  </mo>
  <mo fdn="SubNetwork=ONRM_RootMo_R,MeContext=LTE02ERBS00015,ManagedElement=1,ENodeBFunction=1,EUtranCellFDD=LTE02ERBS00015-3,EUtranFreqRelation=2,EUtranCellRelation=15" lastModified="1287505066217" mimName="ERBS_NODE_MODEL" mimVersion="A.9.50.J.9.1">
    <attr name="isRemoveAllowed">false</attr>
    <attr name="neighborCellRef">SubNetwork=ONRM_RootMo_R,MeContext=LTE02ERBS00015,ManagedElement=1,ENodeBFunction=1,EUtraNetwork=1,ExternalENodeBFunction=166,ExternalEUtranCellFDD=4</attr>
    <attr name="anrCreated">false</attr>
    <attr name="isHoAllowed">true</attr>
  </mo>
  <mo fdn="SubNetwork=ONRM_RootMo_R,MeContext=LTE02ERBS00015,ManagedElement=1,ENodeBFunction=1,EUtranCellFDD=LTE02ERBS00015-3,EUtranFreqRelation=2,EUtranCellRelation=18" lastModified="1287505066214" mimName="ERBS_NODE_MODEL" mimVersion="A.9.50.J.9.1">
    <attr name="isRemoveAllowed">false</attr>
    <attr name="neighborCellRef">SubNetwork=ONRM_RootMo_R,MeContext=LTE02ERBS00015,ManagedElement=1,ENodeBFunction=1,EUtraNetwork=1,ExternalENodeBFunction=168,ExternalEUtranCellFDD=3</attr>
    <attr name="anrCreated">false</attr>
    <attr name="isHoAllowed">true</attr>
  </mo>
  <mo fdn="SubNetwork=ONRM_RootMo_R,MeContext=LTE02ERBS00015,ManagedElement=1,ENodeBFunction=1,EUtranCellFDD=LTE02ERBS00015-3,EUtranFreqRelation=2,EUtranCellRelation=19" lastModified="1287505066212" mimName="ERBS_NODE_MODEL" mimVersion="A.9.50.J.9.1">
    <attr name="isRemoveAllowed">false</attr>
    <attr name="neighborCellRef">SubNetwork=ONRM_RootMo_R,MeContext=LTE02ERBS00015,ManagedElement=1,ENodeBFunction=1,EUtraNetwork=1,ExternalENodeBFunction=168,ExternalEUtranCellFDD=4</attr>
    <attr name="anrCreated">false</attr>
    <attr name="isHoAllowed">true</attr>
  </mo>
  <mo fdn="SubNetwork=ONRM_RootMo_R,MeContext=LTE02ERBS00015,ManagedElement=1,ENodeBFunction=1,EUtranCellFDD=LTE02ERBS00015-3,EUtranFreqRelation=2,EUtranCellRelation=22" lastModified="1287505066205" mimName="ERBS_NODE_MODEL" mimVersion="A.9.50.J.9.1">
    <attr name="isRemoveAllowed">false</attr>
    <attr name="neighborCellRef">SubNetwork=ONRM_RootMo_R,MeContext=LTE02ERBS00015,ManagedElement=1,ENodeBFunction=1,EUtraNetwork=1,ExternalENodeBFunction=170,ExternalEUtranCellFDD=3</attr>
    <attr name="anrCreated">false</attr>
    <attr name="isHoAllowed">true</attr>
  </mo>
  <mo fdn="SubNetwork=ONRM_RootMo_R,MeContext=LTE02ERBS00015,ManagedElement=1,ENodeBFunction=1,EUtranCellFDD=LTE02ERBS00015-3,EUtranFreqRelation=2,EUtranCellRelation=23" lastModified="1287505066203" mimName="ERBS_NODE_MODEL" mimVersion="A.9.50.J.9.1">
    <attr name="isRemoveAllowed">false</attr>
    <attr name="neighborCellRef">SubNetwork=ONRM_RootMo_R,MeContext=LTE02ERBS00015,ManagedElement=1,ENodeBFunction=1,EUtraNetwork=1,ExternalENodeBFunction=170,ExternalEUtranCellFDD=4</attr>
    <attr name="anrCreated">false</attr>
    <attr name="isHoAllowed">true</attr>
  </mo>
  <mo fdn="SubNetwork=ONRM_RootMo_R,MeContext=LTE02ERBS00015,ManagedElement=1,ENodeBFunction=1,EUtranCellFDD=LTE02ERBS00015-3,EUtranFreqRelation=2,EUtranCellRelation=26" lastModified="1287505066216" mimName="ERBS_NODE_MODEL" mimVersion="A.9.50.J.9.1">
    <attr name="isRemoveAllowed">false</attr>
    <attr name="neighborCellRef">SubNetwork=ONRM_RootMo_R,MeContext=LTE02ERBS00015,ManagedElement=1,ENodeBFunction=1,EUtraNetwork=1,ExternalENodeBFunction=172,ExternalEUtranCellFDD=3</attr>
    <attr name="anrCreated">false</attr>
    <attr name="isHoAllowed">true</attr>
  </mo>
  <mo fdn="SubNetwork=ONRM_RootMo_R,MeContext=LTE02ERBS00015,ManagedElement=1,ENodeBFunction=1,EUtranCellFDD=LTE02ERBS00015-3,EUtranFreqRelation=2,EUtranCellRelation=27" lastModified="1287505066215" mimName="ERBS_NODE_MODEL" mimVersion="A.9.50.J.9.1">
    <attr name="isRemoveAllowed">false</attr>
    <attr name="neighborCellRef">SubNetwork=ONRM_RootMo_R,MeContext=LTE02ERBS00015,ManagedElement=1,ENodeBFunction=1,EUtraNetwork=1,ExternalENodeBFunction=172,ExternalEUtranCellFDD=4</attr>
    <attr name="anrCreated">false</attr>
    <attr name="isHoAllowed">true</attr>
  </mo>
  <mo fdn="SubNetwork=ONRM_RootMo_R,MeContext=LTE02ERBS00015,ManagedElement=1,ENodeBFunction=1,EUtranCellFDD=LTE02ERBS00015-3,EUtranFreqRelation=2,EUtranCellRelation=30" lastModified="1287505066207" mimName="ERBS_NODE_MODEL" mimVersion="A.9.50.J.9.1">
    <attr name="isRemoveAllowed">false</attr>
    <attr name="neighborCellRef">SubNetwork=ONRM_RootMo_R,MeContext=LTE02ERBS00015,ManagedElement=1,ENodeBFunction=1,EUtraNetwork=1,ExternalENodeBFunction=174,ExternalEUtranCellFDD=3</attr>
    <attr name="anrCreated">false</attr>
    <attr name="isHoAllowed">true</attr>
  </mo>
  <mo fdn="SubNetwork=ONRM_RootMo_R,MeContext=LTE02ERBS00015,ManagedElement=1,ENodeBFunction=1,EUtranCellFDD=LTE02ERBS00015-3,EUtranFreqRelation=2,EUtranCellRelation=31" lastModified="1287505066206" mimName="ERBS_NODE_MODEL" mimVersion="A.9.50.J.9.1">
    <attr name="isRemoveAllowed">false</attr>
    <attr name="neighborCellRef">SubNetwork=ONRM_RootMo_R,MeContext=LTE02ERBS00015,ManagedElement=1,ENodeBFunction=1,EUtraNetwork=1,ExternalENodeBFunction=174,ExternalEUtranCellFDD=4</attr>
    <attr name="anrCreated">false</attr>
    <attr name="isHoAllowed">true</attr>
  </mo>
  <mo fdn="SubNetwork=ONRM_RootMo_R,MeContext=LTE02ERBS00015,ManagedElement=1,ENodeBFunction=1,EUtranCellFDD=LTE02ERBS00015-3,EUtranFreqRelation=2,EUtranCellRelation=32" lastModified="1287505066204" mimName="ERBS_NODE_MODEL" mimVersion="A.9.50.J.9.1">
    <attr name="isRemoveAllowed">false</attr>
    <attr name="neighborCellRef">SubNetwork=ONRM_RootMo_R,MeContext=LTE02ERBS00015,ManagedElement=1,ENodeBFunction=1,EUtraNetwork=1,ExternalENodeBFunction=176,ExternalEUtranCellFDD=3</attr>
    <attr name="anrCreated">false</attr>
    <attr name="isHoAllowed">true</attr>
  </mo>
  <mo fdn="SubNetwork=ONRM_RootMo_R,MeContext=LTE02ERBS00015,ManagedElement=1,ENodeBFunction=1,EUtranCellFDD=LTE02ERBS00015-3,EUtranFreqRelation=2,EUtranCellRelation=33" lastModified="1287505066211" mimName="ERBS_NODE_MODEL" mimVersion="A.9.50.J.9.1">
    <attr name="isRemoveAllowed">false</attr>
    <attr name="neighborCellRef">SubNetwork=ONRM_RootMo_R,MeContext=LTE02ERBS00015,ManagedElement=1,ENodeBFunction=1,EUtraNetwork=1,ExternalENodeBFunction=176,ExternalEUtranCellFDD=4</attr>
    <attr name="anrCreated">false</attr>
    <attr name="isHoAllowed">true</attr>
  </mo>
  <mo fdn="SubNetwork=ONRM_RootMo_R,MeContext=LTE02ERBS00015,ManagedElement=1,ENodeBFunction=1,EUtranCellFDD=LTE02ERBS00015-3,EUtranFreqRelation=2,EUtranCellRelation=6" lastModified="1287505066213" mimName="ERBS_NODE_MODEL" mimVersion="A.9.50.J.9.1">
    <attr name="isRemoveAllowed">false</attr>
    <attr name="neighborCellRef">SubNetwork=ONRM_RootMo_R,MeContext=LTE02ERBS00015,ManagedElement=1,ENodeBFunction=1,EUtraNetwork=1,ExternalENodeBFunction=162,ExternalEUtranCellFDD=3</attr>
    <attr name="anrCreated">false</attr>
    <attr name="isHoAllowed">true</attr>
  </mo>
  <mo fdn="SubNetwork=ONRM_RootMo_R,MeContext=LTE02ERBS00015,ManagedElement=1,ENodeBFunction=1,EUtranCellFDD=LTE02ERBS00015-3,EUtranFreqRelation=2,EUtranCellRelation=7" lastModified="1287505066217" mimName="ERBS_NODE_MODEL" mimVersion="A.9.50.J.9.1">
    <attr name="isRemoveAllowed">false</attr>
    <attr name="neighborCellRef">SubNetwork=ONRM_RootMo_R,MeContext=LTE02ERBS00015,ManagedElement=1,ENodeBFunction=1,EUtraNetwork=1,ExternalENodeBFunction=162,ExternalEUtranCellFDD=4</attr>
    <attr name="anrCreated">false</attr>
    <attr name="isHoAllowed">true</attr>
  </mo>
  <mo fdn="SubNetwork=ONRM_RootMo_R,MeContext=LTE02ERBS00015,ManagedElement=1,ENodeBFunction=1,EUtranCellFDD=LTE02ERBS00015-4" lastModified="1287512143349" mimName="ERBS_NODE_MODEL" mimVersion="A.9.50.J.9.1">
    <attr name="EUtranCellFDDId">LTE02ERBS00015-4</attr>
    <attr name="earfcnul">18000</attr>
    <attr name="cellId">4</attr>
    <attr name="tac">1</attr>
    <attr name="bPlmnList">
      <seq count="1">
        <item>
          <struct>
            <attr name="mcc">311</attr>
            <attr name="mnc">480</attr>
            <attr name="mncLength">2</attr>
          </struct>
        </item>
      </seq>
    </attr>
    <attr name="earfcndl">0</attr>
    <attr name="userLabel">LTE02ERBS00015-4</attr>
  </mo>
  <mo fdn="SubNetwork=ONRM_RootMo_R,MeContext=LTE02ERBS00015,ManagedElement=1,ENodeBFunction=1,EUtranCellFDD=LTE02ERBS00015-4,EUtranFreqRelation=1,EUtranCellRelation=1" lastModified="1287501522080" mimName="ERBS_NODE_MODEL" mimVersion="A.9.50.J.9.1">
    <attr name="isRemoveAllowed">false</attr>
    <attr name="neighborCellRef">SubNetwork=ONRM_RootMo_R,MeContext=LTE02ERBS00015,ManagedElement=1,ENodeBFunction=1,EUtranCellFDD=LTE02ERBS00015-1</attr>
    <attr name="anrCreated">false</attr>
    <attr name="isHoAllowed">true</attr>
  </mo>
  <mo fdn="SubNetwork=ONRM_RootMo_R,MeContext=LTE02ERBS00015,ManagedElement=1,ENodeBFunction=1,EUtranCellFDD=LTE02ERBS00015-4,EUtranFreqRelation=1,EUtranCellRelation=12" lastModified="1287505067952" mimName="ERBS_NODE_MODEL" mimVersion="A.9.50.J.9.1">
    <attr name="isRemoveAllowed">false</attr>
    <attr name="neighborCellRef">SubNetwork=ONRM_RootMo_R,MeContext=LTE02ERBS00015,ManagedElement=1,ENodeBFunction=1,EUtraNetwork=1,ExternalENodeBFunction=165,ExternalEUtranCellFDD=3</attr>
    <attr name="anrCreated">false</attr>
    <attr name="isHoAllowed">true</attr>
  </mo>
  <mo fdn="SubNetwork=ONRM_RootMo_R,MeContext=LTE02ERBS00015,ManagedElement=1,ENodeBFunction=1,EUtranCellFDD=LTE02ERBS00015-4,EUtranFreqRelation=1,EUtranCellRelation=13" lastModified="1287505067950" mimName="ERBS_NODE_MODEL" mimVersion="A.9.50.J.9.1">
    <attr name="isRemoveAllowed">false</attr>
    <attr name="neighborCellRef">SubNetwork=ONRM_RootMo_R,MeContext=LTE02ERBS00015,ManagedElement=1,ENodeBFunction=1,EUtraNetwork=1,ExternalENodeBFunction=165,ExternalEUtranCellFDD=4</attr>
    <attr name="anrCreated">false</attr>
    <attr name="isHoAllowed">true</attr>
  </mo>
  <mo fdn="SubNetwork=ONRM_RootMo_R,MeContext=LTE02ERBS00015,ManagedElement=1,ENodeBFunction=1,EUtranCellFDD=LTE02ERBS00015-4,EUtranFreqRelation=1,EUtranCellRelation=16" lastModified="1287505067959" mimName="ERBS_NODE_MODEL" mimVersion="A.9.50.J.9.1">
    <attr name="isRemoveAllowed">false</attr>
    <attr name="neighborCellRef">SubNetwork=ONRM_RootMo_R,MeContext=LTE02ERBS00015,ManagedElement=1,ENodeBFunction=1,EUtraNetwork=1,ExternalENodeBFunction=167,ExternalEUtranCellFDD=3</attr>
    <attr name="anrCreated">false</attr>
    <attr name="isHoAllowed">true</attr>
  </mo>
  <mo fdn="SubNetwork=ONRM_RootMo_R,MeContext=LTE02ERBS00015,ManagedElement=1,ENodeBFunction=1,EUtranCellFDD=LTE02ERBS00015-4,EUtranFreqRelation=1,EUtranCellRelation=17" lastModified="1287505067957" mimName="ERBS_NODE_MODEL" mimVersion="A.9.50.J.9.1">
    <attr name="isRemoveAllowed">false</attr>
    <attr name="neighborCellRef">SubNetwork=ONRM_RootMo_R,MeContext=LTE02ERBS00015,ManagedElement=1,ENodeBFunction=1,EUtraNetwork=1,ExternalENodeBFunction=167,ExternalEUtranCellFDD=4</attr>
    <attr name="anrCreated">false</attr>
    <attr name="isHoAllowed">true</attr>
  </mo>
  <mo fdn="SubNetwork=ONRM_RootMo_R,MeContext=LTE02ERBS00015,ManagedElement=1,ENodeBFunction=1,EUtranCellFDD=LTE02ERBS00015-4,EUtranFreqRelation=1,EUtranCellRelation=2" lastModified="1287501522038" mimName="ERBS_NODE_MODEL" mimVersion="A.9.50.J.9.1">
    <attr name="isRemoveAllowed">false</attr>
    <attr name="neighborCellRef">SubNetwork=ONRM_RootMo_R,MeContext=LTE02ERBS00015,ManagedElement=1,ENodeBFunction=1,EUtranCellFDD=LTE02ERBS00015-2</attr>
    <attr name="anrCreated">false</attr>
    <attr name="isHoAllowed">true</attr>
  </mo>
  <mo fdn="SubNetwork=ONRM_RootMo_R,MeContext=LTE02ERBS00015,ManagedElement=1,ENodeBFunction=1,EUtranCellFDD=LTE02ERBS00015-4,EUtranFreqRelation=1,EUtranCellRelation=20" lastModified="1287505067955" mimName="ERBS_NODE_MODEL" mimVersion="A.9.50.J.9.1">
    <attr name="isRemoveAllowed">false</attr>
    <attr name="neighborCellRef">SubNetwork=ONRM_RootMo_R,MeContext=LTE02ERBS00015,ManagedElement=1,ENodeBFunction=1,EUtraNetwork=1,ExternalENodeBFunction=169,ExternalEUtranCellFDD=3</attr>
    <attr name="anrCreated">false</attr>
    <attr name="isHoAllowed">true</attr>
  </mo>
  <mo fdn="SubNetwork=ONRM_RootMo_R,MeContext=LTE02ERBS00015,ManagedElement=1,ENodeBFunction=1,EUtranCellFDD=LTE02ERBS00015-4,EUtranFreqRelation=1,EUtranCellRelation=21" lastModified="1287505067954" mimName="ERBS_NODE_MODEL" mimVersion="A.9.50.J.9.1">
    <attr name="isRemoveAllowed">false</attr>
    <attr name="neighborCellRef">SubNetwork=ONRM_RootMo_R,MeContext=LTE02ERBS00015,ManagedElement=1,ENodeBFunction=1,EUtraNetwork=1,ExternalENodeBFunction=169,ExternalEUtranCellFDD=4</attr>
    <attr name="anrCreated">false</attr>
    <attr name="isHoAllowed">true</attr>
  </mo>
  <mo fdn="SubNetwork=ONRM_RootMo_R,MeContext=LTE02ERBS00015,ManagedElement=1,ENodeBFunction=1,EUtranCellFDD=LTE02ERBS00015-4,EUtranFreqRelation=1,EUtranCellRelation=24" lastModified="1287505067953" mimName="ERBS_NODE_MODEL" mimVersion="A.9.50.J.9.1">
    <attr name="isRemoveAllowed">false</attr>
    <attr name="neighborCellRef">SubNetwork=ONRM_RootMo_R,MeContext=LTE02ERBS00015,ManagedElement=1,ENodeBFunction=1,EUtraNetwork=1,ExternalENodeBFunction=171,ExternalEUtranCellFDD=3</attr>
    <attr name="anrCreated">false</attr>
    <attr name="isHoAllowed">true</attr>
  </mo>
  <mo fdn="SubNetwork=ONRM_RootMo_R,MeContext=LTE02ERBS00015,ManagedElement=1,ENodeBFunction=1,EUtranCellFDD=LTE02ERBS00015-4,EUtranFreqRelation=1,EUtranCellRelation=25" lastModified="1287505067951" mimName="ERBS_NODE_MODEL" mimVersion="A.9.50.J.9.1">
    <attr name="isRemoveAllowed">false</attr>
    <attr name="neighborCellRef">SubNetwork=ONRM_RootMo_R,MeContext=LTE02ERBS00015,ManagedElement=1,ENodeBFunction=1,EUtraNetwork=1,ExternalENodeBFunction=171,ExternalEUtranCellFDD=4</attr>
    <attr name="anrCreated">false</attr>
    <attr name="isHoAllowed">true</attr>
  </mo>
  <mo fdn="SubNetwork=ONRM_RootMo_R,MeContext=LTE02ERBS00015,ManagedElement=1,ENodeBFunction=1,EUtranCellFDD=LTE02ERBS00015-4,EUtranFreqRelation=1,EUtranCellRelation=28" lastModified="1287505067962" mimName="ERBS_NODE_MODEL" mimVersion="A.9.50.J.9.1">
    <attr name="isRemoveAllowed">false</attr>
    <attr name="neighborCellRef">SubNetwork=ONRM_RootMo_R,MeContext=LTE02ERBS00015,ManagedElement=1,ENodeBFunction=1,EUtraNetwork=1,ExternalENodeBFunction=173,ExternalEUtranCellFDD=3</attr>
    <attr name="anrCreated">false</attr>
    <attr name="isHoAllowed">true</attr>
  </mo>
  <mo fdn="SubNetwork=ONRM_RootMo_R,MeContext=LTE02ERBS00015,ManagedElement=1,ENodeBFunction=1,EUtranCellFDD=LTE02ERBS00015-4,EUtranFreqRelation=1,EUtranCellRelation=29" lastModified="1287505067958" mimName="ERBS_NODE_MODEL" mimVersion="A.9.50.J.9.1">
    <attr name="isRemoveAllowed">false</attr>
    <attr name="neighborCellRef">SubNetwork=ONRM_RootMo_R,MeContext=LTE02ERBS00015,ManagedElement=1,ENodeBFunction=1,EUtraNetwork=1,ExternalENodeBFunction=173,ExternalEUtranCellFDD=4</attr>
    <attr name="anrCreated">false</attr>
    <attr name="isHoAllowed">true</attr>
  </mo>
  <mo fdn="SubNetwork=ONRM_RootMo_R,MeContext=LTE02ERBS00015,ManagedElement=1,ENodeBFunction=1,EUtranCellFDD=LTE02ERBS00015-4,EUtranFreqRelation=1,EUtranCellRelation=3" lastModified="1287501521962" mimName="ERBS_NODE_MODEL" mimVersion="A.9.50.J.9.1">
    <attr name="isRemoveAllowed">false</attr>
    <attr name="neighborCellRef">SubNetwork=ONRM_RootMo_R,MeContext=LTE02ERBS00015,ManagedElement=1,ENodeBFunction=1,EUtranCellFDD=LTE02ERBS00015-3</attr>
    <attr name="anrCreated">false</attr>
    <attr name="isHoAllowed">true</attr>
  </mo>
  <mo fdn="SubNetwork=ONRM_RootMo_R,MeContext=LTE02ERBS00015,ManagedElement=1,ENodeBFunction=1,EUtranCellFDD=LTE02ERBS00015-4,EUtranFreqRelation=1,EUtranCellRelation=4" lastModified="1287505067960" mimName="ERBS_NODE_MODEL" mimVersion="A.9.50.J.9.1">
    <attr name="isRemoveAllowed">false</attr>
    <attr name="neighborCellRef">SubNetwork=ONRM_RootMo_R,MeContext=LTE02ERBS00015,ManagedElement=1,ENodeBFunction=1,EUtraNetwork=1,ExternalENodeBFunction=161,ExternalEUtranCellFDD=3</attr>
    <attr name="anrCreated">false</attr>
    <attr name="isHoAllowed">true</attr>
  </mo>
  <mo fdn="SubNetwork=ONRM_RootMo_R,MeContext=LTE02ERBS00015,ManagedElement=1,ENodeBFunction=1,EUtranCellFDD=LTE02ERBS00015-4,EUtranFreqRelation=1,EUtranCellRelation=5" lastModified="1287505067963" mimName="ERBS_NODE_MODEL" mimVersion="A.9.50.J.9.1">
    <attr name="isRemoveAllowed">false</attr>
    <attr name="neighborCellRef">SubNetwork=ONRM_RootMo_R,MeContext=LTE02ERBS00015,ManagedElement=1,ENodeBFunction=1,EUtraNetwork=1,ExternalENodeBFunction=161,ExternalEUtranCellFDD=4</attr>
    <attr name="anrCreated">false</attr>
    <attr name="isHoAllowed">true</attr>
  </mo>
  <mo fdn="SubNetwork=ONRM_RootMo_R,MeContext=LTE02ERBS00015,ManagedElement=1,ENodeBFunction=1,EUtranCellFDD=LTE02ERBS00015-4,EUtranFreqRelation=1,EUtranCellRelation=8" lastModified="1287505067956" mimName="ERBS_NODE_MODEL" mimVersion="A.9.50.J.9.1">
    <attr name="isRemoveAllowed">false</attr>
    <attr name="neighborCellRef">SubNetwork=ONRM_RootMo_R,MeContext=LTE02ERBS00015,ManagedElement=1,ENodeBFunction=1,EUtraNetwork=1,ExternalENodeBFunction=163,ExternalEUtranCellFDD=3</attr>
    <attr name="anrCreated">false</attr>
    <attr name="isHoAllowed">true</attr>
  </mo>
  <mo fdn="SubNetwork=ONRM_RootMo_R,MeContext=LTE02ERBS00015,ManagedElement=1,ENodeBFunction=1,EUtranCellFDD=LTE02ERBS00015-4,EUtranFreqRelation=1,EUtranCellRelation=9" lastModified="1287505067956" mimName="ERBS_NODE_MODEL" mimVersion="A.9.50.J.9.1">
    <attr name="isRemoveAllowed">false</attr>
    <attr name="neighborCellRef">SubNetwork=ONRM_RootMo_R,MeContext=LTE02ERBS00015,ManagedElement=1,ENodeBFunction=1,EUtraNetwork=1,ExternalENodeBFunction=163,ExternalEUtranCellFDD=4</attr>
    <attr name="anrCreated">false</attr>
    <attr name="isHoAllowed">true</attr>
  </mo>
  <mo fdn="SubNetwork=ONRM_RootMo_R,MeContext=LTE02ERBS00015,ManagedElement=1,ENodeBFunction=1,EUtranCellFDD=LTE02ERBS00015-4,EUtranFreqRelation=2,EUtranCellRelation=10" lastModified="1287505067934" mimName="ERBS_NODE_MODEL" mimVersion="A.9.50.J.9.1">
    <attr name="isRemoveAllowed">false</attr>
    <attr name="neighborCellRef">SubNetwork=ONRM_RootMo_R,MeContext=LTE02ERBS00015,ManagedElement=1,ENodeBFunction=1,EUtraNetwork=1,ExternalENodeBFunction=164,ExternalEUtranCellFDD=3</attr>
    <attr name="anrCreated">false</attr>
    <attr name="isHoAllowed">true</attr>
  </mo>
  <mo fdn="SubNetwork=ONRM_RootMo_R,MeContext=LTE02ERBS00015,ManagedElement=1,ENodeBFunction=1,EUtranCellFDD=LTE02ERBS00015-4,EUtranFreqRelation=2,EUtranCellRelation=11" lastModified="1287505067933" mimName="ERBS_NODE_MODEL" mimVersion="A.9.50.J.9.1">
    <attr name="isRemoveAllowed">false</attr>
    <attr name="neighborCellRef">SubNetwork=ONRM_RootMo_R,MeContext=LTE02ERBS00015,ManagedElement=1,ENodeBFunction=1,EUtraNetwork=1,ExternalENodeBFunction=164,ExternalEUtranCellFDD=4</attr>
    <attr name="anrCreated">false</attr>
    <attr name="isHoAllowed">true</attr>
  </mo>
  <mo fdn="SubNetwork=ONRM_RootMo_R,MeContext=LTE02ERBS00015,ManagedElement=1,ENodeBFunction=1,EUtranCellFDD=LTE02ERBS00015-4,EUtranFreqRelation=2,EUtranCellRelation=14" lastModified="1287505067922" mimName="ERBS_NODE_MODEL" mimVersion="A.9.50.J.9.1">
    <attr name="isRemoveAllowed">false</attr>
    <attr name="neighborCellRef">SubNetwork=ONRM_RootMo_R,MeContext=LTE02ERBS00015,ManagedElement=1,ENodeBFunction=1,EUtraNetwork=1,ExternalENodeBFunction=166,ExternalEUtranCellFDD=3</attr>
    <attr name="anrCreated">false</attr>
    <attr name="isHoAllowed">true</attr>
  </mo>
  <mo fdn="SubNetwork=ONRM_RootMo_R,MeContext=LTE02ERBS00015,ManagedElement=1,ENodeBFunction=1,EUtranCellFDD=LTE02ERBS00015-4,EUtranFreqRelation=2,EUtranCellRelation=15" lastModified="1287505067948" mimName="ERBS_NODE_MODEL" mimVersion="A.9.50.J.9.1">
    <attr name="isRemoveAllowed">false</attr>
    <attr name="neighborCellRef">SubNetwork=ONRM_RootMo_R,MeContext=LTE02ERBS00015,ManagedElement=1,ENodeBFunction=1,EUtraNetwork=1,ExternalENodeBFunction=166,ExternalEUtranCellFDD=4</attr>
    <attr name="anrCreated">false</attr>
    <attr name="isHoAllowed">true</attr>
  </mo>
  <mo fdn="SubNetwork=ONRM_RootMo_R,MeContext=LTE02ERBS00015,ManagedElement=1,ENodeBFunction=1,EUtranCellFDD=LTE02ERBS00015-4,EUtranFreqRelation=2,EUtranCellRelation=18" lastModified="1287505067939" mimName="ERBS_NODE_MODEL" mimVersion="A.9.50.J.9.1">
    <attr name="isRemoveAllowed">false</attr>
    <attr name="neighborCellRef">SubNetwork=ONRM_RootMo_R,MeContext=LTE02ERBS00015,ManagedElement=1,ENodeBFunction=1,EUtraNetwork=1,ExternalENodeBFunction=168,ExternalEUtranCellFDD=3</attr>
    <attr name="anrCreated">false</attr>
    <attr name="isHoAllowed">true</attr>
  </mo>
  <mo fdn="SubNetwork=ONRM_RootMo_R,MeContext=LTE02ERBS00015,ManagedElement=1,ENodeBFunction=1,EUtranCellFDD=LTE02ERBS00015-4,EUtranFreqRelation=2,EUtranCellRelation=19" lastModified="1287505067937" mimName="ERBS_NODE_MODEL" mimVersion="A.9.50.J.9.1">
    <attr name="isRemoveAllowed">false</attr>
    <attr name="neighborCellRef">SubNetwork=ONRM_RootMo_R,MeContext=LTE02ERBS00015,ManagedElement=1,ENodeBFunction=1,EUtraNetwork=1,ExternalENodeBFunction=168,ExternalEUtranCellFDD=4</attr>
    <attr name="anrCreated">false</attr>
    <attr name="isHoAllowed">true</attr>
  </mo>
  <mo fdn="SubNetwork=ONRM_RootMo_R,MeContext=LTE02ERBS00015,ManagedElement=1,ENodeBFunction=1,EUtranCellFDD=LTE02ERBS00015-4,EUtranFreqRelation=2,EUtranCellRelation=22" lastModified="1287505067929" mimName="ERBS_NODE_MODEL" mimVersion="A.9.50.J.9.1">
    <attr name="isRemoveAllowed">false</attr>
    <attr name="neighborCellRef">SubNetwork=ONRM_RootMo_R,MeContext=LTE02ERBS00015,ManagedElement=1,ENodeBFunction=1,EUtraNetwork=1,ExternalENodeBFunction=170,ExternalEUtranCellFDD=3</attr>
    <attr name="anrCreated">false</attr>
    <attr name="isHoAllowed">true</attr>
  </mo>
  <mo fdn="SubNetwork=ONRM_RootMo_R,MeContext=LTE02ERBS00015,ManagedElement=1,ENodeBFunction=1,EUtranCellFDD=LTE02ERBS00015-4,EUtranFreqRelation=2,EUtranCellRelation=23" lastModified="1287505067924" mimName="ERBS_NODE_MODEL" mimVersion="A.9.50.J.9.1">
    <attr name="isRemoveAllowed">false</attr>
    <attr name="neighborCellRef">SubNetwork=ONRM_RootMo_R,MeContext=LTE02ERBS00015,ManagedElement=1,ENodeBFunction=1,EUtraNetwork=1,ExternalENodeBFunction=170,ExternalEUtranCellFDD=4</attr>
    <attr name="anrCreated">false</attr>
    <attr name="isHoAllowed">true</attr>
  </mo>
  <mo fdn="SubNetwork=ONRM_RootMo_R,MeContext=LTE02ERBS00015,ManagedElement=1,ENodeBFunction=1,EUtranCellFDD=LTE02ERBS00015-4,EUtranFreqRelation=2,EUtranCellRelation=26" lastModified="1287505067944" mimName="ERBS_NODE_MODEL" mimVersion="A.9.50.J.9.1">
    <attr name="isRemoveAllowed">false</attr>
    <attr name="neighborCellRef">SubNetwork=ONRM_RootMo_R,MeContext=LTE02ERBS00015,ManagedElement=1,ENodeBFunction=1,EUtraNetwork=1,ExternalENodeBFunction=172,ExternalEUtranCellFDD=3</attr>
    <attr name="anrCreated">false</attr>
    <attr name="isHoAllowed">true</attr>
  </mo>
  <mo fdn="SubNetwork=ONRM_RootMo_R,MeContext=LTE02ERBS00015,ManagedElement=1,ENodeBFunction=1,EUtranCellFDD=LTE02ERBS00015-4,EUtranFreqRelation=2,EUtranCellRelation=27" lastModified="1287505067942" mimName="ERBS_NODE_MODEL" mimVersion="A.9.50.J.9.1">
    <attr name="isRemoveAllowed">false</attr>
    <attr name="neighborCellRef">SubNetwork=ONRM_RootMo_R,MeContext=LTE02ERBS00015,ManagedElement=1,ENodeBFunction=1,EUtraNetwork=1,ExternalENodeBFunction=172,ExternalEUtranCellFDD=4</attr>
    <attr name="anrCreated">false</attr>
    <attr name="isHoAllowed">true</attr>
  </mo>
  <mo fdn="SubNetwork=ONRM_RootMo_R,MeContext=LTE02ERBS00015,ManagedElement=1,ENodeBFunction=1,EUtranCellFDD=LTE02ERBS00015-4,EUtranFreqRelation=2,EUtranCellRelation=30" lastModified="1287505067931" mimName="ERBS_NODE_MODEL" mimVersion="A.9.50.J.9.1">
    <attr name="isRemoveAllowed">false</attr>
    <attr name="neighborCellRef">SubNetwork=ONRM_RootMo_R,MeContext=LTE02ERBS00015,ManagedElement=1,ENodeBFunction=1,EUtraNetwork=1,ExternalENodeBFunction=174,ExternalEUtranCellFDD=3</attr>
    <attr name="anrCreated">false</attr>
    <attr name="isHoAllowed">true</attr>
  </mo>
  <mo fdn="SubNetwork=ONRM_RootMo_R,MeContext=LTE02ERBS00015,ManagedElement=1,ENodeBFunction=1,EUtranCellFDD=LTE02ERBS00015-4,EUtranFreqRelation=2,EUtranCellRelation=31" lastModified="1287505067930" mimName="ERBS_NODE_MODEL" mimVersion="A.9.50.J.9.1">
    <attr name="isRemoveAllowed">false</attr>
    <attr name="neighborCellRef">SubNetwork=ONRM_RootMo_R,MeContext=LTE02ERBS00015,ManagedElement=1,ENodeBFunction=1,EUtraNetwork=1,ExternalENodeBFunction=174,ExternalEUtranCellFDD=4</attr>
    <attr name="anrCreated">false</attr>
    <attr name="isHoAllowed">true</attr>
  </mo>
  <mo fdn="SubNetwork=ONRM_RootMo_R,MeContext=LTE02ERBS00015,ManagedElement=1,ENodeBFunction=1,EUtranCellFDD=LTE02ERBS00015-4,EUtranFreqRelation=2,EUtranCellRelation=32" lastModified="1287505067927" mimName="ERBS_NODE_MODEL" mimVersion="A.9.50.J.9.1">
    <attr name="isRemoveAllowed">false</attr>
    <attr name="neighborCellRef">SubNetwork=ONRM_RootMo_R,MeContext=LTE02ERBS00015,ManagedElement=1,ENodeBFunction=1,EUtraNetwork=1,ExternalENodeBFunction=176,ExternalEUtranCellFDD=3</attr>
    <attr name="anrCreated">false</attr>
    <attr name="isHoAllowed">true</attr>
  </mo>
  <mo fdn="SubNetwork=ONRM_RootMo_R,MeContext=LTE02ERBS00015,ManagedElement=1,ENodeBFunction=1,EUtranCellFDD=LTE02ERBS00015-4,EUtranFreqRelation=2,EUtranCellRelation=33" lastModified="1287505067935" mimName="ERBS_NODE_MODEL" mimVersion="A.9.50.J.9.1">
    <attr name="isRemoveAllowed">false</attr>
    <attr name="neighborCellRef">SubNetwork=ONRM_RootMo_R,MeContext=LTE02ERBS00015,ManagedElement=1,ENodeBFunction=1,EUtraNetwork=1,ExternalENodeBFunction=176,ExternalEUtranCellFDD=4</attr>
    <attr name="anrCreated">false</attr>
    <attr name="isHoAllowed">true</attr>
  </mo>
  <mo fdn="SubNetwork=ONRM_RootMo_R,MeContext=LTE02ERBS00015,ManagedElement=1,ENodeBFunction=1,EUtranCellFDD=LTE02ERBS00015-4,EUtranFreqRelation=2,EUtranCellRelation=6" lastModified="1287505067938" mimName="ERBS_NODE_MODEL" mimVersion="A.9.50.J.9.1">
    <attr name="isRemoveAllowed">false</attr>
    <attr name="neighborCellRef">SubNetwork=ONRM_RootMo_R,MeContext=LTE02ERBS00015,ManagedElement=1,ENodeBFunction=1,EUtraNetwork=1,ExternalENodeBFunction=162,ExternalEUtranCellFDD=3</attr>
    <attr name="anrCreated">false</attr>
    <attr name="isHoAllowed">true</attr>
  </mo>
  <mo fdn="SubNetwork=ONRM_RootMo_R,MeContext=LTE02ERBS00015,ManagedElement=1,ENodeBFunction=1,EUtranCellFDD=LTE02ERBS00015-4,EUtranFreqRelation=2,EUtranCellRelation=7" lastModified="1287505067947" mimName="ERBS_NODE_MODEL" mimVersion="A.9.50.J.9.1">
    <attr name="isRemoveAllowed">false</attr>
    <attr name="neighborCellRef">SubNetwork=ONRM_RootMo_R,MeContext=LTE02ERBS00015,ManagedElement=1,ENodeBFunction=1,EUtraNetwork=1,ExternalENodeBFunction=162,ExternalEUtranCellFDD=4</attr>
    <attr name="anrCreated">false</attr>
    <attr name="isHoAllowed">true</attr>
  </mo>
</model>
