<?xml version="1.0" encoding="UTF-8" standalone="no"?><!-- Generated by nmsadm --><!-- Generated on Thu Oct 28 14:36:21 BST 2010 --><!-- Generated from configuration valid --><!-- Query - Base MO SubNetwork=ONRM_RootMo_R,MeContext=LTE01ERBS00125; Scope 8 --><model>
  <mo fdn="SubNetwork=ONRM_RootMo_R,MeContext=LTE01ERBS00125" lastModified="1287512126558" mimName="ERBS_NODE_MODEL" mimVersion="A.9.50.J.9.1">
    <attr name="MeContextId">LTE01ERBS00125</attr>
    <attr name="neMIMversion">vA.9.40</attr>
    <attr name="siteRef">SubNetwork=ONRM_RootMo_R,Site=LTE01ERBS00125</attr>
    <attr name="userLabel">LTE01ERBS00125</attr>
  </mo>
  <mo fdn="SubNetwork=ONRM_RootMo_R,MeContext=LTE01ERBS00125,ManagedElement=1,ENodeBFunction=1" lastModified="1287501224456" mimName="ERBS_NODE_MODEL" mimVersion="A.9.50.J.9.1">
    <attr name="eNodeBPlmnId">
      <struct>
        <attr name="mcc">311</attr>
        <attr name="mnc">480</attr>
        <attr name="mncLength">2</attr>
      </struct>
    </attr>
    <attr name="eNBId">190009</attr>
  </mo>
  <mo fdn="SubNetwork=ONRM_RootMo_R,MeContext=LTE01ERBS00125,ManagedElement=1,ENodeBFunction=1,EUtranCellFDD=LTE01ERBS00125-1" lastModified="1287512119881" mimName="ERBS_NODE_MODEL" mimVersion="A.9.50.J.9.1">
    <attr name="EUtranCellFDDId">LTE01ERBS00125-1</attr>
    <attr name="earfcnul">18000</attr>
    <attr name="cellId">1</attr>
    <attr name="tac">48650</attr>
    <attr name="bPlmnList">
      <seq count="1">
        <item>
          <struct>
            <attr name="mcc">311</attr>
            <attr name="mnc">480</attr>
            <attr name="mncLength">2</attr>
          </struct>
        </item>
      </seq>
    </attr>
    <attr name="earfcndl">0</attr>
    <attr name="userLabel">LTE01ERBS00125-1</attr>
  </mo>
  <mo fdn="SubNetwork=ONRM_RootMo_R,MeContext=LTE01ERBS00125,ManagedElement=1,ENodeBFunction=1,EUtranCellFDD=LTE01ERBS00125-1,EUtranFreqRelation=1,EUtranCellRelation=1" lastModified="1287501221593" mimName="ERBS_NODE_MODEL" mimVersion="A.9.50.J.9.1">
    <attr name="isRemoveAllowed">false</attr>
    <attr name="neighborCellRef">SubNetwork=ONRM_RootMo_R,MeContext=LTE01ERBS00125,ManagedElement=1,ENodeBFunction=1,EUtranCellFDD=LTE01ERBS00125-2</attr>
    <attr name="anrCreated">false</attr>
    <attr name="isHoAllowed">true</attr>
  </mo>
  <mo fdn="SubNetwork=ONRM_RootMo_R,MeContext=LTE01ERBS00125,ManagedElement=1,ENodeBFunction=1,EUtranCellFDD=LTE01ERBS00125-1,EUtranFreqRelation=1,EUtranCellRelation=12" lastModified="1287504992531" mimName="ERBS_NODE_MODEL" mimVersion="A.9.50.J.9.1">
    <attr name="isRemoveAllowed">false</attr>
    <attr name="neighborCellRef">SubNetwork=ONRM_RootMo_R,MeContext=LTE01ERBS00125,ManagedElement=1,ENodeBFunction=1,EUtraNetwork=1,ExternalENodeBFunction=117,ExternalEUtranCellFDD=1</attr>
    <attr name="anrCreated">false</attr>
    <attr name="isHoAllowed">true</attr>
  </mo>
  <mo fdn="SubNetwork=ONRM_RootMo_R,MeContext=LTE01ERBS00125,ManagedElement=1,ENodeBFunction=1,EUtranCellFDD=LTE01ERBS00125-1,EUtranFreqRelation=1,EUtranCellRelation=13" lastModified="1287504992529" mimName="ERBS_NODE_MODEL" mimVersion="A.9.50.J.9.1">
    <attr name="isRemoveAllowed">false</attr>
    <attr name="neighborCellRef">SubNetwork=ONRM_RootMo_R,MeContext=LTE01ERBS00125,ManagedElement=1,ENodeBFunction=1,EUtraNetwork=1,ExternalENodeBFunction=117,ExternalEUtranCellFDD=2</attr>
    <attr name="anrCreated">false</attr>
    <attr name="isHoAllowed">true</attr>
  </mo>
  <mo fdn="SubNetwork=ONRM_RootMo_R,MeContext=LTE01ERBS00125,ManagedElement=1,ENodeBFunction=1,EUtranCellFDD=LTE01ERBS00125-1,EUtranFreqRelation=1,EUtranCellRelation=16" lastModified="1287504992540" mimName="ERBS_NODE_MODEL" mimVersion="A.9.50.J.9.1">
    <attr name="isRemoveAllowed">false</attr>
    <attr name="neighborCellRef">SubNetwork=ONRM_RootMo_R,MeContext=LTE01ERBS00125,ManagedElement=1,ENodeBFunction=1,EUtraNetwork=1,ExternalENodeBFunction=119,ExternalEUtranCellFDD=1</attr>
    <attr name="anrCreated">false</attr>
    <attr name="isHoAllowed">true</attr>
  </mo>
  <mo fdn="SubNetwork=ONRM_RootMo_R,MeContext=LTE01ERBS00125,ManagedElement=1,ENodeBFunction=1,EUtranCellFDD=LTE01ERBS00125-1,EUtranFreqRelation=1,EUtranCellRelation=17" lastModified="1287504992540" mimName="ERBS_NODE_MODEL" mimVersion="A.9.50.J.9.1">
    <attr name="isRemoveAllowed">false</attr>
    <attr name="neighborCellRef">SubNetwork=ONRM_RootMo_R,MeContext=LTE01ERBS00125,ManagedElement=1,ENodeBFunction=1,EUtraNetwork=1,ExternalENodeBFunction=119,ExternalEUtranCellFDD=2</attr>
    <attr name="anrCreated">false</attr>
    <attr name="isHoAllowed">true</attr>
  </mo>
  <mo fdn="SubNetwork=ONRM_RootMo_R,MeContext=LTE01ERBS00125,ManagedElement=1,ENodeBFunction=1,EUtranCellFDD=LTE01ERBS00125-1,EUtranFreqRelation=1,EUtranCellRelation=2" lastModified="1287501221554" mimName="ERBS_NODE_MODEL" mimVersion="A.9.50.J.9.1">
    <attr name="isRemoveAllowed">false</attr>
    <attr name="neighborCellRef">SubNetwork=ONRM_RootMo_R,MeContext=LTE01ERBS00125,ManagedElement=1,ENodeBFunction=1,EUtranCellFDD=LTE01ERBS00125-3</attr>
    <attr name="anrCreated">false</attr>
    <attr name="isHoAllowed">true</attr>
  </mo>
  <mo fdn="SubNetwork=ONRM_RootMo_R,MeContext=LTE01ERBS00125,ManagedElement=1,ENodeBFunction=1,EUtranCellFDD=LTE01ERBS00125-1,EUtranFreqRelation=1,EUtranCellRelation=20" lastModified="1287504992535" mimName="ERBS_NODE_MODEL" mimVersion="A.9.50.J.9.1">
    <attr name="isRemoveAllowed">false</attr>
    <attr name="neighborCellRef">SubNetwork=ONRM_RootMo_R,MeContext=LTE01ERBS00125,ManagedElement=1,ENodeBFunction=1,EUtraNetwork=1,ExternalENodeBFunction=121,ExternalEUtranCellFDD=1</attr>
    <attr name="anrCreated">false</attr>
    <attr name="isHoAllowed">true</attr>
  </mo>
  <mo fdn="SubNetwork=ONRM_RootMo_R,MeContext=LTE01ERBS00125,ManagedElement=1,ENodeBFunction=1,EUtranCellFDD=LTE01ERBS00125-1,EUtranFreqRelation=1,EUtranCellRelation=21" lastModified="1287504992534" mimName="ERBS_NODE_MODEL" mimVersion="A.9.50.J.9.1">
    <attr name="isRemoveAllowed">false</attr>
    <attr name="neighborCellRef">SubNetwork=ONRM_RootMo_R,MeContext=LTE01ERBS00125,ManagedElement=1,ENodeBFunction=1,EUtraNetwork=1,ExternalENodeBFunction=121,ExternalEUtranCellFDD=2</attr>
    <attr name="anrCreated">false</attr>
    <attr name="isHoAllowed">true</attr>
  </mo>
  <mo fdn="SubNetwork=ONRM_RootMo_R,MeContext=LTE01ERBS00125,ManagedElement=1,ENodeBFunction=1,EUtranCellFDD=LTE01ERBS00125-1,EUtranFreqRelation=1,EUtranCellRelation=24" lastModified="1287501550994" mimName="ERBS_NODE_MODEL" mimVersion="A.9.50.J.9.1">
    <attr name="isRemoveAllowed">false</attr>
    <attr name="neighborCellRef">SubNetwork=ONRM_RootMo_R,MeContext=LTE01ERBS00125,ManagedElement=1,ENodeBFunction=1,EUtraNetwork=1,ExternalENodeBFunction=123,ExternalEUtranCellFDD=1</attr>
    <attr name="anrCreated">false</attr>
    <attr name="isHoAllowed">true</attr>
  </mo>
  <mo fdn="SubNetwork=ONRM_RootMo_R,MeContext=LTE01ERBS00125,ManagedElement=1,ENodeBFunction=1,EUtranCellFDD=LTE01ERBS00125-1,EUtranFreqRelation=1,EUtranCellRelation=25" lastModified="1287501550993" mimName="ERBS_NODE_MODEL" mimVersion="A.9.50.J.9.1">
    <attr name="isRemoveAllowed">false</attr>
    <attr name="neighborCellRef">SubNetwork=ONRM_RootMo_R,MeContext=LTE01ERBS00125,ManagedElement=1,ENodeBFunction=1,EUtraNetwork=1,ExternalENodeBFunction=123,ExternalEUtranCellFDD=2</attr>
    <attr name="anrCreated">false</attr>
    <attr name="isHoAllowed">true</attr>
  </mo>
  <mo fdn="SubNetwork=ONRM_RootMo_R,MeContext=LTE01ERBS00125,ManagedElement=1,ENodeBFunction=1,EUtranCellFDD=LTE01ERBS00125-1,EUtranFreqRelation=1,EUtranCellRelation=3" lastModified="1287501221548" mimName="ERBS_NODE_MODEL" mimVersion="A.9.50.J.9.1">
    <attr name="isRemoveAllowed">false</attr>
    <attr name="neighborCellRef">SubNetwork=ONRM_RootMo_R,MeContext=LTE01ERBS00125,ManagedElement=1,ENodeBFunction=1,EUtranCellFDD=LTE01ERBS00125-4</attr>
    <attr name="anrCreated">false</attr>
    <attr name="isHoAllowed">true</attr>
  </mo>
  <mo fdn="SubNetwork=ONRM_RootMo_R,MeContext=LTE01ERBS00125,ManagedElement=1,ENodeBFunction=1,EUtranCellFDD=LTE01ERBS00125-1,EUtranFreqRelation=1,EUtranCellRelation=30" lastModified="1287501550992" mimName="ERBS_NODE_MODEL" mimVersion="A.9.50.J.9.1">
    <attr name="isRemoveAllowed">false</attr>
    <attr name="neighborCellRef">SubNetwork=ONRM_RootMo_R,MeContext=LTE01ERBS00125,ManagedElement=1,ENodeBFunction=1,EUtraNetwork=1,ExternalENodeBFunction=127,ExternalEUtranCellFDD=1</attr>
    <attr name="anrCreated">false</attr>
    <attr name="isHoAllowed">true</attr>
  </mo>
  <mo fdn="SubNetwork=ONRM_RootMo_R,MeContext=LTE01ERBS00125,ManagedElement=1,ENodeBFunction=1,EUtranCellFDD=LTE01ERBS00125-1,EUtranFreqRelation=1,EUtranCellRelation=31" lastModified="1287501550991" mimName="ERBS_NODE_MODEL" mimVersion="A.9.50.J.9.1">
    <attr name="isRemoveAllowed">false</attr>
    <attr name="neighborCellRef">SubNetwork=ONRM_RootMo_R,MeContext=LTE01ERBS00125,ManagedElement=1,ENodeBFunction=1,EUtraNetwork=1,ExternalENodeBFunction=127,ExternalEUtranCellFDD=2</attr>
    <attr name="anrCreated">false</attr>
    <attr name="isHoAllowed">true</attr>
  </mo>
  <mo fdn="SubNetwork=ONRM_RootMo_R,MeContext=LTE01ERBS00125,ManagedElement=1,ENodeBFunction=1,EUtranCellFDD=LTE01ERBS00125-1,EUtranFreqRelation=1,EUtranCellRelation=4" lastModified="1287504992541" mimName="ERBS_NODE_MODEL" mimVersion="A.9.50.J.9.1">
    <attr name="isRemoveAllowed">false</attr>
    <attr name="neighborCellRef">SubNetwork=ONRM_RootMo_R,MeContext=LTE01ERBS00125,ManagedElement=1,ENodeBFunction=1,EUtraNetwork=1,ExternalENodeBFunction=113,ExternalEUtranCellFDD=1</attr>
    <attr name="anrCreated">false</attr>
    <attr name="isHoAllowed">true</attr>
  </mo>
  <mo fdn="SubNetwork=ONRM_RootMo_R,MeContext=LTE01ERBS00125,ManagedElement=1,ENodeBFunction=1,EUtranCellFDD=LTE01ERBS00125-1,EUtranFreqRelation=1,EUtranCellRelation=5" lastModified="1287504992543" mimName="ERBS_NODE_MODEL" mimVersion="A.9.50.J.9.1">
    <attr name="isRemoveAllowed">false</attr>
    <attr name="neighborCellRef">SubNetwork=ONRM_RootMo_R,MeContext=LTE01ERBS00125,ManagedElement=1,ENodeBFunction=1,EUtraNetwork=1,ExternalENodeBFunction=113,ExternalEUtranCellFDD=2</attr>
    <attr name="anrCreated">false</attr>
    <attr name="isHoAllowed">true</attr>
  </mo>
  <mo fdn="SubNetwork=ONRM_RootMo_R,MeContext=LTE01ERBS00125,ManagedElement=1,ENodeBFunction=1,EUtranCellFDD=LTE01ERBS00125-1,EUtranFreqRelation=1,EUtranCellRelation=8" lastModified="1287504992537" mimName="ERBS_NODE_MODEL" mimVersion="A.9.50.J.9.1">
    <attr name="isRemoveAllowed">false</attr>
    <attr name="neighborCellRef">SubNetwork=ONRM_RootMo_R,MeContext=LTE01ERBS00125,ManagedElement=1,ENodeBFunction=1,EUtraNetwork=1,ExternalENodeBFunction=115,ExternalEUtranCellFDD=1</attr>
    <attr name="anrCreated">false</attr>
    <attr name="isHoAllowed">true</attr>
  </mo>
  <mo fdn="SubNetwork=ONRM_RootMo_R,MeContext=LTE01ERBS00125,ManagedElement=1,ENodeBFunction=1,EUtranCellFDD=LTE01ERBS00125-1,EUtranFreqRelation=1,EUtranCellRelation=9" lastModified="1287504992538" mimName="ERBS_NODE_MODEL" mimVersion="A.9.50.J.9.1">
    <attr name="isRemoveAllowed">false</attr>
    <attr name="neighborCellRef">SubNetwork=ONRM_RootMo_R,MeContext=LTE01ERBS00125,ManagedElement=1,ENodeBFunction=1,EUtraNetwork=1,ExternalENodeBFunction=115,ExternalEUtranCellFDD=2</attr>
    <attr name="anrCreated">false</attr>
    <attr name="isHoAllowed">true</attr>
  </mo>
  <mo fdn="SubNetwork=ONRM_RootMo_R,MeContext=LTE01ERBS00125,ManagedElement=1,ENodeBFunction=1,EUtranCellFDD=LTE01ERBS00125-1,EUtranFreqRelation=2,EUtranCellRelation=10" lastModified="1287504992512" mimName="ERBS_NODE_MODEL" mimVersion="A.9.50.J.9.1">
    <attr name="isRemoveAllowed">false</attr>
    <attr name="neighborCellRef">SubNetwork=ONRM_RootMo_R,MeContext=LTE01ERBS00125,ManagedElement=1,ENodeBFunction=1,EUtraNetwork=1,ExternalENodeBFunction=116,ExternalEUtranCellFDD=1</attr>
    <attr name="anrCreated">false</attr>
    <attr name="isHoAllowed">true</attr>
  </mo>
  <mo fdn="SubNetwork=ONRM_RootMo_R,MeContext=LTE01ERBS00125,ManagedElement=1,ENodeBFunction=1,EUtranCellFDD=LTE01ERBS00125-1,EUtranFreqRelation=2,EUtranCellRelation=11" lastModified="1287504992510" mimName="ERBS_NODE_MODEL" mimVersion="A.9.50.J.9.1">
    <attr name="isRemoveAllowed">false</attr>
    <attr name="neighborCellRef">SubNetwork=ONRM_RootMo_R,MeContext=LTE01ERBS00125,ManagedElement=1,ENodeBFunction=1,EUtraNetwork=1,ExternalENodeBFunction=116,ExternalEUtranCellFDD=2</attr>
    <attr name="anrCreated">false</attr>
    <attr name="isHoAllowed">true</attr>
  </mo>
  <mo fdn="SubNetwork=ONRM_RootMo_R,MeContext=LTE01ERBS00125,ManagedElement=1,ENodeBFunction=1,EUtranCellFDD=LTE01ERBS00125-1,EUtranFreqRelation=2,EUtranCellRelation=14" lastModified="1287504992493" mimName="ERBS_NODE_MODEL" mimVersion="A.9.50.J.9.1">
    <attr name="isRemoveAllowed">false</attr>
    <attr name="neighborCellRef">SubNetwork=ONRM_RootMo_R,MeContext=LTE01ERBS00125,ManagedElement=1,ENodeBFunction=1,EUtraNetwork=1,ExternalENodeBFunction=118,ExternalEUtranCellFDD=1</attr>
    <attr name="anrCreated">false</attr>
    <attr name="isHoAllowed">true</attr>
  </mo>
  <mo fdn="SubNetwork=ONRM_RootMo_R,MeContext=LTE01ERBS00125,ManagedElement=1,ENodeBFunction=1,EUtranCellFDD=LTE01ERBS00125-1,EUtranFreqRelation=2,EUtranCellRelation=15" lastModified="1287504992526" mimName="ERBS_NODE_MODEL" mimVersion="A.9.50.J.9.1">
    <attr name="isRemoveAllowed">false</attr>
    <attr name="neighborCellRef">SubNetwork=ONRM_RootMo_R,MeContext=LTE01ERBS00125,ManagedElement=1,ENodeBFunction=1,EUtraNetwork=1,ExternalENodeBFunction=118,ExternalEUtranCellFDD=2</attr>
    <attr name="anrCreated">false</attr>
    <attr name="isHoAllowed">true</attr>
  </mo>
  <mo fdn="SubNetwork=ONRM_RootMo_R,MeContext=LTE01ERBS00125,ManagedElement=1,ENodeBFunction=1,EUtranCellFDD=LTE01ERBS00125-1,EUtranFreqRelation=2,EUtranCellRelation=18" lastModified="1287504992521" mimName="ERBS_NODE_MODEL" mimVersion="A.9.50.J.9.1">
    <attr name="isRemoveAllowed">false</attr>
    <attr name="neighborCellRef">SubNetwork=ONRM_RootMo_R,MeContext=LTE01ERBS00125,ManagedElement=1,ENodeBFunction=1,EUtraNetwork=1,ExternalENodeBFunction=120,ExternalEUtranCellFDD=1</attr>
    <attr name="anrCreated">false</attr>
    <attr name="isHoAllowed">true</attr>
  </mo>
  <mo fdn="SubNetwork=ONRM_RootMo_R,MeContext=LTE01ERBS00125,ManagedElement=1,ENodeBFunction=1,EUtranCellFDD=LTE01ERBS00125-1,EUtranFreqRelation=2,EUtranCellRelation=19" lastModified="1287504992517" mimName="ERBS_NODE_MODEL" mimVersion="A.9.50.J.9.1">
    <attr name="isRemoveAllowed">false</attr>
    <attr name="neighborCellRef">SubNetwork=ONRM_RootMo_R,MeContext=LTE01ERBS00125,ManagedElement=1,ENodeBFunction=1,EUtraNetwork=1,ExternalENodeBFunction=120,ExternalEUtranCellFDD=2</attr>
    <attr name="anrCreated">false</attr>
    <attr name="isHoAllowed">true</attr>
  </mo>
  <mo fdn="SubNetwork=ONRM_RootMo_R,MeContext=LTE01ERBS00125,ManagedElement=1,ENodeBFunction=1,EUtranCellFDD=LTE01ERBS00125-1,EUtranFreqRelation=2,EUtranCellRelation=22" lastModified="1287501550979" mimName="ERBS_NODE_MODEL" mimVersion="A.9.50.J.9.1">
    <attr name="isRemoveAllowed">false</attr>
    <attr name="neighborCellRef">SubNetwork=ONRM_RootMo_R,MeContext=LTE01ERBS00125,ManagedElement=1,ENodeBFunction=1,EUtraNetwork=1,ExternalENodeBFunction=122,ExternalEUtranCellFDD=1</attr>
    <attr name="anrCreated">false</attr>
    <attr name="isHoAllowed">true</attr>
  </mo>
  <mo fdn="SubNetwork=ONRM_RootMo_R,MeContext=LTE01ERBS00125,ManagedElement=1,ENodeBFunction=1,EUtranCellFDD=LTE01ERBS00125-1,EUtranFreqRelation=2,EUtranCellRelation=23" lastModified="1287501550977" mimName="ERBS_NODE_MODEL" mimVersion="A.9.50.J.9.1">
    <attr name="isRemoveAllowed">false</attr>
    <attr name="neighborCellRef">SubNetwork=ONRM_RootMo_R,MeContext=LTE01ERBS00125,ManagedElement=1,ENodeBFunction=1,EUtraNetwork=1,ExternalENodeBFunction=122,ExternalEUtranCellFDD=2</attr>
    <attr name="anrCreated">false</attr>
    <attr name="isHoAllowed">true</attr>
  </mo>
  <mo fdn="SubNetwork=ONRM_RootMo_R,MeContext=LTE01ERBS00125,ManagedElement=1,ENodeBFunction=1,EUtranCellFDD=LTE01ERBS00125-1,EUtranFreqRelation=2,EUtranCellRelation=26" lastModified="1287501550984" mimName="ERBS_NODE_MODEL" mimVersion="A.9.50.J.9.1">
    <attr name="isRemoveAllowed">false</attr>
    <attr name="neighborCellRef">SubNetwork=ONRM_RootMo_R,MeContext=LTE01ERBS00125,ManagedElement=1,ENodeBFunction=1,EUtraNetwork=1,ExternalENodeBFunction=124,ExternalEUtranCellFDD=1</attr>
    <attr name="anrCreated">false</attr>
    <attr name="isHoAllowed">true</attr>
  </mo>
  <mo fdn="SubNetwork=ONRM_RootMo_R,MeContext=LTE01ERBS00125,ManagedElement=1,ENodeBFunction=1,EUtranCellFDD=LTE01ERBS00125-1,EUtranFreqRelation=2,EUtranCellRelation=27" lastModified="1287501550982" mimName="ERBS_NODE_MODEL" mimVersion="A.9.50.J.9.1">
    <attr name="isRemoveAllowed">false</attr>
    <attr name="neighborCellRef">SubNetwork=ONRM_RootMo_R,MeContext=LTE01ERBS00125,ManagedElement=1,ENodeBFunction=1,EUtraNetwork=1,ExternalENodeBFunction=124,ExternalEUtranCellFDD=2</attr>
    <attr name="anrCreated">false</attr>
    <attr name="isHoAllowed">true</attr>
  </mo>
  <mo fdn="SubNetwork=ONRM_RootMo_R,MeContext=LTE01ERBS00125,ManagedElement=1,ENodeBFunction=1,EUtranCellFDD=LTE01ERBS00125-1,EUtranFreqRelation=2,EUtranCellRelation=28" lastModified="1287501550988" mimName="ERBS_NODE_MODEL" mimVersion="A.9.50.J.9.1">
    <attr name="isRemoveAllowed">false</attr>
    <attr name="neighborCellRef">SubNetwork=ONRM_RootMo_R,MeContext=LTE01ERBS00125,ManagedElement=1,ENodeBFunction=1,EUtraNetwork=1,ExternalENodeBFunction=126,ExternalEUtranCellFDD=1</attr>
    <attr name="anrCreated">false</attr>
    <attr name="isHoAllowed">true</attr>
  </mo>
  <mo fdn="SubNetwork=ONRM_RootMo_R,MeContext=LTE01ERBS00125,ManagedElement=1,ENodeBFunction=1,EUtranCellFDD=LTE01ERBS00125-1,EUtranFreqRelation=2,EUtranCellRelation=29" lastModified="1287501550987" mimName="ERBS_NODE_MODEL" mimVersion="A.9.50.J.9.1">
    <attr name="isRemoveAllowed">false</attr>
    <attr name="neighborCellRef">SubNetwork=ONRM_RootMo_R,MeContext=LTE01ERBS00125,ManagedElement=1,ENodeBFunction=1,EUtraNetwork=1,ExternalENodeBFunction=126,ExternalEUtranCellFDD=2</attr>
    <attr name="anrCreated">false</attr>
    <attr name="isHoAllowed">true</attr>
  </mo>
  <mo fdn="SubNetwork=ONRM_RootMo_R,MeContext=LTE01ERBS00125,ManagedElement=1,ENodeBFunction=1,EUtranCellFDD=LTE01ERBS00125-1,EUtranFreqRelation=2,EUtranCellRelation=32" lastModified="1287504992508" mimName="ERBS_NODE_MODEL" mimVersion="A.9.50.J.9.1">
    <attr name="isRemoveAllowed">false</attr>
    <attr name="neighborCellRef">SubNetwork=ONRM_RootMo_R,MeContext=LTE01ERBS00125,ManagedElement=1,ENodeBFunction=1,EUtraNetwork=1,ExternalENodeBFunction=128,ExternalEUtranCellFDD=1</attr>
    <attr name="anrCreated">false</attr>
    <attr name="isHoAllowed">true</attr>
  </mo>
  <mo fdn="SubNetwork=ONRM_RootMo_R,MeContext=LTE01ERBS00125,ManagedElement=1,ENodeBFunction=1,EUtranCellFDD=LTE01ERBS00125-1,EUtranFreqRelation=2,EUtranCellRelation=33" lastModified="1287504992514" mimName="ERBS_NODE_MODEL" mimVersion="A.9.50.J.9.1">
    <attr name="isRemoveAllowed">false</attr>
    <attr name="neighborCellRef">SubNetwork=ONRM_RootMo_R,MeContext=LTE01ERBS00125,ManagedElement=1,ENodeBFunction=1,EUtraNetwork=1,ExternalENodeBFunction=128,ExternalEUtranCellFDD=2</attr>
    <attr name="anrCreated">false</attr>
    <attr name="isHoAllowed">true</attr>
  </mo>
  <mo fdn="SubNetwork=ONRM_RootMo_R,MeContext=LTE01ERBS00125,ManagedElement=1,ENodeBFunction=1,EUtranCellFDD=LTE01ERBS00125-1,EUtranFreqRelation=2,EUtranCellRelation=6" lastModified="1287504992519" mimName="ERBS_NODE_MODEL" mimVersion="A.9.50.J.9.1">
    <attr name="isRemoveAllowed">false</attr>
    <attr name="neighborCellRef">SubNetwork=ONRM_RootMo_R,MeContext=LTE01ERBS00125,ManagedElement=1,ENodeBFunction=1,EUtraNetwork=1,ExternalENodeBFunction=114,ExternalEUtranCellFDD=1</attr>
    <attr name="anrCreated">false</attr>
    <attr name="isHoAllowed">true</attr>
  </mo>
  <mo fdn="SubNetwork=ONRM_RootMo_R,MeContext=LTE01ERBS00125,ManagedElement=1,ENodeBFunction=1,EUtranCellFDD=LTE01ERBS00125-1,EUtranFreqRelation=2,EUtranCellRelation=7" lastModified="1287504992523" mimName="ERBS_NODE_MODEL" mimVersion="A.9.50.J.9.1">
    <attr name="isRemoveAllowed">false</attr>
    <attr name="neighborCellRef">SubNetwork=ONRM_RootMo_R,MeContext=LTE01ERBS00125,ManagedElement=1,ENodeBFunction=1,EUtraNetwork=1,ExternalENodeBFunction=114,ExternalEUtranCellFDD=2</attr>
    <attr name="anrCreated">false</attr>
    <attr name="isHoAllowed">true</attr>
  </mo>
  <mo fdn="SubNetwork=ONRM_RootMo_R,MeContext=LTE01ERBS00125,ManagedElement=1,ENodeBFunction=1,EUtranCellFDD=LTE01ERBS00125-2" lastModified="1287512119400" mimName="ERBS_NODE_MODEL" mimVersion="A.9.50.J.9.1">
    <attr name="EUtranCellFDDId">LTE01ERBS00125-2</attr>
    <attr name="earfcnul">18000</attr>
    <attr name="cellId">2</attr>
    <attr name="tac">48650</attr>
    <attr name="bPlmnList">
      <seq count="1">
        <item>
          <struct>
            <attr name="mcc">311</attr>
            <attr name="mnc">480</attr>
            <attr name="mncLength">2</attr>
          </struct>
        </item>
      </seq>
    </attr>
    <attr name="earfcndl">0</attr>
    <attr name="userLabel">LTE01ERBS00125-2</attr>
  </mo>
  <mo fdn="SubNetwork=ONRM_RootMo_R,MeContext=LTE01ERBS00125,ManagedElement=1,ENodeBFunction=1,EUtranCellFDD=LTE01ERBS00125-2,EUtranFreqRelation=1,EUtranCellRelation=1" lastModified="1287501221173" mimName="ERBS_NODE_MODEL" mimVersion="A.9.50.J.9.1">
    <attr name="isRemoveAllowed">false</attr>
    <attr name="neighborCellRef">SubNetwork=ONRM_RootMo_R,MeContext=LTE01ERBS00125,ManagedElement=1,ENodeBFunction=1,EUtranCellFDD=LTE01ERBS00125-1</attr>
    <attr name="anrCreated">false</attr>
    <attr name="isHoAllowed">true</attr>
  </mo>
  <mo fdn="SubNetwork=ONRM_RootMo_R,MeContext=LTE01ERBS00125,ManagedElement=1,ENodeBFunction=1,EUtranCellFDD=LTE01ERBS00125-2,EUtranFreqRelation=1,EUtranCellRelation=12" lastModified="1287504991218" mimName="ERBS_NODE_MODEL" mimVersion="A.9.50.J.9.1">
    <attr name="isRemoveAllowed">false</attr>
    <attr name="neighborCellRef">SubNetwork=ONRM_RootMo_R,MeContext=LTE01ERBS00125,ManagedElement=1,ENodeBFunction=1,EUtraNetwork=1,ExternalENodeBFunction=117,ExternalEUtranCellFDD=1</attr>
    <attr name="anrCreated">false</attr>
    <attr name="isHoAllowed">true</attr>
  </mo>
  <mo fdn="SubNetwork=ONRM_RootMo_R,MeContext=LTE01ERBS00125,ManagedElement=1,ENodeBFunction=1,EUtranCellFDD=LTE01ERBS00125-2,EUtranFreqRelation=1,EUtranCellRelation=13" lastModified="1287504991216" mimName="ERBS_NODE_MODEL" mimVersion="A.9.50.J.9.1">
    <attr name="isRemoveAllowed">false</attr>
    <attr name="neighborCellRef">SubNetwork=ONRM_RootMo_R,MeContext=LTE01ERBS00125,ManagedElement=1,ENodeBFunction=1,EUtraNetwork=1,ExternalENodeBFunction=117,ExternalEUtranCellFDD=2</attr>
    <attr name="anrCreated">false</attr>
    <attr name="isHoAllowed">true</attr>
  </mo>
  <mo fdn="SubNetwork=ONRM_RootMo_R,MeContext=LTE01ERBS00125,ManagedElement=1,ENodeBFunction=1,EUtranCellFDD=LTE01ERBS00125-2,EUtranFreqRelation=1,EUtranCellRelation=16" lastModified="1287504991225" mimName="ERBS_NODE_MODEL" mimVersion="A.9.50.J.9.1">
    <attr name="isRemoveAllowed">false</attr>
    <attr name="neighborCellRef">SubNetwork=ONRM_RootMo_R,MeContext=LTE01ERBS00125,ManagedElement=1,ENodeBFunction=1,EUtraNetwork=1,ExternalENodeBFunction=119,ExternalEUtranCellFDD=1</attr>
    <attr name="anrCreated">false</attr>
    <attr name="isHoAllowed">true</attr>
  </mo>
  <mo fdn="SubNetwork=ONRM_RootMo_R,MeContext=LTE01ERBS00125,ManagedElement=1,ENodeBFunction=1,EUtranCellFDD=LTE01ERBS00125-2,EUtranFreqRelation=1,EUtranCellRelation=17" lastModified="1287504991225" mimName="ERBS_NODE_MODEL" mimVersion="A.9.50.J.9.1">
    <attr name="isRemoveAllowed">false</attr>
    <attr name="neighborCellRef">SubNetwork=ONRM_RootMo_R,MeContext=LTE01ERBS00125,ManagedElement=1,ENodeBFunction=1,EUtraNetwork=1,ExternalENodeBFunction=119,ExternalEUtranCellFDD=2</attr>
    <attr name="anrCreated">false</attr>
    <attr name="isHoAllowed">true</attr>
  </mo>
  <mo fdn="SubNetwork=ONRM_RootMo_R,MeContext=LTE01ERBS00125,ManagedElement=1,ENodeBFunction=1,EUtranCellFDD=LTE01ERBS00125-2,EUtranFreqRelation=1,EUtranCellRelation=2" lastModified="1287501221167" mimName="ERBS_NODE_MODEL" mimVersion="A.9.50.J.9.1">
    <attr name="isRemoveAllowed">false</attr>
    <attr name="neighborCellRef">SubNetwork=ONRM_RootMo_R,MeContext=LTE01ERBS00125,ManagedElement=1,ENodeBFunction=1,EUtranCellFDD=LTE01ERBS00125-3</attr>
    <attr name="anrCreated">false</attr>
    <attr name="isHoAllowed">true</attr>
  </mo>
  <mo fdn="SubNetwork=ONRM_RootMo_R,MeContext=LTE01ERBS00125,ManagedElement=1,ENodeBFunction=1,EUtranCellFDD=LTE01ERBS00125-2,EUtranFreqRelation=1,EUtranCellRelation=20" lastModified="1287504991221" mimName="ERBS_NODE_MODEL" mimVersion="A.9.50.J.9.1">
    <attr name="isRemoveAllowed">false</attr>
    <attr name="neighborCellRef">SubNetwork=ONRM_RootMo_R,MeContext=LTE01ERBS00125,ManagedElement=1,ENodeBFunction=1,EUtraNetwork=1,ExternalENodeBFunction=121,ExternalEUtranCellFDD=1</attr>
    <attr name="anrCreated">false</attr>
    <attr name="isHoAllowed">true</attr>
  </mo>
  <mo fdn="SubNetwork=ONRM_RootMo_R,MeContext=LTE01ERBS00125,ManagedElement=1,ENodeBFunction=1,EUtranCellFDD=LTE01ERBS00125-2,EUtranFreqRelation=1,EUtranCellRelation=21" lastModified="1287504991219" mimName="ERBS_NODE_MODEL" mimVersion="A.9.50.J.9.1">
    <attr name="isRemoveAllowed">false</attr>
    <attr name="neighborCellRef">SubNetwork=ONRM_RootMo_R,MeContext=LTE01ERBS00125,ManagedElement=1,ENodeBFunction=1,EUtraNetwork=1,ExternalENodeBFunction=121,ExternalEUtranCellFDD=2</attr>
    <attr name="anrCreated">false</attr>
    <attr name="isHoAllowed">true</attr>
  </mo>
  <mo fdn="SubNetwork=ONRM_RootMo_R,MeContext=LTE01ERBS00125,ManagedElement=1,ENodeBFunction=1,EUtranCellFDD=LTE01ERBS00125-2,EUtranFreqRelation=1,EUtranCellRelation=24" lastModified="1287501550528" mimName="ERBS_NODE_MODEL" mimVersion="A.9.50.J.9.1">
    <attr name="isRemoveAllowed">false</attr>
    <attr name="neighborCellRef">SubNetwork=ONRM_RootMo_R,MeContext=LTE01ERBS00125,ManagedElement=1,ENodeBFunction=1,EUtraNetwork=1,ExternalENodeBFunction=123,ExternalEUtranCellFDD=1</attr>
    <attr name="anrCreated">false</attr>
    <attr name="isHoAllowed">true</attr>
  </mo>
  <mo fdn="SubNetwork=ONRM_RootMo_R,MeContext=LTE01ERBS00125,ManagedElement=1,ENodeBFunction=1,EUtranCellFDD=LTE01ERBS00125-2,EUtranFreqRelation=1,EUtranCellRelation=25" lastModified="1287501550527" mimName="ERBS_NODE_MODEL" mimVersion="A.9.50.J.9.1">
    <attr name="isRemoveAllowed">false</attr>
    <attr name="neighborCellRef">SubNetwork=ONRM_RootMo_R,MeContext=LTE01ERBS00125,ManagedElement=1,ENodeBFunction=1,EUtraNetwork=1,ExternalENodeBFunction=123,ExternalEUtranCellFDD=2</attr>
    <attr name="anrCreated">false</attr>
    <attr name="isHoAllowed">true</attr>
  </mo>
  <mo fdn="SubNetwork=ONRM_RootMo_R,MeContext=LTE01ERBS00125,ManagedElement=1,ENodeBFunction=1,EUtranCellFDD=LTE01ERBS00125-2,EUtranFreqRelation=1,EUtranCellRelation=3" lastModified="1287501221152" mimName="ERBS_NODE_MODEL" mimVersion="A.9.50.J.9.1">
    <attr name="isRemoveAllowed">false</attr>
    <attr name="neighborCellRef">SubNetwork=ONRM_RootMo_R,MeContext=LTE01ERBS00125,ManagedElement=1,ENodeBFunction=1,EUtranCellFDD=LTE01ERBS00125-4</attr>
    <attr name="anrCreated">false</attr>
    <attr name="isHoAllowed">true</attr>
  </mo>
  <mo fdn="SubNetwork=ONRM_RootMo_R,MeContext=LTE01ERBS00125,ManagedElement=1,ENodeBFunction=1,EUtranCellFDD=LTE01ERBS00125-2,EUtranFreqRelation=1,EUtranCellRelation=30" lastModified="1287501550526" mimName="ERBS_NODE_MODEL" mimVersion="A.9.50.J.9.1">
    <attr name="isRemoveAllowed">false</attr>
    <attr name="neighborCellRef">SubNetwork=ONRM_RootMo_R,MeContext=LTE01ERBS00125,ManagedElement=1,ENodeBFunction=1,EUtraNetwork=1,ExternalENodeBFunction=127,ExternalEUtranCellFDD=1</attr>
    <attr name="anrCreated">false</attr>
    <attr name="isHoAllowed">true</attr>
  </mo>
  <mo fdn="SubNetwork=ONRM_RootMo_R,MeContext=LTE01ERBS00125,ManagedElement=1,ENodeBFunction=1,EUtranCellFDD=LTE01ERBS00125-2,EUtranFreqRelation=1,EUtranCellRelation=31" lastModified="1287501550525" mimName="ERBS_NODE_MODEL" mimVersion="A.9.50.J.9.1">
    <attr name="isRemoveAllowed">false</attr>
    <attr name="neighborCellRef">SubNetwork=ONRM_RootMo_R,MeContext=LTE01ERBS00125,ManagedElement=1,ENodeBFunction=1,EUtraNetwork=1,ExternalENodeBFunction=127,ExternalEUtranCellFDD=2</attr>
    <attr name="anrCreated">false</attr>
    <attr name="isHoAllowed">true</attr>
  </mo>
  <mo fdn="SubNetwork=ONRM_RootMo_R,MeContext=LTE01ERBS00125,ManagedElement=1,ENodeBFunction=1,EUtranCellFDD=LTE01ERBS00125-2,EUtranFreqRelation=1,EUtranCellRelation=4" lastModified="1287504991226" mimName="ERBS_NODE_MODEL" mimVersion="A.9.50.J.9.1">
    <attr name="isRemoveAllowed">false</attr>
    <attr name="neighborCellRef">SubNetwork=ONRM_RootMo_R,MeContext=LTE01ERBS00125,ManagedElement=1,ENodeBFunction=1,EUtraNetwork=1,ExternalENodeBFunction=113,ExternalEUtranCellFDD=1</attr>
    <attr name="anrCreated">false</attr>
    <attr name="isHoAllowed">true</attr>
  </mo>
  <mo fdn="SubNetwork=ONRM_RootMo_R,MeContext=LTE01ERBS00125,ManagedElement=1,ENodeBFunction=1,EUtranCellFDD=LTE01ERBS00125-2,EUtranFreqRelation=1,EUtranCellRelation=5" lastModified="1287504991228" mimName="ERBS_NODE_MODEL" mimVersion="A.9.50.J.9.1">
    <attr name="isRemoveAllowed">false</attr>
    <attr name="neighborCellRef">SubNetwork=ONRM_RootMo_R,MeContext=LTE01ERBS00125,ManagedElement=1,ENodeBFunction=1,EUtraNetwork=1,ExternalENodeBFunction=113,ExternalEUtranCellFDD=2</attr>
    <attr name="anrCreated">false</attr>
    <attr name="isHoAllowed">true</attr>
  </mo>
  <mo fdn="SubNetwork=ONRM_RootMo_R,MeContext=LTE01ERBS00125,ManagedElement=1,ENodeBFunction=1,EUtranCellFDD=LTE01ERBS00125-2,EUtranFreqRelation=1,EUtranCellRelation=8" lastModified="1287504991222" mimName="ERBS_NODE_MODEL" mimVersion="A.9.50.J.9.1">
    <attr name="isRemoveAllowed">false</attr>
    <attr name="neighborCellRef">SubNetwork=ONRM_RootMo_R,MeContext=LTE01ERBS00125,ManagedElement=1,ENodeBFunction=1,EUtraNetwork=1,ExternalENodeBFunction=115,ExternalEUtranCellFDD=1</attr>
    <attr name="anrCreated">false</attr>
    <attr name="isHoAllowed">true</attr>
  </mo>
  <mo fdn="SubNetwork=ONRM_RootMo_R,MeContext=LTE01ERBS00125,ManagedElement=1,ENodeBFunction=1,EUtranCellFDD=LTE01ERBS00125-2,EUtranFreqRelation=1,EUtranCellRelation=9" lastModified="1287504991223" mimName="ERBS_NODE_MODEL" mimVersion="A.9.50.J.9.1">
    <attr name="isRemoveAllowed">false</attr>
    <attr name="neighborCellRef">SubNetwork=ONRM_RootMo_R,MeContext=LTE01ERBS00125,ManagedElement=1,ENodeBFunction=1,EUtraNetwork=1,ExternalENodeBFunction=115,ExternalEUtranCellFDD=2</attr>
    <attr name="anrCreated">false</attr>
    <attr name="isHoAllowed">true</attr>
  </mo>
  <mo fdn="SubNetwork=ONRM_RootMo_R,MeContext=LTE01ERBS00125,ManagedElement=1,ENodeBFunction=1,EUtranCellFDD=LTE01ERBS00125-2,EUtranFreqRelation=2,EUtranCellRelation=10" lastModified="1287504991203" mimName="ERBS_NODE_MODEL" mimVersion="A.9.50.J.9.1">
    <attr name="isRemoveAllowed">false</attr>
    <attr name="neighborCellRef">SubNetwork=ONRM_RootMo_R,MeContext=LTE01ERBS00125,ManagedElement=1,ENodeBFunction=1,EUtraNetwork=1,ExternalENodeBFunction=116,ExternalEUtranCellFDD=1</attr>
    <attr name="anrCreated">false</attr>
    <attr name="isHoAllowed">true</attr>
  </mo>
  <mo fdn="SubNetwork=ONRM_RootMo_R,MeContext=LTE01ERBS00125,ManagedElement=1,ENodeBFunction=1,EUtranCellFDD=LTE01ERBS00125-2,EUtranFreqRelation=2,EUtranCellRelation=11" lastModified="1287504991199" mimName="ERBS_NODE_MODEL" mimVersion="A.9.50.J.9.1">
    <attr name="isRemoveAllowed">false</attr>
    <attr name="neighborCellRef">SubNetwork=ONRM_RootMo_R,MeContext=LTE01ERBS00125,ManagedElement=1,ENodeBFunction=1,EUtraNetwork=1,ExternalENodeBFunction=116,ExternalEUtranCellFDD=2</attr>
    <attr name="anrCreated">false</attr>
    <attr name="isHoAllowed">true</attr>
  </mo>
  <mo fdn="SubNetwork=ONRM_RootMo_R,MeContext=LTE01ERBS00125,ManagedElement=1,ENodeBFunction=1,EUtranCellFDD=LTE01ERBS00125-2,EUtranFreqRelation=2,EUtranCellRelation=14" lastModified="1287504991182" mimName="ERBS_NODE_MODEL" mimVersion="A.9.50.J.9.1">
    <attr name="isRemoveAllowed">false</attr>
    <attr name="neighborCellRef">SubNetwork=ONRM_RootMo_R,MeContext=LTE01ERBS00125,ManagedElement=1,ENodeBFunction=1,EUtraNetwork=1,ExternalENodeBFunction=118,ExternalEUtranCellFDD=1</attr>
    <attr name="anrCreated">false</attr>
    <attr name="isHoAllowed">true</attr>
  </mo>
  <mo fdn="SubNetwork=ONRM_RootMo_R,MeContext=LTE01ERBS00125,ManagedElement=1,ENodeBFunction=1,EUtranCellFDD=LTE01ERBS00125-2,EUtranFreqRelation=2,EUtranCellRelation=15" lastModified="1287504991213" mimName="ERBS_NODE_MODEL" mimVersion="A.9.50.J.9.1">
    <attr name="isRemoveAllowed">false</attr>
    <attr name="neighborCellRef">SubNetwork=ONRM_RootMo_R,MeContext=LTE01ERBS00125,ManagedElement=1,ENodeBFunction=1,EUtraNetwork=1,ExternalENodeBFunction=118,ExternalEUtranCellFDD=2</attr>
    <attr name="anrCreated">false</attr>
    <attr name="isHoAllowed">true</attr>
  </mo>
  <mo fdn="SubNetwork=ONRM_RootMo_R,MeContext=LTE01ERBS00125,ManagedElement=1,ENodeBFunction=1,EUtranCellFDD=LTE01ERBS00125-2,EUtranFreqRelation=2,EUtranCellRelation=18" lastModified="1287504991210" mimName="ERBS_NODE_MODEL" mimVersion="A.9.50.J.9.1">
    <attr name="isRemoveAllowed">false</attr>
    <attr name="neighborCellRef">SubNetwork=ONRM_RootMo_R,MeContext=LTE01ERBS00125,ManagedElement=1,ENodeBFunction=1,EUtraNetwork=1,ExternalENodeBFunction=120,ExternalEUtranCellFDD=1</attr>
    <attr name="anrCreated">false</attr>
    <attr name="isHoAllowed">true</attr>
  </mo>
  <mo fdn="SubNetwork=ONRM_RootMo_R,MeContext=LTE01ERBS00125,ManagedElement=1,ENodeBFunction=1,EUtranCellFDD=LTE01ERBS00125-2,EUtranFreqRelation=2,EUtranCellRelation=19" lastModified="1287504991206" mimName="ERBS_NODE_MODEL" mimVersion="A.9.50.J.9.1">
    <attr name="isRemoveAllowed">false</attr>
    <attr name="neighborCellRef">SubNetwork=ONRM_RootMo_R,MeContext=LTE01ERBS00125,ManagedElement=1,ENodeBFunction=1,EUtraNetwork=1,ExternalENodeBFunction=120,ExternalEUtranCellFDD=2</attr>
    <attr name="anrCreated">false</attr>
    <attr name="isHoAllowed">true</attr>
  </mo>
  <mo fdn="SubNetwork=ONRM_RootMo_R,MeContext=LTE01ERBS00125,ManagedElement=1,ENodeBFunction=1,EUtranCellFDD=LTE01ERBS00125-2,EUtranFreqRelation=2,EUtranCellRelation=22" lastModified="1287501550515" mimName="ERBS_NODE_MODEL" mimVersion="A.9.50.J.9.1">
    <attr name="isRemoveAllowed">false</attr>
    <attr name="neighborCellRef">SubNetwork=ONRM_RootMo_R,MeContext=LTE01ERBS00125,ManagedElement=1,ENodeBFunction=1,EUtraNetwork=1,ExternalENodeBFunction=122,ExternalEUtranCellFDD=1</attr>
    <attr name="anrCreated">false</attr>
    <attr name="isHoAllowed">true</attr>
  </mo>
  <mo fdn="SubNetwork=ONRM_RootMo_R,MeContext=LTE01ERBS00125,ManagedElement=1,ENodeBFunction=1,EUtranCellFDD=LTE01ERBS00125-2,EUtranFreqRelation=2,EUtranCellRelation=23" lastModified="1287501550514" mimName="ERBS_NODE_MODEL" mimVersion="A.9.50.J.9.1">
    <attr name="isRemoveAllowed">false</attr>
    <attr name="neighborCellRef">SubNetwork=ONRM_RootMo_R,MeContext=LTE01ERBS00125,ManagedElement=1,ENodeBFunction=1,EUtraNetwork=1,ExternalENodeBFunction=122,ExternalEUtranCellFDD=2</attr>
    <attr name="anrCreated">false</attr>
    <attr name="isHoAllowed">true</attr>
  </mo>
  <mo fdn="SubNetwork=ONRM_RootMo_R,MeContext=LTE01ERBS00125,ManagedElement=1,ENodeBFunction=1,EUtranCellFDD=LTE01ERBS00125-2,EUtranFreqRelation=2,EUtranCellRelation=26" lastModified="1287501550519" mimName="ERBS_NODE_MODEL" mimVersion="A.9.50.J.9.1">
    <attr name="isRemoveAllowed">false</attr>
    <attr name="neighborCellRef">SubNetwork=ONRM_RootMo_R,MeContext=LTE01ERBS00125,ManagedElement=1,ENodeBFunction=1,EUtraNetwork=1,ExternalENodeBFunction=124,ExternalEUtranCellFDD=1</attr>
    <attr name="anrCreated">false</attr>
    <attr name="isHoAllowed">true</attr>
  </mo>
  <mo fdn="SubNetwork=ONRM_RootMo_R,MeContext=LTE01ERBS00125,ManagedElement=1,ENodeBFunction=1,EUtranCellFDD=LTE01ERBS00125-2,EUtranFreqRelation=2,EUtranCellRelation=27" lastModified="1287501550518" mimName="ERBS_NODE_MODEL" mimVersion="A.9.50.J.9.1">
    <attr name="isRemoveAllowed">false</attr>
    <attr name="neighborCellRef">SubNetwork=ONRM_RootMo_R,MeContext=LTE01ERBS00125,ManagedElement=1,ENodeBFunction=1,EUtraNetwork=1,ExternalENodeBFunction=124,ExternalEUtranCellFDD=2</attr>
    <attr name="anrCreated">false</attr>
    <attr name="isHoAllowed">true</attr>
  </mo>
  <mo fdn="SubNetwork=ONRM_RootMo_R,MeContext=LTE01ERBS00125,ManagedElement=1,ENodeBFunction=1,EUtranCellFDD=LTE01ERBS00125-2,EUtranFreqRelation=2,EUtranCellRelation=28" lastModified="1287501550522" mimName="ERBS_NODE_MODEL" mimVersion="A.9.50.J.9.1">
    <attr name="isRemoveAllowed">false</attr>
    <attr name="neighborCellRef">SubNetwork=ONRM_RootMo_R,MeContext=LTE01ERBS00125,ManagedElement=1,ENodeBFunction=1,EUtraNetwork=1,ExternalENodeBFunction=126,ExternalEUtranCellFDD=1</attr>
    <attr name="anrCreated">false</attr>
    <attr name="isHoAllowed">true</attr>
  </mo>
  <mo fdn="SubNetwork=ONRM_RootMo_R,MeContext=LTE01ERBS00125,ManagedElement=1,ENodeBFunction=1,EUtranCellFDD=LTE01ERBS00125-2,EUtranFreqRelation=2,EUtranCellRelation=29" lastModified="1287501550521" mimName="ERBS_NODE_MODEL" mimVersion="A.9.50.J.9.1">
    <attr name="isRemoveAllowed">false</attr>
    <attr name="neighborCellRef">SubNetwork=ONRM_RootMo_R,MeContext=LTE01ERBS00125,ManagedElement=1,ENodeBFunction=1,EUtraNetwork=1,ExternalENodeBFunction=126,ExternalEUtranCellFDD=2</attr>
    <attr name="anrCreated">false</attr>
    <attr name="isHoAllowed">true</attr>
  </mo>
  <mo fdn="SubNetwork=ONRM_RootMo_R,MeContext=LTE01ERBS00125,ManagedElement=1,ENodeBFunction=1,EUtranCellFDD=LTE01ERBS00125-2,EUtranFreqRelation=2,EUtranCellRelation=32" lastModified="1287504991196" mimName="ERBS_NODE_MODEL" mimVersion="A.9.50.J.9.1">
    <attr name="isRemoveAllowed">false</attr>
    <attr name="neighborCellRef">SubNetwork=ONRM_RootMo_R,MeContext=LTE01ERBS00125,ManagedElement=1,ENodeBFunction=1,EUtraNetwork=1,ExternalENodeBFunction=128,ExternalEUtranCellFDD=1</attr>
    <attr name="anrCreated">false</attr>
    <attr name="isHoAllowed">true</attr>
  </mo>
  <mo fdn="SubNetwork=ONRM_RootMo_R,MeContext=LTE01ERBS00125,ManagedElement=1,ENodeBFunction=1,EUtranCellFDD=LTE01ERBS00125-2,EUtranFreqRelation=2,EUtranCellRelation=33" lastModified="1287504991204" mimName="ERBS_NODE_MODEL" mimVersion="A.9.50.J.9.1">
    <attr name="isRemoveAllowed">false</attr>
    <attr name="neighborCellRef">SubNetwork=ONRM_RootMo_R,MeContext=LTE01ERBS00125,ManagedElement=1,ENodeBFunction=1,EUtraNetwork=1,ExternalENodeBFunction=128,ExternalEUtranCellFDD=2</attr>
    <attr name="anrCreated">false</attr>
    <attr name="isHoAllowed">true</attr>
  </mo>
  <mo fdn="SubNetwork=ONRM_RootMo_R,MeContext=LTE01ERBS00125,ManagedElement=1,ENodeBFunction=1,EUtranCellFDD=LTE01ERBS00125-2,EUtranFreqRelation=2,EUtranCellRelation=6" lastModified="1287504991208" mimName="ERBS_NODE_MODEL" mimVersion="A.9.50.J.9.1">
    <attr name="isRemoveAllowed">false</attr>
    <attr name="neighborCellRef">SubNetwork=ONRM_RootMo_R,MeContext=LTE01ERBS00125,ManagedElement=1,ENodeBFunction=1,EUtraNetwork=1,ExternalENodeBFunction=114,ExternalEUtranCellFDD=1</attr>
    <attr name="anrCreated">false</attr>
    <attr name="isHoAllowed">true</attr>
  </mo>
  <mo fdn="SubNetwork=ONRM_RootMo_R,MeContext=LTE01ERBS00125,ManagedElement=1,ENodeBFunction=1,EUtranCellFDD=LTE01ERBS00125-2,EUtranFreqRelation=2,EUtranCellRelation=7" lastModified="1287504991211" mimName="ERBS_NODE_MODEL" mimVersion="A.9.50.J.9.1">
    <attr name="isRemoveAllowed">false</attr>
    <attr name="neighborCellRef">SubNetwork=ONRM_RootMo_R,MeContext=LTE01ERBS00125,ManagedElement=1,ENodeBFunction=1,EUtraNetwork=1,ExternalENodeBFunction=114,ExternalEUtranCellFDD=2</attr>
    <attr name="anrCreated">false</attr>
    <attr name="isHoAllowed">true</attr>
  </mo>
  <mo fdn="SubNetwork=ONRM_RootMo_R,MeContext=LTE01ERBS00125,ManagedElement=1,ENodeBFunction=1,EUtranCellFDD=LTE01ERBS00125-3" lastModified="1287512120819" mimName="ERBS_NODE_MODEL" mimVersion="A.9.50.J.9.1">
    <attr name="EUtranCellFDDId">LTE01ERBS00125-3</attr>
    <attr name="earfcnul">18000</attr>
    <attr name="cellId">3</attr>
    <attr name="tac">48650</attr>
    <attr name="bPlmnList">
      <seq count="1">
        <item>
          <struct>
            <attr name="mcc">311</attr>
            <attr name="mnc">480</attr>
            <attr name="mncLength">2</attr>
          </struct>
        </item>
      </seq>
    </attr>
    <attr name="earfcndl">0</attr>
    <attr name="userLabel">LTE01ERBS00125-3</attr>
  </mo>
  <mo fdn="SubNetwork=ONRM_RootMo_R,MeContext=LTE01ERBS00125,ManagedElement=1,ENodeBFunction=1,EUtranCellFDD=LTE01ERBS00125-3,EUtranFreqRelation=1,EUtranCellRelation=1" lastModified="1287501220880" mimName="ERBS_NODE_MODEL" mimVersion="A.9.50.J.9.1">
    <attr name="isRemoveAllowed">false</attr>
    <attr name="neighborCellRef">SubNetwork=ONRM_RootMo_R,MeContext=LTE01ERBS00125,ManagedElement=1,ENodeBFunction=1,EUtranCellFDD=LTE01ERBS00125-1</attr>
    <attr name="anrCreated">false</attr>
    <attr name="isHoAllowed">true</attr>
  </mo>
  <mo fdn="SubNetwork=ONRM_RootMo_R,MeContext=LTE01ERBS00125,ManagedElement=1,ENodeBFunction=1,EUtranCellFDD=LTE01ERBS00125-3,EUtranFreqRelation=1,EUtranCellRelation=12" lastModified="1287504995402" mimName="ERBS_NODE_MODEL" mimVersion="A.9.50.J.9.1">
    <attr name="isRemoveAllowed">false</attr>
    <attr name="neighborCellRef">SubNetwork=ONRM_RootMo_R,MeContext=LTE01ERBS00125,ManagedElement=1,ENodeBFunction=1,EUtraNetwork=1,ExternalENodeBFunction=117,ExternalEUtranCellFDD=3</attr>
    <attr name="anrCreated">false</attr>
    <attr name="isHoAllowed">true</attr>
  </mo>
  <mo fdn="SubNetwork=ONRM_RootMo_R,MeContext=LTE01ERBS00125,ManagedElement=1,ENodeBFunction=1,EUtranCellFDD=LTE01ERBS00125-3,EUtranFreqRelation=1,EUtranCellRelation=13" lastModified="1287504995400" mimName="ERBS_NODE_MODEL" mimVersion="A.9.50.J.9.1">
    <attr name="isRemoveAllowed">false</attr>
    <attr name="neighborCellRef">SubNetwork=ONRM_RootMo_R,MeContext=LTE01ERBS00125,ManagedElement=1,ENodeBFunction=1,EUtraNetwork=1,ExternalENodeBFunction=117,ExternalEUtranCellFDD=4</attr>
    <attr name="anrCreated">false</attr>
    <attr name="isHoAllowed">true</attr>
  </mo>
  <mo fdn="SubNetwork=ONRM_RootMo_R,MeContext=LTE01ERBS00125,ManagedElement=1,ENodeBFunction=1,EUtranCellFDD=LTE01ERBS00125-3,EUtranFreqRelation=1,EUtranCellRelation=16" lastModified="1287504995408" mimName="ERBS_NODE_MODEL" mimVersion="A.9.50.J.9.1">
    <attr name="isRemoveAllowed">false</attr>
    <attr name="neighborCellRef">SubNetwork=ONRM_RootMo_R,MeContext=LTE01ERBS00125,ManagedElement=1,ENodeBFunction=1,EUtraNetwork=1,ExternalENodeBFunction=119,ExternalEUtranCellFDD=3</attr>
    <attr name="anrCreated">false</attr>
    <attr name="isHoAllowed">true</attr>
  </mo>
  <mo fdn="SubNetwork=ONRM_RootMo_R,MeContext=LTE01ERBS00125,ManagedElement=1,ENodeBFunction=1,EUtranCellFDD=LTE01ERBS00125-3,EUtranFreqRelation=1,EUtranCellRelation=17" lastModified="1287504995407" mimName="ERBS_NODE_MODEL" mimVersion="A.9.50.J.9.1">
    <attr name="isRemoveAllowed">false</attr>
    <attr name="neighborCellRef">SubNetwork=ONRM_RootMo_R,MeContext=LTE01ERBS00125,ManagedElement=1,ENodeBFunction=1,EUtraNetwork=1,ExternalENodeBFunction=119,ExternalEUtranCellFDD=4</attr>
    <attr name="anrCreated">false</attr>
    <attr name="isHoAllowed">true</attr>
  </mo>
  <mo fdn="SubNetwork=ONRM_RootMo_R,MeContext=LTE01ERBS00125,ManagedElement=1,ENodeBFunction=1,EUtranCellFDD=LTE01ERBS00125-3,EUtranFreqRelation=1,EUtranCellRelation=2" lastModified="1287501220877" mimName="ERBS_NODE_MODEL" mimVersion="A.9.50.J.9.1">
    <attr name="isRemoveAllowed">false</attr>
    <attr name="neighborCellRef">SubNetwork=ONRM_RootMo_R,MeContext=LTE01ERBS00125,ManagedElement=1,ENodeBFunction=1,EUtranCellFDD=LTE01ERBS00125-2</attr>
    <attr name="anrCreated">false</attr>
    <attr name="isHoAllowed">true</attr>
  </mo>
  <mo fdn="SubNetwork=ONRM_RootMo_R,MeContext=LTE01ERBS00125,ManagedElement=1,ENodeBFunction=1,EUtranCellFDD=LTE01ERBS00125-3,EUtranFreqRelation=1,EUtranCellRelation=20" lastModified="1287504995404" mimName="ERBS_NODE_MODEL" mimVersion="A.9.50.J.9.1">
    <attr name="isRemoveAllowed">false</attr>
    <attr name="neighborCellRef">SubNetwork=ONRM_RootMo_R,MeContext=LTE01ERBS00125,ManagedElement=1,ENodeBFunction=1,EUtraNetwork=1,ExternalENodeBFunction=121,ExternalEUtranCellFDD=3</attr>
    <attr name="anrCreated">false</attr>
    <attr name="isHoAllowed">true</attr>
  </mo>
  <mo fdn="SubNetwork=ONRM_RootMo_R,MeContext=LTE01ERBS00125,ManagedElement=1,ENodeBFunction=1,EUtranCellFDD=LTE01ERBS00125-3,EUtranFreqRelation=1,EUtranCellRelation=21" lastModified="1287504995403" mimName="ERBS_NODE_MODEL" mimVersion="A.9.50.J.9.1">
    <attr name="isRemoveAllowed">false</attr>
    <attr name="neighborCellRef">SubNetwork=ONRM_RootMo_R,MeContext=LTE01ERBS00125,ManagedElement=1,ENodeBFunction=1,EUtraNetwork=1,ExternalENodeBFunction=121,ExternalEUtranCellFDD=4</attr>
    <attr name="anrCreated">false</attr>
    <attr name="isHoAllowed">true</attr>
  </mo>
  <mo fdn="SubNetwork=ONRM_RootMo_R,MeContext=LTE01ERBS00125,ManagedElement=1,ENodeBFunction=1,EUtranCellFDD=LTE01ERBS00125-3,EUtranFreqRelation=1,EUtranCellRelation=24" lastModified="1287501549878" mimName="ERBS_NODE_MODEL" mimVersion="A.9.50.J.9.1">
    <attr name="isRemoveAllowed">false</attr>
    <attr name="neighborCellRef">SubNetwork=ONRM_RootMo_R,MeContext=LTE01ERBS00125,ManagedElement=1,ENodeBFunction=1,EUtraNetwork=1,ExternalENodeBFunction=123,ExternalEUtranCellFDD=3</attr>
    <attr name="anrCreated">false</attr>
    <attr name="isHoAllowed">true</attr>
  </mo>
  <mo fdn="SubNetwork=ONRM_RootMo_R,MeContext=LTE01ERBS00125,ManagedElement=1,ENodeBFunction=1,EUtranCellFDD=LTE01ERBS00125-3,EUtranFreqRelation=1,EUtranCellRelation=25" lastModified="1287501549876" mimName="ERBS_NODE_MODEL" mimVersion="A.9.50.J.9.1">
    <attr name="isRemoveAllowed">false</attr>
    <attr name="neighborCellRef">SubNetwork=ONRM_RootMo_R,MeContext=LTE01ERBS00125,ManagedElement=1,ENodeBFunction=1,EUtraNetwork=1,ExternalENodeBFunction=123,ExternalEUtranCellFDD=4</attr>
    <attr name="anrCreated">false</attr>
    <attr name="isHoAllowed">true</attr>
  </mo>
  <mo fdn="SubNetwork=ONRM_RootMo_R,MeContext=LTE01ERBS00125,ManagedElement=1,ENodeBFunction=1,EUtranCellFDD=LTE01ERBS00125-3,EUtranFreqRelation=1,EUtranCellRelation=3" lastModified="1287501220848" mimName="ERBS_NODE_MODEL" mimVersion="A.9.50.J.9.1">
    <attr name="isRemoveAllowed">false</attr>
    <attr name="neighborCellRef">SubNetwork=ONRM_RootMo_R,MeContext=LTE01ERBS00125,ManagedElement=1,ENodeBFunction=1,EUtranCellFDD=LTE01ERBS00125-4</attr>
    <attr name="anrCreated">false</attr>
    <attr name="isHoAllowed">true</attr>
  </mo>
  <mo fdn="SubNetwork=ONRM_RootMo_R,MeContext=LTE01ERBS00125,ManagedElement=1,ENodeBFunction=1,EUtranCellFDD=LTE01ERBS00125-3,EUtranFreqRelation=1,EUtranCellRelation=30" lastModified="1287501549875" mimName="ERBS_NODE_MODEL" mimVersion="A.9.50.J.9.1">
    <attr name="isRemoveAllowed">false</attr>
    <attr name="neighborCellRef">SubNetwork=ONRM_RootMo_R,MeContext=LTE01ERBS00125,ManagedElement=1,ENodeBFunction=1,EUtraNetwork=1,ExternalENodeBFunction=127,ExternalEUtranCellFDD=3</attr>
    <attr name="anrCreated">false</attr>
    <attr name="isHoAllowed">true</attr>
  </mo>
  <mo fdn="SubNetwork=ONRM_RootMo_R,MeContext=LTE01ERBS00125,ManagedElement=1,ENodeBFunction=1,EUtranCellFDD=LTE01ERBS00125-3,EUtranFreqRelation=1,EUtranCellRelation=31" lastModified="1287501549873" mimName="ERBS_NODE_MODEL" mimVersion="A.9.50.J.9.1">
    <attr name="isRemoveAllowed">false</attr>
    <attr name="neighborCellRef">SubNetwork=ONRM_RootMo_R,MeContext=LTE01ERBS00125,ManagedElement=1,ENodeBFunction=1,EUtraNetwork=1,ExternalENodeBFunction=127,ExternalEUtranCellFDD=4</attr>
    <attr name="anrCreated">false</attr>
    <attr name="isHoAllowed">true</attr>
  </mo>
  <mo fdn="SubNetwork=ONRM_RootMo_R,MeContext=LTE01ERBS00125,ManagedElement=1,ENodeBFunction=1,EUtranCellFDD=LTE01ERBS00125-3,EUtranFreqRelation=1,EUtranCellRelation=4" lastModified="1287504995409" mimName="ERBS_NODE_MODEL" mimVersion="A.9.50.J.9.1">
    <attr name="isRemoveAllowed">false</attr>
    <attr name="neighborCellRef">SubNetwork=ONRM_RootMo_R,MeContext=LTE01ERBS00125,ManagedElement=1,ENodeBFunction=1,EUtraNetwork=1,ExternalENodeBFunction=113,ExternalEUtranCellFDD=3</attr>
    <attr name="anrCreated">false</attr>
    <attr name="isHoAllowed">true</attr>
  </mo>
  <mo fdn="SubNetwork=ONRM_RootMo_R,MeContext=LTE01ERBS00125,ManagedElement=1,ENodeBFunction=1,EUtranCellFDD=LTE01ERBS00125-3,EUtranFreqRelation=1,EUtranCellRelation=5" lastModified="1287504995410" mimName="ERBS_NODE_MODEL" mimVersion="A.9.50.J.9.1">
    <attr name="isRemoveAllowed">false</attr>
    <attr name="neighborCellRef">SubNetwork=ONRM_RootMo_R,MeContext=LTE01ERBS00125,ManagedElement=1,ENodeBFunction=1,EUtraNetwork=1,ExternalENodeBFunction=113,ExternalEUtranCellFDD=4</attr>
    <attr name="anrCreated">false</attr>
    <attr name="isHoAllowed">true</attr>
  </mo>
  <mo fdn="SubNetwork=ONRM_RootMo_R,MeContext=LTE01ERBS00125,ManagedElement=1,ENodeBFunction=1,EUtranCellFDD=LTE01ERBS00125-3,EUtranFreqRelation=1,EUtranCellRelation=8" lastModified="1287504995406" mimName="ERBS_NODE_MODEL" mimVersion="A.9.50.J.9.1">
    <attr name="isRemoveAllowed">false</attr>
    <attr name="neighborCellRef">SubNetwork=ONRM_RootMo_R,MeContext=LTE01ERBS00125,ManagedElement=1,ENodeBFunction=1,EUtraNetwork=1,ExternalENodeBFunction=115,ExternalEUtranCellFDD=3</attr>
    <attr name="anrCreated">false</attr>
    <attr name="isHoAllowed">true</attr>
  </mo>
  <mo fdn="SubNetwork=ONRM_RootMo_R,MeContext=LTE01ERBS00125,ManagedElement=1,ENodeBFunction=1,EUtranCellFDD=LTE01ERBS00125-3,EUtranFreqRelation=1,EUtranCellRelation=9" lastModified="1287504995407" mimName="ERBS_NODE_MODEL" mimVersion="A.9.50.J.9.1">
    <attr name="isRemoveAllowed">false</attr>
    <attr name="neighborCellRef">SubNetwork=ONRM_RootMo_R,MeContext=LTE01ERBS00125,ManagedElement=1,ENodeBFunction=1,EUtraNetwork=1,ExternalENodeBFunction=115,ExternalEUtranCellFDD=4</attr>
    <attr name="anrCreated">false</attr>
    <attr name="isHoAllowed">true</attr>
  </mo>
  <mo fdn="SubNetwork=ONRM_RootMo_R,MeContext=LTE01ERBS00125,ManagedElement=1,ENodeBFunction=1,EUtranCellFDD=LTE01ERBS00125-3,EUtranFreqRelation=2,EUtranCellRelation=10" lastModified="1287504995380" mimName="ERBS_NODE_MODEL" mimVersion="A.9.50.J.9.1">
    <attr name="isRemoveAllowed">false</attr>
    <attr name="neighborCellRef">SubNetwork=ONRM_RootMo_R,MeContext=LTE01ERBS00125,ManagedElement=1,ENodeBFunction=1,EUtraNetwork=1,ExternalENodeBFunction=116,ExternalEUtranCellFDD=3</attr>
    <attr name="anrCreated">false</attr>
    <attr name="isHoAllowed">true</attr>
  </mo>
  <mo fdn="SubNetwork=ONRM_RootMo_R,MeContext=LTE01ERBS00125,ManagedElement=1,ENodeBFunction=1,EUtranCellFDD=LTE01ERBS00125-3,EUtranFreqRelation=2,EUtranCellRelation=11" lastModified="1287504995378" mimName="ERBS_NODE_MODEL" mimVersion="A.9.50.J.9.1">
    <attr name="isRemoveAllowed">false</attr>
    <attr name="neighborCellRef">SubNetwork=ONRM_RootMo_R,MeContext=LTE01ERBS00125,ManagedElement=1,ENodeBFunction=1,EUtraNetwork=1,ExternalENodeBFunction=116,ExternalEUtranCellFDD=4</attr>
    <attr name="anrCreated">false</attr>
    <attr name="isHoAllowed">true</attr>
  </mo>
  <mo fdn="SubNetwork=ONRM_RootMo_R,MeContext=LTE01ERBS00125,ManagedElement=1,ENodeBFunction=1,EUtranCellFDD=LTE01ERBS00125-3,EUtranFreqRelation=2,EUtranCellRelation=14" lastModified="1287504995360" mimName="ERBS_NODE_MODEL" mimVersion="A.9.50.J.9.1">
    <attr name="isRemoveAllowed">false</attr>
    <attr name="neighborCellRef">SubNetwork=ONRM_RootMo_R,MeContext=LTE01ERBS00125,ManagedElement=1,ENodeBFunction=1,EUtraNetwork=1,ExternalENodeBFunction=118,ExternalEUtranCellFDD=3</attr>
    <attr name="anrCreated">false</attr>
    <attr name="isHoAllowed">true</attr>
  </mo>
  <mo fdn="SubNetwork=ONRM_RootMo_R,MeContext=LTE01ERBS00125,ManagedElement=1,ENodeBFunction=1,EUtranCellFDD=LTE01ERBS00125-3,EUtranFreqRelation=2,EUtranCellRelation=15" lastModified="1287504995395" mimName="ERBS_NODE_MODEL" mimVersion="A.9.50.J.9.1">
    <attr name="isRemoveAllowed">false</attr>
    <attr name="neighborCellRef">SubNetwork=ONRM_RootMo_R,MeContext=LTE01ERBS00125,ManagedElement=1,ENodeBFunction=1,EUtraNetwork=1,ExternalENodeBFunction=118,ExternalEUtranCellFDD=4</attr>
    <attr name="anrCreated">false</attr>
    <attr name="isHoAllowed">true</attr>
  </mo>
  <mo fdn="SubNetwork=ONRM_RootMo_R,MeContext=LTE01ERBS00125,ManagedElement=1,ENodeBFunction=1,EUtranCellFDD=LTE01ERBS00125-3,EUtranFreqRelation=2,EUtranCellRelation=18" lastModified="1287504995391" mimName="ERBS_NODE_MODEL" mimVersion="A.9.50.J.9.1">
    <attr name="isRemoveAllowed">false</attr>
    <attr name="neighborCellRef">SubNetwork=ONRM_RootMo_R,MeContext=LTE01ERBS00125,ManagedElement=1,ENodeBFunction=1,EUtraNetwork=1,ExternalENodeBFunction=120,ExternalEUtranCellFDD=3</attr>
    <attr name="anrCreated">false</attr>
    <attr name="isHoAllowed">true</attr>
  </mo>
  <mo fdn="SubNetwork=ONRM_RootMo_R,MeContext=LTE01ERBS00125,ManagedElement=1,ENodeBFunction=1,EUtranCellFDD=LTE01ERBS00125-3,EUtranFreqRelation=2,EUtranCellRelation=19" lastModified="1287504995388" mimName="ERBS_NODE_MODEL" mimVersion="A.9.50.J.9.1">
    <attr name="isRemoveAllowed">false</attr>
    <attr name="neighborCellRef">SubNetwork=ONRM_RootMo_R,MeContext=LTE01ERBS00125,ManagedElement=1,ENodeBFunction=1,EUtraNetwork=1,ExternalENodeBFunction=120,ExternalEUtranCellFDD=4</attr>
    <attr name="anrCreated">false</attr>
    <attr name="isHoAllowed">true</attr>
  </mo>
  <mo fdn="SubNetwork=ONRM_RootMo_R,MeContext=LTE01ERBS00125,ManagedElement=1,ENodeBFunction=1,EUtranCellFDD=LTE01ERBS00125-3,EUtranFreqRelation=2,EUtranCellRelation=22" lastModified="1287501549863" mimName="ERBS_NODE_MODEL" mimVersion="A.9.50.J.9.1">
    <attr name="isRemoveAllowed">false</attr>
    <attr name="neighborCellRef">SubNetwork=ONRM_RootMo_R,MeContext=LTE01ERBS00125,ManagedElement=1,ENodeBFunction=1,EUtraNetwork=1,ExternalENodeBFunction=122,ExternalEUtranCellFDD=3</attr>
    <attr name="anrCreated">false</attr>
    <attr name="isHoAllowed">true</attr>
  </mo>
  <mo fdn="SubNetwork=ONRM_RootMo_R,MeContext=LTE01ERBS00125,ManagedElement=1,ENodeBFunction=1,EUtranCellFDD=LTE01ERBS00125-3,EUtranFreqRelation=2,EUtranCellRelation=23" lastModified="1287501549861" mimName="ERBS_NODE_MODEL" mimVersion="A.9.50.J.9.1">
    <attr name="isRemoveAllowed">false</attr>
    <attr name="neighborCellRef">SubNetwork=ONRM_RootMo_R,MeContext=LTE01ERBS00125,ManagedElement=1,ENodeBFunction=1,EUtraNetwork=1,ExternalENodeBFunction=122,ExternalEUtranCellFDD=4</attr>
    <attr name="anrCreated">false</attr>
    <attr name="isHoAllowed">true</attr>
  </mo>
  <mo fdn="SubNetwork=ONRM_RootMo_R,MeContext=LTE01ERBS00125,ManagedElement=1,ENodeBFunction=1,EUtranCellFDD=LTE01ERBS00125-3,EUtranFreqRelation=2,EUtranCellRelation=26" lastModified="1287501549867" mimName="ERBS_NODE_MODEL" mimVersion="A.9.50.J.9.1">
    <attr name="isRemoveAllowed">false</attr>
    <attr name="neighborCellRef">SubNetwork=ONRM_RootMo_R,MeContext=LTE01ERBS00125,ManagedElement=1,ENodeBFunction=1,EUtraNetwork=1,ExternalENodeBFunction=124,ExternalEUtranCellFDD=3</attr>
    <attr name="anrCreated">false</attr>
    <attr name="isHoAllowed">true</attr>
  </mo>
  <mo fdn="SubNetwork=ONRM_RootMo_R,MeContext=LTE01ERBS00125,ManagedElement=1,ENodeBFunction=1,EUtranCellFDD=LTE01ERBS00125-3,EUtranFreqRelation=2,EUtranCellRelation=27" lastModified="1287501549865" mimName="ERBS_NODE_MODEL" mimVersion="A.9.50.J.9.1">
    <attr name="isRemoveAllowed">false</attr>
    <attr name="neighborCellRef">SubNetwork=ONRM_RootMo_R,MeContext=LTE01ERBS00125,ManagedElement=1,ENodeBFunction=1,EUtraNetwork=1,ExternalENodeBFunction=124,ExternalEUtranCellFDD=4</attr>
    <attr name="anrCreated">false</attr>
    <attr name="isHoAllowed">true</attr>
  </mo>
  <mo fdn="SubNetwork=ONRM_RootMo_R,MeContext=LTE01ERBS00125,ManagedElement=1,ENodeBFunction=1,EUtranCellFDD=LTE01ERBS00125-3,EUtranFreqRelation=2,EUtranCellRelation=28" lastModified="1287501549869" mimName="ERBS_NODE_MODEL" mimVersion="A.9.50.J.9.1">
    <attr name="isRemoveAllowed">false</attr>
    <attr name="neighborCellRef">SubNetwork=ONRM_RootMo_R,MeContext=LTE01ERBS00125,ManagedElement=1,ENodeBFunction=1,EUtraNetwork=1,ExternalENodeBFunction=126,ExternalEUtranCellFDD=3</attr>
    <attr name="anrCreated">false</attr>
    <attr name="isHoAllowed">true</attr>
  </mo>
  <mo fdn="SubNetwork=ONRM_RootMo_R,MeContext=LTE01ERBS00125,ManagedElement=1,ENodeBFunction=1,EUtranCellFDD=LTE01ERBS00125-3,EUtranFreqRelation=2,EUtranCellRelation=29" lastModified="1287501549868" mimName="ERBS_NODE_MODEL" mimVersion="A.9.50.J.9.1">
    <attr name="isRemoveAllowed">false</attr>
    <attr name="neighborCellRef">SubNetwork=ONRM_RootMo_R,MeContext=LTE01ERBS00125,ManagedElement=1,ENodeBFunction=1,EUtraNetwork=1,ExternalENodeBFunction=126,ExternalEUtranCellFDD=4</attr>
    <attr name="anrCreated">false</attr>
    <attr name="isHoAllowed">true</attr>
  </mo>
  <mo fdn="SubNetwork=ONRM_RootMo_R,MeContext=LTE01ERBS00125,ManagedElement=1,ENodeBFunction=1,EUtranCellFDD=LTE01ERBS00125-3,EUtranFreqRelation=2,EUtranCellRelation=32" lastModified="1287504995375" mimName="ERBS_NODE_MODEL" mimVersion="A.9.50.J.9.1">
    <attr name="isRemoveAllowed">false</attr>
    <attr name="neighborCellRef">SubNetwork=ONRM_RootMo_R,MeContext=LTE01ERBS00125,ManagedElement=1,ENodeBFunction=1,EUtraNetwork=1,ExternalENodeBFunction=128,ExternalEUtranCellFDD=3</attr>
    <attr name="anrCreated">false</attr>
    <attr name="isHoAllowed">true</attr>
  </mo>
  <mo fdn="SubNetwork=ONRM_RootMo_R,MeContext=LTE01ERBS00125,ManagedElement=1,ENodeBFunction=1,EUtranCellFDD=LTE01ERBS00125-3,EUtranFreqRelation=2,EUtranCellRelation=33" lastModified="1287504995384" mimName="ERBS_NODE_MODEL" mimVersion="A.9.50.J.9.1">
    <attr name="isRemoveAllowed">false</attr>
    <attr name="neighborCellRef">SubNetwork=ONRM_RootMo_R,MeContext=LTE01ERBS00125,ManagedElement=1,ENodeBFunction=1,EUtraNetwork=1,ExternalENodeBFunction=128,ExternalEUtranCellFDD=4</attr>
    <attr name="anrCreated">false</attr>
    <attr name="isHoAllowed">true</attr>
  </mo>
  <mo fdn="SubNetwork=ONRM_RootMo_R,MeContext=LTE01ERBS00125,ManagedElement=1,ENodeBFunction=1,EUtranCellFDD=LTE01ERBS00125-3,EUtranFreqRelation=2,EUtranCellRelation=6" lastModified="1287504995390" mimName="ERBS_NODE_MODEL" mimVersion="A.9.50.J.9.1">
    <attr name="isRemoveAllowed">false</attr>
    <attr name="neighborCellRef">SubNetwork=ONRM_RootMo_R,MeContext=LTE01ERBS00125,ManagedElement=1,ENodeBFunction=1,EUtraNetwork=1,ExternalENodeBFunction=114,ExternalEUtranCellFDD=3</attr>
    <attr name="anrCreated">false</attr>
    <attr name="isHoAllowed">true</attr>
  </mo>
  <mo fdn="SubNetwork=ONRM_RootMo_R,MeContext=LTE01ERBS00125,ManagedElement=1,ENodeBFunction=1,EUtranCellFDD=LTE01ERBS00125-3,EUtranFreqRelation=2,EUtranCellRelation=7" lastModified="1287504995393" mimName="ERBS_NODE_MODEL" mimVersion="A.9.50.J.9.1">
    <attr name="isRemoveAllowed">false</attr>
    <attr name="neighborCellRef">SubNetwork=ONRM_RootMo_R,MeContext=LTE01ERBS00125,ManagedElement=1,ENodeBFunction=1,EUtraNetwork=1,ExternalENodeBFunction=114,ExternalEUtranCellFDD=4</attr>
    <attr name="anrCreated">false</attr>
    <attr name="isHoAllowed">true</attr>
  </mo>
  <mo fdn="SubNetwork=ONRM_RootMo_R,MeContext=LTE01ERBS00125,ManagedElement=1,ENodeBFunction=1,EUtranCellFDD=LTE01ERBS00125-4" lastModified="1287512120225" mimName="ERBS_NODE_MODEL" mimVersion="A.9.50.J.9.1">
    <attr name="EUtranCellFDDId">LTE01ERBS00125-4</attr>
    <attr name="earfcnul">18000</attr>
    <attr name="cellId">4</attr>
    <attr name="tac">1</attr>
    <attr name="bPlmnList">
      <seq count="1">
        <item>
          <struct>
            <attr name="mcc">311</attr>
            <attr name="mnc">480</attr>
            <attr name="mncLength">2</attr>
          </struct>
        </item>
      </seq>
    </attr>
    <attr name="earfcndl">0</attr>
    <attr name="userLabel">LTE01ERBS00125-4</attr>
  </mo>
  <mo fdn="SubNetwork=ONRM_RootMo_R,MeContext=LTE01ERBS00125,ManagedElement=1,ENodeBFunction=1,EUtranCellFDD=LTE01ERBS00125-4,EUtranFreqRelation=1,EUtranCellRelation=1" lastModified="1287501218839" mimName="ERBS_NODE_MODEL" mimVersion="A.9.50.J.9.1">
    <attr name="isRemoveAllowed">false</attr>
    <attr name="neighborCellRef">SubNetwork=ONRM_RootMo_R,MeContext=LTE01ERBS00125,ManagedElement=1,ENodeBFunction=1,EUtranCellFDD=LTE01ERBS00125-1</attr>
    <attr name="anrCreated">false</attr>
    <attr name="isHoAllowed">true</attr>
  </mo>
  <mo fdn="SubNetwork=ONRM_RootMo_R,MeContext=LTE01ERBS00125,ManagedElement=1,ENodeBFunction=1,EUtranCellFDD=LTE01ERBS00125-4,EUtranFreqRelation=1,EUtranCellRelation=12" lastModified="1287504993556" mimName="ERBS_NODE_MODEL" mimVersion="A.9.50.J.9.1">
    <attr name="isRemoveAllowed">false</attr>
    <attr name="neighborCellRef">SubNetwork=ONRM_RootMo_R,MeContext=LTE01ERBS00125,ManagedElement=1,ENodeBFunction=1,EUtraNetwork=1,ExternalENodeBFunction=117,ExternalEUtranCellFDD=3</attr>
    <attr name="anrCreated">false</attr>
    <attr name="isHoAllowed">true</attr>
  </mo>
  <mo fdn="SubNetwork=ONRM_RootMo_R,MeContext=LTE01ERBS00125,ManagedElement=1,ENodeBFunction=1,EUtranCellFDD=LTE01ERBS00125-4,EUtranFreqRelation=1,EUtranCellRelation=13" lastModified="1287504993552" mimName="ERBS_NODE_MODEL" mimVersion="A.9.50.J.9.1">
    <attr name="isRemoveAllowed">false</attr>
    <attr name="neighborCellRef">SubNetwork=ONRM_RootMo_R,MeContext=LTE01ERBS00125,ManagedElement=1,ENodeBFunction=1,EUtraNetwork=1,ExternalENodeBFunction=117,ExternalEUtranCellFDD=4</attr>
    <attr name="anrCreated">false</attr>
    <attr name="isHoAllowed">true</attr>
  </mo>
  <mo fdn="SubNetwork=ONRM_RootMo_R,MeContext=LTE01ERBS00125,ManagedElement=1,ENodeBFunction=1,EUtranCellFDD=LTE01ERBS00125-4,EUtranFreqRelation=1,EUtranCellRelation=16" lastModified="1287504993566" mimName="ERBS_NODE_MODEL" mimVersion="A.9.50.J.9.1">
    <attr name="isRemoveAllowed">false</attr>
    <attr name="neighborCellRef">SubNetwork=ONRM_RootMo_R,MeContext=LTE01ERBS00125,ManagedElement=1,ENodeBFunction=1,EUtraNetwork=1,ExternalENodeBFunction=119,ExternalEUtranCellFDD=3</attr>
    <attr name="anrCreated">false</attr>
    <attr name="isHoAllowed">true</attr>
  </mo>
  <mo fdn="SubNetwork=ONRM_RootMo_R,MeContext=LTE01ERBS00125,ManagedElement=1,ENodeBFunction=1,EUtranCellFDD=LTE01ERBS00125-4,EUtranFreqRelation=1,EUtranCellRelation=17" lastModified="1287504993565" mimName="ERBS_NODE_MODEL" mimVersion="A.9.50.J.9.1">
    <attr name="isRemoveAllowed">false</attr>
    <attr name="neighborCellRef">SubNetwork=ONRM_RootMo_R,MeContext=LTE01ERBS00125,ManagedElement=1,ENodeBFunction=1,EUtraNetwork=1,ExternalENodeBFunction=119,ExternalEUtranCellFDD=4</attr>
    <attr name="anrCreated">false</attr>
    <attr name="isHoAllowed">true</attr>
  </mo>
  <mo fdn="SubNetwork=ONRM_RootMo_R,MeContext=LTE01ERBS00125,ManagedElement=1,ENodeBFunction=1,EUtranCellFDD=LTE01ERBS00125-4,EUtranFreqRelation=1,EUtranCellRelation=2" lastModified="1287501218823" mimName="ERBS_NODE_MODEL" mimVersion="A.9.50.J.9.1">
    <attr name="isRemoveAllowed">false</attr>
    <attr name="neighborCellRef">SubNetwork=ONRM_RootMo_R,MeContext=LTE01ERBS00125,ManagedElement=1,ENodeBFunction=1,EUtranCellFDD=LTE01ERBS00125-2</attr>
    <attr name="anrCreated">false</attr>
    <attr name="isHoAllowed">true</attr>
  </mo>
  <mo fdn="SubNetwork=ONRM_RootMo_R,MeContext=LTE01ERBS00125,ManagedElement=1,ENodeBFunction=1,EUtranCellFDD=LTE01ERBS00125-4,EUtranFreqRelation=1,EUtranCellRelation=20" lastModified="1287504993560" mimName="ERBS_NODE_MODEL" mimVersion="A.9.50.J.9.1">
    <attr name="isRemoveAllowed">false</attr>
    <attr name="neighborCellRef">SubNetwork=ONRM_RootMo_R,MeContext=LTE01ERBS00125,ManagedElement=1,ENodeBFunction=1,EUtraNetwork=1,ExternalENodeBFunction=121,ExternalEUtranCellFDD=3</attr>
    <attr name="anrCreated">false</attr>
    <attr name="isHoAllowed">true</attr>
  </mo>
  <mo fdn="SubNetwork=ONRM_RootMo_R,MeContext=LTE01ERBS00125,ManagedElement=1,ENodeBFunction=1,EUtranCellFDD=LTE01ERBS00125-4,EUtranFreqRelation=1,EUtranCellRelation=21" lastModified="1287504993558" mimName="ERBS_NODE_MODEL" mimVersion="A.9.50.J.9.1">
    <attr name="isRemoveAllowed">false</attr>
    <attr name="neighborCellRef">SubNetwork=ONRM_RootMo_R,MeContext=LTE01ERBS00125,ManagedElement=1,ENodeBFunction=1,EUtraNetwork=1,ExternalENodeBFunction=121,ExternalEUtranCellFDD=4</attr>
    <attr name="anrCreated">false</attr>
    <attr name="isHoAllowed">true</attr>
  </mo>
  <mo fdn="SubNetwork=ONRM_RootMo_R,MeContext=LTE01ERBS00125,ManagedElement=1,ENodeBFunction=1,EUtranCellFDD=LTE01ERBS00125-4,EUtranFreqRelation=1,EUtranCellRelation=24" lastModified="1287501549175" mimName="ERBS_NODE_MODEL" mimVersion="A.9.50.J.9.1">
    <attr name="isRemoveAllowed">false</attr>
    <attr name="neighborCellRef">SubNetwork=ONRM_RootMo_R,MeContext=LTE01ERBS00125,ManagedElement=1,ENodeBFunction=1,EUtraNetwork=1,ExternalENodeBFunction=123,ExternalEUtranCellFDD=3</attr>
    <attr name="anrCreated">false</attr>
    <attr name="isHoAllowed">true</attr>
  </mo>
  <mo fdn="SubNetwork=ONRM_RootMo_R,MeContext=LTE01ERBS00125,ManagedElement=1,ENodeBFunction=1,EUtranCellFDD=LTE01ERBS00125-4,EUtranFreqRelation=1,EUtranCellRelation=25" lastModified="1287501549172" mimName="ERBS_NODE_MODEL" mimVersion="A.9.50.J.9.1">
    <attr name="isRemoveAllowed">false</attr>
    <attr name="neighborCellRef">SubNetwork=ONRM_RootMo_R,MeContext=LTE01ERBS00125,ManagedElement=1,ENodeBFunction=1,EUtraNetwork=1,ExternalENodeBFunction=123,ExternalEUtranCellFDD=4</attr>
    <attr name="anrCreated">false</attr>
    <attr name="isHoAllowed">true</attr>
  </mo>
  <mo fdn="SubNetwork=ONRM_RootMo_R,MeContext=LTE01ERBS00125,ManagedElement=1,ENodeBFunction=1,EUtranCellFDD=LTE01ERBS00125-4,EUtranFreqRelation=1,EUtranCellRelation=3" lastModified="1287501218813" mimName="ERBS_NODE_MODEL" mimVersion="A.9.50.J.9.1">
    <attr name="isRemoveAllowed">false</attr>
    <attr name="neighborCellRef">SubNetwork=ONRM_RootMo_R,MeContext=LTE01ERBS00125,ManagedElement=1,ENodeBFunction=1,EUtranCellFDD=LTE01ERBS00125-3</attr>
    <attr name="anrCreated">false</attr>
    <attr name="isHoAllowed">true</attr>
  </mo>
  <mo fdn="SubNetwork=ONRM_RootMo_R,MeContext=LTE01ERBS00125,ManagedElement=1,ENodeBFunction=1,EUtranCellFDD=LTE01ERBS00125-4,EUtranFreqRelation=1,EUtranCellRelation=30" lastModified="1287501549167" mimName="ERBS_NODE_MODEL" mimVersion="A.9.50.J.9.1">
    <attr name="isRemoveAllowed">false</attr>
    <attr name="neighborCellRef">SubNetwork=ONRM_RootMo_R,MeContext=LTE01ERBS00125,ManagedElement=1,ENodeBFunction=1,EUtraNetwork=1,ExternalENodeBFunction=127,ExternalEUtranCellFDD=3</attr>
    <attr name="anrCreated">false</attr>
    <attr name="isHoAllowed">true</attr>
  </mo>
  <mo fdn="SubNetwork=ONRM_RootMo_R,MeContext=LTE01ERBS00125,ManagedElement=1,ENodeBFunction=1,EUtranCellFDD=LTE01ERBS00125-4,EUtranFreqRelation=1,EUtranCellRelation=31" lastModified="1287501549165" mimName="ERBS_NODE_MODEL" mimVersion="A.9.50.J.9.1">
    <attr name="isRemoveAllowed">false</attr>
    <attr name="neighborCellRef">SubNetwork=ONRM_RootMo_R,MeContext=LTE01ERBS00125,ManagedElement=1,ENodeBFunction=1,EUtraNetwork=1,ExternalENodeBFunction=127,ExternalEUtranCellFDD=4</attr>
    <attr name="anrCreated">false</attr>
    <attr name="isHoAllowed">true</attr>
  </mo>
  <mo fdn="SubNetwork=ONRM_RootMo_R,MeContext=LTE01ERBS00125,ManagedElement=1,ENodeBFunction=1,EUtranCellFDD=LTE01ERBS00125-4,EUtranFreqRelation=1,EUtranCellRelation=4" lastModified="1287504993567" mimName="ERBS_NODE_MODEL" mimVersion="A.9.50.J.9.1">
    <attr name="isRemoveAllowed">false</attr>
    <attr name="neighborCellRef">SubNetwork=ONRM_RootMo_R,MeContext=LTE01ERBS00125,ManagedElement=1,ENodeBFunction=1,EUtraNetwork=1,ExternalENodeBFunction=113,ExternalEUtranCellFDD=3</attr>
    <attr name="anrCreated">false</attr>
    <attr name="isHoAllowed">true</attr>
  </mo>
  <mo fdn="SubNetwork=ONRM_RootMo_R,MeContext=LTE01ERBS00125,ManagedElement=1,ENodeBFunction=1,EUtranCellFDD=LTE01ERBS00125-4,EUtranFreqRelation=1,EUtranCellRelation=5" lastModified="1287504993568" mimName="ERBS_NODE_MODEL" mimVersion="A.9.50.J.9.1">
    <attr name="isRemoveAllowed">false</attr>
    <attr name="neighborCellRef">SubNetwork=ONRM_RootMo_R,MeContext=LTE01ERBS00125,ManagedElement=1,ENodeBFunction=1,EUtraNetwork=1,ExternalENodeBFunction=113,ExternalEUtranCellFDD=4</attr>
    <attr name="anrCreated">false</attr>
    <attr name="isHoAllowed">true</attr>
  </mo>
  <mo fdn="SubNetwork=ONRM_RootMo_R,MeContext=LTE01ERBS00125,ManagedElement=1,ENodeBFunction=1,EUtranCellFDD=LTE01ERBS00125-4,EUtranFreqRelation=1,EUtranCellRelation=8" lastModified="1287504993561" mimName="ERBS_NODE_MODEL" mimVersion="A.9.50.J.9.1">
    <attr name="isRemoveAllowed">false</attr>
    <attr name="neighborCellRef">SubNetwork=ONRM_RootMo_R,MeContext=LTE01ERBS00125,ManagedElement=1,ENodeBFunction=1,EUtraNetwork=1,ExternalENodeBFunction=115,ExternalEUtranCellFDD=3</attr>
    <attr name="anrCreated">false</attr>
    <attr name="isHoAllowed">true</attr>
  </mo>
  <mo fdn="SubNetwork=ONRM_RootMo_R,MeContext=LTE01ERBS00125,ManagedElement=1,ENodeBFunction=1,EUtranCellFDD=LTE01ERBS00125-4,EUtranFreqRelation=1,EUtranCellRelation=9" lastModified="1287504993564" mimName="ERBS_NODE_MODEL" mimVersion="A.9.50.J.9.1">
    <attr name="isRemoveAllowed">false</attr>
    <attr name="neighborCellRef">SubNetwork=ONRM_RootMo_R,MeContext=LTE01ERBS00125,ManagedElement=1,ENodeBFunction=1,EUtraNetwork=1,ExternalENodeBFunction=115,ExternalEUtranCellFDD=4</attr>
    <attr name="anrCreated">false</attr>
    <attr name="isHoAllowed">true</attr>
  </mo>
  <mo fdn="SubNetwork=ONRM_RootMo_R,MeContext=LTE01ERBS00125,ManagedElement=1,ENodeBFunction=1,EUtranCellFDD=LTE01ERBS00125-4,EUtranFreqRelation=2,EUtranCellRelation=10" lastModified="1287504993537" mimName="ERBS_NODE_MODEL" mimVersion="A.9.50.J.9.1">
    <attr name="isRemoveAllowed">false</attr>
    <attr name="neighborCellRef">SubNetwork=ONRM_RootMo_R,MeContext=LTE01ERBS00125,ManagedElement=1,ENodeBFunction=1,EUtraNetwork=1,ExternalENodeBFunction=116,ExternalEUtranCellFDD=3</attr>
    <attr name="anrCreated">false</attr>
    <attr name="isHoAllowed">true</attr>
  </mo>
  <mo fdn="SubNetwork=ONRM_RootMo_R,MeContext=LTE01ERBS00125,ManagedElement=1,ENodeBFunction=1,EUtranCellFDD=LTE01ERBS00125-4,EUtranFreqRelation=2,EUtranCellRelation=11" lastModified="1287504993534" mimName="ERBS_NODE_MODEL" mimVersion="A.9.50.J.9.1">
    <attr name="isRemoveAllowed">false</attr>
    <attr name="neighborCellRef">SubNetwork=ONRM_RootMo_R,MeContext=LTE01ERBS00125,ManagedElement=1,ENodeBFunction=1,EUtraNetwork=1,ExternalENodeBFunction=116,ExternalEUtranCellFDD=4</attr>
    <attr name="anrCreated">false</attr>
    <attr name="isHoAllowed">true</attr>
  </mo>
  <mo fdn="SubNetwork=ONRM_RootMo_R,MeContext=LTE01ERBS00125,ManagedElement=1,ENodeBFunction=1,EUtranCellFDD=LTE01ERBS00125-4,EUtranFreqRelation=2,EUtranCellRelation=14" lastModified="1287504993516" mimName="ERBS_NODE_MODEL" mimVersion="A.9.50.J.9.1">
    <attr name="isRemoveAllowed">false</attr>
    <attr name="neighborCellRef">SubNetwork=ONRM_RootMo_R,MeContext=LTE01ERBS00125,ManagedElement=1,ENodeBFunction=1,EUtraNetwork=1,ExternalENodeBFunction=118,ExternalEUtranCellFDD=3</attr>
    <attr name="anrCreated">false</attr>
    <attr name="isHoAllowed">true</attr>
  </mo>
  <mo fdn="SubNetwork=ONRM_RootMo_R,MeContext=LTE01ERBS00125,ManagedElement=1,ENodeBFunction=1,EUtranCellFDD=LTE01ERBS00125-4,EUtranFreqRelation=2,EUtranCellRelation=15" lastModified="1287504993549" mimName="ERBS_NODE_MODEL" mimVersion="A.9.50.J.9.1">
    <attr name="isRemoveAllowed">false</attr>
    <attr name="neighborCellRef">SubNetwork=ONRM_RootMo_R,MeContext=LTE01ERBS00125,ManagedElement=1,ENodeBFunction=1,EUtraNetwork=1,ExternalENodeBFunction=118,ExternalEUtranCellFDD=4</attr>
    <attr name="anrCreated">false</attr>
    <attr name="isHoAllowed">true</attr>
  </mo>
  <mo fdn="SubNetwork=ONRM_RootMo_R,MeContext=LTE01ERBS00125,ManagedElement=1,ENodeBFunction=1,EUtranCellFDD=LTE01ERBS00125-4,EUtranFreqRelation=2,EUtranCellRelation=18" lastModified="1287504993545" mimName="ERBS_NODE_MODEL" mimVersion="A.9.50.J.9.1">
    <attr name="isRemoveAllowed">false</attr>
    <attr name="neighborCellRef">SubNetwork=ONRM_RootMo_R,MeContext=LTE01ERBS00125,ManagedElement=1,ENodeBFunction=1,EUtraNetwork=1,ExternalENodeBFunction=120,ExternalEUtranCellFDD=3</attr>
    <attr name="anrCreated">false</attr>
    <attr name="isHoAllowed">true</attr>
  </mo>
  <mo fdn="SubNetwork=ONRM_RootMo_R,MeContext=LTE01ERBS00125,ManagedElement=1,ENodeBFunction=1,EUtranCellFDD=LTE01ERBS00125-4,EUtranFreqRelation=2,EUtranCellRelation=19" lastModified="1287504993542" mimName="ERBS_NODE_MODEL" mimVersion="A.9.50.J.9.1">
    <attr name="isRemoveAllowed">false</attr>
    <attr name="neighborCellRef">SubNetwork=ONRM_RootMo_R,MeContext=LTE01ERBS00125,ManagedElement=1,ENodeBFunction=1,EUtraNetwork=1,ExternalENodeBFunction=120,ExternalEUtranCellFDD=4</attr>
    <attr name="anrCreated">false</attr>
    <attr name="isHoAllowed">true</attr>
  </mo>
  <mo fdn="SubNetwork=ONRM_RootMo_R,MeContext=LTE01ERBS00125,ManagedElement=1,ENodeBFunction=1,EUtranCellFDD=LTE01ERBS00125-4,EUtranFreqRelation=2,EUtranCellRelation=22" lastModified="1287501549153" mimName="ERBS_NODE_MODEL" mimVersion="A.9.50.J.9.1">
    <attr name="isRemoveAllowed">false</attr>
    <attr name="neighborCellRef">SubNetwork=ONRM_RootMo_R,MeContext=LTE01ERBS00125,ManagedElement=1,ENodeBFunction=1,EUtraNetwork=1,ExternalENodeBFunction=122,ExternalEUtranCellFDD=3</attr>
    <attr name="anrCreated">false</attr>
    <attr name="isHoAllowed">true</attr>
  </mo>
  <mo fdn="SubNetwork=ONRM_RootMo_R,MeContext=LTE01ERBS00125,ManagedElement=1,ENodeBFunction=1,EUtranCellFDD=LTE01ERBS00125-4,EUtranFreqRelation=2,EUtranCellRelation=23" lastModified="1287501549151" mimName="ERBS_NODE_MODEL" mimVersion="A.9.50.J.9.1">
    <attr name="isRemoveAllowed">false</attr>
    <attr name="neighborCellRef">SubNetwork=ONRM_RootMo_R,MeContext=LTE01ERBS00125,ManagedElement=1,ENodeBFunction=1,EUtraNetwork=1,ExternalENodeBFunction=122,ExternalEUtranCellFDD=4</attr>
    <attr name="anrCreated">false</attr>
    <attr name="isHoAllowed">true</attr>
  </mo>
  <mo fdn="SubNetwork=ONRM_RootMo_R,MeContext=LTE01ERBS00125,ManagedElement=1,ENodeBFunction=1,EUtranCellFDD=LTE01ERBS00125-4,EUtranFreqRelation=2,EUtranCellRelation=26" lastModified="1287501549157" mimName="ERBS_NODE_MODEL" mimVersion="A.9.50.J.9.1">
    <attr name="isRemoveAllowed">false</attr>
    <attr name="neighborCellRef">SubNetwork=ONRM_RootMo_R,MeContext=LTE01ERBS00125,ManagedElement=1,ENodeBFunction=1,EUtraNetwork=1,ExternalENodeBFunction=124,ExternalEUtranCellFDD=3</attr>
    <attr name="anrCreated">false</attr>
    <attr name="isHoAllowed">true</attr>
  </mo>
  <mo fdn="SubNetwork=ONRM_RootMo_R,MeContext=LTE01ERBS00125,ManagedElement=1,ENodeBFunction=1,EUtranCellFDD=LTE01ERBS00125-4,EUtranFreqRelation=2,EUtranCellRelation=27" lastModified="1287501549155" mimName="ERBS_NODE_MODEL" mimVersion="A.9.50.J.9.1">
    <attr name="isRemoveAllowed">false</attr>
    <attr name="neighborCellRef">SubNetwork=ONRM_RootMo_R,MeContext=LTE01ERBS00125,ManagedElement=1,ENodeBFunction=1,EUtraNetwork=1,ExternalENodeBFunction=124,ExternalEUtranCellFDD=4</attr>
    <attr name="anrCreated">false</attr>
    <attr name="isHoAllowed">true</attr>
  </mo>
  <mo fdn="SubNetwork=ONRM_RootMo_R,MeContext=LTE01ERBS00125,ManagedElement=1,ENodeBFunction=1,EUtranCellFDD=LTE01ERBS00125-4,EUtranFreqRelation=2,EUtranCellRelation=28" lastModified="1287501549160" mimName="ERBS_NODE_MODEL" mimVersion="A.9.50.J.9.1">
    <attr name="isRemoveAllowed">false</attr>
    <attr name="neighborCellRef">SubNetwork=ONRM_RootMo_R,MeContext=LTE01ERBS00125,ManagedElement=1,ENodeBFunction=1,EUtraNetwork=1,ExternalENodeBFunction=126,ExternalEUtranCellFDD=3</attr>
    <attr name="anrCreated">false</attr>
    <attr name="isHoAllowed">true</attr>
  </mo>
  <mo fdn="SubNetwork=ONRM_RootMo_R,MeContext=LTE01ERBS00125,ManagedElement=1,ENodeBFunction=1,EUtranCellFDD=LTE01ERBS00125-4,EUtranFreqRelation=2,EUtranCellRelation=29" lastModified="1287501549158" mimName="ERBS_NODE_MODEL" mimVersion="A.9.50.J.9.1">
    <attr name="isRemoveAllowed">false</attr>
    <attr name="neighborCellRef">SubNetwork=ONRM_RootMo_R,MeContext=LTE01ERBS00125,ManagedElement=1,ENodeBFunction=1,EUtraNetwork=1,ExternalENodeBFunction=126,ExternalEUtranCellFDD=4</attr>
    <attr name="anrCreated">false</attr>
    <attr name="isHoAllowed">true</attr>
  </mo>
  <mo fdn="SubNetwork=ONRM_RootMo_R,MeContext=LTE01ERBS00125,ManagedElement=1,ENodeBFunction=1,EUtranCellFDD=LTE01ERBS00125-4,EUtranFreqRelation=2,EUtranCellRelation=32" lastModified="1287504993530" mimName="ERBS_NODE_MODEL" mimVersion="A.9.50.J.9.1">
    <attr name="isRemoveAllowed">false</attr>
    <attr name="neighborCellRef">SubNetwork=ONRM_RootMo_R,MeContext=LTE01ERBS00125,ManagedElement=1,ENodeBFunction=1,EUtraNetwork=1,ExternalENodeBFunction=128,ExternalEUtranCellFDD=3</attr>
    <attr name="anrCreated">false</attr>
    <attr name="isHoAllowed">true</attr>
  </mo>
  <mo fdn="SubNetwork=ONRM_RootMo_R,MeContext=LTE01ERBS00125,ManagedElement=1,ENodeBFunction=1,EUtranCellFDD=LTE01ERBS00125-4,EUtranFreqRelation=2,EUtranCellRelation=33" lastModified="1287504993539" mimName="ERBS_NODE_MODEL" mimVersion="A.9.50.J.9.1">
    <attr name="isRemoveAllowed">false</attr>
    <attr name="neighborCellRef">SubNetwork=ONRM_RootMo_R,MeContext=LTE01ERBS00125,ManagedElement=1,ENodeBFunction=1,EUtraNetwork=1,ExternalENodeBFunction=128,ExternalEUtranCellFDD=4</attr>
    <attr name="anrCreated">false</attr>
    <attr name="isHoAllowed">true</attr>
  </mo>
  <mo fdn="SubNetwork=ONRM_RootMo_R,MeContext=LTE01ERBS00125,ManagedElement=1,ENodeBFunction=1,EUtranCellFDD=LTE01ERBS00125-4,EUtranFreqRelation=2,EUtranCellRelation=6" lastModified="1287504993544" mimName="ERBS_NODE_MODEL" mimVersion="A.9.50.J.9.1">
    <attr name="isRemoveAllowed">false</attr>
    <attr name="neighborCellRef">SubNetwork=ONRM_RootMo_R,MeContext=LTE01ERBS00125,ManagedElement=1,ENodeBFunction=1,EUtraNetwork=1,ExternalENodeBFunction=114,ExternalEUtranCellFDD=3</attr>
    <attr name="anrCreated">false</attr>
    <attr name="isHoAllowed">true</attr>
  </mo>
  <mo fdn="SubNetwork=ONRM_RootMo_R,MeContext=LTE01ERBS00125,ManagedElement=1,ENodeBFunction=1,EUtranCellFDD=LTE01ERBS00125-4,EUtranFreqRelation=2,EUtranCellRelation=7" lastModified="1287504993547" mimName="ERBS_NODE_MODEL" mimVersion="A.9.50.J.9.1">
    <attr name="isRemoveAllowed">false</attr>
    <attr name="neighborCellRef">SubNetwork=ONRM_RootMo_R,MeContext=LTE01ERBS00125,ManagedElement=1,ENodeBFunction=1,EUtraNetwork=1,ExternalENodeBFunction=114,ExternalEUtranCellFDD=4</attr>
    <attr name="anrCreated">false</attr>
    <attr name="isHoAllowed">true</attr>
  </mo>
</model>
