<?xml version="1.0" encoding="UTF-8" standalone="no"?><!-- Generated by nmsadm --><!-- Generated on Thu Oct 28 14:36:23 BST 2010 --><!-- Generated from configuration valid --><!-- Query - Base MO SubNetwork=ONRM_RootMo_R,MeContext=LTE01ERBS00140; Scope 8 --><model>
  <mo fdn="SubNetwork=ONRM_RootMo_R,MeContext=LTE01ERBS00140" lastModified="1287512129359" mimName="ERBS_NODE_MODEL" mimVersion="A.9.50.J.9.1">
    <attr name="MeContextId">LTE01ERBS00140</attr>
    <attr name="neMIMversion">vA.9.40</attr>
    <attr name="siteRef">SubNetwork=ONRM_RootMo_R,Site=LTE01ERBS00140</attr>
    <attr name="userLabel">LTE01ERBS00140</attr>
  </mo>
  <mo fdn="SubNetwork=ONRM_RootMo_R,MeContext=LTE01ERBS00140,ManagedElement=1,ENodeBFunction=1" lastModified="1287501256347" mimName="ERBS_NODE_MODEL" mimVersion="A.9.50.J.9.1">
    <attr name="eNodeBPlmnId">
      <struct>
        <attr name="mcc">311</attr>
        <attr name="mnc">480</attr>
        <attr name="mncLength">2</attr>
      </struct>
    </attr>
    <attr name="eNBId">190032</attr>
  </mo>
  <mo fdn="SubNetwork=ONRM_RootMo_R,MeContext=LTE01ERBS00140,ManagedElement=1,ENodeBFunction=1,EUtranCellFDD=LTE01ERBS00140-1" lastModified="1287512091260" mimName="ERBS_NODE_MODEL" mimVersion="A.9.50.J.9.1">
    <attr name="EUtranCellFDDId">LTE01ERBS00140-1</attr>
    <attr name="earfcnul">18000</attr>
    <attr name="cellId">1</attr>
    <attr name="tac">48650</attr>
    <attr name="bPlmnList">
      <seq count="1">
        <item>
          <struct>
            <attr name="mcc">311</attr>
            <attr name="mnc">480</attr>
            <attr name="mncLength">2</attr>
          </struct>
        </item>
      </seq>
    </attr>
    <attr name="earfcndl">0</attr>
    <attr name="userLabel">LTE01ERBS00140-1</attr>
  </mo>
  <mo fdn="SubNetwork=ONRM_RootMo_R,MeContext=LTE01ERBS00140,ManagedElement=1,ENodeBFunction=1,EUtranCellFDD=LTE01ERBS00140-1,EUtranFreqRelation=1,EUtranCellRelation=12" lastModified="1287504920218" mimName="ERBS_NODE_MODEL" mimVersion="A.9.50.J.9.1">
    <attr name="isRemoveAllowed">false</attr>
    <attr name="neighborCellRef">SubNetwork=ONRM_RootMo_R,MeContext=LTE01ERBS00140,ManagedElement=1,ENodeBFunction=1,EUtraNetwork=1,ExternalENodeBFunction=133,ExternalEUtranCellFDD=1</attr>
    <attr name="anrCreated">false</attr>
    <attr name="isHoAllowed">true</attr>
  </mo>
  <mo fdn="SubNetwork=ONRM_RootMo_R,MeContext=LTE01ERBS00140,ManagedElement=1,ENodeBFunction=1,EUtranCellFDD=LTE01ERBS00140-1,EUtranFreqRelation=1,EUtranCellRelation=13" lastModified="1287504920216" mimName="ERBS_NODE_MODEL" mimVersion="A.9.50.J.9.1">
    <attr name="isRemoveAllowed">false</attr>
    <attr name="neighborCellRef">SubNetwork=ONRM_RootMo_R,MeContext=LTE01ERBS00140,ManagedElement=1,ENodeBFunction=1,EUtraNetwork=1,ExternalENodeBFunction=133,ExternalEUtranCellFDD=2</attr>
    <attr name="anrCreated">false</attr>
    <attr name="isHoAllowed">true</attr>
  </mo>
  <mo fdn="SubNetwork=ONRM_RootMo_R,MeContext=LTE01ERBS00140,ManagedElement=1,ENodeBFunction=1,EUtranCellFDD=LTE01ERBS00140-1,EUtranFreqRelation=1,EUtranCellRelation=16" lastModified="1287504920230" mimName="ERBS_NODE_MODEL" mimVersion="A.9.50.J.9.1">
    <attr name="isRemoveAllowed">false</attr>
    <attr name="neighborCellRef">SubNetwork=ONRM_RootMo_R,MeContext=LTE01ERBS00140,ManagedElement=1,ENodeBFunction=1,EUtraNetwork=1,ExternalENodeBFunction=135,ExternalEUtranCellFDD=1</attr>
    <attr name="anrCreated">false</attr>
    <attr name="isHoAllowed">true</attr>
  </mo>
  <mo fdn="SubNetwork=ONRM_RootMo_R,MeContext=LTE01ERBS00140,ManagedElement=1,ENodeBFunction=1,EUtranCellFDD=LTE01ERBS00140-1,EUtranFreqRelation=1,EUtranCellRelation=17" lastModified="1287504920228" mimName="ERBS_NODE_MODEL" mimVersion="A.9.50.J.9.1">
    <attr name="isRemoveAllowed">false</attr>
    <attr name="neighborCellRef">SubNetwork=ONRM_RootMo_R,MeContext=LTE01ERBS00140,ManagedElement=1,ENodeBFunction=1,EUtraNetwork=1,ExternalENodeBFunction=135,ExternalEUtranCellFDD=2</attr>
    <attr name="anrCreated">false</attr>
    <attr name="isHoAllowed">true</attr>
  </mo>
  <mo fdn="SubNetwork=ONRM_RootMo_R,MeContext=LTE01ERBS00140,ManagedElement=1,ENodeBFunction=1,EUtranCellFDD=LTE01ERBS00140-1,EUtranFreqRelation=1,EUtranCellRelation=20" lastModified="1287504920226" mimName="ERBS_NODE_MODEL" mimVersion="A.9.50.J.9.1">
    <attr name="isRemoveAllowed">false</attr>
    <attr name="neighborCellRef">SubNetwork=ONRM_RootMo_R,MeContext=LTE01ERBS00140,ManagedElement=1,ENodeBFunction=1,EUtraNetwork=1,ExternalENodeBFunction=137,ExternalEUtranCellFDD=1</attr>
    <attr name="anrCreated">false</attr>
    <attr name="isHoAllowed">true</attr>
  </mo>
  <mo fdn="SubNetwork=ONRM_RootMo_R,MeContext=LTE01ERBS00140,ManagedElement=1,ENodeBFunction=1,EUtranCellFDD=LTE01ERBS00140-1,EUtranFreqRelation=1,EUtranCellRelation=21" lastModified="1287504920224" mimName="ERBS_NODE_MODEL" mimVersion="A.9.50.J.9.1">
    <attr name="isRemoveAllowed">false</attr>
    <attr name="neighborCellRef">SubNetwork=ONRM_RootMo_R,MeContext=LTE01ERBS00140,ManagedElement=1,ENodeBFunction=1,EUtraNetwork=1,ExternalENodeBFunction=137,ExternalEUtranCellFDD=2</attr>
    <attr name="anrCreated">false</attr>
    <attr name="isHoAllowed">true</attr>
  </mo>
  <mo fdn="SubNetwork=ONRM_RootMo_R,MeContext=LTE01ERBS00140,ManagedElement=1,ENodeBFunction=1,EUtranCellFDD=LTE01ERBS00140-1,EUtranFreqRelation=1,EUtranCellRelation=24" lastModified="1287504920221" mimName="ERBS_NODE_MODEL" mimVersion="A.9.50.J.9.1">
    <attr name="isRemoveAllowed">false</attr>
    <attr name="neighborCellRef">SubNetwork=ONRM_RootMo_R,MeContext=LTE01ERBS00140,ManagedElement=1,ENodeBFunction=1,EUtraNetwork=1,ExternalENodeBFunction=139,ExternalEUtranCellFDD=1</attr>
    <attr name="anrCreated">false</attr>
    <attr name="isHoAllowed">true</attr>
  </mo>
  <mo fdn="SubNetwork=ONRM_RootMo_R,MeContext=LTE01ERBS00140,ManagedElement=1,ENodeBFunction=1,EUtranCellFDD=LTE01ERBS00140-1,EUtranFreqRelation=1,EUtranCellRelation=25" lastModified="1287504920219" mimName="ERBS_NODE_MODEL" mimVersion="A.9.50.J.9.1">
    <attr name="isRemoveAllowed">false</attr>
    <attr name="neighborCellRef">SubNetwork=ONRM_RootMo_R,MeContext=LTE01ERBS00140,ManagedElement=1,ENodeBFunction=1,EUtraNetwork=1,ExternalENodeBFunction=139,ExternalEUtranCellFDD=2</attr>
    <attr name="anrCreated">false</attr>
    <attr name="isHoAllowed">true</attr>
  </mo>
  <mo fdn="SubNetwork=ONRM_RootMo_R,MeContext=LTE01ERBS00140,ManagedElement=1,ENodeBFunction=1,EUtranCellFDD=LTE01ERBS00140-1,EUtranFreqRelation=1,EUtranCellRelation=26" lastModified="1287504920229" mimName="ERBS_NODE_MODEL" mimVersion="A.9.50.J.9.1">
    <attr name="isRemoveAllowed">false</attr>
    <attr name="neighborCellRef">SubNetwork=ONRM_RootMo_R,MeContext=LTE01ERBS00140,ManagedElement=1,ENodeBFunction=1,EUtraNetwork=1,ExternalENodeBFunction=141,ExternalEUtranCellFDD=1</attr>
    <attr name="anrCreated">false</attr>
    <attr name="isHoAllowed">true</attr>
  </mo>
  <mo fdn="SubNetwork=ONRM_RootMo_R,MeContext=LTE01ERBS00140,ManagedElement=1,ENodeBFunction=1,EUtranCellFDD=LTE01ERBS00140-1,EUtranFreqRelation=1,EUtranCellRelation=27" lastModified="1287504920227" mimName="ERBS_NODE_MODEL" mimVersion="A.9.50.J.9.1">
    <attr name="isRemoveAllowed">false</attr>
    <attr name="neighborCellRef">SubNetwork=ONRM_RootMo_R,MeContext=LTE01ERBS00140,ManagedElement=1,ENodeBFunction=1,EUtraNetwork=1,ExternalENodeBFunction=141,ExternalEUtranCellFDD=2</attr>
    <attr name="anrCreated">false</attr>
    <attr name="isHoAllowed">true</attr>
  </mo>
  <mo fdn="SubNetwork=ONRM_RootMo_R,MeContext=LTE01ERBS00140,ManagedElement=1,ENodeBFunction=1,EUtranCellFDD=LTE01ERBS00140-1,EUtranFreqRelation=1,EUtranCellRelation=30" lastModified="1287504920220" mimName="ERBS_NODE_MODEL" mimVersion="A.9.50.J.9.1">
    <attr name="isRemoveAllowed">false</attr>
    <attr name="neighborCellRef">SubNetwork=ONRM_RootMo_R,MeContext=LTE01ERBS00140,ManagedElement=1,ENodeBFunction=1,EUtraNetwork=1,ExternalENodeBFunction=143,ExternalEUtranCellFDD=1</attr>
    <attr name="anrCreated">false</attr>
    <attr name="isHoAllowed">true</attr>
  </mo>
  <mo fdn="SubNetwork=ONRM_RootMo_R,MeContext=LTE01ERBS00140,ManagedElement=1,ENodeBFunction=1,EUtranCellFDD=LTE01ERBS00140-1,EUtranFreqRelation=1,EUtranCellRelation=31" lastModified="1287504920217" mimName="ERBS_NODE_MODEL" mimVersion="A.9.50.J.9.1">
    <attr name="isRemoveAllowed">false</attr>
    <attr name="neighborCellRef">SubNetwork=ONRM_RootMo_R,MeContext=LTE01ERBS00140,ManagedElement=1,ENodeBFunction=1,EUtraNetwork=1,ExternalENodeBFunction=143,ExternalEUtranCellFDD=2</attr>
    <attr name="anrCreated">false</attr>
    <attr name="isHoAllowed">true</attr>
  </mo>
  <mo fdn="SubNetwork=ONRM_RootMo_R,MeContext=LTE01ERBS00140,ManagedElement=1,ENodeBFunction=1,EUtranCellFDD=LTE01ERBS00140-1,EUtranFreqRelation=1,EUtranCellRelation=4" lastModified="1287501493179" mimName="ERBS_NODE_MODEL" mimVersion="A.9.50.J.9.1">
    <attr name="isRemoveAllowed">false</attr>
    <attr name="neighborCellRef">SubNetwork=ONRM_RootMo_R,MeContext=LTE01ERBS00140,ManagedElement=1,ENodeBFunction=1,EUtraNetwork=1,ExternalENodeBFunction=129,ExternalEUtranCellFDD=1</attr>
    <attr name="anrCreated">false</attr>
    <attr name="isHoAllowed">true</attr>
  </mo>
  <mo fdn="SubNetwork=ONRM_RootMo_R,MeContext=LTE01ERBS00140,ManagedElement=1,ENodeBFunction=1,EUtranCellFDD=LTE01ERBS00140-1,EUtranFreqRelation=1,EUtranCellRelation=5" lastModified="1287501493181" mimName="ERBS_NODE_MODEL" mimVersion="A.9.50.J.9.1">
    <attr name="isRemoveAllowed">false</attr>
    <attr name="neighborCellRef">SubNetwork=ONRM_RootMo_R,MeContext=LTE01ERBS00140,ManagedElement=1,ENodeBFunction=1,EUtraNetwork=1,ExternalENodeBFunction=129,ExternalEUtranCellFDD=2</attr>
    <attr name="anrCreated">false</attr>
    <attr name="isHoAllowed">true</attr>
  </mo>
  <mo fdn="SubNetwork=ONRM_RootMo_R,MeContext=LTE01ERBS00140,ManagedElement=1,ENodeBFunction=1,EUtranCellFDD=LTE01ERBS00140-1,EUtranFreqRelation=1,EUtranCellRelation=8" lastModified="1287501493171" mimName="ERBS_NODE_MODEL" mimVersion="A.9.50.J.9.1">
    <attr name="isRemoveAllowed">false</attr>
    <attr name="neighborCellRef">SubNetwork=ONRM_RootMo_R,MeContext=LTE01ERBS00140,ManagedElement=1,ENodeBFunction=1,EUtraNetwork=1,ExternalENodeBFunction=131,ExternalEUtranCellFDD=1</attr>
    <attr name="anrCreated">false</attr>
    <attr name="isHoAllowed">true</attr>
  </mo>
  <mo fdn="SubNetwork=ONRM_RootMo_R,MeContext=LTE01ERBS00140,ManagedElement=1,ENodeBFunction=1,EUtranCellFDD=LTE01ERBS00140-1,EUtranFreqRelation=1,EUtranCellRelation=9" lastModified="1287501493175" mimName="ERBS_NODE_MODEL" mimVersion="A.9.50.J.9.1">
    <attr name="isRemoveAllowed">false</attr>
    <attr name="neighborCellRef">SubNetwork=ONRM_RootMo_R,MeContext=LTE01ERBS00140,ManagedElement=1,ENodeBFunction=1,EUtraNetwork=1,ExternalENodeBFunction=131,ExternalEUtranCellFDD=2</attr>
    <attr name="anrCreated">false</attr>
    <attr name="isHoAllowed">true</attr>
  </mo>
  <mo fdn="SubNetwork=ONRM_RootMo_R,MeContext=LTE01ERBS00140,ManagedElement=1,ENodeBFunction=1,EUtranCellFDD=LTE01ERBS00140-1,EUtranFreqRelation=2,EUtranCellRelation=1" lastModified="1287501254176" mimName="ERBS_NODE_MODEL" mimVersion="A.9.50.J.9.1">
    <attr name="isRemoveAllowed">false</attr>
    <attr name="neighborCellRef">SubNetwork=ONRM_RootMo_R,MeContext=LTE01ERBS00140,ManagedElement=1,ENodeBFunction=1,EUtranCellFDD=LTE01ERBS00140-2</attr>
    <attr name="anrCreated">false</attr>
    <attr name="isHoAllowed">true</attr>
  </mo>
  <mo fdn="SubNetwork=ONRM_RootMo_R,MeContext=LTE01ERBS00140,ManagedElement=1,ENodeBFunction=1,EUtranCellFDD=LTE01ERBS00140-1,EUtranFreqRelation=2,EUtranCellRelation=10" lastModified="1287501493151" mimName="ERBS_NODE_MODEL" mimVersion="A.9.50.J.9.1">
    <attr name="isRemoveAllowed">false</attr>
    <attr name="neighborCellRef">SubNetwork=ONRM_RootMo_R,MeContext=LTE01ERBS00140,ManagedElement=1,ENodeBFunction=1,EUtraNetwork=1,ExternalENodeBFunction=132,ExternalEUtranCellFDD=1</attr>
    <attr name="anrCreated">false</attr>
    <attr name="isHoAllowed">true</attr>
  </mo>
  <mo fdn="SubNetwork=ONRM_RootMo_R,MeContext=LTE01ERBS00140,ManagedElement=1,ENodeBFunction=1,EUtranCellFDD=LTE01ERBS00140-1,EUtranFreqRelation=2,EUtranCellRelation=11" lastModified="1287501493148" mimName="ERBS_NODE_MODEL" mimVersion="A.9.50.J.9.1">
    <attr name="isRemoveAllowed">false</attr>
    <attr name="neighborCellRef">SubNetwork=ONRM_RootMo_R,MeContext=LTE01ERBS00140,ManagedElement=1,ENodeBFunction=1,EUtraNetwork=1,ExternalENodeBFunction=132,ExternalEUtranCellFDD=2</attr>
    <attr name="anrCreated">false</attr>
    <attr name="isHoAllowed">true</attr>
  </mo>
  <mo fdn="SubNetwork=ONRM_RootMo_R,MeContext=LTE01ERBS00140,ManagedElement=1,ENodeBFunction=1,EUtranCellFDD=LTE01ERBS00140-1,EUtranFreqRelation=2,EUtranCellRelation=14" lastModified="1287504920200" mimName="ERBS_NODE_MODEL" mimVersion="A.9.50.J.9.1">
    <attr name="isRemoveAllowed">false</attr>
    <attr name="neighborCellRef">SubNetwork=ONRM_RootMo_R,MeContext=LTE01ERBS00140,ManagedElement=1,ENodeBFunction=1,EUtraNetwork=1,ExternalENodeBFunction=134,ExternalEUtranCellFDD=1</attr>
    <attr name="anrCreated">false</attr>
    <attr name="isHoAllowed">true</attr>
  </mo>
  <mo fdn="SubNetwork=ONRM_RootMo_R,MeContext=LTE01ERBS00140,ManagedElement=1,ENodeBFunction=1,EUtranCellFDD=LTE01ERBS00140-1,EUtranFreqRelation=2,EUtranCellRelation=15" lastModified="1287504920213" mimName="ERBS_NODE_MODEL" mimVersion="A.9.50.J.9.1">
    <attr name="isRemoveAllowed">false</attr>
    <attr name="neighborCellRef">SubNetwork=ONRM_RootMo_R,MeContext=LTE01ERBS00140,ManagedElement=1,ENodeBFunction=1,EUtraNetwork=1,ExternalENodeBFunction=134,ExternalEUtranCellFDD=2</attr>
    <attr name="anrCreated">false</attr>
    <attr name="isHoAllowed">true</attr>
  </mo>
  <mo fdn="SubNetwork=ONRM_RootMo_R,MeContext=LTE01ERBS00140,ManagedElement=1,ENodeBFunction=1,EUtranCellFDD=LTE01ERBS00140-1,EUtranFreqRelation=2,EUtranCellRelation=18" lastModified="1287504920209" mimName="ERBS_NODE_MODEL" mimVersion="A.9.50.J.9.1">
    <attr name="isRemoveAllowed">false</attr>
    <attr name="neighborCellRef">SubNetwork=ONRM_RootMo_R,MeContext=LTE01ERBS00140,ManagedElement=1,ENodeBFunction=1,EUtraNetwork=1,ExternalENodeBFunction=136,ExternalEUtranCellFDD=1</attr>
    <attr name="anrCreated">false</attr>
    <attr name="isHoAllowed">true</attr>
  </mo>
  <mo fdn="SubNetwork=ONRM_RootMo_R,MeContext=LTE01ERBS00140,ManagedElement=1,ENodeBFunction=1,EUtranCellFDD=LTE01ERBS00140-1,EUtranFreqRelation=2,EUtranCellRelation=19" lastModified="1287504920208" mimName="ERBS_NODE_MODEL" mimVersion="A.9.50.J.9.1">
    <attr name="isRemoveAllowed">false</attr>
    <attr name="neighborCellRef">SubNetwork=ONRM_RootMo_R,MeContext=LTE01ERBS00140,ManagedElement=1,ENodeBFunction=1,EUtraNetwork=1,ExternalENodeBFunction=136,ExternalEUtranCellFDD=2</attr>
    <attr name="anrCreated">false</attr>
    <attr name="isHoAllowed">true</attr>
  </mo>
  <mo fdn="SubNetwork=ONRM_RootMo_R,MeContext=LTE01ERBS00140,ManagedElement=1,ENodeBFunction=1,EUtranCellFDD=LTE01ERBS00140-1,EUtranFreqRelation=2,EUtranCellRelation=2" lastModified="1287501254140" mimName="ERBS_NODE_MODEL" mimVersion="A.9.50.J.9.1">
    <attr name="isRemoveAllowed">false</attr>
    <attr name="neighborCellRef">SubNetwork=ONRM_RootMo_R,MeContext=LTE01ERBS00140,ManagedElement=1,ENodeBFunction=1,EUtranCellFDD=LTE01ERBS00140-3</attr>
    <attr name="anrCreated">false</attr>
    <attr name="isHoAllowed">true</attr>
  </mo>
  <mo fdn="SubNetwork=ONRM_RootMo_R,MeContext=LTE01ERBS00140,ManagedElement=1,ENodeBFunction=1,EUtranCellFDD=LTE01ERBS00140-1,EUtranFreqRelation=2,EUtranCellRelation=22" lastModified="1287504920204" mimName="ERBS_NODE_MODEL" mimVersion="A.9.50.J.9.1">
    <attr name="isRemoveAllowed">false</attr>
    <attr name="neighborCellRef">SubNetwork=ONRM_RootMo_R,MeContext=LTE01ERBS00140,ManagedElement=1,ENodeBFunction=1,EUtraNetwork=1,ExternalENodeBFunction=138,ExternalEUtranCellFDD=1</attr>
    <attr name="anrCreated">false</attr>
    <attr name="isHoAllowed">true</attr>
  </mo>
  <mo fdn="SubNetwork=ONRM_RootMo_R,MeContext=LTE01ERBS00140,ManagedElement=1,ENodeBFunction=1,EUtranCellFDD=LTE01ERBS00140-1,EUtranFreqRelation=2,EUtranCellRelation=23" lastModified="1287504920184" mimName="ERBS_NODE_MODEL" mimVersion="A.9.50.J.9.1">
    <attr name="isRemoveAllowed">false</attr>
    <attr name="neighborCellRef">SubNetwork=ONRM_RootMo_R,MeContext=LTE01ERBS00140,ManagedElement=1,ENodeBFunction=1,EUtraNetwork=1,ExternalENodeBFunction=138,ExternalEUtranCellFDD=2</attr>
    <attr name="anrCreated">false</attr>
    <attr name="isHoAllowed">true</attr>
  </mo>
  <mo fdn="SubNetwork=ONRM_RootMo_R,MeContext=LTE01ERBS00140,ManagedElement=1,ENodeBFunction=1,EUtranCellFDD=LTE01ERBS00140-1,EUtranFreqRelation=2,EUtranCellRelation=28" lastModified="1287504920212" mimName="ERBS_NODE_MODEL" mimVersion="A.9.50.J.9.1">
    <attr name="isRemoveAllowed">false</attr>
    <attr name="neighborCellRef">SubNetwork=ONRM_RootMo_R,MeContext=LTE01ERBS00140,ManagedElement=1,ENodeBFunction=1,EUtraNetwork=1,ExternalENodeBFunction=142,ExternalEUtranCellFDD=1</attr>
    <attr name="anrCreated">false</attr>
    <attr name="isHoAllowed">true</attr>
  </mo>
  <mo fdn="SubNetwork=ONRM_RootMo_R,MeContext=LTE01ERBS00140,ManagedElement=1,ENodeBFunction=1,EUtranCellFDD=LTE01ERBS00140-1,EUtranFreqRelation=2,EUtranCellRelation=29" lastModified="1287504920210" mimName="ERBS_NODE_MODEL" mimVersion="A.9.50.J.9.1">
    <attr name="isRemoveAllowed">false</attr>
    <attr name="neighborCellRef">SubNetwork=ONRM_RootMo_R,MeContext=LTE01ERBS00140,ManagedElement=1,ENodeBFunction=1,EUtraNetwork=1,ExternalENodeBFunction=142,ExternalEUtranCellFDD=2</attr>
    <attr name="anrCreated">false</attr>
    <attr name="isHoAllowed">true</attr>
  </mo>
  <mo fdn="SubNetwork=ONRM_RootMo_R,MeContext=LTE01ERBS00140,ManagedElement=1,ENodeBFunction=1,EUtranCellFDD=LTE01ERBS00140-1,EUtranFreqRelation=2,EUtranCellRelation=3" lastModified="1287501254123" mimName="ERBS_NODE_MODEL" mimVersion="A.9.50.J.9.1">
    <attr name="isRemoveAllowed">false</attr>
    <attr name="neighborCellRef">SubNetwork=ONRM_RootMo_R,MeContext=LTE01ERBS00140,ManagedElement=1,ENodeBFunction=1,EUtranCellFDD=LTE01ERBS00140-4</attr>
    <attr name="anrCreated">false</attr>
    <attr name="isHoAllowed">true</attr>
  </mo>
  <mo fdn="SubNetwork=ONRM_RootMo_R,MeContext=LTE01ERBS00140,ManagedElement=1,ENodeBFunction=1,EUtranCellFDD=LTE01ERBS00140-1,EUtranFreqRelation=2,EUtranCellRelation=32" lastModified="1287504920202" mimName="ERBS_NODE_MODEL" mimVersion="A.9.50.J.9.1">
    <attr name="isRemoveAllowed">false</attr>
    <attr name="neighborCellRef">SubNetwork=ONRM_RootMo_R,MeContext=LTE01ERBS00140,ManagedElement=1,ENodeBFunction=1,EUtraNetwork=1,ExternalENodeBFunction=144,ExternalEUtranCellFDD=1</attr>
    <attr name="anrCreated">false</attr>
    <attr name="isHoAllowed">true</attr>
  </mo>
  <mo fdn="SubNetwork=ONRM_RootMo_R,MeContext=LTE01ERBS00140,ManagedElement=1,ENodeBFunction=1,EUtranCellFDD=LTE01ERBS00140-1,EUtranFreqRelation=2,EUtranCellRelation=33" lastModified="1287504920206" mimName="ERBS_NODE_MODEL" mimVersion="A.9.50.J.9.1">
    <attr name="isRemoveAllowed">false</attr>
    <attr name="neighborCellRef">SubNetwork=ONRM_RootMo_R,MeContext=LTE01ERBS00140,ManagedElement=1,ENodeBFunction=1,EUtraNetwork=1,ExternalENodeBFunction=144,ExternalEUtranCellFDD=2</attr>
    <attr name="anrCreated">false</attr>
    <attr name="isHoAllowed">true</attr>
  </mo>
  <mo fdn="SubNetwork=ONRM_RootMo_R,MeContext=LTE01ERBS00140,ManagedElement=1,ENodeBFunction=1,EUtranCellFDD=LTE01ERBS00140-1,EUtranFreqRelation=2,EUtranCellRelation=6" lastModified="1287501493155" mimName="ERBS_NODE_MODEL" mimVersion="A.9.50.J.9.1">
    <attr name="isRemoveAllowed">false</attr>
    <attr name="neighborCellRef">SubNetwork=ONRM_RootMo_R,MeContext=LTE01ERBS00140,ManagedElement=1,ENodeBFunction=1,EUtraNetwork=1,ExternalENodeBFunction=130,ExternalEUtranCellFDD=1</attr>
    <attr name="anrCreated">false</attr>
    <attr name="isHoAllowed">true</attr>
  </mo>
  <mo fdn="SubNetwork=ONRM_RootMo_R,MeContext=LTE01ERBS00140,ManagedElement=1,ENodeBFunction=1,EUtranCellFDD=LTE01ERBS00140-1,EUtranFreqRelation=2,EUtranCellRelation=7" lastModified="1287501493157" mimName="ERBS_NODE_MODEL" mimVersion="A.9.50.J.9.1">
    <attr name="isRemoveAllowed">false</attr>
    <attr name="neighborCellRef">SubNetwork=ONRM_RootMo_R,MeContext=LTE01ERBS00140,ManagedElement=1,ENodeBFunction=1,EUtraNetwork=1,ExternalENodeBFunction=130,ExternalEUtranCellFDD=2</attr>
    <attr name="anrCreated">false</attr>
    <attr name="isHoAllowed">true</attr>
  </mo>
  <mo fdn="SubNetwork=ONRM_RootMo_R,MeContext=LTE01ERBS00140,ManagedElement=1,ENodeBFunction=1,EUtranCellFDD=LTE01ERBS00140-2" lastModified="1287512097646" mimName="ERBS_NODE_MODEL" mimVersion="A.9.50.J.9.1">
    <attr name="EUtranCellFDDId">LTE01ERBS00140-2</attr>
    <attr name="earfcnul">18000</attr>
    <attr name="cellId">2</attr>
    <attr name="tac">48650</attr>
    <attr name="bPlmnList">
      <seq count="1">
        <item>
          <struct>
            <attr name="mcc">311</attr>
            <attr name="mnc">480</attr>
            <attr name="mncLength">2</attr>
          </struct>
        </item>
      </seq>
    </attr>
    <attr name="earfcndl">0</attr>
    <attr name="userLabel">LTE01ERBS00140-2</attr>
  </mo>
  <mo fdn="SubNetwork=ONRM_RootMo_R,MeContext=LTE01ERBS00140,ManagedElement=1,ENodeBFunction=1,EUtranCellFDD=LTE01ERBS00140-2,EUtranFreqRelation=1,EUtranCellRelation=12" lastModified="1287504933381" mimName="ERBS_NODE_MODEL" mimVersion="A.9.50.J.9.1">
    <attr name="isRemoveAllowed">false</attr>
    <attr name="neighborCellRef">SubNetwork=ONRM_RootMo_R,MeContext=LTE01ERBS00140,ManagedElement=1,ENodeBFunction=1,EUtraNetwork=1,ExternalENodeBFunction=133,ExternalEUtranCellFDD=1</attr>
    <attr name="anrCreated">false</attr>
    <attr name="isHoAllowed">true</attr>
  </mo>
  <mo fdn="SubNetwork=ONRM_RootMo_R,MeContext=LTE01ERBS00140,ManagedElement=1,ENodeBFunction=1,EUtranCellFDD=LTE01ERBS00140-2,EUtranFreqRelation=1,EUtranCellRelation=13" lastModified="1287504933378" mimName="ERBS_NODE_MODEL" mimVersion="A.9.50.J.9.1">
    <attr name="isRemoveAllowed">false</attr>
    <attr name="neighborCellRef">SubNetwork=ONRM_RootMo_R,MeContext=LTE01ERBS00140,ManagedElement=1,ENodeBFunction=1,EUtraNetwork=1,ExternalENodeBFunction=133,ExternalEUtranCellFDD=2</attr>
    <attr name="anrCreated">false</attr>
    <attr name="isHoAllowed">true</attr>
  </mo>
  <mo fdn="SubNetwork=ONRM_RootMo_R,MeContext=LTE01ERBS00140,ManagedElement=1,ENodeBFunction=1,EUtranCellFDD=LTE01ERBS00140-2,EUtranFreqRelation=1,EUtranCellRelation=16" lastModified="1287504933396" mimName="ERBS_NODE_MODEL" mimVersion="A.9.50.J.9.1">
    <attr name="isRemoveAllowed">false</attr>
    <attr name="neighborCellRef">SubNetwork=ONRM_RootMo_R,MeContext=LTE01ERBS00140,ManagedElement=1,ENodeBFunction=1,EUtraNetwork=1,ExternalENodeBFunction=135,ExternalEUtranCellFDD=1</attr>
    <attr name="anrCreated">false</attr>
    <attr name="isHoAllowed">true</attr>
  </mo>
  <mo fdn="SubNetwork=ONRM_RootMo_R,MeContext=LTE01ERBS00140,ManagedElement=1,ENodeBFunction=1,EUtranCellFDD=LTE01ERBS00140-2,EUtranFreqRelation=1,EUtranCellRelation=17" lastModified="1287504933394" mimName="ERBS_NODE_MODEL" mimVersion="A.9.50.J.9.1">
    <attr name="isRemoveAllowed">false</attr>
    <attr name="neighborCellRef">SubNetwork=ONRM_RootMo_R,MeContext=LTE01ERBS00140,ManagedElement=1,ENodeBFunction=1,EUtraNetwork=1,ExternalENodeBFunction=135,ExternalEUtranCellFDD=2</attr>
    <attr name="anrCreated">false</attr>
    <attr name="isHoAllowed">true</attr>
  </mo>
  <mo fdn="SubNetwork=ONRM_RootMo_R,MeContext=LTE01ERBS00140,ManagedElement=1,ENodeBFunction=1,EUtranCellFDD=LTE01ERBS00140-2,EUtranFreqRelation=1,EUtranCellRelation=20" lastModified="1287504933390" mimName="ERBS_NODE_MODEL" mimVersion="A.9.50.J.9.1">
    <attr name="isRemoveAllowed">false</attr>
    <attr name="neighborCellRef">SubNetwork=ONRM_RootMo_R,MeContext=LTE01ERBS00140,ManagedElement=1,ENodeBFunction=1,EUtraNetwork=1,ExternalENodeBFunction=137,ExternalEUtranCellFDD=1</attr>
    <attr name="anrCreated">false</attr>
    <attr name="isHoAllowed">true</attr>
  </mo>
  <mo fdn="SubNetwork=ONRM_RootMo_R,MeContext=LTE01ERBS00140,ManagedElement=1,ENodeBFunction=1,EUtranCellFDD=LTE01ERBS00140-2,EUtranFreqRelation=1,EUtranCellRelation=21" lastModified="1287504933388" mimName="ERBS_NODE_MODEL" mimVersion="A.9.50.J.9.1">
    <attr name="isRemoveAllowed">false</attr>
    <attr name="neighborCellRef">SubNetwork=ONRM_RootMo_R,MeContext=LTE01ERBS00140,ManagedElement=1,ENodeBFunction=1,EUtraNetwork=1,ExternalENodeBFunction=137,ExternalEUtranCellFDD=2</attr>
    <attr name="anrCreated">false</attr>
    <attr name="isHoAllowed">true</attr>
  </mo>
  <mo fdn="SubNetwork=ONRM_RootMo_R,MeContext=LTE01ERBS00140,ManagedElement=1,ENodeBFunction=1,EUtranCellFDD=LTE01ERBS00140-2,EUtranFreqRelation=1,EUtranCellRelation=24" lastModified="1287504933386" mimName="ERBS_NODE_MODEL" mimVersion="A.9.50.J.9.1">
    <attr name="isRemoveAllowed">false</attr>
    <attr name="neighborCellRef">SubNetwork=ONRM_RootMo_R,MeContext=LTE01ERBS00140,ManagedElement=1,ENodeBFunction=1,EUtraNetwork=1,ExternalENodeBFunction=139,ExternalEUtranCellFDD=1</attr>
    <attr name="anrCreated">false</attr>
    <attr name="isHoAllowed">true</attr>
  </mo>
  <mo fdn="SubNetwork=ONRM_RootMo_R,MeContext=LTE01ERBS00140,ManagedElement=1,ENodeBFunction=1,EUtranCellFDD=LTE01ERBS00140-2,EUtranFreqRelation=1,EUtranCellRelation=25" lastModified="1287504933383" mimName="ERBS_NODE_MODEL" mimVersion="A.9.50.J.9.1">
    <attr name="isRemoveAllowed">false</attr>
    <attr name="neighborCellRef">SubNetwork=ONRM_RootMo_R,MeContext=LTE01ERBS00140,ManagedElement=1,ENodeBFunction=1,EUtraNetwork=1,ExternalENodeBFunction=139,ExternalEUtranCellFDD=2</attr>
    <attr name="anrCreated">false</attr>
    <attr name="isHoAllowed">true</attr>
  </mo>
  <mo fdn="SubNetwork=ONRM_RootMo_R,MeContext=LTE01ERBS00140,ManagedElement=1,ENodeBFunction=1,EUtranCellFDD=LTE01ERBS00140-2,EUtranFreqRelation=1,EUtranCellRelation=26" lastModified="1287504933395" mimName="ERBS_NODE_MODEL" mimVersion="A.9.50.J.9.1">
    <attr name="isRemoveAllowed">false</attr>
    <attr name="neighborCellRef">SubNetwork=ONRM_RootMo_R,MeContext=LTE01ERBS00140,ManagedElement=1,ENodeBFunction=1,EUtraNetwork=1,ExternalENodeBFunction=141,ExternalEUtranCellFDD=1</attr>
    <attr name="anrCreated">false</attr>
    <attr name="isHoAllowed">true</attr>
  </mo>
  <mo fdn="SubNetwork=ONRM_RootMo_R,MeContext=LTE01ERBS00140,ManagedElement=1,ENodeBFunction=1,EUtranCellFDD=LTE01ERBS00140-2,EUtranFreqRelation=1,EUtranCellRelation=27" lastModified="1287504933392" mimName="ERBS_NODE_MODEL" mimVersion="A.9.50.J.9.1">
    <attr name="isRemoveAllowed">false</attr>
    <attr name="neighborCellRef">SubNetwork=ONRM_RootMo_R,MeContext=LTE01ERBS00140,ManagedElement=1,ENodeBFunction=1,EUtraNetwork=1,ExternalENodeBFunction=141,ExternalEUtranCellFDD=2</attr>
    <attr name="anrCreated">false</attr>
    <attr name="isHoAllowed">true</attr>
  </mo>
  <mo fdn="SubNetwork=ONRM_RootMo_R,MeContext=LTE01ERBS00140,ManagedElement=1,ENodeBFunction=1,EUtranCellFDD=LTE01ERBS00140-2,EUtranFreqRelation=1,EUtranCellRelation=30" lastModified="1287504933385" mimName="ERBS_NODE_MODEL" mimVersion="A.9.50.J.9.1">
    <attr name="isRemoveAllowed">false</attr>
    <attr name="neighborCellRef">SubNetwork=ONRM_RootMo_R,MeContext=LTE01ERBS00140,ManagedElement=1,ENodeBFunction=1,EUtraNetwork=1,ExternalENodeBFunction=143,ExternalEUtranCellFDD=1</attr>
    <attr name="anrCreated">false</attr>
    <attr name="isHoAllowed">true</attr>
  </mo>
  <mo fdn="SubNetwork=ONRM_RootMo_R,MeContext=LTE01ERBS00140,ManagedElement=1,ENodeBFunction=1,EUtranCellFDD=LTE01ERBS00140-2,EUtranFreqRelation=1,EUtranCellRelation=31" lastModified="1287504933380" mimName="ERBS_NODE_MODEL" mimVersion="A.9.50.J.9.1">
    <attr name="isRemoveAllowed">false</attr>
    <attr name="neighborCellRef">SubNetwork=ONRM_RootMo_R,MeContext=LTE01ERBS00140,ManagedElement=1,ENodeBFunction=1,EUtraNetwork=1,ExternalENodeBFunction=143,ExternalEUtranCellFDD=2</attr>
    <attr name="anrCreated">false</attr>
    <attr name="isHoAllowed">true</attr>
  </mo>
  <mo fdn="SubNetwork=ONRM_RootMo_R,MeContext=LTE01ERBS00140,ManagedElement=1,ENodeBFunction=1,EUtranCellFDD=LTE01ERBS00140-2,EUtranFreqRelation=1,EUtranCellRelation=4" lastModified="1287501491900" mimName="ERBS_NODE_MODEL" mimVersion="A.9.50.J.9.1">
    <attr name="isRemoveAllowed">false</attr>
    <attr name="neighborCellRef">SubNetwork=ONRM_RootMo_R,MeContext=LTE01ERBS00140,ManagedElement=1,ENodeBFunction=1,EUtraNetwork=1,ExternalENodeBFunction=129,ExternalEUtranCellFDD=1</attr>
    <attr name="anrCreated">false</attr>
    <attr name="isHoAllowed">true</attr>
  </mo>
  <mo fdn="SubNetwork=ONRM_RootMo_R,MeContext=LTE01ERBS00140,ManagedElement=1,ENodeBFunction=1,EUtranCellFDD=LTE01ERBS00140-2,EUtranFreqRelation=1,EUtranCellRelation=5" lastModified="1287501491902" mimName="ERBS_NODE_MODEL" mimVersion="A.9.50.J.9.1">
    <attr name="isRemoveAllowed">false</attr>
    <attr name="neighborCellRef">SubNetwork=ONRM_RootMo_R,MeContext=LTE01ERBS00140,ManagedElement=1,ENodeBFunction=1,EUtraNetwork=1,ExternalENodeBFunction=129,ExternalEUtranCellFDD=2</attr>
    <attr name="anrCreated">false</attr>
    <attr name="isHoAllowed">true</attr>
  </mo>
  <mo fdn="SubNetwork=ONRM_RootMo_R,MeContext=LTE01ERBS00140,ManagedElement=1,ENodeBFunction=1,EUtranCellFDD=LTE01ERBS00140-2,EUtranFreqRelation=1,EUtranCellRelation=8" lastModified="1287501491896" mimName="ERBS_NODE_MODEL" mimVersion="A.9.50.J.9.1">
    <attr name="isRemoveAllowed">false</attr>
    <attr name="neighborCellRef">SubNetwork=ONRM_RootMo_R,MeContext=LTE01ERBS00140,ManagedElement=1,ENodeBFunction=1,EUtraNetwork=1,ExternalENodeBFunction=131,ExternalEUtranCellFDD=1</attr>
    <attr name="anrCreated">false</attr>
    <attr name="isHoAllowed">true</attr>
  </mo>
  <mo fdn="SubNetwork=ONRM_RootMo_R,MeContext=LTE01ERBS00140,ManagedElement=1,ENodeBFunction=1,EUtranCellFDD=LTE01ERBS00140-2,EUtranFreqRelation=1,EUtranCellRelation=9" lastModified="1287501491898" mimName="ERBS_NODE_MODEL" mimVersion="A.9.50.J.9.1">
    <attr name="isRemoveAllowed">false</attr>
    <attr name="neighborCellRef">SubNetwork=ONRM_RootMo_R,MeContext=LTE01ERBS00140,ManagedElement=1,ENodeBFunction=1,EUtraNetwork=1,ExternalENodeBFunction=131,ExternalEUtranCellFDD=2</attr>
    <attr name="anrCreated">false</attr>
    <attr name="isHoAllowed">true</attr>
  </mo>
  <mo fdn="SubNetwork=ONRM_RootMo_R,MeContext=LTE01ERBS00140,ManagedElement=1,ENodeBFunction=1,EUtranCellFDD=LTE01ERBS00140-2,EUtranFreqRelation=2,EUtranCellRelation=1" lastModified="1287501253871" mimName="ERBS_NODE_MODEL" mimVersion="A.9.50.J.9.1">
    <attr name="isRemoveAllowed">false</attr>
    <attr name="neighborCellRef">SubNetwork=ONRM_RootMo_R,MeContext=LTE01ERBS00140,ManagedElement=1,ENodeBFunction=1,EUtranCellFDD=LTE01ERBS00140-1</attr>
    <attr name="anrCreated">false</attr>
    <attr name="isHoAllowed">true</attr>
  </mo>
  <mo fdn="SubNetwork=ONRM_RootMo_R,MeContext=LTE01ERBS00140,ManagedElement=1,ENodeBFunction=1,EUtranCellFDD=LTE01ERBS00140-2,EUtranFreqRelation=2,EUtranCellRelation=10" lastModified="1287501491881" mimName="ERBS_NODE_MODEL" mimVersion="A.9.50.J.9.1">
    <attr name="isRemoveAllowed">false</attr>
    <attr name="neighborCellRef">SubNetwork=ONRM_RootMo_R,MeContext=LTE01ERBS00140,ManagedElement=1,ENodeBFunction=1,EUtraNetwork=1,ExternalENodeBFunction=132,ExternalEUtranCellFDD=1</attr>
    <attr name="anrCreated">false</attr>
    <attr name="isHoAllowed">true</attr>
  </mo>
  <mo fdn="SubNetwork=ONRM_RootMo_R,MeContext=LTE01ERBS00140,ManagedElement=1,ENodeBFunction=1,EUtranCellFDD=LTE01ERBS00140-2,EUtranFreqRelation=2,EUtranCellRelation=11" lastModified="1287501491878" mimName="ERBS_NODE_MODEL" mimVersion="A.9.50.J.9.1">
    <attr name="isRemoveAllowed">false</attr>
    <attr name="neighborCellRef">SubNetwork=ONRM_RootMo_R,MeContext=LTE01ERBS00140,ManagedElement=1,ENodeBFunction=1,EUtraNetwork=1,ExternalENodeBFunction=132,ExternalEUtranCellFDD=2</attr>
    <attr name="anrCreated">false</attr>
    <attr name="isHoAllowed">true</attr>
  </mo>
  <mo fdn="SubNetwork=ONRM_RootMo_R,MeContext=LTE01ERBS00140,ManagedElement=1,ENodeBFunction=1,EUtranCellFDD=LTE01ERBS00140-2,EUtranFreqRelation=2,EUtranCellRelation=14" lastModified="1287504933353" mimName="ERBS_NODE_MODEL" mimVersion="A.9.50.J.9.1">
    <attr name="isRemoveAllowed">false</attr>
    <attr name="neighborCellRef">SubNetwork=ONRM_RootMo_R,MeContext=LTE01ERBS00140,ManagedElement=1,ENodeBFunction=1,EUtraNetwork=1,ExternalENodeBFunction=134,ExternalEUtranCellFDD=1</attr>
    <attr name="anrCreated">false</attr>
    <attr name="isHoAllowed">true</attr>
  </mo>
  <mo fdn="SubNetwork=ONRM_RootMo_R,MeContext=LTE01ERBS00140,ManagedElement=1,ENodeBFunction=1,EUtranCellFDD=LTE01ERBS00140-2,EUtranFreqRelation=2,EUtranCellRelation=15" lastModified="1287504933374" mimName="ERBS_NODE_MODEL" mimVersion="A.9.50.J.9.1">
    <attr name="isRemoveAllowed">false</attr>
    <attr name="neighborCellRef">SubNetwork=ONRM_RootMo_R,MeContext=LTE01ERBS00140,ManagedElement=1,ENodeBFunction=1,EUtraNetwork=1,ExternalENodeBFunction=134,ExternalEUtranCellFDD=2</attr>
    <attr name="anrCreated">false</attr>
    <attr name="isHoAllowed">true</attr>
  </mo>
  <mo fdn="SubNetwork=ONRM_RootMo_R,MeContext=LTE01ERBS00140,ManagedElement=1,ENodeBFunction=1,EUtranCellFDD=LTE01ERBS00140-2,EUtranFreqRelation=2,EUtranCellRelation=18" lastModified="1287504933370" mimName="ERBS_NODE_MODEL" mimVersion="A.9.50.J.9.1">
    <attr name="isRemoveAllowed">false</attr>
    <attr name="neighborCellRef">SubNetwork=ONRM_RootMo_R,MeContext=LTE01ERBS00140,ManagedElement=1,ENodeBFunction=1,EUtraNetwork=1,ExternalENodeBFunction=136,ExternalEUtranCellFDD=1</attr>
    <attr name="anrCreated">false</attr>
    <attr name="isHoAllowed">true</attr>
  </mo>
  <mo fdn="SubNetwork=ONRM_RootMo_R,MeContext=LTE01ERBS00140,ManagedElement=1,ENodeBFunction=1,EUtranCellFDD=LTE01ERBS00140-2,EUtranFreqRelation=2,EUtranCellRelation=19" lastModified="1287504933367" mimName="ERBS_NODE_MODEL" mimVersion="A.9.50.J.9.1">
    <attr name="isRemoveAllowed">false</attr>
    <attr name="neighborCellRef">SubNetwork=ONRM_RootMo_R,MeContext=LTE01ERBS00140,ManagedElement=1,ENodeBFunction=1,EUtraNetwork=1,ExternalENodeBFunction=136,ExternalEUtranCellFDD=2</attr>
    <attr name="anrCreated">false</attr>
    <attr name="isHoAllowed">true</attr>
  </mo>
  <mo fdn="SubNetwork=ONRM_RootMo_R,MeContext=LTE01ERBS00140,ManagedElement=1,ENodeBFunction=1,EUtranCellFDD=LTE01ERBS00140-2,EUtranFreqRelation=2,EUtranCellRelation=2" lastModified="1287501253866" mimName="ERBS_NODE_MODEL" mimVersion="A.9.50.J.9.1">
    <attr name="isRemoveAllowed">false</attr>
    <attr name="neighborCellRef">SubNetwork=ONRM_RootMo_R,MeContext=LTE01ERBS00140,ManagedElement=1,ENodeBFunction=1,EUtranCellFDD=LTE01ERBS00140-3</attr>
    <attr name="anrCreated">false</attr>
    <attr name="isHoAllowed">true</attr>
  </mo>
  <mo fdn="SubNetwork=ONRM_RootMo_R,MeContext=LTE01ERBS00140,ManagedElement=1,ENodeBFunction=1,EUtranCellFDD=LTE01ERBS00140-2,EUtranFreqRelation=2,EUtranCellRelation=22" lastModified="1287504933360" mimName="ERBS_NODE_MODEL" mimVersion="A.9.50.J.9.1">
    <attr name="isRemoveAllowed">false</attr>
    <attr name="neighborCellRef">SubNetwork=ONRM_RootMo_R,MeContext=LTE01ERBS00140,ManagedElement=1,ENodeBFunction=1,EUtraNetwork=1,ExternalENodeBFunction=138,ExternalEUtranCellFDD=1</attr>
    <attr name="anrCreated">false</attr>
    <attr name="isHoAllowed">true</attr>
  </mo>
  <mo fdn="SubNetwork=ONRM_RootMo_R,MeContext=LTE01ERBS00140,ManagedElement=1,ENodeBFunction=1,EUtranCellFDD=LTE01ERBS00140-2,EUtranFreqRelation=2,EUtranCellRelation=23" lastModified="1287504933338" mimName="ERBS_NODE_MODEL" mimVersion="A.9.50.J.9.1">
    <attr name="isRemoveAllowed">false</attr>
    <attr name="neighborCellRef">SubNetwork=ONRM_RootMo_R,MeContext=LTE01ERBS00140,ManagedElement=1,ENodeBFunction=1,EUtraNetwork=1,ExternalENodeBFunction=138,ExternalEUtranCellFDD=2</attr>
    <attr name="anrCreated">false</attr>
    <attr name="isHoAllowed">true</attr>
  </mo>
  <mo fdn="SubNetwork=ONRM_RootMo_R,MeContext=LTE01ERBS00140,ManagedElement=1,ENodeBFunction=1,EUtranCellFDD=LTE01ERBS00140-2,EUtranFreqRelation=2,EUtranCellRelation=28" lastModified="1287504933373" mimName="ERBS_NODE_MODEL" mimVersion="A.9.50.J.9.1">
    <attr name="isRemoveAllowed">false</attr>
    <attr name="neighborCellRef">SubNetwork=ONRM_RootMo_R,MeContext=LTE01ERBS00140,ManagedElement=1,ENodeBFunction=1,EUtraNetwork=1,ExternalENodeBFunction=142,ExternalEUtranCellFDD=1</attr>
    <attr name="anrCreated">false</attr>
    <attr name="isHoAllowed">true</attr>
  </mo>
  <mo fdn="SubNetwork=ONRM_RootMo_R,MeContext=LTE01ERBS00140,ManagedElement=1,ENodeBFunction=1,EUtranCellFDD=LTE01ERBS00140-2,EUtranFreqRelation=2,EUtranCellRelation=29" lastModified="1287504933371" mimName="ERBS_NODE_MODEL" mimVersion="A.9.50.J.9.1">
    <attr name="isRemoveAllowed">false</attr>
    <attr name="neighborCellRef">SubNetwork=ONRM_RootMo_R,MeContext=LTE01ERBS00140,ManagedElement=1,ENodeBFunction=1,EUtraNetwork=1,ExternalENodeBFunction=142,ExternalEUtranCellFDD=2</attr>
    <attr name="anrCreated">false</attr>
    <attr name="isHoAllowed">true</attr>
  </mo>
  <mo fdn="SubNetwork=ONRM_RootMo_R,MeContext=LTE01ERBS00140,ManagedElement=1,ENodeBFunction=1,EUtranCellFDD=LTE01ERBS00140-2,EUtranFreqRelation=2,EUtranCellRelation=3" lastModified="1287501253854" mimName="ERBS_NODE_MODEL" mimVersion="A.9.50.J.9.1">
    <attr name="isRemoveAllowed">false</attr>
    <attr name="neighborCellRef">SubNetwork=ONRM_RootMo_R,MeContext=LTE01ERBS00140,ManagedElement=1,ENodeBFunction=1,EUtranCellFDD=LTE01ERBS00140-4</attr>
    <attr name="anrCreated">false</attr>
    <attr name="isHoAllowed">true</attr>
  </mo>
  <mo fdn="SubNetwork=ONRM_RootMo_R,MeContext=LTE01ERBS00140,ManagedElement=1,ENodeBFunction=1,EUtranCellFDD=LTE01ERBS00140-2,EUtranFreqRelation=2,EUtranCellRelation=32" lastModified="1287504933357" mimName="ERBS_NODE_MODEL" mimVersion="A.9.50.J.9.1">
    <attr name="isRemoveAllowed">false</attr>
    <attr name="neighborCellRef">SubNetwork=ONRM_RootMo_R,MeContext=LTE01ERBS00140,ManagedElement=1,ENodeBFunction=1,EUtraNetwork=1,ExternalENodeBFunction=144,ExternalEUtranCellFDD=1</attr>
    <attr name="anrCreated">false</attr>
    <attr name="isHoAllowed">true</attr>
  </mo>
  <mo fdn="SubNetwork=ONRM_RootMo_R,MeContext=LTE01ERBS00140,ManagedElement=1,ENodeBFunction=1,EUtranCellFDD=LTE01ERBS00140-2,EUtranFreqRelation=2,EUtranCellRelation=33" lastModified="1287504933364" mimName="ERBS_NODE_MODEL" mimVersion="A.9.50.J.9.1">
    <attr name="isRemoveAllowed">false</attr>
    <attr name="neighborCellRef">SubNetwork=ONRM_RootMo_R,MeContext=LTE01ERBS00140,ManagedElement=1,ENodeBFunction=1,EUtraNetwork=1,ExternalENodeBFunction=144,ExternalEUtranCellFDD=2</attr>
    <attr name="anrCreated">false</attr>
    <attr name="isHoAllowed">true</attr>
  </mo>
  <mo fdn="SubNetwork=ONRM_RootMo_R,MeContext=LTE01ERBS00140,ManagedElement=1,ENodeBFunction=1,EUtranCellFDD=LTE01ERBS00140-2,EUtranFreqRelation=2,EUtranCellRelation=6" lastModified="1287501491883" mimName="ERBS_NODE_MODEL" mimVersion="A.9.50.J.9.1">
    <attr name="isRemoveAllowed">false</attr>
    <attr name="neighborCellRef">SubNetwork=ONRM_RootMo_R,MeContext=LTE01ERBS00140,ManagedElement=1,ENodeBFunction=1,EUtraNetwork=1,ExternalENodeBFunction=130,ExternalEUtranCellFDD=1</attr>
    <attr name="anrCreated">false</attr>
    <attr name="isHoAllowed">true</attr>
  </mo>
  <mo fdn="SubNetwork=ONRM_RootMo_R,MeContext=LTE01ERBS00140,ManagedElement=1,ENodeBFunction=1,EUtranCellFDD=LTE01ERBS00140-2,EUtranFreqRelation=2,EUtranCellRelation=7" lastModified="1287501491887" mimName="ERBS_NODE_MODEL" mimVersion="A.9.50.J.9.1">
    <attr name="isRemoveAllowed">false</attr>
    <attr name="neighborCellRef">SubNetwork=ONRM_RootMo_R,MeContext=LTE01ERBS00140,ManagedElement=1,ENodeBFunction=1,EUtraNetwork=1,ExternalENodeBFunction=130,ExternalEUtranCellFDD=2</attr>
    <attr name="anrCreated">false</attr>
    <attr name="isHoAllowed">true</attr>
  </mo>
  <mo fdn="SubNetwork=ONRM_RootMo_R,MeContext=LTE01ERBS00140,ManagedElement=1,ENodeBFunction=1,EUtranCellFDD=LTE01ERBS00140-3" lastModified="1287512098242" mimName="ERBS_NODE_MODEL" mimVersion="A.9.50.J.9.1">
    <attr name="EUtranCellFDDId">LTE01ERBS00140-3</attr>
    <attr name="earfcnul">18000</attr>
    <attr name="cellId">3</attr>
    <attr name="tac">48650</attr>
    <attr name="bPlmnList">
      <seq count="1">
        <item>
          <struct>
            <attr name="mcc">311</attr>
            <attr name="mnc">480</attr>
            <attr name="mncLength">2</attr>
          </struct>
        </item>
      </seq>
    </attr>
    <attr name="earfcndl">0</attr>
    <attr name="userLabel">LTE01ERBS00140-3</attr>
  </mo>
  <mo fdn="SubNetwork=ONRM_RootMo_R,MeContext=LTE01ERBS00140,ManagedElement=1,ENodeBFunction=1,EUtranCellFDD=LTE01ERBS00140-3,EUtranFreqRelation=1,EUtranCellRelation=12" lastModified="1287504934449" mimName="ERBS_NODE_MODEL" mimVersion="A.9.50.J.9.1">
    <attr name="isRemoveAllowed">false</attr>
    <attr name="neighborCellRef">SubNetwork=ONRM_RootMo_R,MeContext=LTE01ERBS00140,ManagedElement=1,ENodeBFunction=1,EUtraNetwork=1,ExternalENodeBFunction=133,ExternalEUtranCellFDD=3</attr>
    <attr name="anrCreated">false</attr>
    <attr name="isHoAllowed">true</attr>
  </mo>
  <mo fdn="SubNetwork=ONRM_RootMo_R,MeContext=LTE01ERBS00140,ManagedElement=1,ENodeBFunction=1,EUtranCellFDD=LTE01ERBS00140-3,EUtranFreqRelation=1,EUtranCellRelation=13" lastModified="1287504934447" mimName="ERBS_NODE_MODEL" mimVersion="A.9.50.J.9.1">
    <attr name="isRemoveAllowed">false</attr>
    <attr name="neighborCellRef">SubNetwork=ONRM_RootMo_R,MeContext=LTE01ERBS00140,ManagedElement=1,ENodeBFunction=1,EUtraNetwork=1,ExternalENodeBFunction=133,ExternalEUtranCellFDD=4</attr>
    <attr name="anrCreated">false</attr>
    <attr name="isHoAllowed">true</attr>
  </mo>
  <mo fdn="SubNetwork=ONRM_RootMo_R,MeContext=LTE01ERBS00140,ManagedElement=1,ENodeBFunction=1,EUtranCellFDD=LTE01ERBS00140-3,EUtranFreqRelation=1,EUtranCellRelation=16" lastModified="1287504934460" mimName="ERBS_NODE_MODEL" mimVersion="A.9.50.J.9.1">
    <attr name="isRemoveAllowed">false</attr>
    <attr name="neighborCellRef">SubNetwork=ONRM_RootMo_R,MeContext=LTE01ERBS00140,ManagedElement=1,ENodeBFunction=1,EUtraNetwork=1,ExternalENodeBFunction=135,ExternalEUtranCellFDD=3</attr>
    <attr name="anrCreated">false</attr>
    <attr name="isHoAllowed">true</attr>
  </mo>
  <mo fdn="SubNetwork=ONRM_RootMo_R,MeContext=LTE01ERBS00140,ManagedElement=1,ENodeBFunction=1,EUtranCellFDD=LTE01ERBS00140-3,EUtranFreqRelation=1,EUtranCellRelation=17" lastModified="1287504934457" mimName="ERBS_NODE_MODEL" mimVersion="A.9.50.J.9.1">
    <attr name="isRemoveAllowed">false</attr>
    <attr name="neighborCellRef">SubNetwork=ONRM_RootMo_R,MeContext=LTE01ERBS00140,ManagedElement=1,ENodeBFunction=1,EUtraNetwork=1,ExternalENodeBFunction=135,ExternalEUtranCellFDD=4</attr>
    <attr name="anrCreated">false</attr>
    <attr name="isHoAllowed">true</attr>
  </mo>
  <mo fdn="SubNetwork=ONRM_RootMo_R,MeContext=LTE01ERBS00140,ManagedElement=1,ENodeBFunction=1,EUtranCellFDD=LTE01ERBS00140-3,EUtranFreqRelation=1,EUtranCellRelation=20" lastModified="1287504934454" mimName="ERBS_NODE_MODEL" mimVersion="A.9.50.J.9.1">
    <attr name="isRemoveAllowed">false</attr>
    <attr name="neighborCellRef">SubNetwork=ONRM_RootMo_R,MeContext=LTE01ERBS00140,ManagedElement=1,ENodeBFunction=1,EUtraNetwork=1,ExternalENodeBFunction=137,ExternalEUtranCellFDD=3</attr>
    <attr name="anrCreated">false</attr>
    <attr name="isHoAllowed">true</attr>
  </mo>
  <mo fdn="SubNetwork=ONRM_RootMo_R,MeContext=LTE01ERBS00140,ManagedElement=1,ENodeBFunction=1,EUtranCellFDD=LTE01ERBS00140-3,EUtranFreqRelation=1,EUtranCellRelation=21" lastModified="1287504934453" mimName="ERBS_NODE_MODEL" mimVersion="A.9.50.J.9.1">
    <attr name="isRemoveAllowed">false</attr>
    <attr name="neighborCellRef">SubNetwork=ONRM_RootMo_R,MeContext=LTE01ERBS00140,ManagedElement=1,ENodeBFunction=1,EUtraNetwork=1,ExternalENodeBFunction=137,ExternalEUtranCellFDD=4</attr>
    <attr name="anrCreated">false</attr>
    <attr name="isHoAllowed">true</attr>
  </mo>
  <mo fdn="SubNetwork=ONRM_RootMo_R,MeContext=LTE01ERBS00140,ManagedElement=1,ENodeBFunction=1,EUtranCellFDD=LTE01ERBS00140-3,EUtranFreqRelation=1,EUtranCellRelation=24" lastModified="1287504934452" mimName="ERBS_NODE_MODEL" mimVersion="A.9.50.J.9.1">
    <attr name="isRemoveAllowed">false</attr>
    <attr name="neighborCellRef">SubNetwork=ONRM_RootMo_R,MeContext=LTE01ERBS00140,ManagedElement=1,ENodeBFunction=1,EUtraNetwork=1,ExternalENodeBFunction=139,ExternalEUtranCellFDD=3</attr>
    <attr name="anrCreated">false</attr>
    <attr name="isHoAllowed">true</attr>
  </mo>
  <mo fdn="SubNetwork=ONRM_RootMo_R,MeContext=LTE01ERBS00140,ManagedElement=1,ENodeBFunction=1,EUtranCellFDD=LTE01ERBS00140-3,EUtranFreqRelation=1,EUtranCellRelation=25" lastModified="1287504934450" mimName="ERBS_NODE_MODEL" mimVersion="A.9.50.J.9.1">
    <attr name="isRemoveAllowed">false</attr>
    <attr name="neighborCellRef">SubNetwork=ONRM_RootMo_R,MeContext=LTE01ERBS00140,ManagedElement=1,ENodeBFunction=1,EUtraNetwork=1,ExternalENodeBFunction=139,ExternalEUtranCellFDD=4</attr>
    <attr name="anrCreated">false</attr>
    <attr name="isHoAllowed">true</attr>
  </mo>
  <mo fdn="SubNetwork=ONRM_RootMo_R,MeContext=LTE01ERBS00140,ManagedElement=1,ENodeBFunction=1,EUtranCellFDD=LTE01ERBS00140-3,EUtranFreqRelation=1,EUtranCellRelation=26" lastModified="1287504934457" mimName="ERBS_NODE_MODEL" mimVersion="A.9.50.J.9.1">
    <attr name="isRemoveAllowed">false</attr>
    <attr name="neighborCellRef">SubNetwork=ONRM_RootMo_R,MeContext=LTE01ERBS00140,ManagedElement=1,ENodeBFunction=1,EUtraNetwork=1,ExternalENodeBFunction=141,ExternalEUtranCellFDD=3</attr>
    <attr name="anrCreated">false</attr>
    <attr name="isHoAllowed">true</attr>
  </mo>
  <mo fdn="SubNetwork=ONRM_RootMo_R,MeContext=LTE01ERBS00140,ManagedElement=1,ENodeBFunction=1,EUtranCellFDD=LTE01ERBS00140-3,EUtranFreqRelation=1,EUtranCellRelation=27" lastModified="1287504934456" mimName="ERBS_NODE_MODEL" mimVersion="A.9.50.J.9.1">
    <attr name="isRemoveAllowed">false</attr>
    <attr name="neighborCellRef">SubNetwork=ONRM_RootMo_R,MeContext=LTE01ERBS00140,ManagedElement=1,ENodeBFunction=1,EUtraNetwork=1,ExternalENodeBFunction=141,ExternalEUtranCellFDD=4</attr>
    <attr name="anrCreated">false</attr>
    <attr name="isHoAllowed">true</attr>
  </mo>
  <mo fdn="SubNetwork=ONRM_RootMo_R,MeContext=LTE01ERBS00140,ManagedElement=1,ENodeBFunction=1,EUtranCellFDD=LTE01ERBS00140-3,EUtranFreqRelation=1,EUtranCellRelation=30" lastModified="1287504934451" mimName="ERBS_NODE_MODEL" mimVersion="A.9.50.J.9.1">
    <attr name="isRemoveAllowed">false</attr>
    <attr name="neighborCellRef">SubNetwork=ONRM_RootMo_R,MeContext=LTE01ERBS00140,ManagedElement=1,ENodeBFunction=1,EUtraNetwork=1,ExternalENodeBFunction=143,ExternalEUtranCellFDD=3</attr>
    <attr name="anrCreated">false</attr>
    <attr name="isHoAllowed">true</attr>
  </mo>
  <mo fdn="SubNetwork=ONRM_RootMo_R,MeContext=LTE01ERBS00140,ManagedElement=1,ENodeBFunction=1,EUtranCellFDD=LTE01ERBS00140-3,EUtranFreqRelation=1,EUtranCellRelation=31" lastModified="1287504934448" mimName="ERBS_NODE_MODEL" mimVersion="A.9.50.J.9.1">
    <attr name="isRemoveAllowed">false</attr>
    <attr name="neighborCellRef">SubNetwork=ONRM_RootMo_R,MeContext=LTE01ERBS00140,ManagedElement=1,ENodeBFunction=1,EUtraNetwork=1,ExternalENodeBFunction=143,ExternalEUtranCellFDD=4</attr>
    <attr name="anrCreated">false</attr>
    <attr name="isHoAllowed">true</attr>
  </mo>
  <mo fdn="SubNetwork=ONRM_RootMo_R,MeContext=LTE01ERBS00140,ManagedElement=1,ENodeBFunction=1,EUtranCellFDD=LTE01ERBS00140-3,EUtranFreqRelation=1,EUtranCellRelation=4" lastModified="1287501490743" mimName="ERBS_NODE_MODEL" mimVersion="A.9.50.J.9.1">
    <attr name="isRemoveAllowed">false</attr>
    <attr name="neighborCellRef">SubNetwork=ONRM_RootMo_R,MeContext=LTE01ERBS00140,ManagedElement=1,ENodeBFunction=1,EUtraNetwork=1,ExternalENodeBFunction=129,ExternalEUtranCellFDD=3</attr>
    <attr name="anrCreated">false</attr>
    <attr name="isHoAllowed">true</attr>
  </mo>
  <mo fdn="SubNetwork=ONRM_RootMo_R,MeContext=LTE01ERBS00140,ManagedElement=1,ENodeBFunction=1,EUtranCellFDD=LTE01ERBS00140-3,EUtranFreqRelation=1,EUtranCellRelation=5" lastModified="1287501490746" mimName="ERBS_NODE_MODEL" mimVersion="A.9.50.J.9.1">
    <attr name="isRemoveAllowed">false</attr>
    <attr name="neighborCellRef">SubNetwork=ONRM_RootMo_R,MeContext=LTE01ERBS00140,ManagedElement=1,ENodeBFunction=1,EUtraNetwork=1,ExternalENodeBFunction=129,ExternalEUtranCellFDD=4</attr>
    <attr name="anrCreated">false</attr>
    <attr name="isHoAllowed">true</attr>
  </mo>
  <mo fdn="SubNetwork=ONRM_RootMo_R,MeContext=LTE01ERBS00140,ManagedElement=1,ENodeBFunction=1,EUtranCellFDD=LTE01ERBS00140-3,EUtranFreqRelation=1,EUtranCellRelation=8" lastModified="1287501490737" mimName="ERBS_NODE_MODEL" mimVersion="A.9.50.J.9.1">
    <attr name="isRemoveAllowed">false</attr>
    <attr name="neighborCellRef">SubNetwork=ONRM_RootMo_R,MeContext=LTE01ERBS00140,ManagedElement=1,ENodeBFunction=1,EUtraNetwork=1,ExternalENodeBFunction=131,ExternalEUtranCellFDD=3</attr>
    <attr name="anrCreated">false</attr>
    <attr name="isHoAllowed">true</attr>
  </mo>
  <mo fdn="SubNetwork=ONRM_RootMo_R,MeContext=LTE01ERBS00140,ManagedElement=1,ENodeBFunction=1,EUtranCellFDD=LTE01ERBS00140-3,EUtranFreqRelation=1,EUtranCellRelation=9" lastModified="1287501490739" mimName="ERBS_NODE_MODEL" mimVersion="A.9.50.J.9.1">
    <attr name="isRemoveAllowed">false</attr>
    <attr name="neighborCellRef">SubNetwork=ONRM_RootMo_R,MeContext=LTE01ERBS00140,ManagedElement=1,ENodeBFunction=1,EUtraNetwork=1,ExternalENodeBFunction=131,ExternalEUtranCellFDD=4</attr>
    <attr name="anrCreated">false</attr>
    <attr name="isHoAllowed">true</attr>
  </mo>
  <mo fdn="SubNetwork=ONRM_RootMo_R,MeContext=LTE01ERBS00140,ManagedElement=1,ENodeBFunction=1,EUtranCellFDD=LTE01ERBS00140-3,EUtranFreqRelation=2,EUtranCellRelation=1" lastModified="1287501252727" mimName="ERBS_NODE_MODEL" mimVersion="A.9.50.J.9.1">
    <attr name="isRemoveAllowed">false</attr>
    <attr name="neighborCellRef">SubNetwork=ONRM_RootMo_R,MeContext=LTE01ERBS00140,ManagedElement=1,ENodeBFunction=1,EUtranCellFDD=LTE01ERBS00140-1</attr>
    <attr name="anrCreated">false</attr>
    <attr name="isHoAllowed">true</attr>
  </mo>
  <mo fdn="SubNetwork=ONRM_RootMo_R,MeContext=LTE01ERBS00140,ManagedElement=1,ENodeBFunction=1,EUtranCellFDD=LTE01ERBS00140-3,EUtranFreqRelation=2,EUtranCellRelation=10" lastModified="1287501490722" mimName="ERBS_NODE_MODEL" mimVersion="A.9.50.J.9.1">
    <attr name="isRemoveAllowed">false</attr>
    <attr name="neighborCellRef">SubNetwork=ONRM_RootMo_R,MeContext=LTE01ERBS00140,ManagedElement=1,ENodeBFunction=1,EUtraNetwork=1,ExternalENodeBFunction=132,ExternalEUtranCellFDD=3</attr>
    <attr name="anrCreated">false</attr>
    <attr name="isHoAllowed">true</attr>
  </mo>
  <mo fdn="SubNetwork=ONRM_RootMo_R,MeContext=LTE01ERBS00140,ManagedElement=1,ENodeBFunction=1,EUtranCellFDD=LTE01ERBS00140-3,EUtranFreqRelation=2,EUtranCellRelation=11" lastModified="1287501490719" mimName="ERBS_NODE_MODEL" mimVersion="A.9.50.J.9.1">
    <attr name="isRemoveAllowed">false</attr>
    <attr name="neighborCellRef">SubNetwork=ONRM_RootMo_R,MeContext=LTE01ERBS00140,ManagedElement=1,ENodeBFunction=1,EUtraNetwork=1,ExternalENodeBFunction=132,ExternalEUtranCellFDD=4</attr>
    <attr name="anrCreated">false</attr>
    <attr name="isHoAllowed">true</attr>
  </mo>
  <mo fdn="SubNetwork=ONRM_RootMo_R,MeContext=LTE01ERBS00140,ManagedElement=1,ENodeBFunction=1,EUtranCellFDD=LTE01ERBS00140-3,EUtranFreqRelation=2,EUtranCellRelation=14" lastModified="1287504934429" mimName="ERBS_NODE_MODEL" mimVersion="A.9.50.J.9.1">
    <attr name="isRemoveAllowed">false</attr>
    <attr name="neighborCellRef">SubNetwork=ONRM_RootMo_R,MeContext=LTE01ERBS00140,ManagedElement=1,ENodeBFunction=1,EUtraNetwork=1,ExternalENodeBFunction=134,ExternalEUtranCellFDD=3</attr>
    <attr name="anrCreated">false</attr>
    <attr name="isHoAllowed">true</attr>
  </mo>
  <mo fdn="SubNetwork=ONRM_RootMo_R,MeContext=LTE01ERBS00140,ManagedElement=1,ENodeBFunction=1,EUtranCellFDD=LTE01ERBS00140-3,EUtranFreqRelation=2,EUtranCellRelation=15" lastModified="1287504934442" mimName="ERBS_NODE_MODEL" mimVersion="A.9.50.J.9.1">
    <attr name="isRemoveAllowed">false</attr>
    <attr name="neighborCellRef">SubNetwork=ONRM_RootMo_R,MeContext=LTE01ERBS00140,ManagedElement=1,ENodeBFunction=1,EUtraNetwork=1,ExternalENodeBFunction=134,ExternalEUtranCellFDD=4</attr>
    <attr name="anrCreated">false</attr>
    <attr name="isHoAllowed">true</attr>
  </mo>
  <mo fdn="SubNetwork=ONRM_RootMo_R,MeContext=LTE01ERBS00140,ManagedElement=1,ENodeBFunction=1,EUtranCellFDD=LTE01ERBS00140-3,EUtranFreqRelation=2,EUtranCellRelation=18" lastModified="1287504934438" mimName="ERBS_NODE_MODEL" mimVersion="A.9.50.J.9.1">
    <attr name="isRemoveAllowed">false</attr>
    <attr name="neighborCellRef">SubNetwork=ONRM_RootMo_R,MeContext=LTE01ERBS00140,ManagedElement=1,ENodeBFunction=1,EUtraNetwork=1,ExternalENodeBFunction=136,ExternalEUtranCellFDD=3</attr>
    <attr name="anrCreated">false</attr>
    <attr name="isHoAllowed">true</attr>
  </mo>
  <mo fdn="SubNetwork=ONRM_RootMo_R,MeContext=LTE01ERBS00140,ManagedElement=1,ENodeBFunction=1,EUtranCellFDD=LTE01ERBS00140-3,EUtranFreqRelation=2,EUtranCellRelation=19" lastModified="1287504934436" mimName="ERBS_NODE_MODEL" mimVersion="A.9.50.J.9.1">
    <attr name="isRemoveAllowed">false</attr>
    <attr name="neighborCellRef">SubNetwork=ONRM_RootMo_R,MeContext=LTE01ERBS00140,ManagedElement=1,ENodeBFunction=1,EUtraNetwork=1,ExternalENodeBFunction=136,ExternalEUtranCellFDD=4</attr>
    <attr name="anrCreated">false</attr>
    <attr name="isHoAllowed">true</attr>
  </mo>
  <mo fdn="SubNetwork=ONRM_RootMo_R,MeContext=LTE01ERBS00140,ManagedElement=1,ENodeBFunction=1,EUtranCellFDD=LTE01ERBS00140-3,EUtranFreqRelation=2,EUtranCellRelation=2" lastModified="1287501252724" mimName="ERBS_NODE_MODEL" mimVersion="A.9.50.J.9.1">
    <attr name="isRemoveAllowed">false</attr>
    <attr name="neighborCellRef">SubNetwork=ONRM_RootMo_R,MeContext=LTE01ERBS00140,ManagedElement=1,ENodeBFunction=1,EUtranCellFDD=LTE01ERBS00140-2</attr>
    <attr name="anrCreated">false</attr>
    <attr name="isHoAllowed">true</attr>
  </mo>
  <mo fdn="SubNetwork=ONRM_RootMo_R,MeContext=LTE01ERBS00140,ManagedElement=1,ENodeBFunction=1,EUtranCellFDD=LTE01ERBS00140-3,EUtranFreqRelation=2,EUtranCellRelation=22" lastModified="1287504934433" mimName="ERBS_NODE_MODEL" mimVersion="A.9.50.J.9.1">
    <attr name="isRemoveAllowed">false</attr>
    <attr name="neighborCellRef">SubNetwork=ONRM_RootMo_R,MeContext=LTE01ERBS00140,ManagedElement=1,ENodeBFunction=1,EUtraNetwork=1,ExternalENodeBFunction=138,ExternalEUtranCellFDD=3</attr>
    <attr name="anrCreated">false</attr>
    <attr name="isHoAllowed">true</attr>
  </mo>
  <mo fdn="SubNetwork=ONRM_RootMo_R,MeContext=LTE01ERBS00140,ManagedElement=1,ENodeBFunction=1,EUtranCellFDD=LTE01ERBS00140-3,EUtranFreqRelation=2,EUtranCellRelation=23" lastModified="1287504934416" mimName="ERBS_NODE_MODEL" mimVersion="A.9.50.J.9.1">
    <attr name="isRemoveAllowed">false</attr>
    <attr name="neighborCellRef">SubNetwork=ONRM_RootMo_R,MeContext=LTE01ERBS00140,ManagedElement=1,ENodeBFunction=1,EUtraNetwork=1,ExternalENodeBFunction=138,ExternalEUtranCellFDD=4</attr>
    <attr name="anrCreated">false</attr>
    <attr name="isHoAllowed">true</attr>
  </mo>
  <mo fdn="SubNetwork=ONRM_RootMo_R,MeContext=LTE01ERBS00140,ManagedElement=1,ENodeBFunction=1,EUtranCellFDD=LTE01ERBS00140-3,EUtranFreqRelation=2,EUtranCellRelation=28" lastModified="1287504934441" mimName="ERBS_NODE_MODEL" mimVersion="A.9.50.J.9.1">
    <attr name="isRemoveAllowed">false</attr>
    <attr name="neighborCellRef">SubNetwork=ONRM_RootMo_R,MeContext=LTE01ERBS00140,ManagedElement=1,ENodeBFunction=1,EUtraNetwork=1,ExternalENodeBFunction=142,ExternalEUtranCellFDD=3</attr>
    <attr name="anrCreated">false</attr>
    <attr name="isHoAllowed">true</attr>
  </mo>
  <mo fdn="SubNetwork=ONRM_RootMo_R,MeContext=LTE01ERBS00140,ManagedElement=1,ENodeBFunction=1,EUtranCellFDD=LTE01ERBS00140-3,EUtranFreqRelation=2,EUtranCellRelation=29" lastModified="1287504934439" mimName="ERBS_NODE_MODEL" mimVersion="A.9.50.J.9.1">
    <attr name="isRemoveAllowed">false</attr>
    <attr name="neighborCellRef">SubNetwork=ONRM_RootMo_R,MeContext=LTE01ERBS00140,ManagedElement=1,ENodeBFunction=1,EUtraNetwork=1,ExternalENodeBFunction=142,ExternalEUtranCellFDD=4</attr>
    <attr name="anrCreated">false</attr>
    <attr name="isHoAllowed">true</attr>
  </mo>
  <mo fdn="SubNetwork=ONRM_RootMo_R,MeContext=LTE01ERBS00140,ManagedElement=1,ENodeBFunction=1,EUtranCellFDD=LTE01ERBS00140-3,EUtranFreqRelation=2,EUtranCellRelation=3" lastModified="1287501252721" mimName="ERBS_NODE_MODEL" mimVersion="A.9.50.J.9.1">
    <attr name="isRemoveAllowed">false</attr>
    <attr name="neighborCellRef">SubNetwork=ONRM_RootMo_R,MeContext=LTE01ERBS00140,ManagedElement=1,ENodeBFunction=1,EUtranCellFDD=LTE01ERBS00140-4</attr>
    <attr name="anrCreated">false</attr>
    <attr name="isHoAllowed">true</attr>
  </mo>
  <mo fdn="SubNetwork=ONRM_RootMo_R,MeContext=LTE01ERBS00140,ManagedElement=1,ENodeBFunction=1,EUtranCellFDD=LTE01ERBS00140-3,EUtranFreqRelation=2,EUtranCellRelation=32" lastModified="1287504934431" mimName="ERBS_NODE_MODEL" mimVersion="A.9.50.J.9.1">
    <attr name="isRemoveAllowed">false</attr>
    <attr name="neighborCellRef">SubNetwork=ONRM_RootMo_R,MeContext=LTE01ERBS00140,ManagedElement=1,ENodeBFunction=1,EUtraNetwork=1,ExternalENodeBFunction=144,ExternalEUtranCellFDD=3</attr>
    <attr name="anrCreated">false</attr>
    <attr name="isHoAllowed">true</attr>
  </mo>
  <mo fdn="SubNetwork=ONRM_RootMo_R,MeContext=LTE01ERBS00140,ManagedElement=1,ENodeBFunction=1,EUtranCellFDD=LTE01ERBS00140-3,EUtranFreqRelation=2,EUtranCellRelation=33" lastModified="1287504934435" mimName="ERBS_NODE_MODEL" mimVersion="A.9.50.J.9.1">
    <attr name="isRemoveAllowed">false</attr>
    <attr name="neighborCellRef">SubNetwork=ONRM_RootMo_R,MeContext=LTE01ERBS00140,ManagedElement=1,ENodeBFunction=1,EUtraNetwork=1,ExternalENodeBFunction=144,ExternalEUtranCellFDD=4</attr>
    <attr name="anrCreated">false</attr>
    <attr name="isHoAllowed">true</attr>
  </mo>
  <mo fdn="SubNetwork=ONRM_RootMo_R,MeContext=LTE01ERBS00140,ManagedElement=1,ENodeBFunction=1,EUtranCellFDD=LTE01ERBS00140-3,EUtranFreqRelation=2,EUtranCellRelation=6" lastModified="1287501490726" mimName="ERBS_NODE_MODEL" mimVersion="A.9.50.J.9.1">
    <attr name="isRemoveAllowed">false</attr>
    <attr name="neighborCellRef">SubNetwork=ONRM_RootMo_R,MeContext=LTE01ERBS00140,ManagedElement=1,ENodeBFunction=1,EUtraNetwork=1,ExternalENodeBFunction=130,ExternalEUtranCellFDD=3</attr>
    <attr name="anrCreated">false</attr>
    <attr name="isHoAllowed">true</attr>
  </mo>
  <mo fdn="SubNetwork=ONRM_RootMo_R,MeContext=LTE01ERBS00140,ManagedElement=1,ENodeBFunction=1,EUtranCellFDD=LTE01ERBS00140-3,EUtranFreqRelation=2,EUtranCellRelation=7" lastModified="1287501490730" mimName="ERBS_NODE_MODEL" mimVersion="A.9.50.J.9.1">
    <attr name="isRemoveAllowed">false</attr>
    <attr name="neighborCellRef">SubNetwork=ONRM_RootMo_R,MeContext=LTE01ERBS00140,ManagedElement=1,ENodeBFunction=1,EUtraNetwork=1,ExternalENodeBFunction=130,ExternalEUtranCellFDD=4</attr>
    <attr name="anrCreated">false</attr>
    <attr name="isHoAllowed">true</attr>
  </mo>
  <mo fdn="SubNetwork=ONRM_RootMo_R,MeContext=LTE01ERBS00140,ManagedElement=1,ENodeBFunction=1,EUtranCellFDD=LTE01ERBS00140-4" lastModified="1287512096504" mimName="ERBS_NODE_MODEL" mimVersion="A.9.50.J.9.1">
    <attr name="EUtranCellFDDId">LTE01ERBS00140-4</attr>
    <attr name="earfcnul">18000</attr>
    <attr name="cellId">4</attr>
    <attr name="tac">1</attr>
    <attr name="bPlmnList">
      <seq count="1">
        <item>
          <struct>
            <attr name="mcc">311</attr>
            <attr name="mnc">480</attr>
            <attr name="mncLength">2</attr>
          </struct>
        </item>
      </seq>
    </attr>
    <attr name="earfcndl">0</attr>
    <attr name="userLabel">LTE01ERBS00140-4</attr>
  </mo>
  <mo fdn="SubNetwork=ONRM_RootMo_R,MeContext=LTE01ERBS00140,ManagedElement=1,ENodeBFunction=1,EUtranCellFDD=LTE01ERBS00140-4,EUtranFreqRelation=1,EUtranCellRelation=12" lastModified="1287504931368" mimName="ERBS_NODE_MODEL" mimVersion="A.9.50.J.9.1">
    <attr name="isRemoveAllowed">false</attr>
    <attr name="neighborCellRef">SubNetwork=ONRM_RootMo_R,MeContext=LTE01ERBS00140,ManagedElement=1,ENodeBFunction=1,EUtraNetwork=1,ExternalENodeBFunction=133,ExternalEUtranCellFDD=3</attr>
    <attr name="anrCreated">false</attr>
    <attr name="isHoAllowed">true</attr>
  </mo>
  <mo fdn="SubNetwork=ONRM_RootMo_R,MeContext=LTE01ERBS00140,ManagedElement=1,ENodeBFunction=1,EUtranCellFDD=LTE01ERBS00140-4,EUtranFreqRelation=1,EUtranCellRelation=13" lastModified="1287504931366" mimName="ERBS_NODE_MODEL" mimVersion="A.9.50.J.9.1">
    <attr name="isRemoveAllowed">false</attr>
    <attr name="neighborCellRef">SubNetwork=ONRM_RootMo_R,MeContext=LTE01ERBS00140,ManagedElement=1,ENodeBFunction=1,EUtraNetwork=1,ExternalENodeBFunction=133,ExternalEUtranCellFDD=4</attr>
    <attr name="anrCreated">false</attr>
    <attr name="isHoAllowed">true</attr>
  </mo>
  <mo fdn="SubNetwork=ONRM_RootMo_R,MeContext=LTE01ERBS00140,ManagedElement=1,ENodeBFunction=1,EUtranCellFDD=LTE01ERBS00140-4,EUtranFreqRelation=1,EUtranCellRelation=16" lastModified="1287504931377" mimName="ERBS_NODE_MODEL" mimVersion="A.9.50.J.9.1">
    <attr name="isRemoveAllowed">false</attr>
    <attr name="neighborCellRef">SubNetwork=ONRM_RootMo_R,MeContext=LTE01ERBS00140,ManagedElement=1,ENodeBFunction=1,EUtraNetwork=1,ExternalENodeBFunction=135,ExternalEUtranCellFDD=3</attr>
    <attr name="anrCreated">false</attr>
    <attr name="isHoAllowed">true</attr>
  </mo>
  <mo fdn="SubNetwork=ONRM_RootMo_R,MeContext=LTE01ERBS00140,ManagedElement=1,ENodeBFunction=1,EUtranCellFDD=LTE01ERBS00140-4,EUtranFreqRelation=1,EUtranCellRelation=17" lastModified="1287504931376" mimName="ERBS_NODE_MODEL" mimVersion="A.9.50.J.9.1">
    <attr name="isRemoveAllowed">false</attr>
    <attr name="neighborCellRef">SubNetwork=ONRM_RootMo_R,MeContext=LTE01ERBS00140,ManagedElement=1,ENodeBFunction=1,EUtraNetwork=1,ExternalENodeBFunction=135,ExternalEUtranCellFDD=4</attr>
    <attr name="anrCreated">false</attr>
    <attr name="isHoAllowed">true</attr>
  </mo>
  <mo fdn="SubNetwork=ONRM_RootMo_R,MeContext=LTE01ERBS00140,ManagedElement=1,ENodeBFunction=1,EUtranCellFDD=LTE01ERBS00140-4,EUtranFreqRelation=1,EUtranCellRelation=20" lastModified="1287504931374" mimName="ERBS_NODE_MODEL" mimVersion="A.9.50.J.9.1">
    <attr name="isRemoveAllowed">false</attr>
    <attr name="neighborCellRef">SubNetwork=ONRM_RootMo_R,MeContext=LTE01ERBS00140,ManagedElement=1,ENodeBFunction=1,EUtraNetwork=1,ExternalENodeBFunction=137,ExternalEUtranCellFDD=3</attr>
    <attr name="anrCreated">false</attr>
    <attr name="isHoAllowed">true</attr>
  </mo>
  <mo fdn="SubNetwork=ONRM_RootMo_R,MeContext=LTE01ERBS00140,ManagedElement=1,ENodeBFunction=1,EUtranCellFDD=LTE01ERBS00140-4,EUtranFreqRelation=1,EUtranCellRelation=21" lastModified="1287504931373" mimName="ERBS_NODE_MODEL" mimVersion="A.9.50.J.9.1">
    <attr name="isRemoveAllowed">false</attr>
    <attr name="neighborCellRef">SubNetwork=ONRM_RootMo_R,MeContext=LTE01ERBS00140,ManagedElement=1,ENodeBFunction=1,EUtraNetwork=1,ExternalENodeBFunction=137,ExternalEUtranCellFDD=4</attr>
    <attr name="anrCreated">false</attr>
    <attr name="isHoAllowed">true</attr>
  </mo>
  <mo fdn="SubNetwork=ONRM_RootMo_R,MeContext=LTE01ERBS00140,ManagedElement=1,ENodeBFunction=1,EUtranCellFDD=LTE01ERBS00140-4,EUtranFreqRelation=1,EUtranCellRelation=24" lastModified="1287504931372" mimName="ERBS_NODE_MODEL" mimVersion="A.9.50.J.9.1">
    <attr name="isRemoveAllowed">false</attr>
    <attr name="neighborCellRef">SubNetwork=ONRM_RootMo_R,MeContext=LTE01ERBS00140,ManagedElement=1,ENodeBFunction=1,EUtraNetwork=1,ExternalENodeBFunction=139,ExternalEUtranCellFDD=3</attr>
    <attr name="anrCreated">false</attr>
    <attr name="isHoAllowed">true</attr>
  </mo>
  <mo fdn="SubNetwork=ONRM_RootMo_R,MeContext=LTE01ERBS00140,ManagedElement=1,ENodeBFunction=1,EUtranCellFDD=LTE01ERBS00140-4,EUtranFreqRelation=1,EUtranCellRelation=25" lastModified="1287504931370" mimName="ERBS_NODE_MODEL" mimVersion="A.9.50.J.9.1">
    <attr name="isRemoveAllowed">false</attr>
    <attr name="neighborCellRef">SubNetwork=ONRM_RootMo_R,MeContext=LTE01ERBS00140,ManagedElement=1,ENodeBFunction=1,EUtraNetwork=1,ExternalENodeBFunction=139,ExternalEUtranCellFDD=4</attr>
    <attr name="anrCreated">false</attr>
    <attr name="isHoAllowed">true</attr>
  </mo>
  <mo fdn="SubNetwork=ONRM_RootMo_R,MeContext=LTE01ERBS00140,ManagedElement=1,ENodeBFunction=1,EUtranCellFDD=LTE01ERBS00140-4,EUtranFreqRelation=1,EUtranCellRelation=26" lastModified="1287504931377" mimName="ERBS_NODE_MODEL" mimVersion="A.9.50.J.9.1">
    <attr name="isRemoveAllowed">false</attr>
    <attr name="neighborCellRef">SubNetwork=ONRM_RootMo_R,MeContext=LTE01ERBS00140,ManagedElement=1,ENodeBFunction=1,EUtraNetwork=1,ExternalENodeBFunction=141,ExternalEUtranCellFDD=3</attr>
    <attr name="anrCreated">false</attr>
    <attr name="isHoAllowed">true</attr>
  </mo>
  <mo fdn="SubNetwork=ONRM_RootMo_R,MeContext=LTE01ERBS00140,ManagedElement=1,ENodeBFunction=1,EUtranCellFDD=LTE01ERBS00140-4,EUtranFreqRelation=1,EUtranCellRelation=27" lastModified="1287504931375" mimName="ERBS_NODE_MODEL" mimVersion="A.9.50.J.9.1">
    <attr name="isRemoveAllowed">false</attr>
    <attr name="neighborCellRef">SubNetwork=ONRM_RootMo_R,MeContext=LTE01ERBS00140,ManagedElement=1,ENodeBFunction=1,EUtraNetwork=1,ExternalENodeBFunction=141,ExternalEUtranCellFDD=4</attr>
    <attr name="anrCreated">false</attr>
    <attr name="isHoAllowed">true</attr>
  </mo>
  <mo fdn="SubNetwork=ONRM_RootMo_R,MeContext=LTE01ERBS00140,ManagedElement=1,ENodeBFunction=1,EUtranCellFDD=LTE01ERBS00140-4,EUtranFreqRelation=1,EUtranCellRelation=30" lastModified="1287504931371" mimName="ERBS_NODE_MODEL" mimVersion="A.9.50.J.9.1">
    <attr name="isRemoveAllowed">false</attr>
    <attr name="neighborCellRef">SubNetwork=ONRM_RootMo_R,MeContext=LTE01ERBS00140,ManagedElement=1,ENodeBFunction=1,EUtraNetwork=1,ExternalENodeBFunction=143,ExternalEUtranCellFDD=3</attr>
    <attr name="anrCreated">false</attr>
    <attr name="isHoAllowed">true</attr>
  </mo>
  <mo fdn="SubNetwork=ONRM_RootMo_R,MeContext=LTE01ERBS00140,ManagedElement=1,ENodeBFunction=1,EUtranCellFDD=LTE01ERBS00140-4,EUtranFreqRelation=1,EUtranCellRelation=31" lastModified="1287504931367" mimName="ERBS_NODE_MODEL" mimVersion="A.9.50.J.9.1">
    <attr name="isRemoveAllowed">false</attr>
    <attr name="neighborCellRef">SubNetwork=ONRM_RootMo_R,MeContext=LTE01ERBS00140,ManagedElement=1,ENodeBFunction=1,EUtraNetwork=1,ExternalENodeBFunction=143,ExternalEUtranCellFDD=4</attr>
    <attr name="anrCreated">false</attr>
    <attr name="isHoAllowed">true</attr>
  </mo>
  <mo fdn="SubNetwork=ONRM_RootMo_R,MeContext=LTE01ERBS00140,ManagedElement=1,ENodeBFunction=1,EUtranCellFDD=LTE01ERBS00140-4,EUtranFreqRelation=1,EUtranCellRelation=4" lastModified="1287501489886" mimName="ERBS_NODE_MODEL" mimVersion="A.9.50.J.9.1">
    <attr name="isRemoveAllowed">false</attr>
    <attr name="neighborCellRef">SubNetwork=ONRM_RootMo_R,MeContext=LTE01ERBS00140,ManagedElement=1,ENodeBFunction=1,EUtraNetwork=1,ExternalENodeBFunction=129,ExternalEUtranCellFDD=3</attr>
    <attr name="anrCreated">false</attr>
    <attr name="isHoAllowed">true</attr>
  </mo>
  <mo fdn="SubNetwork=ONRM_RootMo_R,MeContext=LTE01ERBS00140,ManagedElement=1,ENodeBFunction=1,EUtranCellFDD=LTE01ERBS00140-4,EUtranFreqRelation=1,EUtranCellRelation=5" lastModified="1287501489889" mimName="ERBS_NODE_MODEL" mimVersion="A.9.50.J.9.1">
    <attr name="isRemoveAllowed">false</attr>
    <attr name="neighborCellRef">SubNetwork=ONRM_RootMo_R,MeContext=LTE01ERBS00140,ManagedElement=1,ENodeBFunction=1,EUtraNetwork=1,ExternalENodeBFunction=129,ExternalEUtranCellFDD=4</attr>
    <attr name="anrCreated">false</attr>
    <attr name="isHoAllowed">true</attr>
  </mo>
  <mo fdn="SubNetwork=ONRM_RootMo_R,MeContext=LTE01ERBS00140,ManagedElement=1,ENodeBFunction=1,EUtranCellFDD=LTE01ERBS00140-4,EUtranFreqRelation=1,EUtranCellRelation=8" lastModified="1287501489880" mimName="ERBS_NODE_MODEL" mimVersion="A.9.50.J.9.1">
    <attr name="isRemoveAllowed">false</attr>
    <attr name="neighborCellRef">SubNetwork=ONRM_RootMo_R,MeContext=LTE01ERBS00140,ManagedElement=1,ENodeBFunction=1,EUtraNetwork=1,ExternalENodeBFunction=131,ExternalEUtranCellFDD=3</attr>
    <attr name="anrCreated">false</attr>
    <attr name="isHoAllowed">true</attr>
  </mo>
  <mo fdn="SubNetwork=ONRM_RootMo_R,MeContext=LTE01ERBS00140,ManagedElement=1,ENodeBFunction=1,EUtranCellFDD=LTE01ERBS00140-4,EUtranFreqRelation=1,EUtranCellRelation=9" lastModified="1287501489883" mimName="ERBS_NODE_MODEL" mimVersion="A.9.50.J.9.1">
    <attr name="isRemoveAllowed">false</attr>
    <attr name="neighborCellRef">SubNetwork=ONRM_RootMo_R,MeContext=LTE01ERBS00140,ManagedElement=1,ENodeBFunction=1,EUtraNetwork=1,ExternalENodeBFunction=131,ExternalEUtranCellFDD=4</attr>
    <attr name="anrCreated">false</attr>
    <attr name="isHoAllowed">true</attr>
  </mo>
  <mo fdn="SubNetwork=ONRM_RootMo_R,MeContext=LTE01ERBS00140,ManagedElement=1,ENodeBFunction=1,EUtranCellFDD=LTE01ERBS00140-4,EUtranFreqRelation=2,EUtranCellRelation=1" lastModified="1287501252679" mimName="ERBS_NODE_MODEL" mimVersion="A.9.50.J.9.1">
    <attr name="isRemoveAllowed">false</attr>
    <attr name="neighborCellRef">SubNetwork=ONRM_RootMo_R,MeContext=LTE01ERBS00140,ManagedElement=1,ENodeBFunction=1,EUtranCellFDD=LTE01ERBS00140-1</attr>
    <attr name="anrCreated">false</attr>
    <attr name="isHoAllowed">true</attr>
  </mo>
  <mo fdn="SubNetwork=ONRM_RootMo_R,MeContext=LTE01ERBS00140,ManagedElement=1,ENodeBFunction=1,EUtranCellFDD=LTE01ERBS00140-4,EUtranFreqRelation=2,EUtranCellRelation=10" lastModified="1287501489861" mimName="ERBS_NODE_MODEL" mimVersion="A.9.50.J.9.1">
    <attr name="isRemoveAllowed">false</attr>
    <attr name="neighborCellRef">SubNetwork=ONRM_RootMo_R,MeContext=LTE01ERBS00140,ManagedElement=1,ENodeBFunction=1,EUtraNetwork=1,ExternalENodeBFunction=132,ExternalEUtranCellFDD=3</attr>
    <attr name="anrCreated">false</attr>
    <attr name="isHoAllowed">true</attr>
  </mo>
  <mo fdn="SubNetwork=ONRM_RootMo_R,MeContext=LTE01ERBS00140,ManagedElement=1,ENodeBFunction=1,EUtranCellFDD=LTE01ERBS00140-4,EUtranFreqRelation=2,EUtranCellRelation=11" lastModified="1287501489857" mimName="ERBS_NODE_MODEL" mimVersion="A.9.50.J.9.1">
    <attr name="isRemoveAllowed">false</attr>
    <attr name="neighborCellRef">SubNetwork=ONRM_RootMo_R,MeContext=LTE01ERBS00140,ManagedElement=1,ENodeBFunction=1,EUtraNetwork=1,ExternalENodeBFunction=132,ExternalEUtranCellFDD=4</attr>
    <attr name="anrCreated">false</attr>
    <attr name="isHoAllowed">true</attr>
  </mo>
  <mo fdn="SubNetwork=ONRM_RootMo_R,MeContext=LTE01ERBS00140,ManagedElement=1,ENodeBFunction=1,EUtranCellFDD=LTE01ERBS00140-4,EUtranFreqRelation=2,EUtranCellRelation=14" lastModified="1287504931351" mimName="ERBS_NODE_MODEL" mimVersion="A.9.50.J.9.1">
    <attr name="isRemoveAllowed">false</attr>
    <attr name="neighborCellRef">SubNetwork=ONRM_RootMo_R,MeContext=LTE01ERBS00140,ManagedElement=1,ENodeBFunction=1,EUtraNetwork=1,ExternalENodeBFunction=134,ExternalEUtranCellFDD=3</attr>
    <attr name="anrCreated">false</attr>
    <attr name="isHoAllowed">true</attr>
  </mo>
  <mo fdn="SubNetwork=ONRM_RootMo_R,MeContext=LTE01ERBS00140,ManagedElement=1,ENodeBFunction=1,EUtranCellFDD=LTE01ERBS00140-4,EUtranFreqRelation=2,EUtranCellRelation=15" lastModified="1287504931363" mimName="ERBS_NODE_MODEL" mimVersion="A.9.50.J.9.1">
    <attr name="isRemoveAllowed">false</attr>
    <attr name="neighborCellRef">SubNetwork=ONRM_RootMo_R,MeContext=LTE01ERBS00140,ManagedElement=1,ENodeBFunction=1,EUtraNetwork=1,ExternalENodeBFunction=134,ExternalEUtranCellFDD=4</attr>
    <attr name="anrCreated">false</attr>
    <attr name="isHoAllowed">true</attr>
  </mo>
  <mo fdn="SubNetwork=ONRM_RootMo_R,MeContext=LTE01ERBS00140,ManagedElement=1,ENodeBFunction=1,EUtranCellFDD=LTE01ERBS00140-4,EUtranFreqRelation=2,EUtranCellRelation=18" lastModified="1287504931358" mimName="ERBS_NODE_MODEL" mimVersion="A.9.50.J.9.1">
    <attr name="isRemoveAllowed">false</attr>
    <attr name="neighborCellRef">SubNetwork=ONRM_RootMo_R,MeContext=LTE01ERBS00140,ManagedElement=1,ENodeBFunction=1,EUtraNetwork=1,ExternalENodeBFunction=136,ExternalEUtranCellFDD=3</attr>
    <attr name="anrCreated">false</attr>
    <attr name="isHoAllowed">true</attr>
  </mo>
  <mo fdn="SubNetwork=ONRM_RootMo_R,MeContext=LTE01ERBS00140,ManagedElement=1,ENodeBFunction=1,EUtranCellFDD=LTE01ERBS00140-4,EUtranFreqRelation=2,EUtranCellRelation=19" lastModified="1287504931357" mimName="ERBS_NODE_MODEL" mimVersion="A.9.50.J.9.1">
    <attr name="isRemoveAllowed">false</attr>
    <attr name="neighborCellRef">SubNetwork=ONRM_RootMo_R,MeContext=LTE01ERBS00140,ManagedElement=1,ENodeBFunction=1,EUtraNetwork=1,ExternalENodeBFunction=136,ExternalEUtranCellFDD=4</attr>
    <attr name="anrCreated">false</attr>
    <attr name="isHoAllowed">true</attr>
  </mo>
  <mo fdn="SubNetwork=ONRM_RootMo_R,MeContext=LTE01ERBS00140,ManagedElement=1,ENodeBFunction=1,EUtranCellFDD=LTE01ERBS00140-4,EUtranFreqRelation=2,EUtranCellRelation=2" lastModified="1287501252661" mimName="ERBS_NODE_MODEL" mimVersion="A.9.50.J.9.1">
    <attr name="isRemoveAllowed">false</attr>
    <attr name="neighborCellRef">SubNetwork=ONRM_RootMo_R,MeContext=LTE01ERBS00140,ManagedElement=1,ENodeBFunction=1,EUtranCellFDD=LTE01ERBS00140-2</attr>
    <attr name="anrCreated">false</attr>
    <attr name="isHoAllowed">true</attr>
  </mo>
  <mo fdn="SubNetwork=ONRM_RootMo_R,MeContext=LTE01ERBS00140,ManagedElement=1,ENodeBFunction=1,EUtranCellFDD=LTE01ERBS00140-4,EUtranFreqRelation=2,EUtranCellRelation=22" lastModified="1287504931354" mimName="ERBS_NODE_MODEL" mimVersion="A.9.50.J.9.1">
    <attr name="isRemoveAllowed">false</attr>
    <attr name="neighborCellRef">SubNetwork=ONRM_RootMo_R,MeContext=LTE01ERBS00140,ManagedElement=1,ENodeBFunction=1,EUtraNetwork=1,ExternalENodeBFunction=138,ExternalEUtranCellFDD=3</attr>
    <attr name="anrCreated">false</attr>
    <attr name="isHoAllowed">true</attr>
  </mo>
  <mo fdn="SubNetwork=ONRM_RootMo_R,MeContext=LTE01ERBS00140,ManagedElement=1,ENodeBFunction=1,EUtranCellFDD=LTE01ERBS00140-4,EUtranFreqRelation=2,EUtranCellRelation=23" lastModified="1287504931335" mimName="ERBS_NODE_MODEL" mimVersion="A.9.50.J.9.1">
    <attr name="isRemoveAllowed">false</attr>
    <attr name="neighborCellRef">SubNetwork=ONRM_RootMo_R,MeContext=LTE01ERBS00140,ManagedElement=1,ENodeBFunction=1,EUtraNetwork=1,ExternalENodeBFunction=138,ExternalEUtranCellFDD=4</attr>
    <attr name="anrCreated">false</attr>
    <attr name="isHoAllowed">true</attr>
  </mo>
  <mo fdn="SubNetwork=ONRM_RootMo_R,MeContext=LTE01ERBS00140,ManagedElement=1,ENodeBFunction=1,EUtranCellFDD=LTE01ERBS00140-4,EUtranFreqRelation=2,EUtranCellRelation=28" lastModified="1287504931361" mimName="ERBS_NODE_MODEL" mimVersion="A.9.50.J.9.1">
    <attr name="isRemoveAllowed">false</attr>
    <attr name="neighborCellRef">SubNetwork=ONRM_RootMo_R,MeContext=LTE01ERBS00140,ManagedElement=1,ENodeBFunction=1,EUtraNetwork=1,ExternalENodeBFunction=142,ExternalEUtranCellFDD=3</attr>
    <attr name="anrCreated">false</attr>
    <attr name="isHoAllowed">true</attr>
  </mo>
  <mo fdn="SubNetwork=ONRM_RootMo_R,MeContext=LTE01ERBS00140,ManagedElement=1,ENodeBFunction=1,EUtranCellFDD=LTE01ERBS00140-4,EUtranFreqRelation=2,EUtranCellRelation=29" lastModified="1287504931360" mimName="ERBS_NODE_MODEL" mimVersion="A.9.50.J.9.1">
    <attr name="isRemoveAllowed">false</attr>
    <attr name="neighborCellRef">SubNetwork=ONRM_RootMo_R,MeContext=LTE01ERBS00140,ManagedElement=1,ENodeBFunction=1,EUtraNetwork=1,ExternalENodeBFunction=142,ExternalEUtranCellFDD=4</attr>
    <attr name="anrCreated">false</attr>
    <attr name="isHoAllowed">true</attr>
  </mo>
  <mo fdn="SubNetwork=ONRM_RootMo_R,MeContext=LTE01ERBS00140,ManagedElement=1,ENodeBFunction=1,EUtranCellFDD=LTE01ERBS00140-4,EUtranFreqRelation=2,EUtranCellRelation=3" lastModified="1287501252309" mimName="ERBS_NODE_MODEL" mimVersion="A.9.50.J.9.1">
    <attr name="isRemoveAllowed">false</attr>
    <attr name="neighborCellRef">SubNetwork=ONRM_RootMo_R,MeContext=LTE01ERBS00140,ManagedElement=1,ENodeBFunction=1,EUtranCellFDD=LTE01ERBS00140-3</attr>
    <attr name="anrCreated">false</attr>
    <attr name="isHoAllowed">true</attr>
  </mo>
  <mo fdn="SubNetwork=ONRM_RootMo_R,MeContext=LTE01ERBS00140,ManagedElement=1,ENodeBFunction=1,EUtranCellFDD=LTE01ERBS00140-4,EUtranFreqRelation=2,EUtranCellRelation=32" lastModified="1287504931353" mimName="ERBS_NODE_MODEL" mimVersion="A.9.50.J.9.1">
    <attr name="isRemoveAllowed">false</attr>
    <attr name="neighborCellRef">SubNetwork=ONRM_RootMo_R,MeContext=LTE01ERBS00140,ManagedElement=1,ENodeBFunction=1,EUtraNetwork=1,ExternalENodeBFunction=144,ExternalEUtranCellFDD=3</attr>
    <attr name="anrCreated">false</attr>
    <attr name="isHoAllowed">true</attr>
  </mo>
  <mo fdn="SubNetwork=ONRM_RootMo_R,MeContext=LTE01ERBS00140,ManagedElement=1,ENodeBFunction=1,EUtranCellFDD=LTE01ERBS00140-4,EUtranFreqRelation=2,EUtranCellRelation=33" lastModified="1287504931355" mimName="ERBS_NODE_MODEL" mimVersion="A.9.50.J.9.1">
    <attr name="isRemoveAllowed">false</attr>
    <attr name="neighborCellRef">SubNetwork=ONRM_RootMo_R,MeContext=LTE01ERBS00140,ManagedElement=1,ENodeBFunction=1,EUtraNetwork=1,ExternalENodeBFunction=144,ExternalEUtranCellFDD=4</attr>
    <attr name="anrCreated">false</attr>
    <attr name="isHoAllowed">true</attr>
  </mo>
  <mo fdn="SubNetwork=ONRM_RootMo_R,MeContext=LTE01ERBS00140,ManagedElement=1,ENodeBFunction=1,EUtranCellFDD=LTE01ERBS00140-4,EUtranFreqRelation=2,EUtranCellRelation=6" lastModified="1287501489864" mimName="ERBS_NODE_MODEL" mimVersion="A.9.50.J.9.1">
    <attr name="isRemoveAllowed">false</attr>
    <attr name="neighborCellRef">SubNetwork=ONRM_RootMo_R,MeContext=LTE01ERBS00140,ManagedElement=1,ENodeBFunction=1,EUtraNetwork=1,ExternalENodeBFunction=130,ExternalEUtranCellFDD=3</attr>
    <attr name="anrCreated">false</attr>
    <attr name="isHoAllowed">true</attr>
  </mo>
  <mo fdn="SubNetwork=ONRM_RootMo_R,MeContext=LTE01ERBS00140,ManagedElement=1,ENodeBFunction=1,EUtranCellFDD=LTE01ERBS00140-4,EUtranFreqRelation=2,EUtranCellRelation=7" lastModified="1287501489867" mimName="ERBS_NODE_MODEL" mimVersion="A.9.50.J.9.1">
    <attr name="isRemoveAllowed">false</attr>
    <attr name="neighborCellRef">SubNetwork=ONRM_RootMo_R,MeContext=LTE01ERBS00140,ManagedElement=1,ENodeBFunction=1,EUtraNetwork=1,ExternalENodeBFunction=130,ExternalEUtranCellFDD=4</attr>
    <attr name="anrCreated">false</attr>
    <attr name="isHoAllowed">true</attr>
  </mo>
</model>
