<?xml version="1.0" encoding="UTF-8" standalone="no"?><!-- Generated by nmsadm --><!-- Generated on Thu Oct 28 14:37:29 BST 2010 --><!-- Generated from configuration valid --><!-- Query - Base MO SubNetwork=ONRM_RootMo_R,MeContext=LTE03ERBS00073; Scope 8 --><model>
  <mo fdn="SubNetwork=ONRM_RootMo_R,MeContext=LTE03ERBS00073" lastModified="1288106463172" mimName="ERBS_NODE_MODEL" mimVersion="A.9.50.J.9.1">
    <attr name="MeContextId">LTE03ERBS00073</attr>
    <attr name="neMIMversion">vA.9.40</attr>
    <attr name="siteRef">SubNetwork=ONRM_RootMo_R,Site=LTE03ERBS00073</attr>
    <attr name="userLabel">LTE03ERBS00073</attr>
  </mo>
  <mo fdn="SubNetwork=ONRM_RootMo_R,MeContext=LTE03ERBS00073,ManagedElement=1,ENodeBFunction=1" lastModified="1287501909079" mimName="ERBS_NODE_MODEL" mimVersion="A.9.50.J.9.1">
    <attr name="eNodeBPlmnId">
      <struct>
        <attr name="mcc">311</attr>
        <attr name="mnc">480</attr>
        <attr name="mncLength">2</attr>
      </struct>
    </attr>
    <attr name="eNBId">191536</attr>
  </mo>
  <mo fdn="SubNetwork=ONRM_RootMo_R,MeContext=LTE03ERBS00073,ManagedElement=1,ENodeBFunction=1,EUtranCellFDD=LTE03ERBS00073-1" lastModified="1287519728366" mimName="ERBS_NODE_MODEL" mimVersion="A.9.50.J.9.1">
    <attr name="EUtranCellFDDId">LTE03ERBS00073-1</attr>
    <attr name="earfcnul">18000</attr>
    <attr name="cellId">1</attr>
    <attr name="tac">48906</attr>
    <attr name="bPlmnList">
      <seq count="1">
        <item>
          <struct>
            <attr name="mcc">311</attr>
            <attr name="mnc">480</attr>
            <attr name="mncLength">2</attr>
          </struct>
        </item>
      </seq>
    </attr>
    <attr name="earfcndl">0</attr>
    <attr name="userLabel">LTE03ERBS00073-1</attr>
  </mo>
  <mo fdn="SubNetwork=ONRM_RootMo_R,MeContext=LTE03ERBS00073,ManagedElement=1,ENodeBFunction=1,EUtranCellFDD=LTE03ERBS00073-1,EUtranFreqRelation=1,EUtranCellRelation=1" lastModified="1287501905474" mimName="ERBS_NODE_MODEL" mimVersion="A.9.50.J.9.1">
    <attr name="isRemoveAllowed">false</attr>
    <attr name="neighborCellRef">SubNetwork=ONRM_RootMo_R,MeContext=LTE03ERBS00073,ManagedElement=1,ENodeBFunction=1,EUtranCellFDD=LTE03ERBS00073-2</attr>
    <attr name="anrCreated">false</attr>
    <attr name="isHoAllowed">true</attr>
  </mo>
  <mo fdn="SubNetwork=ONRM_RootMo_R,MeContext=LTE03ERBS00073,ManagedElement=1,ENodeBFunction=1,EUtranCellFDD=LTE03ERBS00073-1,EUtranFreqRelation=1,EUtranCellRelation=12" lastModified="1287512249453" mimName="ERBS_NODE_MODEL" mimVersion="A.9.50.J.9.1">
    <attr name="isRemoveAllowed">false</attr>
    <attr name="neighborCellRef">SubNetwork=ONRM_RootMo_R,MeContext=LTE03ERBS00073,ManagedElement=1,ENodeBFunction=1,EUtraNetwork=1,ExternalENodeBFunction=389,ExternalEUtranCellFDD=1</attr>
    <attr name="anrCreated">false</attr>
    <attr name="isHoAllowed">true</attr>
  </mo>
  <mo fdn="SubNetwork=ONRM_RootMo_R,MeContext=LTE03ERBS00073,ManagedElement=1,ENodeBFunction=1,EUtranCellFDD=LTE03ERBS00073-1,EUtranFreqRelation=1,EUtranCellRelation=13" lastModified="1287512249450" mimName="ERBS_NODE_MODEL" mimVersion="A.9.50.J.9.1">
    <attr name="isRemoveAllowed">false</attr>
    <attr name="neighborCellRef">SubNetwork=ONRM_RootMo_R,MeContext=LTE03ERBS00073,ManagedElement=1,ENodeBFunction=1,EUtraNetwork=1,ExternalENodeBFunction=389,ExternalEUtranCellFDD=2</attr>
    <attr name="anrCreated">false</attr>
    <attr name="isHoAllowed">true</attr>
  </mo>
  <mo fdn="SubNetwork=ONRM_RootMo_R,MeContext=LTE03ERBS00073,ManagedElement=1,ENodeBFunction=1,EUtranCellFDD=LTE03ERBS00073-1,EUtranFreqRelation=1,EUtranCellRelation=16" lastModified="1287512249459" mimName="ERBS_NODE_MODEL" mimVersion="A.9.50.J.9.1">
    <attr name="isRemoveAllowed">false</attr>
    <attr name="neighborCellRef">SubNetwork=ONRM_RootMo_R,MeContext=LTE03ERBS00073,ManagedElement=1,ENodeBFunction=1,EUtraNetwork=1,ExternalENodeBFunction=391,ExternalEUtranCellFDD=1</attr>
    <attr name="anrCreated">false</attr>
    <attr name="isHoAllowed">true</attr>
  </mo>
  <mo fdn="SubNetwork=ONRM_RootMo_R,MeContext=LTE03ERBS00073,ManagedElement=1,ENodeBFunction=1,EUtranCellFDD=LTE03ERBS00073-1,EUtranFreqRelation=1,EUtranCellRelation=17" lastModified="1287512249458" mimName="ERBS_NODE_MODEL" mimVersion="A.9.50.J.9.1">
    <attr name="isRemoveAllowed">false</attr>
    <attr name="neighborCellRef">SubNetwork=ONRM_RootMo_R,MeContext=LTE03ERBS00073,ManagedElement=1,ENodeBFunction=1,EUtraNetwork=1,ExternalENodeBFunction=391,ExternalEUtranCellFDD=2</attr>
    <attr name="anrCreated">false</attr>
    <attr name="isHoAllowed">true</attr>
  </mo>
  <mo fdn="SubNetwork=ONRM_RootMo_R,MeContext=LTE03ERBS00073,ManagedElement=1,ENodeBFunction=1,EUtranCellFDD=LTE03ERBS00073-1,EUtranFreqRelation=1,EUtranCellRelation=2" lastModified="1287501905470" mimName="ERBS_NODE_MODEL" mimVersion="A.9.50.J.9.1">
    <attr name="isRemoveAllowed">false</attr>
    <attr name="neighborCellRef">SubNetwork=ONRM_RootMo_R,MeContext=LTE03ERBS00073,ManagedElement=1,ENodeBFunction=1,EUtranCellFDD=LTE03ERBS00073-3</attr>
    <attr name="anrCreated">false</attr>
    <attr name="isHoAllowed">true</attr>
  </mo>
  <mo fdn="SubNetwork=ONRM_RootMo_R,MeContext=LTE03ERBS00073,ManagedElement=1,ENodeBFunction=1,EUtranCellFDD=LTE03ERBS00073-1,EUtranFreqRelation=1,EUtranCellRelation=22" lastModified="1287512249449" mimName="ERBS_NODE_MODEL" mimVersion="A.9.50.J.9.1">
    <attr name="isRemoveAllowed">false</attr>
    <attr name="neighborCellRef">SubNetwork=ONRM_RootMo_R,MeContext=LTE03ERBS00073,ManagedElement=1,ENodeBFunction=1,EUtraNetwork=1,ExternalENodeBFunction=395,ExternalEUtranCellFDD=1</attr>
    <attr name="anrCreated">false</attr>
    <attr name="isHoAllowed">true</attr>
  </mo>
  <mo fdn="SubNetwork=ONRM_RootMo_R,MeContext=LTE03ERBS00073,ManagedElement=1,ENodeBFunction=1,EUtranCellFDD=LTE03ERBS00073-1,EUtranFreqRelation=1,EUtranCellRelation=23" lastModified="1287512249446" mimName="ERBS_NODE_MODEL" mimVersion="A.9.50.J.9.1">
    <attr name="isRemoveAllowed">false</attr>
    <attr name="neighborCellRef">SubNetwork=ONRM_RootMo_R,MeContext=LTE03ERBS00073,ManagedElement=1,ENodeBFunction=1,EUtraNetwork=1,ExternalENodeBFunction=395,ExternalEUtranCellFDD=2</attr>
    <attr name="anrCreated">false</attr>
    <attr name="isHoAllowed">true</attr>
  </mo>
  <mo fdn="SubNetwork=ONRM_RootMo_R,MeContext=LTE03ERBS00073,ManagedElement=1,ENodeBFunction=1,EUtranCellFDD=LTE03ERBS00073-1,EUtranFreqRelation=1,EUtranCellRelation=26" lastModified="1287512249457" mimName="ERBS_NODE_MODEL" mimVersion="A.9.50.J.9.1">
    <attr name="isRemoveAllowed">false</attr>
    <attr name="neighborCellRef">SubNetwork=ONRM_RootMo_R,MeContext=LTE03ERBS00073,ManagedElement=1,ENodeBFunction=1,EUtraNetwork=1,ExternalENodeBFunction=397,ExternalEUtranCellFDD=1</attr>
    <attr name="anrCreated">false</attr>
    <attr name="isHoAllowed">true</attr>
  </mo>
  <mo fdn="SubNetwork=ONRM_RootMo_R,MeContext=LTE03ERBS00073,ManagedElement=1,ENodeBFunction=1,EUtranCellFDD=LTE03ERBS00073-1,EUtranFreqRelation=1,EUtranCellRelation=27" lastModified="1287512249456" mimName="ERBS_NODE_MODEL" mimVersion="A.9.50.J.9.1">
    <attr name="isRemoveAllowed">false</attr>
    <attr name="neighborCellRef">SubNetwork=ONRM_RootMo_R,MeContext=LTE03ERBS00073,ManagedElement=1,ENodeBFunction=1,EUtraNetwork=1,ExternalENodeBFunction=397,ExternalEUtranCellFDD=2</attr>
    <attr name="anrCreated">false</attr>
    <attr name="isHoAllowed">true</attr>
  </mo>
  <mo fdn="SubNetwork=ONRM_RootMo_R,MeContext=LTE03ERBS00073,ManagedElement=1,ENodeBFunction=1,EUtranCellFDD=LTE03ERBS00073-1,EUtranFreqRelation=1,EUtranCellRelation=3" lastModified="1287501905467" mimName="ERBS_NODE_MODEL" mimVersion="A.9.50.J.9.1">
    <attr name="isRemoveAllowed">false</attr>
    <attr name="neighborCellRef">SubNetwork=ONRM_RootMo_R,MeContext=LTE03ERBS00073,ManagedElement=1,ENodeBFunction=1,EUtranCellFDD=LTE03ERBS00073-4</attr>
    <attr name="anrCreated">false</attr>
    <attr name="isHoAllowed">true</attr>
  </mo>
  <mo fdn="SubNetwork=ONRM_RootMo_R,MeContext=LTE03ERBS00073,ManagedElement=1,ENodeBFunction=1,EUtranCellFDD=LTE03ERBS00073-1,EUtranFreqRelation=1,EUtranCellRelation=30" lastModified="1287512249451" mimName="ERBS_NODE_MODEL" mimVersion="A.9.50.J.9.1">
    <attr name="isRemoveAllowed">false</attr>
    <attr name="neighborCellRef">SubNetwork=ONRM_RootMo_R,MeContext=LTE03ERBS00073,ManagedElement=1,ENodeBFunction=1,EUtraNetwork=1,ExternalENodeBFunction=399,ExternalEUtranCellFDD=1</attr>
    <attr name="anrCreated">false</attr>
    <attr name="isHoAllowed">true</attr>
  </mo>
  <mo fdn="SubNetwork=ONRM_RootMo_R,MeContext=LTE03ERBS00073,ManagedElement=1,ENodeBFunction=1,EUtranCellFDD=LTE03ERBS00073-1,EUtranFreqRelation=1,EUtranCellRelation=31" lastModified="1287512249447" mimName="ERBS_NODE_MODEL" mimVersion="A.9.50.J.9.1">
    <attr name="isRemoveAllowed">false</attr>
    <attr name="neighborCellRef">SubNetwork=ONRM_RootMo_R,MeContext=LTE03ERBS00073,ManagedElement=1,ENodeBFunction=1,EUtraNetwork=1,ExternalENodeBFunction=399,ExternalEUtranCellFDD=2</attr>
    <attr name="anrCreated">false</attr>
    <attr name="isHoAllowed">true</attr>
  </mo>
  <mo fdn="SubNetwork=ONRM_RootMo_R,MeContext=LTE03ERBS00073,ManagedElement=1,ENodeBFunction=1,EUtranCellFDD=LTE03ERBS00073-1,EUtranFreqRelation=1,EUtranCellRelation=4" lastModified="1287512249459" mimName="ERBS_NODE_MODEL" mimVersion="A.9.50.J.9.1">
    <attr name="isRemoveAllowed">false</attr>
    <attr name="neighborCellRef">SubNetwork=ONRM_RootMo_R,MeContext=LTE03ERBS00073,ManagedElement=1,ENodeBFunction=1,EUtraNetwork=1,ExternalENodeBFunction=385,ExternalEUtranCellFDD=1</attr>
    <attr name="anrCreated">false</attr>
    <attr name="isHoAllowed">true</attr>
  </mo>
  <mo fdn="SubNetwork=ONRM_RootMo_R,MeContext=LTE03ERBS00073,ManagedElement=1,ENodeBFunction=1,EUtranCellFDD=LTE03ERBS00073-1,EUtranFreqRelation=1,EUtranCellRelation=5" lastModified="1287512249461" mimName="ERBS_NODE_MODEL" mimVersion="A.9.50.J.9.1">
    <attr name="isRemoveAllowed">false</attr>
    <attr name="neighborCellRef">SubNetwork=ONRM_RootMo_R,MeContext=LTE03ERBS00073,ManagedElement=1,ENodeBFunction=1,EUtraNetwork=1,ExternalENodeBFunction=385,ExternalEUtranCellFDD=2</attr>
    <attr name="anrCreated">false</attr>
    <attr name="isHoAllowed">true</attr>
  </mo>
  <mo fdn="SubNetwork=ONRM_RootMo_R,MeContext=LTE03ERBS00073,ManagedElement=1,ENodeBFunction=1,EUtranCellFDD=LTE03ERBS00073-1,EUtranFreqRelation=1,EUtranCellRelation=8" lastModified="1287512249454" mimName="ERBS_NODE_MODEL" mimVersion="A.9.50.J.9.1">
    <attr name="isRemoveAllowed">false</attr>
    <attr name="neighborCellRef">SubNetwork=ONRM_RootMo_R,MeContext=LTE03ERBS00073,ManagedElement=1,ENodeBFunction=1,EUtraNetwork=1,ExternalENodeBFunction=387,ExternalEUtranCellFDD=1</attr>
    <attr name="anrCreated">false</attr>
    <attr name="isHoAllowed">true</attr>
  </mo>
  <mo fdn="SubNetwork=ONRM_RootMo_R,MeContext=LTE03ERBS00073,ManagedElement=1,ENodeBFunction=1,EUtranCellFDD=LTE03ERBS00073-1,EUtranFreqRelation=1,EUtranCellRelation=9" lastModified="1287512249455" mimName="ERBS_NODE_MODEL" mimVersion="A.9.50.J.9.1">
    <attr name="isRemoveAllowed">false</attr>
    <attr name="neighborCellRef">SubNetwork=ONRM_RootMo_R,MeContext=LTE03ERBS00073,ManagedElement=1,ENodeBFunction=1,EUtraNetwork=1,ExternalENodeBFunction=387,ExternalEUtranCellFDD=2</attr>
    <attr name="anrCreated">false</attr>
    <attr name="isHoAllowed">true</attr>
  </mo>
  <mo fdn="SubNetwork=ONRM_RootMo_R,MeContext=LTE03ERBS00073,ManagedElement=1,ENodeBFunction=1,EUtranCellFDD=LTE03ERBS00073-1,EUtranFreqRelation=2,EUtranCellRelation=10" lastModified="1287512249430" mimName="ERBS_NODE_MODEL" mimVersion="A.9.50.J.9.1">
    <attr name="isRemoveAllowed">false</attr>
    <attr name="neighborCellRef">SubNetwork=ONRM_RootMo_R,MeContext=LTE03ERBS00073,ManagedElement=1,ENodeBFunction=1,EUtraNetwork=1,ExternalENodeBFunction=388,ExternalEUtranCellFDD=1</attr>
    <attr name="anrCreated">false</attr>
    <attr name="isHoAllowed">true</attr>
  </mo>
  <mo fdn="SubNetwork=ONRM_RootMo_R,MeContext=LTE03ERBS00073,ManagedElement=1,ENodeBFunction=1,EUtranCellFDD=LTE03ERBS00073-1,EUtranFreqRelation=2,EUtranCellRelation=11" lastModified="1287512249425" mimName="ERBS_NODE_MODEL" mimVersion="A.9.50.J.9.1">
    <attr name="isRemoveAllowed">false</attr>
    <attr name="neighborCellRef">SubNetwork=ONRM_RootMo_R,MeContext=LTE03ERBS00073,ManagedElement=1,ENodeBFunction=1,EUtraNetwork=1,ExternalENodeBFunction=388,ExternalEUtranCellFDD=2</attr>
    <attr name="anrCreated">false</attr>
    <attr name="isHoAllowed">true</attr>
  </mo>
  <mo fdn="SubNetwork=ONRM_RootMo_R,MeContext=LTE03ERBS00073,ManagedElement=1,ENodeBFunction=1,EUtranCellFDD=LTE03ERBS00073-1,EUtranFreqRelation=2,EUtranCellRelation=14" lastModified="1287512249412" mimName="ERBS_NODE_MODEL" mimVersion="A.9.50.J.9.1">
    <attr name="isRemoveAllowed">false</attr>
    <attr name="neighborCellRef">SubNetwork=ONRM_RootMo_R,MeContext=LTE03ERBS00073,ManagedElement=1,ENodeBFunction=1,EUtraNetwork=1,ExternalENodeBFunction=390,ExternalEUtranCellFDD=1</attr>
    <attr name="anrCreated">false</attr>
    <attr name="isHoAllowed">true</attr>
  </mo>
  <mo fdn="SubNetwork=ONRM_RootMo_R,MeContext=LTE03ERBS00073,ManagedElement=1,ENodeBFunction=1,EUtranCellFDD=LTE03ERBS00073-1,EUtranFreqRelation=2,EUtranCellRelation=15" lastModified="1287512249443" mimName="ERBS_NODE_MODEL" mimVersion="A.9.50.J.9.1">
    <attr name="isRemoveAllowed">false</attr>
    <attr name="neighborCellRef">SubNetwork=ONRM_RootMo_R,MeContext=LTE03ERBS00073,ManagedElement=1,ENodeBFunction=1,EUtraNetwork=1,ExternalENodeBFunction=390,ExternalEUtranCellFDD=2</attr>
    <attr name="anrCreated">false</attr>
    <attr name="isHoAllowed">true</attr>
  </mo>
  <mo fdn="SubNetwork=ONRM_RootMo_R,MeContext=LTE03ERBS00073,ManagedElement=1,ENodeBFunction=1,EUtranCellFDD=LTE03ERBS00073-1,EUtranFreqRelation=2,EUtranCellRelation=18" lastModified="1287512249436" mimName="ERBS_NODE_MODEL" mimVersion="A.9.50.J.9.1">
    <attr name="isRemoveAllowed">false</attr>
    <attr name="neighborCellRef">SubNetwork=ONRM_RootMo_R,MeContext=LTE03ERBS00073,ManagedElement=1,ENodeBFunction=1,EUtraNetwork=1,ExternalENodeBFunction=392,ExternalEUtranCellFDD=1</attr>
    <attr name="anrCreated">false</attr>
    <attr name="isHoAllowed">true</attr>
  </mo>
  <mo fdn="SubNetwork=ONRM_RootMo_R,MeContext=LTE03ERBS00073,ManagedElement=1,ENodeBFunction=1,EUtranCellFDD=LTE03ERBS00073-1,EUtranFreqRelation=2,EUtranCellRelation=19" lastModified="1287512249433" mimName="ERBS_NODE_MODEL" mimVersion="A.9.50.J.9.1">
    <attr name="isRemoveAllowed">false</attr>
    <attr name="neighborCellRef">SubNetwork=ONRM_RootMo_R,MeContext=LTE03ERBS00073,ManagedElement=1,ENodeBFunction=1,EUtraNetwork=1,ExternalENodeBFunction=392,ExternalEUtranCellFDD=2</attr>
    <attr name="anrCreated">false</attr>
    <attr name="isHoAllowed">true</attr>
  </mo>
  <mo fdn="SubNetwork=ONRM_RootMo_R,MeContext=LTE03ERBS00073,ManagedElement=1,ENodeBFunction=1,EUtranCellFDD=LTE03ERBS00073-1,EUtranFreqRelation=2,EUtranCellRelation=20" lastModified="1287512249432" mimName="ERBS_NODE_MODEL" mimVersion="A.9.50.J.9.1">
    <attr name="isRemoveAllowed">false</attr>
    <attr name="neighborCellRef">SubNetwork=ONRM_RootMo_R,MeContext=LTE03ERBS00073,ManagedElement=1,ENodeBFunction=1,EUtraNetwork=1,ExternalENodeBFunction=394,ExternalEUtranCellFDD=1</attr>
    <attr name="anrCreated">false</attr>
    <attr name="isHoAllowed">true</attr>
  </mo>
  <mo fdn="SubNetwork=ONRM_RootMo_R,MeContext=LTE03ERBS00073,ManagedElement=1,ENodeBFunction=1,EUtranCellFDD=LTE03ERBS00073-1,EUtranFreqRelation=2,EUtranCellRelation=21" lastModified="1287512249431" mimName="ERBS_NODE_MODEL" mimVersion="A.9.50.J.9.1">
    <attr name="isRemoveAllowed">false</attr>
    <attr name="neighborCellRef">SubNetwork=ONRM_RootMo_R,MeContext=LTE03ERBS00073,ManagedElement=1,ENodeBFunction=1,EUtraNetwork=1,ExternalENodeBFunction=394,ExternalEUtranCellFDD=2</attr>
    <attr name="anrCreated">false</attr>
    <attr name="isHoAllowed">true</attr>
  </mo>
  <mo fdn="SubNetwork=ONRM_RootMo_R,MeContext=LTE03ERBS00073,ManagedElement=1,ENodeBFunction=1,EUtranCellFDD=LTE03ERBS00073-1,EUtranFreqRelation=2,EUtranCellRelation=24" lastModified="1287512249428" mimName="ERBS_NODE_MODEL" mimVersion="A.9.50.J.9.1">
    <attr name="isRemoveAllowed">false</attr>
    <attr name="neighborCellRef">SubNetwork=ONRM_RootMo_R,MeContext=LTE03ERBS00073,ManagedElement=1,ENodeBFunction=1,EUtraNetwork=1,ExternalENodeBFunction=396,ExternalEUtranCellFDD=1</attr>
    <attr name="anrCreated">false</attr>
    <attr name="isHoAllowed">true</attr>
  </mo>
  <mo fdn="SubNetwork=ONRM_RootMo_R,MeContext=LTE03ERBS00073,ManagedElement=1,ENodeBFunction=1,EUtranCellFDD=LTE03ERBS00073-1,EUtranFreqRelation=2,EUtranCellRelation=25" lastModified="1287512249424" mimName="ERBS_NODE_MODEL" mimVersion="A.9.50.J.9.1">
    <attr name="isRemoveAllowed">false</attr>
    <attr name="neighborCellRef">SubNetwork=ONRM_RootMo_R,MeContext=LTE03ERBS00073,ManagedElement=1,ENodeBFunction=1,EUtraNetwork=1,ExternalENodeBFunction=396,ExternalEUtranCellFDD=2</attr>
    <attr name="anrCreated">false</attr>
    <attr name="isHoAllowed">true</attr>
  </mo>
  <mo fdn="SubNetwork=ONRM_RootMo_R,MeContext=LTE03ERBS00073,ManagedElement=1,ENodeBFunction=1,EUtranCellFDD=LTE03ERBS00073-1,EUtranFreqRelation=2,EUtranCellRelation=28" lastModified="1287512249441" mimName="ERBS_NODE_MODEL" mimVersion="A.9.50.J.9.1">
    <attr name="isRemoveAllowed">false</attr>
    <attr name="neighborCellRef">SubNetwork=ONRM_RootMo_R,MeContext=LTE03ERBS00073,ManagedElement=1,ENodeBFunction=1,EUtraNetwork=1,ExternalENodeBFunction=398,ExternalEUtranCellFDD=1</attr>
    <attr name="anrCreated">false</attr>
    <attr name="isHoAllowed">true</attr>
  </mo>
  <mo fdn="SubNetwork=ONRM_RootMo_R,MeContext=LTE03ERBS00073,ManagedElement=1,ENodeBFunction=1,EUtranCellFDD=LTE03ERBS00073-1,EUtranFreqRelation=2,EUtranCellRelation=29" lastModified="1287512249438" mimName="ERBS_NODE_MODEL" mimVersion="A.9.50.J.9.1">
    <attr name="isRemoveAllowed">false</attr>
    <attr name="neighborCellRef">SubNetwork=ONRM_RootMo_R,MeContext=LTE03ERBS00073,ManagedElement=1,ENodeBFunction=1,EUtraNetwork=1,ExternalENodeBFunction=398,ExternalEUtranCellFDD=2</attr>
    <attr name="anrCreated">false</attr>
    <attr name="isHoAllowed">true</attr>
  </mo>
  <mo fdn="SubNetwork=ONRM_RootMo_R,MeContext=LTE03ERBS00073,ManagedElement=1,ENodeBFunction=1,EUtranCellFDD=LTE03ERBS00073-1,EUtranFreqRelation=2,EUtranCellRelation=32" lastModified="1287507041064" mimName="ERBS_NODE_MODEL" mimVersion="A.9.50.J.9.1">
    <attr name="isRemoveAllowed">false</attr>
    <attr name="neighborCellRef">SubNetwork=ONRM_RootMo_R,MeContext=LTE03ERBS00073,ManagedElement=1,ENodeBFunction=1,EUtraNetwork=1,ExternalENodeBFunction=400,ExternalEUtranCellFDD=1</attr>
    <attr name="anrCreated">false</attr>
    <attr name="isHoAllowed">true</attr>
  </mo>
  <mo fdn="SubNetwork=ONRM_RootMo_R,MeContext=LTE03ERBS00073,ManagedElement=1,ENodeBFunction=1,EUtranCellFDD=LTE03ERBS00073-1,EUtranFreqRelation=2,EUtranCellRelation=33" lastModified="1287507041066" mimName="ERBS_NODE_MODEL" mimVersion="A.9.50.J.9.1">
    <attr name="isRemoveAllowed">false</attr>
    <attr name="neighborCellRef">SubNetwork=ONRM_RootMo_R,MeContext=LTE03ERBS00073,ManagedElement=1,ENodeBFunction=1,EUtraNetwork=1,ExternalENodeBFunction=400,ExternalEUtranCellFDD=2</attr>
    <attr name="anrCreated">false</attr>
    <attr name="isHoAllowed">true</attr>
  </mo>
  <mo fdn="SubNetwork=ONRM_RootMo_R,MeContext=LTE03ERBS00073,ManagedElement=1,ENodeBFunction=1,EUtranCellFDD=LTE03ERBS00073-1,EUtranFreqRelation=2,EUtranCellRelation=6" lastModified="1287512249434" mimName="ERBS_NODE_MODEL" mimVersion="A.9.50.J.9.1">
    <attr name="isRemoveAllowed">false</attr>
    <attr name="neighborCellRef">SubNetwork=ONRM_RootMo_R,MeContext=LTE03ERBS00073,ManagedElement=1,ENodeBFunction=1,EUtraNetwork=1,ExternalENodeBFunction=386,ExternalEUtranCellFDD=1</attr>
    <attr name="anrCreated">false</attr>
    <attr name="isHoAllowed">true</attr>
  </mo>
  <mo fdn="SubNetwork=ONRM_RootMo_R,MeContext=LTE03ERBS00073,ManagedElement=1,ENodeBFunction=1,EUtranCellFDD=LTE03ERBS00073-1,EUtranFreqRelation=2,EUtranCellRelation=7" lastModified="1287512249437" mimName="ERBS_NODE_MODEL" mimVersion="A.9.50.J.9.1">
    <attr name="isRemoveAllowed">false</attr>
    <attr name="neighborCellRef">SubNetwork=ONRM_RootMo_R,MeContext=LTE03ERBS00073,ManagedElement=1,ENodeBFunction=1,EUtraNetwork=1,ExternalENodeBFunction=386,ExternalEUtranCellFDD=2</attr>
    <attr name="anrCreated">false</attr>
    <attr name="isHoAllowed">true</attr>
  </mo>
  <mo fdn="SubNetwork=ONRM_RootMo_R,MeContext=LTE03ERBS00073,ManagedElement=1,ENodeBFunction=1,EUtranCellFDD=LTE03ERBS00073-2" lastModified="1287519728680" mimName="ERBS_NODE_MODEL" mimVersion="A.9.50.J.9.1">
    <attr name="EUtranCellFDDId">LTE03ERBS00073-2</attr>
    <attr name="earfcnul">18000</attr>
    <attr name="cellId">2</attr>
    <attr name="tac">48906</attr>
    <attr name="bPlmnList">
      <seq count="1">
        <item>
          <struct>
            <attr name="mcc">311</attr>
            <attr name="mnc">480</attr>
            <attr name="mncLength">2</attr>
          </struct>
        </item>
      </seq>
    </attr>
    <attr name="earfcndl">0</attr>
    <attr name="userLabel">LTE03ERBS00073-2</attr>
  </mo>
  <mo fdn="SubNetwork=ONRM_RootMo_R,MeContext=LTE03ERBS00073,ManagedElement=1,ENodeBFunction=1,EUtranCellFDD=LTE03ERBS00073-2,EUtranFreqRelation=1,EUtranCellRelation=1" lastModified="1287501906205" mimName="ERBS_NODE_MODEL" mimVersion="A.9.50.J.9.1">
    <attr name="isRemoveAllowed">false</attr>
    <attr name="neighborCellRef">SubNetwork=ONRM_RootMo_R,MeContext=LTE03ERBS00073,ManagedElement=1,ENodeBFunction=1,EUtranCellFDD=LTE03ERBS00073-1</attr>
    <attr name="anrCreated">false</attr>
    <attr name="isHoAllowed">true</attr>
  </mo>
  <mo fdn="SubNetwork=ONRM_RootMo_R,MeContext=LTE03ERBS00073,ManagedElement=1,ENodeBFunction=1,EUtranCellFDD=LTE03ERBS00073-2,EUtranFreqRelation=1,EUtranCellRelation=12" lastModified="1287512250434" mimName="ERBS_NODE_MODEL" mimVersion="A.9.50.J.9.1">
    <attr name="isRemoveAllowed">false</attr>
    <attr name="neighborCellRef">SubNetwork=ONRM_RootMo_R,MeContext=LTE03ERBS00073,ManagedElement=1,ENodeBFunction=1,EUtraNetwork=1,ExternalENodeBFunction=389,ExternalEUtranCellFDD=1</attr>
    <attr name="anrCreated">false</attr>
    <attr name="isHoAllowed">true</attr>
  </mo>
  <mo fdn="SubNetwork=ONRM_RootMo_R,MeContext=LTE03ERBS00073,ManagedElement=1,ENodeBFunction=1,EUtranCellFDD=LTE03ERBS00073-2,EUtranFreqRelation=1,EUtranCellRelation=13" lastModified="1287512250432" mimName="ERBS_NODE_MODEL" mimVersion="A.9.50.J.9.1">
    <attr name="isRemoveAllowed">false</attr>
    <attr name="neighborCellRef">SubNetwork=ONRM_RootMo_R,MeContext=LTE03ERBS00073,ManagedElement=1,ENodeBFunction=1,EUtraNetwork=1,ExternalENodeBFunction=389,ExternalEUtranCellFDD=2</attr>
    <attr name="anrCreated">false</attr>
    <attr name="isHoAllowed">true</attr>
  </mo>
  <mo fdn="SubNetwork=ONRM_RootMo_R,MeContext=LTE03ERBS00073,ManagedElement=1,ENodeBFunction=1,EUtranCellFDD=LTE03ERBS00073-2,EUtranFreqRelation=1,EUtranCellRelation=16" lastModified="1287512250439" mimName="ERBS_NODE_MODEL" mimVersion="A.9.50.J.9.1">
    <attr name="isRemoveAllowed">false</attr>
    <attr name="neighborCellRef">SubNetwork=ONRM_RootMo_R,MeContext=LTE03ERBS00073,ManagedElement=1,ENodeBFunction=1,EUtraNetwork=1,ExternalENodeBFunction=391,ExternalEUtranCellFDD=1</attr>
    <attr name="anrCreated">false</attr>
    <attr name="isHoAllowed">true</attr>
  </mo>
  <mo fdn="SubNetwork=ONRM_RootMo_R,MeContext=LTE03ERBS00073,ManagedElement=1,ENodeBFunction=1,EUtranCellFDD=LTE03ERBS00073-2,EUtranFreqRelation=1,EUtranCellRelation=17" lastModified="1287512250439" mimName="ERBS_NODE_MODEL" mimVersion="A.9.50.J.9.1">
    <attr name="isRemoveAllowed">false</attr>
    <attr name="neighborCellRef">SubNetwork=ONRM_RootMo_R,MeContext=LTE03ERBS00073,ManagedElement=1,ENodeBFunction=1,EUtraNetwork=1,ExternalENodeBFunction=391,ExternalEUtranCellFDD=2</attr>
    <attr name="anrCreated">false</attr>
    <attr name="isHoAllowed">true</attr>
  </mo>
  <mo fdn="SubNetwork=ONRM_RootMo_R,MeContext=LTE03ERBS00073,ManagedElement=1,ENodeBFunction=1,EUtranCellFDD=LTE03ERBS00073-2,EUtranFreqRelation=1,EUtranCellRelation=2" lastModified="1287501906202" mimName="ERBS_NODE_MODEL" mimVersion="A.9.50.J.9.1">
    <attr name="isRemoveAllowed">false</attr>
    <attr name="neighborCellRef">SubNetwork=ONRM_RootMo_R,MeContext=LTE03ERBS00073,ManagedElement=1,ENodeBFunction=1,EUtranCellFDD=LTE03ERBS00073-3</attr>
    <attr name="anrCreated">false</attr>
    <attr name="isHoAllowed">true</attr>
  </mo>
  <mo fdn="SubNetwork=ONRM_RootMo_R,MeContext=LTE03ERBS00073,ManagedElement=1,ENodeBFunction=1,EUtranCellFDD=LTE03ERBS00073-2,EUtranFreqRelation=1,EUtranCellRelation=22" lastModified="1287512250430" mimName="ERBS_NODE_MODEL" mimVersion="A.9.50.J.9.1">
    <attr name="isRemoveAllowed">false</attr>
    <attr name="neighborCellRef">SubNetwork=ONRM_RootMo_R,MeContext=LTE03ERBS00073,ManagedElement=1,ENodeBFunction=1,EUtraNetwork=1,ExternalENodeBFunction=395,ExternalEUtranCellFDD=1</attr>
    <attr name="anrCreated">false</attr>
    <attr name="isHoAllowed">true</attr>
  </mo>
  <mo fdn="SubNetwork=ONRM_RootMo_R,MeContext=LTE03ERBS00073,ManagedElement=1,ENodeBFunction=1,EUtranCellFDD=LTE03ERBS00073-2,EUtranFreqRelation=1,EUtranCellRelation=23" lastModified="1287512250427" mimName="ERBS_NODE_MODEL" mimVersion="A.9.50.J.9.1">
    <attr name="isRemoveAllowed">false</attr>
    <attr name="neighborCellRef">SubNetwork=ONRM_RootMo_R,MeContext=LTE03ERBS00073,ManagedElement=1,ENodeBFunction=1,EUtraNetwork=1,ExternalENodeBFunction=395,ExternalEUtranCellFDD=2</attr>
    <attr name="anrCreated">false</attr>
    <attr name="isHoAllowed">true</attr>
  </mo>
  <mo fdn="SubNetwork=ONRM_RootMo_R,MeContext=LTE03ERBS00073,ManagedElement=1,ENodeBFunction=1,EUtranCellFDD=LTE03ERBS00073-2,EUtranFreqRelation=1,EUtranCellRelation=26" lastModified="1287512250437" mimName="ERBS_NODE_MODEL" mimVersion="A.9.50.J.9.1">
    <attr name="isRemoveAllowed">false</attr>
    <attr name="neighborCellRef">SubNetwork=ONRM_RootMo_R,MeContext=LTE03ERBS00073,ManagedElement=1,ENodeBFunction=1,EUtraNetwork=1,ExternalENodeBFunction=397,ExternalEUtranCellFDD=1</attr>
    <attr name="anrCreated">false</attr>
    <attr name="isHoAllowed">true</attr>
  </mo>
  <mo fdn="SubNetwork=ONRM_RootMo_R,MeContext=LTE03ERBS00073,ManagedElement=1,ENodeBFunction=1,EUtranCellFDD=LTE03ERBS00073-2,EUtranFreqRelation=1,EUtranCellRelation=27" lastModified="1287512250437" mimName="ERBS_NODE_MODEL" mimVersion="A.9.50.J.9.1">
    <attr name="isRemoveAllowed">false</attr>
    <attr name="neighborCellRef">SubNetwork=ONRM_RootMo_R,MeContext=LTE03ERBS00073,ManagedElement=1,ENodeBFunction=1,EUtraNetwork=1,ExternalENodeBFunction=397,ExternalEUtranCellFDD=2</attr>
    <attr name="anrCreated">false</attr>
    <attr name="isHoAllowed">true</attr>
  </mo>
  <mo fdn="SubNetwork=ONRM_RootMo_R,MeContext=LTE03ERBS00073,ManagedElement=1,ENodeBFunction=1,EUtranCellFDD=LTE03ERBS00073-2,EUtranFreqRelation=1,EUtranCellRelation=3" lastModified="1287501906198" mimName="ERBS_NODE_MODEL" mimVersion="A.9.50.J.9.1">
    <attr name="isRemoveAllowed">false</attr>
    <attr name="neighborCellRef">SubNetwork=ONRM_RootMo_R,MeContext=LTE03ERBS00073,ManagedElement=1,ENodeBFunction=1,EUtranCellFDD=LTE03ERBS00073-4</attr>
    <attr name="anrCreated">false</attr>
    <attr name="isHoAllowed">true</attr>
  </mo>
  <mo fdn="SubNetwork=ONRM_RootMo_R,MeContext=LTE03ERBS00073,ManagedElement=1,ENodeBFunction=1,EUtranCellFDD=LTE03ERBS00073-2,EUtranFreqRelation=1,EUtranCellRelation=30" lastModified="1287512250433" mimName="ERBS_NODE_MODEL" mimVersion="A.9.50.J.9.1">
    <attr name="isRemoveAllowed">false</attr>
    <attr name="neighborCellRef">SubNetwork=ONRM_RootMo_R,MeContext=LTE03ERBS00073,ManagedElement=1,ENodeBFunction=1,EUtraNetwork=1,ExternalENodeBFunction=399,ExternalEUtranCellFDD=1</attr>
    <attr name="anrCreated">false</attr>
    <attr name="isHoAllowed">true</attr>
  </mo>
  <mo fdn="SubNetwork=ONRM_RootMo_R,MeContext=LTE03ERBS00073,ManagedElement=1,ENodeBFunction=1,EUtranCellFDD=LTE03ERBS00073-2,EUtranFreqRelation=1,EUtranCellRelation=31" lastModified="1287512250429" mimName="ERBS_NODE_MODEL" mimVersion="A.9.50.J.9.1">
    <attr name="isRemoveAllowed">false</attr>
    <attr name="neighborCellRef">SubNetwork=ONRM_RootMo_R,MeContext=LTE03ERBS00073,ManagedElement=1,ENodeBFunction=1,EUtraNetwork=1,ExternalENodeBFunction=399,ExternalEUtranCellFDD=2</attr>
    <attr name="anrCreated">false</attr>
    <attr name="isHoAllowed">true</attr>
  </mo>
  <mo fdn="SubNetwork=ONRM_RootMo_R,MeContext=LTE03ERBS00073,ManagedElement=1,ENodeBFunction=1,EUtranCellFDD=LTE03ERBS00073-2,EUtranFreqRelation=1,EUtranCellRelation=4" lastModified="1287512250440" mimName="ERBS_NODE_MODEL" mimVersion="A.9.50.J.9.1">
    <attr name="isRemoveAllowed">false</attr>
    <attr name="neighborCellRef">SubNetwork=ONRM_RootMo_R,MeContext=LTE03ERBS00073,ManagedElement=1,ENodeBFunction=1,EUtraNetwork=1,ExternalENodeBFunction=385,ExternalEUtranCellFDD=1</attr>
    <attr name="anrCreated">false</attr>
    <attr name="isHoAllowed">true</attr>
  </mo>
  <mo fdn="SubNetwork=ONRM_RootMo_R,MeContext=LTE03ERBS00073,ManagedElement=1,ENodeBFunction=1,EUtranCellFDD=LTE03ERBS00073-2,EUtranFreqRelation=1,EUtranCellRelation=5" lastModified="1287512250441" mimName="ERBS_NODE_MODEL" mimVersion="A.9.50.J.9.1">
    <attr name="isRemoveAllowed">false</attr>
    <attr name="neighborCellRef">SubNetwork=ONRM_RootMo_R,MeContext=LTE03ERBS00073,ManagedElement=1,ENodeBFunction=1,EUtraNetwork=1,ExternalENodeBFunction=385,ExternalEUtranCellFDD=2</attr>
    <attr name="anrCreated">false</attr>
    <attr name="isHoAllowed">true</attr>
  </mo>
  <mo fdn="SubNetwork=ONRM_RootMo_R,MeContext=LTE03ERBS00073,ManagedElement=1,ENodeBFunction=1,EUtranCellFDD=LTE03ERBS00073-2,EUtranFreqRelation=1,EUtranCellRelation=8" lastModified="1287512250435" mimName="ERBS_NODE_MODEL" mimVersion="A.9.50.J.9.1">
    <attr name="isRemoveAllowed">false</attr>
    <attr name="neighborCellRef">SubNetwork=ONRM_RootMo_R,MeContext=LTE03ERBS00073,ManagedElement=1,ENodeBFunction=1,EUtraNetwork=1,ExternalENodeBFunction=387,ExternalEUtranCellFDD=1</attr>
    <attr name="anrCreated">false</attr>
    <attr name="isHoAllowed">true</attr>
  </mo>
  <mo fdn="SubNetwork=ONRM_RootMo_R,MeContext=LTE03ERBS00073,ManagedElement=1,ENodeBFunction=1,EUtranCellFDD=LTE03ERBS00073-2,EUtranFreqRelation=1,EUtranCellRelation=9" lastModified="1287512250436" mimName="ERBS_NODE_MODEL" mimVersion="A.9.50.J.9.1">
    <attr name="isRemoveAllowed">false</attr>
    <attr name="neighborCellRef">SubNetwork=ONRM_RootMo_R,MeContext=LTE03ERBS00073,ManagedElement=1,ENodeBFunction=1,EUtraNetwork=1,ExternalENodeBFunction=387,ExternalEUtranCellFDD=2</attr>
    <attr name="anrCreated">false</attr>
    <attr name="isHoAllowed">true</attr>
  </mo>
  <mo fdn="SubNetwork=ONRM_RootMo_R,MeContext=LTE03ERBS00073,ManagedElement=1,ENodeBFunction=1,EUtranCellFDD=LTE03ERBS00073-2,EUtranFreqRelation=2,EUtranCellRelation=10" lastModified="1287512250413" mimName="ERBS_NODE_MODEL" mimVersion="A.9.50.J.9.1">
    <attr name="isRemoveAllowed">false</attr>
    <attr name="neighborCellRef">SubNetwork=ONRM_RootMo_R,MeContext=LTE03ERBS00073,ManagedElement=1,ENodeBFunction=1,EUtraNetwork=1,ExternalENodeBFunction=388,ExternalEUtranCellFDD=1</attr>
    <attr name="anrCreated">false</attr>
    <attr name="isHoAllowed">true</attr>
  </mo>
  <mo fdn="SubNetwork=ONRM_RootMo_R,MeContext=LTE03ERBS00073,ManagedElement=1,ENodeBFunction=1,EUtranCellFDD=LTE03ERBS00073-2,EUtranFreqRelation=2,EUtranCellRelation=11" lastModified="1287512250411" mimName="ERBS_NODE_MODEL" mimVersion="A.9.50.J.9.1">
    <attr name="isRemoveAllowed">false</attr>
    <attr name="neighborCellRef">SubNetwork=ONRM_RootMo_R,MeContext=LTE03ERBS00073,ManagedElement=1,ENodeBFunction=1,EUtraNetwork=1,ExternalENodeBFunction=388,ExternalEUtranCellFDD=2</attr>
    <attr name="anrCreated">false</attr>
    <attr name="isHoAllowed">true</attr>
  </mo>
  <mo fdn="SubNetwork=ONRM_RootMo_R,MeContext=LTE03ERBS00073,ManagedElement=1,ENodeBFunction=1,EUtranCellFDD=LTE03ERBS00073-2,EUtranFreqRelation=2,EUtranCellRelation=14" lastModified="1287512250397" mimName="ERBS_NODE_MODEL" mimVersion="A.9.50.J.9.1">
    <attr name="isRemoveAllowed">false</attr>
    <attr name="neighborCellRef">SubNetwork=ONRM_RootMo_R,MeContext=LTE03ERBS00073,ManagedElement=1,ENodeBFunction=1,EUtraNetwork=1,ExternalENodeBFunction=390,ExternalEUtranCellFDD=1</attr>
    <attr name="anrCreated">false</attr>
    <attr name="isHoAllowed">true</attr>
  </mo>
  <mo fdn="SubNetwork=ONRM_RootMo_R,MeContext=LTE03ERBS00073,ManagedElement=1,ENodeBFunction=1,EUtranCellFDD=LTE03ERBS00073-2,EUtranFreqRelation=2,EUtranCellRelation=15" lastModified="1287512250424" mimName="ERBS_NODE_MODEL" mimVersion="A.9.50.J.9.1">
    <attr name="isRemoveAllowed">false</attr>
    <attr name="neighborCellRef">SubNetwork=ONRM_RootMo_R,MeContext=LTE03ERBS00073,ManagedElement=1,ENodeBFunction=1,EUtraNetwork=1,ExternalENodeBFunction=390,ExternalEUtranCellFDD=2</attr>
    <attr name="anrCreated">false</attr>
    <attr name="isHoAllowed">true</attr>
  </mo>
  <mo fdn="SubNetwork=ONRM_RootMo_R,MeContext=LTE03ERBS00073,ManagedElement=1,ENodeBFunction=1,EUtranCellFDD=LTE03ERBS00073-2,EUtranFreqRelation=2,EUtranCellRelation=18" lastModified="1287512250419" mimName="ERBS_NODE_MODEL" mimVersion="A.9.50.J.9.1">
    <attr name="isRemoveAllowed">false</attr>
    <attr name="neighborCellRef">SubNetwork=ONRM_RootMo_R,MeContext=LTE03ERBS00073,ManagedElement=1,ENodeBFunction=1,EUtraNetwork=1,ExternalENodeBFunction=392,ExternalEUtranCellFDD=1</attr>
    <attr name="anrCreated">false</attr>
    <attr name="isHoAllowed">true</attr>
  </mo>
  <mo fdn="SubNetwork=ONRM_RootMo_R,MeContext=LTE03ERBS00073,ManagedElement=1,ENodeBFunction=1,EUtranCellFDD=LTE03ERBS00073-2,EUtranFreqRelation=2,EUtranCellRelation=19" lastModified="1287512250417" mimName="ERBS_NODE_MODEL" mimVersion="A.9.50.J.9.1">
    <attr name="isRemoveAllowed">false</attr>
    <attr name="neighborCellRef">SubNetwork=ONRM_RootMo_R,MeContext=LTE03ERBS00073,ManagedElement=1,ENodeBFunction=1,EUtraNetwork=1,ExternalENodeBFunction=392,ExternalEUtranCellFDD=2</attr>
    <attr name="anrCreated">false</attr>
    <attr name="isHoAllowed">true</attr>
  </mo>
  <mo fdn="SubNetwork=ONRM_RootMo_R,MeContext=LTE03ERBS00073,ManagedElement=1,ENodeBFunction=1,EUtranCellFDD=LTE03ERBS00073-2,EUtranFreqRelation=2,EUtranCellRelation=20" lastModified="1287512250416" mimName="ERBS_NODE_MODEL" mimVersion="A.9.50.J.9.1">
    <attr name="isRemoveAllowed">false</attr>
    <attr name="neighborCellRef">SubNetwork=ONRM_RootMo_R,MeContext=LTE03ERBS00073,ManagedElement=1,ENodeBFunction=1,EUtraNetwork=1,ExternalENodeBFunction=394,ExternalEUtranCellFDD=1</attr>
    <attr name="anrCreated">false</attr>
    <attr name="isHoAllowed">true</attr>
  </mo>
  <mo fdn="SubNetwork=ONRM_RootMo_R,MeContext=LTE03ERBS00073,ManagedElement=1,ENodeBFunction=1,EUtranCellFDD=LTE03ERBS00073-2,EUtranFreqRelation=2,EUtranCellRelation=21" lastModified="1287512250414" mimName="ERBS_NODE_MODEL" mimVersion="A.9.50.J.9.1">
    <attr name="isRemoveAllowed">false</attr>
    <attr name="neighborCellRef">SubNetwork=ONRM_RootMo_R,MeContext=LTE03ERBS00073,ManagedElement=1,ENodeBFunction=1,EUtraNetwork=1,ExternalENodeBFunction=394,ExternalEUtranCellFDD=2</attr>
    <attr name="anrCreated">false</attr>
    <attr name="isHoAllowed">true</attr>
  </mo>
  <mo fdn="SubNetwork=ONRM_RootMo_R,MeContext=LTE03ERBS00073,ManagedElement=1,ENodeBFunction=1,EUtranCellFDD=LTE03ERBS00073-2,EUtranFreqRelation=2,EUtranCellRelation=24" lastModified="1287512250412" mimName="ERBS_NODE_MODEL" mimVersion="A.9.50.J.9.1">
    <attr name="isRemoveAllowed">false</attr>
    <attr name="neighborCellRef">SubNetwork=ONRM_RootMo_R,MeContext=LTE03ERBS00073,ManagedElement=1,ENodeBFunction=1,EUtraNetwork=1,ExternalENodeBFunction=396,ExternalEUtranCellFDD=1</attr>
    <attr name="anrCreated">false</attr>
    <attr name="isHoAllowed">true</attr>
  </mo>
  <mo fdn="SubNetwork=ONRM_RootMo_R,MeContext=LTE03ERBS00073,ManagedElement=1,ENodeBFunction=1,EUtranCellFDD=LTE03ERBS00073-2,EUtranFreqRelation=2,EUtranCellRelation=25" lastModified="1287512250409" mimName="ERBS_NODE_MODEL" mimVersion="A.9.50.J.9.1">
    <attr name="isRemoveAllowed">false</attr>
    <attr name="neighborCellRef">SubNetwork=ONRM_RootMo_R,MeContext=LTE03ERBS00073,ManagedElement=1,ENodeBFunction=1,EUtraNetwork=1,ExternalENodeBFunction=396,ExternalEUtranCellFDD=2</attr>
    <attr name="anrCreated">false</attr>
    <attr name="isHoAllowed">true</attr>
  </mo>
  <mo fdn="SubNetwork=ONRM_RootMo_R,MeContext=LTE03ERBS00073,ManagedElement=1,ENodeBFunction=1,EUtranCellFDD=LTE03ERBS00073-2,EUtranFreqRelation=2,EUtranCellRelation=28" lastModified="1287512250423" mimName="ERBS_NODE_MODEL" mimVersion="A.9.50.J.9.1">
    <attr name="isRemoveAllowed">false</attr>
    <attr name="neighborCellRef">SubNetwork=ONRM_RootMo_R,MeContext=LTE03ERBS00073,ManagedElement=1,ENodeBFunction=1,EUtraNetwork=1,ExternalENodeBFunction=398,ExternalEUtranCellFDD=1</attr>
    <attr name="anrCreated">false</attr>
    <attr name="isHoAllowed">true</attr>
  </mo>
  <mo fdn="SubNetwork=ONRM_RootMo_R,MeContext=LTE03ERBS00073,ManagedElement=1,ENodeBFunction=1,EUtranCellFDD=LTE03ERBS00073-2,EUtranFreqRelation=2,EUtranCellRelation=29" lastModified="1287512250422" mimName="ERBS_NODE_MODEL" mimVersion="A.9.50.J.9.1">
    <attr name="isRemoveAllowed">false</attr>
    <attr name="neighborCellRef">SubNetwork=ONRM_RootMo_R,MeContext=LTE03ERBS00073,ManagedElement=1,ENodeBFunction=1,EUtraNetwork=1,ExternalENodeBFunction=398,ExternalEUtranCellFDD=2</attr>
    <attr name="anrCreated">false</attr>
    <attr name="isHoAllowed">true</attr>
  </mo>
  <mo fdn="SubNetwork=ONRM_RootMo_R,MeContext=LTE03ERBS00073,ManagedElement=1,ENodeBFunction=1,EUtranCellFDD=LTE03ERBS00073-2,EUtranFreqRelation=2,EUtranCellRelation=32" lastModified="1287507040870" mimName="ERBS_NODE_MODEL" mimVersion="A.9.50.J.9.1">
    <attr name="isRemoveAllowed">false</attr>
    <attr name="neighborCellRef">SubNetwork=ONRM_RootMo_R,MeContext=LTE03ERBS00073,ManagedElement=1,ENodeBFunction=1,EUtraNetwork=1,ExternalENodeBFunction=400,ExternalEUtranCellFDD=1</attr>
    <attr name="anrCreated">false</attr>
    <attr name="isHoAllowed">true</attr>
  </mo>
  <mo fdn="SubNetwork=ONRM_RootMo_R,MeContext=LTE03ERBS00073,ManagedElement=1,ENodeBFunction=1,EUtranCellFDD=LTE03ERBS00073-2,EUtranFreqRelation=2,EUtranCellRelation=33" lastModified="1287507040873" mimName="ERBS_NODE_MODEL" mimVersion="A.9.50.J.9.1">
    <attr name="isRemoveAllowed">false</attr>
    <attr name="neighborCellRef">SubNetwork=ONRM_RootMo_R,MeContext=LTE03ERBS00073,ManagedElement=1,ENodeBFunction=1,EUtraNetwork=1,ExternalENodeBFunction=400,ExternalEUtranCellFDD=2</attr>
    <attr name="anrCreated">false</attr>
    <attr name="isHoAllowed">true</attr>
  </mo>
  <mo fdn="SubNetwork=ONRM_RootMo_R,MeContext=LTE03ERBS00073,ManagedElement=1,ENodeBFunction=1,EUtranCellFDD=LTE03ERBS00073-2,EUtranFreqRelation=2,EUtranCellRelation=6" lastModified="1287512250418" mimName="ERBS_NODE_MODEL" mimVersion="A.9.50.J.9.1">
    <attr name="isRemoveAllowed">false</attr>
    <attr name="neighborCellRef">SubNetwork=ONRM_RootMo_R,MeContext=LTE03ERBS00073,ManagedElement=1,ENodeBFunction=1,EUtraNetwork=1,ExternalENodeBFunction=386,ExternalEUtranCellFDD=1</attr>
    <attr name="anrCreated">false</attr>
    <attr name="isHoAllowed">true</attr>
  </mo>
  <mo fdn="SubNetwork=ONRM_RootMo_R,MeContext=LTE03ERBS00073,ManagedElement=1,ENodeBFunction=1,EUtranCellFDD=LTE03ERBS00073-2,EUtranFreqRelation=2,EUtranCellRelation=7" lastModified="1287512250420" mimName="ERBS_NODE_MODEL" mimVersion="A.9.50.J.9.1">
    <attr name="isRemoveAllowed">false</attr>
    <attr name="neighborCellRef">SubNetwork=ONRM_RootMo_R,MeContext=LTE03ERBS00073,ManagedElement=1,ENodeBFunction=1,EUtraNetwork=1,ExternalENodeBFunction=386,ExternalEUtranCellFDD=2</attr>
    <attr name="anrCreated">false</attr>
    <attr name="isHoAllowed">true</attr>
  </mo>
  <mo fdn="SubNetwork=ONRM_RootMo_R,MeContext=LTE03ERBS00073,ManagedElement=1,ENodeBFunction=1,EUtranCellFDD=LTE03ERBS00073-3" lastModified="1287519729004" mimName="ERBS_NODE_MODEL" mimVersion="A.9.50.J.9.1">
    <attr name="EUtranCellFDDId">LTE03ERBS00073-3</attr>
    <attr name="earfcnul">18000</attr>
    <attr name="cellId">3</attr>
    <attr name="tac">48906</attr>
    <attr name="bPlmnList">
      <seq count="1">
        <item>
          <struct>
            <attr name="mcc">311</attr>
            <attr name="mnc">480</attr>
            <attr name="mncLength">2</attr>
          </struct>
        </item>
      </seq>
    </attr>
    <attr name="earfcndl">0</attr>
    <attr name="userLabel">LTE03ERBS00073-3</attr>
  </mo>
  <mo fdn="SubNetwork=ONRM_RootMo_R,MeContext=LTE03ERBS00073,ManagedElement=1,ENodeBFunction=1,EUtranCellFDD=LTE03ERBS00073-3,EUtranFreqRelation=1,EUtranCellRelation=1" lastModified="1287501906120" mimName="ERBS_NODE_MODEL" mimVersion="A.9.50.J.9.1">
    <attr name="isRemoveAllowed">false</attr>
    <attr name="neighborCellRef">SubNetwork=ONRM_RootMo_R,MeContext=LTE03ERBS00073,ManagedElement=1,ENodeBFunction=1,EUtranCellFDD=LTE03ERBS00073-1</attr>
    <attr name="anrCreated">false</attr>
    <attr name="isHoAllowed">true</attr>
  </mo>
  <mo fdn="SubNetwork=ONRM_RootMo_R,MeContext=LTE03ERBS00073,ManagedElement=1,ENodeBFunction=1,EUtranCellFDD=LTE03ERBS00073-3,EUtranFreqRelation=1,EUtranCellRelation=12" lastModified="1287512251580" mimName="ERBS_NODE_MODEL" mimVersion="A.9.50.J.9.1">
    <attr name="isRemoveAllowed">false</attr>
    <attr name="neighborCellRef">SubNetwork=ONRM_RootMo_R,MeContext=LTE03ERBS00073,ManagedElement=1,ENodeBFunction=1,EUtraNetwork=1,ExternalENodeBFunction=389,ExternalEUtranCellFDD=3</attr>
    <attr name="anrCreated">false</attr>
    <attr name="isHoAllowed">true</attr>
  </mo>
  <mo fdn="SubNetwork=ONRM_RootMo_R,MeContext=LTE03ERBS00073,ManagedElement=1,ENodeBFunction=1,EUtranCellFDD=LTE03ERBS00073-3,EUtranFreqRelation=1,EUtranCellRelation=13" lastModified="1287512251578" mimName="ERBS_NODE_MODEL" mimVersion="A.9.50.J.9.1">
    <attr name="isRemoveAllowed">false</attr>
    <attr name="neighborCellRef">SubNetwork=ONRM_RootMo_R,MeContext=LTE03ERBS00073,ManagedElement=1,ENodeBFunction=1,EUtraNetwork=1,ExternalENodeBFunction=389,ExternalEUtranCellFDD=4</attr>
    <attr name="anrCreated">false</attr>
    <attr name="isHoAllowed">true</attr>
  </mo>
  <mo fdn="SubNetwork=ONRM_RootMo_R,MeContext=LTE03ERBS00073,ManagedElement=1,ENodeBFunction=1,EUtranCellFDD=LTE03ERBS00073-3,EUtranFreqRelation=1,EUtranCellRelation=16" lastModified="1287512251588" mimName="ERBS_NODE_MODEL" mimVersion="A.9.50.J.9.1">
    <attr name="isRemoveAllowed">false</attr>
    <attr name="neighborCellRef">SubNetwork=ONRM_RootMo_R,MeContext=LTE03ERBS00073,ManagedElement=1,ENodeBFunction=1,EUtraNetwork=1,ExternalENodeBFunction=391,ExternalEUtranCellFDD=3</attr>
    <attr name="anrCreated">false</attr>
    <attr name="isHoAllowed">true</attr>
  </mo>
  <mo fdn="SubNetwork=ONRM_RootMo_R,MeContext=LTE03ERBS00073,ManagedElement=1,ENodeBFunction=1,EUtranCellFDD=LTE03ERBS00073-3,EUtranFreqRelation=1,EUtranCellRelation=17" lastModified="1287512251587" mimName="ERBS_NODE_MODEL" mimVersion="A.9.50.J.9.1">
    <attr name="isRemoveAllowed">false</attr>
    <attr name="neighborCellRef">SubNetwork=ONRM_RootMo_R,MeContext=LTE03ERBS00073,ManagedElement=1,ENodeBFunction=1,EUtraNetwork=1,ExternalENodeBFunction=391,ExternalEUtranCellFDD=4</attr>
    <attr name="anrCreated">false</attr>
    <attr name="isHoAllowed">true</attr>
  </mo>
  <mo fdn="SubNetwork=ONRM_RootMo_R,MeContext=LTE03ERBS00073,ManagedElement=1,ENodeBFunction=1,EUtranCellFDD=LTE03ERBS00073-3,EUtranFreqRelation=1,EUtranCellRelation=2" lastModified="1287501906079" mimName="ERBS_NODE_MODEL" mimVersion="A.9.50.J.9.1">
    <attr name="isRemoveAllowed">false</attr>
    <attr name="neighborCellRef">SubNetwork=ONRM_RootMo_R,MeContext=LTE03ERBS00073,ManagedElement=1,ENodeBFunction=1,EUtranCellFDD=LTE03ERBS00073-2</attr>
    <attr name="anrCreated">false</attr>
    <attr name="isHoAllowed">true</attr>
  </mo>
  <mo fdn="SubNetwork=ONRM_RootMo_R,MeContext=LTE03ERBS00073,ManagedElement=1,ENodeBFunction=1,EUtranCellFDD=LTE03ERBS00073-3,EUtranFreqRelation=1,EUtranCellRelation=22" lastModified="1287512251577" mimName="ERBS_NODE_MODEL" mimVersion="A.9.50.J.9.1">
    <attr name="isRemoveAllowed">false</attr>
    <attr name="neighborCellRef">SubNetwork=ONRM_RootMo_R,MeContext=LTE03ERBS00073,ManagedElement=1,ENodeBFunction=1,EUtraNetwork=1,ExternalENodeBFunction=395,ExternalEUtranCellFDD=3</attr>
    <attr name="anrCreated">false</attr>
    <attr name="isHoAllowed">true</attr>
  </mo>
  <mo fdn="SubNetwork=ONRM_RootMo_R,MeContext=LTE03ERBS00073,ManagedElement=1,ENodeBFunction=1,EUtranCellFDD=LTE03ERBS00073-3,EUtranFreqRelation=1,EUtranCellRelation=23" lastModified="1287512251574" mimName="ERBS_NODE_MODEL" mimVersion="A.9.50.J.9.1">
    <attr name="isRemoveAllowed">false</attr>
    <attr name="neighborCellRef">SubNetwork=ONRM_RootMo_R,MeContext=LTE03ERBS00073,ManagedElement=1,ENodeBFunction=1,EUtraNetwork=1,ExternalENodeBFunction=395,ExternalEUtranCellFDD=4</attr>
    <attr name="anrCreated">false</attr>
    <attr name="isHoAllowed">true</attr>
  </mo>
  <mo fdn="SubNetwork=ONRM_RootMo_R,MeContext=LTE03ERBS00073,ManagedElement=1,ENodeBFunction=1,EUtranCellFDD=LTE03ERBS00073-3,EUtranFreqRelation=1,EUtranCellRelation=26" lastModified="1287512251586" mimName="ERBS_NODE_MODEL" mimVersion="A.9.50.J.9.1">
    <attr name="isRemoveAllowed">false</attr>
    <attr name="neighborCellRef">SubNetwork=ONRM_RootMo_R,MeContext=LTE03ERBS00073,ManagedElement=1,ENodeBFunction=1,EUtraNetwork=1,ExternalENodeBFunction=397,ExternalEUtranCellFDD=3</attr>
    <attr name="anrCreated">false</attr>
    <attr name="isHoAllowed">true</attr>
  </mo>
  <mo fdn="SubNetwork=ONRM_RootMo_R,MeContext=LTE03ERBS00073,ManagedElement=1,ENodeBFunction=1,EUtranCellFDD=LTE03ERBS00073-3,EUtranFreqRelation=1,EUtranCellRelation=27" lastModified="1287512251585" mimName="ERBS_NODE_MODEL" mimVersion="A.9.50.J.9.1">
    <attr name="isRemoveAllowed">false</attr>
    <attr name="neighborCellRef">SubNetwork=ONRM_RootMo_R,MeContext=LTE03ERBS00073,ManagedElement=1,ENodeBFunction=1,EUtraNetwork=1,ExternalENodeBFunction=397,ExternalEUtranCellFDD=4</attr>
    <attr name="anrCreated">false</attr>
    <attr name="isHoAllowed">true</attr>
  </mo>
  <mo fdn="SubNetwork=ONRM_RootMo_R,MeContext=LTE03ERBS00073,ManagedElement=1,ENodeBFunction=1,EUtranCellFDD=LTE03ERBS00073-3,EUtranFreqRelation=1,EUtranCellRelation=3" lastModified="1287501906065" mimName="ERBS_NODE_MODEL" mimVersion="A.9.50.J.9.1">
    <attr name="isRemoveAllowed">false</attr>
    <attr name="neighborCellRef">SubNetwork=ONRM_RootMo_R,MeContext=LTE03ERBS00073,ManagedElement=1,ENodeBFunction=1,EUtranCellFDD=LTE03ERBS00073-4</attr>
    <attr name="anrCreated">false</attr>
    <attr name="isHoAllowed">true</attr>
  </mo>
  <mo fdn="SubNetwork=ONRM_RootMo_R,MeContext=LTE03ERBS00073,ManagedElement=1,ENodeBFunction=1,EUtranCellFDD=LTE03ERBS00073-3,EUtranFreqRelation=1,EUtranCellRelation=30" lastModified="1287512251579" mimName="ERBS_NODE_MODEL" mimVersion="A.9.50.J.9.1">
    <attr name="isRemoveAllowed">false</attr>
    <attr name="neighborCellRef">SubNetwork=ONRM_RootMo_R,MeContext=LTE03ERBS00073,ManagedElement=1,ENodeBFunction=1,EUtraNetwork=1,ExternalENodeBFunction=399,ExternalEUtranCellFDD=3</attr>
    <attr name="anrCreated">false</attr>
    <attr name="isHoAllowed">true</attr>
  </mo>
  <mo fdn="SubNetwork=ONRM_RootMo_R,MeContext=LTE03ERBS00073,ManagedElement=1,ENodeBFunction=1,EUtranCellFDD=LTE03ERBS00073-3,EUtranFreqRelation=1,EUtranCellRelation=31" lastModified="1287512251575" mimName="ERBS_NODE_MODEL" mimVersion="A.9.50.J.9.1">
    <attr name="isRemoveAllowed">false</attr>
    <attr name="neighborCellRef">SubNetwork=ONRM_RootMo_R,MeContext=LTE03ERBS00073,ManagedElement=1,ENodeBFunction=1,EUtraNetwork=1,ExternalENodeBFunction=399,ExternalEUtranCellFDD=4</attr>
    <attr name="anrCreated">false</attr>
    <attr name="isHoAllowed">true</attr>
  </mo>
  <mo fdn="SubNetwork=ONRM_RootMo_R,MeContext=LTE03ERBS00073,ManagedElement=1,ENodeBFunction=1,EUtranCellFDD=LTE03ERBS00073-3,EUtranFreqRelation=1,EUtranCellRelation=4" lastModified="1287512251588" mimName="ERBS_NODE_MODEL" mimVersion="A.9.50.J.9.1">
    <attr name="isRemoveAllowed">false</attr>
    <attr name="neighborCellRef">SubNetwork=ONRM_RootMo_R,MeContext=LTE03ERBS00073,ManagedElement=1,ENodeBFunction=1,EUtraNetwork=1,ExternalENodeBFunction=385,ExternalEUtranCellFDD=3</attr>
    <attr name="anrCreated">false</attr>
    <attr name="isHoAllowed">true</attr>
  </mo>
  <mo fdn="SubNetwork=ONRM_RootMo_R,MeContext=LTE03ERBS00073,ManagedElement=1,ENodeBFunction=1,EUtranCellFDD=LTE03ERBS00073-3,EUtranFreqRelation=1,EUtranCellRelation=5" lastModified="1287512251590" mimName="ERBS_NODE_MODEL" mimVersion="A.9.50.J.9.1">
    <attr name="isRemoveAllowed">false</attr>
    <attr name="neighborCellRef">SubNetwork=ONRM_RootMo_R,MeContext=LTE03ERBS00073,ManagedElement=1,ENodeBFunction=1,EUtraNetwork=1,ExternalENodeBFunction=385,ExternalEUtranCellFDD=4</attr>
    <attr name="anrCreated">false</attr>
    <attr name="isHoAllowed">true</attr>
  </mo>
  <mo fdn="SubNetwork=ONRM_RootMo_R,MeContext=LTE03ERBS00073,ManagedElement=1,ENodeBFunction=1,EUtranCellFDD=LTE03ERBS00073-3,EUtranFreqRelation=1,EUtranCellRelation=8" lastModified="1287512251582" mimName="ERBS_NODE_MODEL" mimVersion="A.9.50.J.9.1">
    <attr name="isRemoveAllowed">false</attr>
    <attr name="neighborCellRef">SubNetwork=ONRM_RootMo_R,MeContext=LTE03ERBS00073,ManagedElement=1,ENodeBFunction=1,EUtraNetwork=1,ExternalENodeBFunction=387,ExternalEUtranCellFDD=3</attr>
    <attr name="anrCreated">false</attr>
    <attr name="isHoAllowed">true</attr>
  </mo>
  <mo fdn="SubNetwork=ONRM_RootMo_R,MeContext=LTE03ERBS00073,ManagedElement=1,ENodeBFunction=1,EUtranCellFDD=LTE03ERBS00073-3,EUtranFreqRelation=1,EUtranCellRelation=9" lastModified="1287512251584" mimName="ERBS_NODE_MODEL" mimVersion="A.9.50.J.9.1">
    <attr name="isRemoveAllowed">false</attr>
    <attr name="neighborCellRef">SubNetwork=ONRM_RootMo_R,MeContext=LTE03ERBS00073,ManagedElement=1,ENodeBFunction=1,EUtraNetwork=1,ExternalENodeBFunction=387,ExternalEUtranCellFDD=4</attr>
    <attr name="anrCreated">false</attr>
    <attr name="isHoAllowed">true</attr>
  </mo>
  <mo fdn="SubNetwork=ONRM_RootMo_R,MeContext=LTE03ERBS00073,ManagedElement=1,ENodeBFunction=1,EUtranCellFDD=LTE03ERBS00073-3,EUtranFreqRelation=2,EUtranCellRelation=10" lastModified="1287512251559" mimName="ERBS_NODE_MODEL" mimVersion="A.9.50.J.9.1">
    <attr name="isRemoveAllowed">false</attr>
    <attr name="neighborCellRef">SubNetwork=ONRM_RootMo_R,MeContext=LTE03ERBS00073,ManagedElement=1,ENodeBFunction=1,EUtraNetwork=1,ExternalENodeBFunction=388,ExternalEUtranCellFDD=3</attr>
    <attr name="anrCreated">false</attr>
    <attr name="isHoAllowed">true</attr>
  </mo>
  <mo fdn="SubNetwork=ONRM_RootMo_R,MeContext=LTE03ERBS00073,ManagedElement=1,ENodeBFunction=1,EUtranCellFDD=LTE03ERBS00073-3,EUtranFreqRelation=2,EUtranCellRelation=11" lastModified="1287512251557" mimName="ERBS_NODE_MODEL" mimVersion="A.9.50.J.9.1">
    <attr name="isRemoveAllowed">false</attr>
    <attr name="neighborCellRef">SubNetwork=ONRM_RootMo_R,MeContext=LTE03ERBS00073,ManagedElement=1,ENodeBFunction=1,EUtraNetwork=1,ExternalENodeBFunction=388,ExternalEUtranCellFDD=4</attr>
    <attr name="anrCreated">false</attr>
    <attr name="isHoAllowed">true</attr>
  </mo>
  <mo fdn="SubNetwork=ONRM_RootMo_R,MeContext=LTE03ERBS00073,ManagedElement=1,ENodeBFunction=1,EUtranCellFDD=LTE03ERBS00073-3,EUtranFreqRelation=2,EUtranCellRelation=14" lastModified="1287512251543" mimName="ERBS_NODE_MODEL" mimVersion="A.9.50.J.9.1">
    <attr name="isRemoveAllowed">false</attr>
    <attr name="neighborCellRef">SubNetwork=ONRM_RootMo_R,MeContext=LTE03ERBS00073,ManagedElement=1,ENodeBFunction=1,EUtraNetwork=1,ExternalENodeBFunction=390,ExternalEUtranCellFDD=3</attr>
    <attr name="anrCreated">false</attr>
    <attr name="isHoAllowed">true</attr>
  </mo>
  <mo fdn="SubNetwork=ONRM_RootMo_R,MeContext=LTE03ERBS00073,ManagedElement=1,ENodeBFunction=1,EUtranCellFDD=LTE03ERBS00073-3,EUtranFreqRelation=2,EUtranCellRelation=15" lastModified="1287512251571" mimName="ERBS_NODE_MODEL" mimVersion="A.9.50.J.9.1">
    <attr name="isRemoveAllowed">false</attr>
    <attr name="neighborCellRef">SubNetwork=ONRM_RootMo_R,MeContext=LTE03ERBS00073,ManagedElement=1,ENodeBFunction=1,EUtraNetwork=1,ExternalENodeBFunction=390,ExternalEUtranCellFDD=4</attr>
    <attr name="anrCreated">false</attr>
    <attr name="isHoAllowed">true</attr>
  </mo>
  <mo fdn="SubNetwork=ONRM_RootMo_R,MeContext=LTE03ERBS00073,ManagedElement=1,ENodeBFunction=1,EUtranCellFDD=LTE03ERBS00073-3,EUtranFreqRelation=2,EUtranCellRelation=18" lastModified="1287512251566" mimName="ERBS_NODE_MODEL" mimVersion="A.9.50.J.9.1">
    <attr name="isRemoveAllowed">false</attr>
    <attr name="neighborCellRef">SubNetwork=ONRM_RootMo_R,MeContext=LTE03ERBS00073,ManagedElement=1,ENodeBFunction=1,EUtraNetwork=1,ExternalENodeBFunction=392,ExternalEUtranCellFDD=3</attr>
    <attr name="anrCreated">false</attr>
    <attr name="isHoAllowed">true</attr>
  </mo>
  <mo fdn="SubNetwork=ONRM_RootMo_R,MeContext=LTE03ERBS00073,ManagedElement=1,ENodeBFunction=1,EUtranCellFDD=LTE03ERBS00073-3,EUtranFreqRelation=2,EUtranCellRelation=19" lastModified="1287512251564" mimName="ERBS_NODE_MODEL" mimVersion="A.9.50.J.9.1">
    <attr name="isRemoveAllowed">false</attr>
    <attr name="neighborCellRef">SubNetwork=ONRM_RootMo_R,MeContext=LTE03ERBS00073,ManagedElement=1,ENodeBFunction=1,EUtraNetwork=1,ExternalENodeBFunction=392,ExternalEUtranCellFDD=4</attr>
    <attr name="anrCreated">false</attr>
    <attr name="isHoAllowed">true</attr>
  </mo>
  <mo fdn="SubNetwork=ONRM_RootMo_R,MeContext=LTE03ERBS00073,ManagedElement=1,ENodeBFunction=1,EUtranCellFDD=LTE03ERBS00073-3,EUtranFreqRelation=2,EUtranCellRelation=20" lastModified="1287512251562" mimName="ERBS_NODE_MODEL" mimVersion="A.9.50.J.9.1">
    <attr name="isRemoveAllowed">false</attr>
    <attr name="neighborCellRef">SubNetwork=ONRM_RootMo_R,MeContext=LTE03ERBS00073,ManagedElement=1,ENodeBFunction=1,EUtraNetwork=1,ExternalENodeBFunction=394,ExternalEUtranCellFDD=3</attr>
    <attr name="anrCreated">false</attr>
    <attr name="isHoAllowed">true</attr>
  </mo>
  <mo fdn="SubNetwork=ONRM_RootMo_R,MeContext=LTE03ERBS00073,ManagedElement=1,ENodeBFunction=1,EUtranCellFDD=LTE03ERBS00073-3,EUtranFreqRelation=2,EUtranCellRelation=21" lastModified="1287512251560" mimName="ERBS_NODE_MODEL" mimVersion="A.9.50.J.9.1">
    <attr name="isRemoveAllowed">false</attr>
    <attr name="neighborCellRef">SubNetwork=ONRM_RootMo_R,MeContext=LTE03ERBS00073,ManagedElement=1,ENodeBFunction=1,EUtraNetwork=1,ExternalENodeBFunction=394,ExternalEUtranCellFDD=4</attr>
    <attr name="anrCreated">false</attr>
    <attr name="isHoAllowed">true</attr>
  </mo>
  <mo fdn="SubNetwork=ONRM_RootMo_R,MeContext=LTE03ERBS00073,ManagedElement=1,ENodeBFunction=1,EUtranCellFDD=LTE03ERBS00073-3,EUtranFreqRelation=2,EUtranCellRelation=24" lastModified="1287512251558" mimName="ERBS_NODE_MODEL" mimVersion="A.9.50.J.9.1">
    <attr name="isRemoveAllowed">false</attr>
    <attr name="neighborCellRef">SubNetwork=ONRM_RootMo_R,MeContext=LTE03ERBS00073,ManagedElement=1,ENodeBFunction=1,EUtraNetwork=1,ExternalENodeBFunction=396,ExternalEUtranCellFDD=3</attr>
    <attr name="anrCreated">false</attr>
    <attr name="isHoAllowed">true</attr>
  </mo>
  <mo fdn="SubNetwork=ONRM_RootMo_R,MeContext=LTE03ERBS00073,ManagedElement=1,ENodeBFunction=1,EUtranCellFDD=LTE03ERBS00073-3,EUtranFreqRelation=2,EUtranCellRelation=25" lastModified="1287512251555" mimName="ERBS_NODE_MODEL" mimVersion="A.9.50.J.9.1">
    <attr name="isRemoveAllowed">false</attr>
    <attr name="neighborCellRef">SubNetwork=ONRM_RootMo_R,MeContext=LTE03ERBS00073,ManagedElement=1,ENodeBFunction=1,EUtraNetwork=1,ExternalENodeBFunction=396,ExternalEUtranCellFDD=4</attr>
    <attr name="anrCreated">false</attr>
    <attr name="isHoAllowed">true</attr>
  </mo>
  <mo fdn="SubNetwork=ONRM_RootMo_R,MeContext=LTE03ERBS00073,ManagedElement=1,ENodeBFunction=1,EUtranCellFDD=LTE03ERBS00073-3,EUtranFreqRelation=2,EUtranCellRelation=28" lastModified="1287512251570" mimName="ERBS_NODE_MODEL" mimVersion="A.9.50.J.9.1">
    <attr name="isRemoveAllowed">false</attr>
    <attr name="neighborCellRef">SubNetwork=ONRM_RootMo_R,MeContext=LTE03ERBS00073,ManagedElement=1,ENodeBFunction=1,EUtraNetwork=1,ExternalENodeBFunction=398,ExternalEUtranCellFDD=3</attr>
    <attr name="anrCreated">false</attr>
    <attr name="isHoAllowed">true</attr>
  </mo>
  <mo fdn="SubNetwork=ONRM_RootMo_R,MeContext=LTE03ERBS00073,ManagedElement=1,ENodeBFunction=1,EUtranCellFDD=LTE03ERBS00073-3,EUtranFreqRelation=2,EUtranCellRelation=29" lastModified="1287512251569" mimName="ERBS_NODE_MODEL" mimVersion="A.9.50.J.9.1">
    <attr name="isRemoveAllowed">false</attr>
    <attr name="neighborCellRef">SubNetwork=ONRM_RootMo_R,MeContext=LTE03ERBS00073,ManagedElement=1,ENodeBFunction=1,EUtraNetwork=1,ExternalENodeBFunction=398,ExternalEUtranCellFDD=4</attr>
    <attr name="anrCreated">false</attr>
    <attr name="isHoAllowed">true</attr>
  </mo>
  <mo fdn="SubNetwork=ONRM_RootMo_R,MeContext=LTE03ERBS00073,ManagedElement=1,ENodeBFunction=1,EUtranCellFDD=LTE03ERBS00073-3,EUtranFreqRelation=2,EUtranCellRelation=32" lastModified="1287507040690" mimName="ERBS_NODE_MODEL" mimVersion="A.9.50.J.9.1">
    <attr name="isRemoveAllowed">false</attr>
    <attr name="neighborCellRef">SubNetwork=ONRM_RootMo_R,MeContext=LTE03ERBS00073,ManagedElement=1,ENodeBFunction=1,EUtraNetwork=1,ExternalENodeBFunction=400,ExternalEUtranCellFDD=3</attr>
    <attr name="anrCreated">false</attr>
    <attr name="isHoAllowed">true</attr>
  </mo>
  <mo fdn="SubNetwork=ONRM_RootMo_R,MeContext=LTE03ERBS00073,ManagedElement=1,ENodeBFunction=1,EUtranCellFDD=LTE03ERBS00073-3,EUtranFreqRelation=2,EUtranCellRelation=33" lastModified="1287507040692" mimName="ERBS_NODE_MODEL" mimVersion="A.9.50.J.9.1">
    <attr name="isRemoveAllowed">false</attr>
    <attr name="neighborCellRef">SubNetwork=ONRM_RootMo_R,MeContext=LTE03ERBS00073,ManagedElement=1,ENodeBFunction=1,EUtraNetwork=1,ExternalENodeBFunction=400,ExternalEUtranCellFDD=4</attr>
    <attr name="anrCreated">false</attr>
    <attr name="isHoAllowed">true</attr>
  </mo>
  <mo fdn="SubNetwork=ONRM_RootMo_R,MeContext=LTE03ERBS00073,ManagedElement=1,ENodeBFunction=1,EUtranCellFDD=LTE03ERBS00073-3,EUtranFreqRelation=2,EUtranCellRelation=6" lastModified="1287512251565" mimName="ERBS_NODE_MODEL" mimVersion="A.9.50.J.9.1">
    <attr name="isRemoveAllowed">false</attr>
    <attr name="neighborCellRef">SubNetwork=ONRM_RootMo_R,MeContext=LTE03ERBS00073,ManagedElement=1,ENodeBFunction=1,EUtraNetwork=1,ExternalENodeBFunction=386,ExternalEUtranCellFDD=3</attr>
    <attr name="anrCreated">false</attr>
    <attr name="isHoAllowed">true</attr>
  </mo>
  <mo fdn="SubNetwork=ONRM_RootMo_R,MeContext=LTE03ERBS00073,ManagedElement=1,ENodeBFunction=1,EUtranCellFDD=LTE03ERBS00073-3,EUtranFreqRelation=2,EUtranCellRelation=7" lastModified="1287512251568" mimName="ERBS_NODE_MODEL" mimVersion="A.9.50.J.9.1">
    <attr name="isRemoveAllowed">false</attr>
    <attr name="neighborCellRef">SubNetwork=ONRM_RootMo_R,MeContext=LTE03ERBS00073,ManagedElement=1,ENodeBFunction=1,EUtraNetwork=1,ExternalENodeBFunction=386,ExternalEUtranCellFDD=4</attr>
    <attr name="anrCreated">false</attr>
    <attr name="isHoAllowed">true</attr>
  </mo>
  <mo fdn="SubNetwork=ONRM_RootMo_R,MeContext=LTE03ERBS00073,ManagedElement=1,ENodeBFunction=1,EUtranCellFDD=LTE03ERBS00073-4" lastModified="1287519729343" mimName="ERBS_NODE_MODEL" mimVersion="A.9.50.J.9.1">
    <attr name="EUtranCellFDDId">LTE03ERBS00073-4</attr>
    <attr name="earfcnul">18000</attr>
    <attr name="cellId">4</attr>
    <attr name="tac">1</attr>
    <attr name="bPlmnList">
      <seq count="1">
        <item>
          <struct>
            <attr name="mcc">311</attr>
            <attr name="mnc">480</attr>
            <attr name="mncLength">2</attr>
          </struct>
        </item>
      </seq>
    </attr>
    <attr name="earfcndl">0</attr>
    <attr name="userLabel">LTE03ERBS00073-4</attr>
  </mo>
  <mo fdn="SubNetwork=ONRM_RootMo_R,MeContext=LTE03ERBS00073,ManagedElement=1,ENodeBFunction=1,EUtranCellFDD=LTE03ERBS00073-4,EUtranFreqRelation=1,EUtranCellRelation=1" lastModified="1287501881477" mimName="ERBS_NODE_MODEL" mimVersion="A.9.50.J.9.1">
    <attr name="isRemoveAllowed">false</attr>
    <attr name="neighborCellRef">SubNetwork=ONRM_RootMo_R,MeContext=LTE03ERBS00073,ManagedElement=1,ENodeBFunction=1,EUtranCellFDD=LTE03ERBS00073-1</attr>
    <attr name="anrCreated">false</attr>
    <attr name="isHoAllowed">true</attr>
  </mo>
  <mo fdn="SubNetwork=ONRM_RootMo_R,MeContext=LTE03ERBS00073,ManagedElement=1,ENodeBFunction=1,EUtranCellFDD=LTE03ERBS00073-4,EUtranFreqRelation=1,EUtranCellRelation=12" lastModified="1287512252748" mimName="ERBS_NODE_MODEL" mimVersion="A.9.50.J.9.1">
    <attr name="isRemoveAllowed">false</attr>
    <attr name="neighborCellRef">SubNetwork=ONRM_RootMo_R,MeContext=LTE03ERBS00073,ManagedElement=1,ENodeBFunction=1,EUtraNetwork=1,ExternalENodeBFunction=389,ExternalEUtranCellFDD=3</attr>
    <attr name="anrCreated">false</attr>
    <attr name="isHoAllowed">true</attr>
  </mo>
  <mo fdn="SubNetwork=ONRM_RootMo_R,MeContext=LTE03ERBS00073,ManagedElement=1,ENodeBFunction=1,EUtranCellFDD=LTE03ERBS00073-4,EUtranFreqRelation=1,EUtranCellRelation=13" lastModified="1287512252746" mimName="ERBS_NODE_MODEL" mimVersion="A.9.50.J.9.1">
    <attr name="isRemoveAllowed">false</attr>
    <attr name="neighborCellRef">SubNetwork=ONRM_RootMo_R,MeContext=LTE03ERBS00073,ManagedElement=1,ENodeBFunction=1,EUtraNetwork=1,ExternalENodeBFunction=389,ExternalEUtranCellFDD=4</attr>
    <attr name="anrCreated">false</attr>
    <attr name="isHoAllowed">true</attr>
  </mo>
  <mo fdn="SubNetwork=ONRM_RootMo_R,MeContext=LTE03ERBS00073,ManagedElement=1,ENodeBFunction=1,EUtranCellFDD=LTE03ERBS00073-4,EUtranFreqRelation=1,EUtranCellRelation=16" lastModified="1287512252754" mimName="ERBS_NODE_MODEL" mimVersion="A.9.50.J.9.1">
    <attr name="isRemoveAllowed">false</attr>
    <attr name="neighborCellRef">SubNetwork=ONRM_RootMo_R,MeContext=LTE03ERBS00073,ManagedElement=1,ENodeBFunction=1,EUtraNetwork=1,ExternalENodeBFunction=391,ExternalEUtranCellFDD=3</attr>
    <attr name="anrCreated">false</attr>
    <attr name="isHoAllowed">true</attr>
  </mo>
  <mo fdn="SubNetwork=ONRM_RootMo_R,MeContext=LTE03ERBS00073,ManagedElement=1,ENodeBFunction=1,EUtranCellFDD=LTE03ERBS00073-4,EUtranFreqRelation=1,EUtranCellRelation=17" lastModified="1287512252753" mimName="ERBS_NODE_MODEL" mimVersion="A.9.50.J.9.1">
    <attr name="isRemoveAllowed">false</attr>
    <attr name="neighborCellRef">SubNetwork=ONRM_RootMo_R,MeContext=LTE03ERBS00073,ManagedElement=1,ENodeBFunction=1,EUtraNetwork=1,ExternalENodeBFunction=391,ExternalEUtranCellFDD=4</attr>
    <attr name="anrCreated">false</attr>
    <attr name="isHoAllowed">true</attr>
  </mo>
  <mo fdn="SubNetwork=ONRM_RootMo_R,MeContext=LTE03ERBS00073,ManagedElement=1,ENodeBFunction=1,EUtranCellFDD=LTE03ERBS00073-4,EUtranFreqRelation=1,EUtranCellRelation=2" lastModified="1287501881475" mimName="ERBS_NODE_MODEL" mimVersion="A.9.50.J.9.1">
    <attr name="isRemoveAllowed">false</attr>
    <attr name="neighborCellRef">SubNetwork=ONRM_RootMo_R,MeContext=LTE03ERBS00073,ManagedElement=1,ENodeBFunction=1,EUtranCellFDD=LTE03ERBS00073-2</attr>
    <attr name="anrCreated">false</attr>
    <attr name="isHoAllowed">true</attr>
  </mo>
  <mo fdn="SubNetwork=ONRM_RootMo_R,MeContext=LTE03ERBS00073,ManagedElement=1,ENodeBFunction=1,EUtranCellFDD=LTE03ERBS00073-4,EUtranFreqRelation=1,EUtranCellRelation=22" lastModified="1287512252745" mimName="ERBS_NODE_MODEL" mimVersion="A.9.50.J.9.1">
    <attr name="isRemoveAllowed">false</attr>
    <attr name="neighborCellRef">SubNetwork=ONRM_RootMo_R,MeContext=LTE03ERBS00073,ManagedElement=1,ENodeBFunction=1,EUtraNetwork=1,ExternalENodeBFunction=395,ExternalEUtranCellFDD=3</attr>
    <attr name="anrCreated">false</attr>
    <attr name="isHoAllowed">true</attr>
  </mo>
  <mo fdn="SubNetwork=ONRM_RootMo_R,MeContext=LTE03ERBS00073,ManagedElement=1,ENodeBFunction=1,EUtranCellFDD=LTE03ERBS00073-4,EUtranFreqRelation=1,EUtranCellRelation=23" lastModified="1287512252742" mimName="ERBS_NODE_MODEL" mimVersion="A.9.50.J.9.1">
    <attr name="isRemoveAllowed">false</attr>
    <attr name="neighborCellRef">SubNetwork=ONRM_RootMo_R,MeContext=LTE03ERBS00073,ManagedElement=1,ENodeBFunction=1,EUtraNetwork=1,ExternalENodeBFunction=395,ExternalEUtranCellFDD=4</attr>
    <attr name="anrCreated">false</attr>
    <attr name="isHoAllowed">true</attr>
  </mo>
  <mo fdn="SubNetwork=ONRM_RootMo_R,MeContext=LTE03ERBS00073,ManagedElement=1,ENodeBFunction=1,EUtranCellFDD=LTE03ERBS00073-4,EUtranFreqRelation=1,EUtranCellRelation=26" lastModified="1287512252752" mimName="ERBS_NODE_MODEL" mimVersion="A.9.50.J.9.1">
    <attr name="isRemoveAllowed">false</attr>
    <attr name="neighborCellRef">SubNetwork=ONRM_RootMo_R,MeContext=LTE03ERBS00073,ManagedElement=1,ENodeBFunction=1,EUtraNetwork=1,ExternalENodeBFunction=397,ExternalEUtranCellFDD=3</attr>
    <attr name="anrCreated">false</attr>
    <attr name="isHoAllowed">true</attr>
  </mo>
  <mo fdn="SubNetwork=ONRM_RootMo_R,MeContext=LTE03ERBS00073,ManagedElement=1,ENodeBFunction=1,EUtranCellFDD=LTE03ERBS00073-4,EUtranFreqRelation=1,EUtranCellRelation=27" lastModified="1287512252751" mimName="ERBS_NODE_MODEL" mimVersion="A.9.50.J.9.1">
    <attr name="isRemoveAllowed">false</attr>
    <attr name="neighborCellRef">SubNetwork=ONRM_RootMo_R,MeContext=LTE03ERBS00073,ManagedElement=1,ENodeBFunction=1,EUtraNetwork=1,ExternalENodeBFunction=397,ExternalEUtranCellFDD=4</attr>
    <attr name="anrCreated">false</attr>
    <attr name="isHoAllowed">true</attr>
  </mo>
  <mo fdn="SubNetwork=ONRM_RootMo_R,MeContext=LTE03ERBS00073,ManagedElement=1,ENodeBFunction=1,EUtranCellFDD=LTE03ERBS00073-4,EUtranFreqRelation=1,EUtranCellRelation=3" lastModified="1287501881472" mimName="ERBS_NODE_MODEL" mimVersion="A.9.50.J.9.1">
    <attr name="isRemoveAllowed">false</attr>
    <attr name="neighborCellRef">SubNetwork=ONRM_RootMo_R,MeContext=LTE03ERBS00073,ManagedElement=1,ENodeBFunction=1,EUtranCellFDD=LTE03ERBS00073-3</attr>
    <attr name="anrCreated">false</attr>
    <attr name="isHoAllowed">true</attr>
  </mo>
  <mo fdn="SubNetwork=ONRM_RootMo_R,MeContext=LTE03ERBS00073,ManagedElement=1,ENodeBFunction=1,EUtranCellFDD=LTE03ERBS00073-4,EUtranFreqRelation=1,EUtranCellRelation=30" lastModified="1287512252747" mimName="ERBS_NODE_MODEL" mimVersion="A.9.50.J.9.1">
    <attr name="isRemoveAllowed">false</attr>
    <attr name="neighborCellRef">SubNetwork=ONRM_RootMo_R,MeContext=LTE03ERBS00073,ManagedElement=1,ENodeBFunction=1,EUtraNetwork=1,ExternalENodeBFunction=399,ExternalEUtranCellFDD=3</attr>
    <attr name="anrCreated">false</attr>
    <attr name="isHoAllowed">true</attr>
  </mo>
  <mo fdn="SubNetwork=ONRM_RootMo_R,MeContext=LTE03ERBS00073,ManagedElement=1,ENodeBFunction=1,EUtranCellFDD=LTE03ERBS00073-4,EUtranFreqRelation=1,EUtranCellRelation=31" lastModified="1287512252744" mimName="ERBS_NODE_MODEL" mimVersion="A.9.50.J.9.1">
    <attr name="isRemoveAllowed">false</attr>
    <attr name="neighborCellRef">SubNetwork=ONRM_RootMo_R,MeContext=LTE03ERBS00073,ManagedElement=1,ENodeBFunction=1,EUtraNetwork=1,ExternalENodeBFunction=399,ExternalEUtranCellFDD=4</attr>
    <attr name="anrCreated">false</attr>
    <attr name="isHoAllowed">true</attr>
  </mo>
  <mo fdn="SubNetwork=ONRM_RootMo_R,MeContext=LTE03ERBS00073,ManagedElement=1,ENodeBFunction=1,EUtranCellFDD=LTE03ERBS00073-4,EUtranFreqRelation=1,EUtranCellRelation=4" lastModified="1287512252754" mimName="ERBS_NODE_MODEL" mimVersion="A.9.50.J.9.1">
    <attr name="isRemoveAllowed">false</attr>
    <attr name="neighborCellRef">SubNetwork=ONRM_RootMo_R,MeContext=LTE03ERBS00073,ManagedElement=1,ENodeBFunction=1,EUtraNetwork=1,ExternalENodeBFunction=385,ExternalEUtranCellFDD=3</attr>
    <attr name="anrCreated">false</attr>
    <attr name="isHoAllowed">true</attr>
  </mo>
  <mo fdn="SubNetwork=ONRM_RootMo_R,MeContext=LTE03ERBS00073,ManagedElement=1,ENodeBFunction=1,EUtranCellFDD=LTE03ERBS00073-4,EUtranFreqRelation=1,EUtranCellRelation=5" lastModified="1287512252755" mimName="ERBS_NODE_MODEL" mimVersion="A.9.50.J.9.1">
    <attr name="isRemoveAllowed">false</attr>
    <attr name="neighborCellRef">SubNetwork=ONRM_RootMo_R,MeContext=LTE03ERBS00073,ManagedElement=1,ENodeBFunction=1,EUtraNetwork=1,ExternalENodeBFunction=385,ExternalEUtranCellFDD=4</attr>
    <attr name="anrCreated">false</attr>
    <attr name="isHoAllowed">true</attr>
  </mo>
  <mo fdn="SubNetwork=ONRM_RootMo_R,MeContext=LTE03ERBS00073,ManagedElement=1,ENodeBFunction=1,EUtranCellFDD=LTE03ERBS00073-4,EUtranFreqRelation=1,EUtranCellRelation=8" lastModified="1287512252749" mimName="ERBS_NODE_MODEL" mimVersion="A.9.50.J.9.1">
    <attr name="isRemoveAllowed">false</attr>
    <attr name="neighborCellRef">SubNetwork=ONRM_RootMo_R,MeContext=LTE03ERBS00073,ManagedElement=1,ENodeBFunction=1,EUtraNetwork=1,ExternalENodeBFunction=387,ExternalEUtranCellFDD=3</attr>
    <attr name="anrCreated">false</attr>
    <attr name="isHoAllowed">true</attr>
  </mo>
  <mo fdn="SubNetwork=ONRM_RootMo_R,MeContext=LTE03ERBS00073,ManagedElement=1,ENodeBFunction=1,EUtranCellFDD=LTE03ERBS00073-4,EUtranFreqRelation=1,EUtranCellRelation=9" lastModified="1287512252750" mimName="ERBS_NODE_MODEL" mimVersion="A.9.50.J.9.1">
    <attr name="isRemoveAllowed">false</attr>
    <attr name="neighborCellRef">SubNetwork=ONRM_RootMo_R,MeContext=LTE03ERBS00073,ManagedElement=1,ENodeBFunction=1,EUtraNetwork=1,ExternalENodeBFunction=387,ExternalEUtranCellFDD=4</attr>
    <attr name="anrCreated">false</attr>
    <attr name="isHoAllowed">true</attr>
  </mo>
  <mo fdn="SubNetwork=ONRM_RootMo_R,MeContext=LTE03ERBS00073,ManagedElement=1,ENodeBFunction=1,EUtranCellFDD=LTE03ERBS00073-4,EUtranFreqRelation=2,EUtranCellRelation=10" lastModified="1287512252726" mimName="ERBS_NODE_MODEL" mimVersion="A.9.50.J.9.1">
    <attr name="isRemoveAllowed">false</attr>
    <attr name="neighborCellRef">SubNetwork=ONRM_RootMo_R,MeContext=LTE03ERBS00073,ManagedElement=1,ENodeBFunction=1,EUtraNetwork=1,ExternalENodeBFunction=388,ExternalEUtranCellFDD=3</attr>
    <attr name="anrCreated">false</attr>
    <attr name="isHoAllowed">true</attr>
  </mo>
  <mo fdn="SubNetwork=ONRM_RootMo_R,MeContext=LTE03ERBS00073,ManagedElement=1,ENodeBFunction=1,EUtranCellFDD=LTE03ERBS00073-4,EUtranFreqRelation=2,EUtranCellRelation=11" lastModified="1287512252723" mimName="ERBS_NODE_MODEL" mimVersion="A.9.50.J.9.1">
    <attr name="isRemoveAllowed">false</attr>
    <attr name="neighborCellRef">SubNetwork=ONRM_RootMo_R,MeContext=LTE03ERBS00073,ManagedElement=1,ENodeBFunction=1,EUtraNetwork=1,ExternalENodeBFunction=388,ExternalEUtranCellFDD=4</attr>
    <attr name="anrCreated">false</attr>
    <attr name="isHoAllowed">true</attr>
  </mo>
  <mo fdn="SubNetwork=ONRM_RootMo_R,MeContext=LTE03ERBS00073,ManagedElement=1,ENodeBFunction=1,EUtranCellFDD=LTE03ERBS00073-4,EUtranFreqRelation=2,EUtranCellRelation=14" lastModified="1287512252710" mimName="ERBS_NODE_MODEL" mimVersion="A.9.50.J.9.1">
    <attr name="isRemoveAllowed">false</attr>
    <attr name="neighborCellRef">SubNetwork=ONRM_RootMo_R,MeContext=LTE03ERBS00073,ManagedElement=1,ENodeBFunction=1,EUtraNetwork=1,ExternalENodeBFunction=390,ExternalEUtranCellFDD=3</attr>
    <attr name="anrCreated">false</attr>
    <attr name="isHoAllowed">true</attr>
  </mo>
  <mo fdn="SubNetwork=ONRM_RootMo_R,MeContext=LTE03ERBS00073,ManagedElement=1,ENodeBFunction=1,EUtranCellFDD=LTE03ERBS00073-4,EUtranFreqRelation=2,EUtranCellRelation=15" lastModified="1287512252738" mimName="ERBS_NODE_MODEL" mimVersion="A.9.50.J.9.1">
    <attr name="isRemoveAllowed">false</attr>
    <attr name="neighborCellRef">SubNetwork=ONRM_RootMo_R,MeContext=LTE03ERBS00073,ManagedElement=1,ENodeBFunction=1,EUtraNetwork=1,ExternalENodeBFunction=390,ExternalEUtranCellFDD=4</attr>
    <attr name="anrCreated">false</attr>
    <attr name="isHoAllowed">true</attr>
  </mo>
  <mo fdn="SubNetwork=ONRM_RootMo_R,MeContext=LTE03ERBS00073,ManagedElement=1,ENodeBFunction=1,EUtranCellFDD=LTE03ERBS00073-4,EUtranFreqRelation=2,EUtranCellRelation=18" lastModified="1287512252732" mimName="ERBS_NODE_MODEL" mimVersion="A.9.50.J.9.1">
    <attr name="isRemoveAllowed">false</attr>
    <attr name="neighborCellRef">SubNetwork=ONRM_RootMo_R,MeContext=LTE03ERBS00073,ManagedElement=1,ENodeBFunction=1,EUtraNetwork=1,ExternalENodeBFunction=392,ExternalEUtranCellFDD=3</attr>
    <attr name="anrCreated">false</attr>
    <attr name="isHoAllowed">true</attr>
  </mo>
  <mo fdn="SubNetwork=ONRM_RootMo_R,MeContext=LTE03ERBS00073,ManagedElement=1,ENodeBFunction=1,EUtranCellFDD=LTE03ERBS00073-4,EUtranFreqRelation=2,EUtranCellRelation=19" lastModified="1287512252729" mimName="ERBS_NODE_MODEL" mimVersion="A.9.50.J.9.1">
    <attr name="isRemoveAllowed">false</attr>
    <attr name="neighborCellRef">SubNetwork=ONRM_RootMo_R,MeContext=LTE03ERBS00073,ManagedElement=1,ENodeBFunction=1,EUtraNetwork=1,ExternalENodeBFunction=392,ExternalEUtranCellFDD=4</attr>
    <attr name="anrCreated">false</attr>
    <attr name="isHoAllowed">true</attr>
  </mo>
  <mo fdn="SubNetwork=ONRM_RootMo_R,MeContext=LTE03ERBS00073,ManagedElement=1,ENodeBFunction=1,EUtranCellFDD=LTE03ERBS00073-4,EUtranFreqRelation=2,EUtranCellRelation=20" lastModified="1287512252728" mimName="ERBS_NODE_MODEL" mimVersion="A.9.50.J.9.1">
    <attr name="isRemoveAllowed">false</attr>
    <attr name="neighborCellRef">SubNetwork=ONRM_RootMo_R,MeContext=LTE03ERBS00073,ManagedElement=1,ENodeBFunction=1,EUtraNetwork=1,ExternalENodeBFunction=394,ExternalEUtranCellFDD=3</attr>
    <attr name="anrCreated">false</attr>
    <attr name="isHoAllowed">true</attr>
  </mo>
  <mo fdn="SubNetwork=ONRM_RootMo_R,MeContext=LTE03ERBS00073,ManagedElement=1,ENodeBFunction=1,EUtranCellFDD=LTE03ERBS00073-4,EUtranFreqRelation=2,EUtranCellRelation=21" lastModified="1287512252727" mimName="ERBS_NODE_MODEL" mimVersion="A.9.50.J.9.1">
    <attr name="isRemoveAllowed">false</attr>
    <attr name="neighborCellRef">SubNetwork=ONRM_RootMo_R,MeContext=LTE03ERBS00073,ManagedElement=1,ENodeBFunction=1,EUtraNetwork=1,ExternalENodeBFunction=394,ExternalEUtranCellFDD=4</attr>
    <attr name="anrCreated">false</attr>
    <attr name="isHoAllowed">true</attr>
  </mo>
  <mo fdn="SubNetwork=ONRM_RootMo_R,MeContext=LTE03ERBS00073,ManagedElement=1,ENodeBFunction=1,EUtranCellFDD=LTE03ERBS00073-4,EUtranFreqRelation=2,EUtranCellRelation=24" lastModified="1287512252725" mimName="ERBS_NODE_MODEL" mimVersion="A.9.50.J.9.1">
    <attr name="isRemoveAllowed">false</attr>
    <attr name="neighborCellRef">SubNetwork=ONRM_RootMo_R,MeContext=LTE03ERBS00073,ManagedElement=1,ENodeBFunction=1,EUtraNetwork=1,ExternalENodeBFunction=396,ExternalEUtranCellFDD=3</attr>
    <attr name="anrCreated">false</attr>
    <attr name="isHoAllowed">true</attr>
  </mo>
  <mo fdn="SubNetwork=ONRM_RootMo_R,MeContext=LTE03ERBS00073,ManagedElement=1,ENodeBFunction=1,EUtranCellFDD=LTE03ERBS00073-4,EUtranFreqRelation=2,EUtranCellRelation=25" lastModified="1287512252722" mimName="ERBS_NODE_MODEL" mimVersion="A.9.50.J.9.1">
    <attr name="isRemoveAllowed">false</attr>
    <attr name="neighborCellRef">SubNetwork=ONRM_RootMo_R,MeContext=LTE03ERBS00073,ManagedElement=1,ENodeBFunction=1,EUtraNetwork=1,ExternalENodeBFunction=396,ExternalEUtranCellFDD=4</attr>
    <attr name="anrCreated">false</attr>
    <attr name="isHoAllowed">true</attr>
  </mo>
  <mo fdn="SubNetwork=ONRM_RootMo_R,MeContext=LTE03ERBS00073,ManagedElement=1,ENodeBFunction=1,EUtranCellFDD=LTE03ERBS00073-4,EUtranFreqRelation=2,EUtranCellRelation=28" lastModified="1287512252737" mimName="ERBS_NODE_MODEL" mimVersion="A.9.50.J.9.1">
    <attr name="isRemoveAllowed">false</attr>
    <attr name="neighborCellRef">SubNetwork=ONRM_RootMo_R,MeContext=LTE03ERBS00073,ManagedElement=1,ENodeBFunction=1,EUtraNetwork=1,ExternalENodeBFunction=398,ExternalEUtranCellFDD=3</attr>
    <attr name="anrCreated">false</attr>
    <attr name="isHoAllowed">true</attr>
  </mo>
  <mo fdn="SubNetwork=ONRM_RootMo_R,MeContext=LTE03ERBS00073,ManagedElement=1,ENodeBFunction=1,EUtranCellFDD=LTE03ERBS00073-4,EUtranFreqRelation=2,EUtranCellRelation=29" lastModified="1287512252736" mimName="ERBS_NODE_MODEL" mimVersion="A.9.50.J.9.1">
    <attr name="isRemoveAllowed">false</attr>
    <attr name="neighborCellRef">SubNetwork=ONRM_RootMo_R,MeContext=LTE03ERBS00073,ManagedElement=1,ENodeBFunction=1,EUtraNetwork=1,ExternalENodeBFunction=398,ExternalEUtranCellFDD=4</attr>
    <attr name="anrCreated">false</attr>
    <attr name="isHoAllowed">true</attr>
  </mo>
  <mo fdn="SubNetwork=ONRM_RootMo_R,MeContext=LTE03ERBS00073,ManagedElement=1,ENodeBFunction=1,EUtranCellFDD=LTE03ERBS00073-4,EUtranFreqRelation=2,EUtranCellRelation=32" lastModified="1287507040453" mimName="ERBS_NODE_MODEL" mimVersion="A.9.50.J.9.1">
    <attr name="isRemoveAllowed">false</attr>
    <attr name="neighborCellRef">SubNetwork=ONRM_RootMo_R,MeContext=LTE03ERBS00073,ManagedElement=1,ENodeBFunction=1,EUtraNetwork=1,ExternalENodeBFunction=400,ExternalEUtranCellFDD=3</attr>
    <attr name="anrCreated">false</attr>
    <attr name="isHoAllowed">true</attr>
  </mo>
  <mo fdn="SubNetwork=ONRM_RootMo_R,MeContext=LTE03ERBS00073,ManagedElement=1,ENodeBFunction=1,EUtranCellFDD=LTE03ERBS00073-4,EUtranFreqRelation=2,EUtranCellRelation=33" lastModified="1287507040456" mimName="ERBS_NODE_MODEL" mimVersion="A.9.50.J.9.1">
    <attr name="isRemoveAllowed">false</attr>
    <attr name="neighborCellRef">SubNetwork=ONRM_RootMo_R,MeContext=LTE03ERBS00073,ManagedElement=1,ENodeBFunction=1,EUtraNetwork=1,ExternalENodeBFunction=400,ExternalEUtranCellFDD=4</attr>
    <attr name="anrCreated">false</attr>
    <attr name="isHoAllowed">true</attr>
  </mo>
  <mo fdn="SubNetwork=ONRM_RootMo_R,MeContext=LTE03ERBS00073,ManagedElement=1,ENodeBFunction=1,EUtranCellFDD=LTE03ERBS00073-4,EUtranFreqRelation=2,EUtranCellRelation=6" lastModified="1287512252731" mimName="ERBS_NODE_MODEL" mimVersion="A.9.50.J.9.1">
    <attr name="isRemoveAllowed">false</attr>
    <attr name="neighborCellRef">SubNetwork=ONRM_RootMo_R,MeContext=LTE03ERBS00073,ManagedElement=1,ENodeBFunction=1,EUtraNetwork=1,ExternalENodeBFunction=386,ExternalEUtranCellFDD=3</attr>
    <attr name="anrCreated">false</attr>
    <attr name="isHoAllowed">true</attr>
  </mo>
  <mo fdn="SubNetwork=ONRM_RootMo_R,MeContext=LTE03ERBS00073,ManagedElement=1,ENodeBFunction=1,EUtranCellFDD=LTE03ERBS00073-4,EUtranFreqRelation=2,EUtranCellRelation=7" lastModified="1287512252734" mimName="ERBS_NODE_MODEL" mimVersion="A.9.50.J.9.1">
    <attr name="isRemoveAllowed">false</attr>
    <attr name="neighborCellRef">SubNetwork=ONRM_RootMo_R,MeContext=LTE03ERBS00073,ManagedElement=1,ENodeBFunction=1,EUtraNetwork=1,ExternalENodeBFunction=386,ExternalEUtranCellFDD=4</attr>
    <attr name="anrCreated">false</attr>
    <attr name="isHoAllowed">true</attr>
  </mo>
</model>
