<?xml version="1.0" encoding="UTF-8" standalone="no"?><!-- Generated by nmsadm --><!-- Generated on Thu Oct 28 14:37:03 BST 2010 --><!-- Generated from configuration valid --><!-- Query - Base MO SubNetwork=ONRM_RootMo_R,MeContext=LTE02ERBS00134; Scope 8 --><model>
  <mo fdn="SubNetwork=ONRM_RootMo_R,MeContext=LTE02ERBS00134" lastModified="1288105286679" mimName="ERBS_NODE_MODEL" mimVersion="A.9.50.J.9.1">
    <attr name="MeContextId">LTE02ERBS00134</attr>
    <attr name="neMIMversion">vA.9.40</attr>
    <attr name="siteRef">SubNetwork=ONRM_RootMo_R,Site=LTE02ERBS00134</attr>
    <attr name="userLabel">LTE02ERBS00134</attr>
  </mo>
  <mo fdn="SubNetwork=ONRM_RootMo_R,MeContext=LTE02ERBS00134,ManagedElement=1,ENodeBFunction=1" lastModified="1287501667007" mimName="ERBS_NODE_MODEL" mimVersion="A.9.50.J.9.1">
    <attr name="eNodeBPlmnId">
      <struct>
        <attr name="mcc">311</attr>
        <attr name="mnc">480</attr>
        <attr name="mncLength">2</attr>
      </struct>
    </attr>
    <attr name="eNBId">191090</attr>
  </mo>
  <mo fdn="SubNetwork=ONRM_RootMo_R,MeContext=LTE02ERBS00134,ManagedElement=1,ENodeBFunction=1,EUtranCellFDD=LTE02ERBS00134-1" lastModified="1287512220651" mimName="ERBS_NODE_MODEL" mimVersion="A.9.50.J.9.1">
    <attr name="EUtranCellFDDId">LTE02ERBS00134-1</attr>
    <attr name="earfcnul">18000</attr>
    <attr name="cellId">1</attr>
    <attr name="tac">48906</attr>
    <attr name="bPlmnList">
      <seq count="1">
        <item>
          <struct>
            <attr name="mcc">311</attr>
            <attr name="mnc">480</attr>
            <attr name="mncLength">2</attr>
          </struct>
        </item>
      </seq>
    </attr>
    <attr name="earfcndl">0</attr>
    <attr name="userLabel">LTE02ERBS00134-1</attr>
  </mo>
  <mo fdn="SubNetwork=ONRM_RootMo_R,MeContext=LTE02ERBS00134,ManagedElement=1,ENodeBFunction=1,EUtranCellFDD=LTE02ERBS00134-1,EUtranFreqRelation=1,EUtranCellRelation=12" lastModified="1287505396240" mimName="ERBS_NODE_MODEL" mimVersion="A.9.50.J.9.1">
    <attr name="isRemoveAllowed">false</attr>
    <attr name="neighborCellRef">SubNetwork=ONRM_RootMo_R,MeContext=LTE02ERBS00134,ManagedElement=1,ENodeBFunction=1,EUtraNetwork=1,ExternalENodeBFunction=293,ExternalEUtranCellFDD=1</attr>
    <attr name="anrCreated">false</attr>
    <attr name="isHoAllowed">true</attr>
  </mo>
  <mo fdn="SubNetwork=ONRM_RootMo_R,MeContext=LTE02ERBS00134,ManagedElement=1,ENodeBFunction=1,EUtranCellFDD=LTE02ERBS00134-1,EUtranFreqRelation=1,EUtranCellRelation=13" lastModified="1287505396232" mimName="ERBS_NODE_MODEL" mimVersion="A.9.50.J.9.1">
    <attr name="isRemoveAllowed">false</attr>
    <attr name="neighborCellRef">SubNetwork=ONRM_RootMo_R,MeContext=LTE02ERBS00134,ManagedElement=1,ENodeBFunction=1,EUtraNetwork=1,ExternalENodeBFunction=293,ExternalEUtranCellFDD=2</attr>
    <attr name="anrCreated">false</attr>
    <attr name="isHoAllowed">true</attr>
  </mo>
  <mo fdn="SubNetwork=ONRM_RootMo_R,MeContext=LTE02ERBS00134,ManagedElement=1,ENodeBFunction=1,EUtranCellFDD=LTE02ERBS00134-1,EUtranFreqRelation=1,EUtranCellRelation=14" lastModified="1287512220593" mimName="ERBS_NODE_MODEL" mimVersion="A.9.50.J.9.1">
    <attr name="isRemoveAllowed">false</attr>
    <attr name="neighborCellRef">SubNetwork=ONRM_RootMo_R,MeContext=LTE02ERBS00134,ManagedElement=1,ENodeBFunction=1,EUtraNetwork=1,ExternalENodeBFunction=295,ExternalEUtranCellFDD=1</attr>
    <attr name="anrCreated">false</attr>
    <attr name="isHoAllowed">true</attr>
  </mo>
  <mo fdn="SubNetwork=ONRM_RootMo_R,MeContext=LTE02ERBS00134,ManagedElement=1,ENodeBFunction=1,EUtranCellFDD=LTE02ERBS00134-1,EUtranFreqRelation=1,EUtranCellRelation=15" lastModified="1287512220608" mimName="ERBS_NODE_MODEL" mimVersion="A.9.50.J.9.1">
    <attr name="isRemoveAllowed">false</attr>
    <attr name="neighborCellRef">SubNetwork=ONRM_RootMo_R,MeContext=LTE02ERBS00134,ManagedElement=1,ENodeBFunction=1,EUtraNetwork=1,ExternalENodeBFunction=295,ExternalEUtranCellFDD=2</attr>
    <attr name="anrCreated">false</attr>
    <attr name="isHoAllowed">true</attr>
  </mo>
  <mo fdn="SubNetwork=ONRM_RootMo_R,MeContext=LTE02ERBS00134,ManagedElement=1,ENodeBFunction=1,EUtranCellFDD=LTE02ERBS00134-1,EUtranFreqRelation=1,EUtranCellRelation=18" lastModified="1287505396252" mimName="ERBS_NODE_MODEL" mimVersion="A.9.50.J.9.1">
    <attr name="isRemoveAllowed">false</attr>
    <attr name="neighborCellRef">SubNetwork=ONRM_RootMo_R,MeContext=LTE02ERBS00134,ManagedElement=1,ENodeBFunction=1,EUtraNetwork=1,ExternalENodeBFunction=297,ExternalEUtranCellFDD=1</attr>
    <attr name="anrCreated">false</attr>
    <attr name="isHoAllowed">true</attr>
  </mo>
  <mo fdn="SubNetwork=ONRM_RootMo_R,MeContext=LTE02ERBS00134,ManagedElement=1,ENodeBFunction=1,EUtranCellFDD=LTE02ERBS00134-1,EUtranFreqRelation=1,EUtranCellRelation=19" lastModified="1287505396250" mimName="ERBS_NODE_MODEL" mimVersion="A.9.50.J.9.1">
    <attr name="isRemoveAllowed">false</attr>
    <attr name="neighborCellRef">SubNetwork=ONRM_RootMo_R,MeContext=LTE02ERBS00134,ManagedElement=1,ENodeBFunction=1,EUtraNetwork=1,ExternalENodeBFunction=297,ExternalEUtranCellFDD=2</attr>
    <attr name="anrCreated">false</attr>
    <attr name="isHoAllowed">true</attr>
  </mo>
  <mo fdn="SubNetwork=ONRM_RootMo_R,MeContext=LTE02ERBS00134,ManagedElement=1,ENodeBFunction=1,EUtranCellFDD=LTE02ERBS00134-1,EUtranFreqRelation=1,EUtranCellRelation=22" lastModified="1287505396235" mimName="ERBS_NODE_MODEL" mimVersion="A.9.50.J.9.1">
    <attr name="isRemoveAllowed">false</attr>
    <attr name="neighborCellRef">SubNetwork=ONRM_RootMo_R,MeContext=LTE02ERBS00134,ManagedElement=1,ENodeBFunction=1,EUtraNetwork=1,ExternalENodeBFunction=299,ExternalEUtranCellFDD=1</attr>
    <attr name="anrCreated">false</attr>
    <attr name="isHoAllowed">true</attr>
  </mo>
  <mo fdn="SubNetwork=ONRM_RootMo_R,MeContext=LTE02ERBS00134,ManagedElement=1,ENodeBFunction=1,EUtranCellFDD=LTE02ERBS00134-1,EUtranFreqRelation=1,EUtranCellRelation=23" lastModified="1287505396230" mimName="ERBS_NODE_MODEL" mimVersion="A.9.50.J.9.1">
    <attr name="isRemoveAllowed">false</attr>
    <attr name="neighborCellRef">SubNetwork=ONRM_RootMo_R,MeContext=LTE02ERBS00134,ManagedElement=1,ENodeBFunction=1,EUtraNetwork=1,ExternalENodeBFunction=299,ExternalEUtranCellFDD=2</attr>
    <attr name="anrCreated">false</attr>
    <attr name="isHoAllowed">true</attr>
  </mo>
  <mo fdn="SubNetwork=ONRM_RootMo_R,MeContext=LTE02ERBS00134,ManagedElement=1,ENodeBFunction=1,EUtranCellFDD=LTE02ERBS00134-1,EUtranFreqRelation=1,EUtranCellRelation=26" lastModified="1287505396256" mimName="ERBS_NODE_MODEL" mimVersion="A.9.50.J.9.1">
    <attr name="isRemoveAllowed">false</attr>
    <attr name="neighborCellRef">SubNetwork=ONRM_RootMo_R,MeContext=LTE02ERBS00134,ManagedElement=1,ENodeBFunction=1,EUtraNetwork=1,ExternalENodeBFunction=301,ExternalEUtranCellFDD=1</attr>
    <attr name="anrCreated">false</attr>
    <attr name="isHoAllowed">true</attr>
  </mo>
  <mo fdn="SubNetwork=ONRM_RootMo_R,MeContext=LTE02ERBS00134,ManagedElement=1,ENodeBFunction=1,EUtranCellFDD=LTE02ERBS00134-1,EUtranFreqRelation=1,EUtranCellRelation=27" lastModified="1287505396254" mimName="ERBS_NODE_MODEL" mimVersion="A.9.50.J.9.1">
    <attr name="isRemoveAllowed">false</attr>
    <attr name="neighborCellRef">SubNetwork=ONRM_RootMo_R,MeContext=LTE02ERBS00134,ManagedElement=1,ENodeBFunction=1,EUtraNetwork=1,ExternalENodeBFunction=301,ExternalEUtranCellFDD=2</attr>
    <attr name="anrCreated">false</attr>
    <attr name="isHoAllowed">true</attr>
  </mo>
  <mo fdn="SubNetwork=ONRM_RootMo_R,MeContext=LTE02ERBS00134,ManagedElement=1,ENodeBFunction=1,EUtranCellFDD=LTE02ERBS00134-1,EUtranFreqRelation=1,EUtranCellRelation=30" lastModified="1287505396243" mimName="ERBS_NODE_MODEL" mimVersion="A.9.50.J.9.1">
    <attr name="isRemoveAllowed">false</attr>
    <attr name="neighborCellRef">SubNetwork=ONRM_RootMo_R,MeContext=LTE02ERBS00134,ManagedElement=1,ENodeBFunction=1,EUtraNetwork=1,ExternalENodeBFunction=303,ExternalEUtranCellFDD=1</attr>
    <attr name="anrCreated">false</attr>
    <attr name="isHoAllowed">true</attr>
  </mo>
  <mo fdn="SubNetwork=ONRM_RootMo_R,MeContext=LTE02ERBS00134,ManagedElement=1,ENodeBFunction=1,EUtranCellFDD=LTE02ERBS00134-1,EUtranFreqRelation=1,EUtranCellRelation=31" lastModified="1287505396237" mimName="ERBS_NODE_MODEL" mimVersion="A.9.50.J.9.1">
    <attr name="isRemoveAllowed">false</attr>
    <attr name="neighborCellRef">SubNetwork=ONRM_RootMo_R,MeContext=LTE02ERBS00134,ManagedElement=1,ENodeBFunction=1,EUtraNetwork=1,ExternalENodeBFunction=303,ExternalEUtranCellFDD=2</attr>
    <attr name="anrCreated">false</attr>
    <attr name="isHoAllowed">true</attr>
  </mo>
  <mo fdn="SubNetwork=ONRM_RootMo_R,MeContext=LTE02ERBS00134,ManagedElement=1,ENodeBFunction=1,EUtranCellFDD=LTE02ERBS00134-1,EUtranFreqRelation=1,EUtranCellRelation=4" lastModified="1287505396258" mimName="ERBS_NODE_MODEL" mimVersion="A.9.50.J.9.1">
    <attr name="isRemoveAllowed">false</attr>
    <attr name="neighborCellRef">SubNetwork=ONRM_RootMo_R,MeContext=LTE02ERBS00134,ManagedElement=1,ENodeBFunction=1,EUtraNetwork=1,ExternalENodeBFunction=289,ExternalEUtranCellFDD=1</attr>
    <attr name="anrCreated">false</attr>
    <attr name="isHoAllowed">true</attr>
  </mo>
  <mo fdn="SubNetwork=ONRM_RootMo_R,MeContext=LTE02ERBS00134,ManagedElement=1,ENodeBFunction=1,EUtranCellFDD=LTE02ERBS00134-1,EUtranFreqRelation=1,EUtranCellRelation=5" lastModified="1287505396259" mimName="ERBS_NODE_MODEL" mimVersion="A.9.50.J.9.1">
    <attr name="isRemoveAllowed">false</attr>
    <attr name="neighborCellRef">SubNetwork=ONRM_RootMo_R,MeContext=LTE02ERBS00134,ManagedElement=1,ENodeBFunction=1,EUtraNetwork=1,ExternalENodeBFunction=289,ExternalEUtranCellFDD=2</attr>
    <attr name="anrCreated">false</attr>
    <attr name="isHoAllowed">true</attr>
  </mo>
  <mo fdn="SubNetwork=ONRM_RootMo_R,MeContext=LTE02ERBS00134,ManagedElement=1,ENodeBFunction=1,EUtranCellFDD=LTE02ERBS00134-1,EUtranFreqRelation=1,EUtranCellRelation=8" lastModified="1287505396246" mimName="ERBS_NODE_MODEL" mimVersion="A.9.50.J.9.1">
    <attr name="isRemoveAllowed">false</attr>
    <attr name="neighborCellRef">SubNetwork=ONRM_RootMo_R,MeContext=LTE02ERBS00134,ManagedElement=1,ENodeBFunction=1,EUtraNetwork=1,ExternalENodeBFunction=291,ExternalEUtranCellFDD=1</attr>
    <attr name="anrCreated">false</attr>
    <attr name="isHoAllowed">true</attr>
  </mo>
  <mo fdn="SubNetwork=ONRM_RootMo_R,MeContext=LTE02ERBS00134,ManagedElement=1,ENodeBFunction=1,EUtranCellFDD=LTE02ERBS00134-1,EUtranFreqRelation=1,EUtranCellRelation=9" lastModified="1287505396249" mimName="ERBS_NODE_MODEL" mimVersion="A.9.50.J.9.1">
    <attr name="isRemoveAllowed">false</attr>
    <attr name="neighborCellRef">SubNetwork=ONRM_RootMo_R,MeContext=LTE02ERBS00134,ManagedElement=1,ENodeBFunction=1,EUtraNetwork=1,ExternalENodeBFunction=291,ExternalEUtranCellFDD=2</attr>
    <attr name="anrCreated">false</attr>
    <attr name="isHoAllowed">true</attr>
  </mo>
  <mo fdn="SubNetwork=ONRM_RootMo_R,MeContext=LTE02ERBS00134,ManagedElement=1,ENodeBFunction=1,EUtranCellFDD=LTE02ERBS00134-1,EUtranFreqRelation=2,EUtranCellRelation=1" lastModified="1287501664719" mimName="ERBS_NODE_MODEL" mimVersion="A.9.50.J.9.1">
    <attr name="isRemoveAllowed">false</attr>
    <attr name="neighborCellRef">SubNetwork=ONRM_RootMo_R,MeContext=LTE02ERBS00134,ManagedElement=1,ENodeBFunction=1,EUtranCellFDD=LTE02ERBS00134-2</attr>
    <attr name="anrCreated">false</attr>
    <attr name="isHoAllowed">true</attr>
  </mo>
  <mo fdn="SubNetwork=ONRM_RootMo_R,MeContext=LTE02ERBS00134,ManagedElement=1,ENodeBFunction=1,EUtranCellFDD=LTE02ERBS00134-1,EUtranFreqRelation=2,EUtranCellRelation=10" lastModified="1287505396183" mimName="ERBS_NODE_MODEL" mimVersion="A.9.50.J.9.1">
    <attr name="isRemoveAllowed">false</attr>
    <attr name="neighborCellRef">SubNetwork=ONRM_RootMo_R,MeContext=LTE02ERBS00134,ManagedElement=1,ENodeBFunction=1,EUtraNetwork=1,ExternalENodeBFunction=292,ExternalEUtranCellFDD=1</attr>
    <attr name="anrCreated">false</attr>
    <attr name="isHoAllowed">true</attr>
  </mo>
  <mo fdn="SubNetwork=ONRM_RootMo_R,MeContext=LTE02ERBS00134,ManagedElement=1,ENodeBFunction=1,EUtranCellFDD=LTE02ERBS00134-1,EUtranFreqRelation=2,EUtranCellRelation=11" lastModified="1287505396181" mimName="ERBS_NODE_MODEL" mimVersion="A.9.50.J.9.1">
    <attr name="isRemoveAllowed">false</attr>
    <attr name="neighborCellRef">SubNetwork=ONRM_RootMo_R,MeContext=LTE02ERBS00134,ManagedElement=1,ENodeBFunction=1,EUtraNetwork=1,ExternalENodeBFunction=292,ExternalEUtranCellFDD=2</attr>
    <attr name="anrCreated">false</attr>
    <attr name="isHoAllowed">true</attr>
  </mo>
  <mo fdn="SubNetwork=ONRM_RootMo_R,MeContext=LTE02ERBS00134,ManagedElement=1,ENodeBFunction=1,EUtranCellFDD=LTE02ERBS00134-1,EUtranFreqRelation=2,EUtranCellRelation=16" lastModified="1287505396200" mimName="ERBS_NODE_MODEL" mimVersion="A.9.50.J.9.1">
    <attr name="isRemoveAllowed">false</attr>
    <attr name="neighborCellRef">SubNetwork=ONRM_RootMo_R,MeContext=LTE02ERBS00134,ManagedElement=1,ENodeBFunction=1,EUtraNetwork=1,ExternalENodeBFunction=296,ExternalEUtranCellFDD=1</attr>
    <attr name="anrCreated">false</attr>
    <attr name="isHoAllowed">true</attr>
  </mo>
  <mo fdn="SubNetwork=ONRM_RootMo_R,MeContext=LTE02ERBS00134,ManagedElement=1,ENodeBFunction=1,EUtranCellFDD=LTE02ERBS00134-1,EUtranFreqRelation=2,EUtranCellRelation=17" lastModified="1287505396194" mimName="ERBS_NODE_MODEL" mimVersion="A.9.50.J.9.1">
    <attr name="isRemoveAllowed">false</attr>
    <attr name="neighborCellRef">SubNetwork=ONRM_RootMo_R,MeContext=LTE02ERBS00134,ManagedElement=1,ENodeBFunction=1,EUtraNetwork=1,ExternalENodeBFunction=296,ExternalEUtranCellFDD=2</attr>
    <attr name="anrCreated">false</attr>
    <attr name="isHoAllowed">true</attr>
  </mo>
  <mo fdn="SubNetwork=ONRM_RootMo_R,MeContext=LTE02ERBS00134,ManagedElement=1,ENodeBFunction=1,EUtranCellFDD=LTE02ERBS00134-1,EUtranFreqRelation=2,EUtranCellRelation=2" lastModified="1287501664717" mimName="ERBS_NODE_MODEL" mimVersion="A.9.50.J.9.1">
    <attr name="isRemoveAllowed">false</attr>
    <attr name="neighborCellRef">SubNetwork=ONRM_RootMo_R,MeContext=LTE02ERBS00134,ManagedElement=1,ENodeBFunction=1,EUtranCellFDD=LTE02ERBS00134-3</attr>
    <attr name="anrCreated">false</attr>
    <attr name="isHoAllowed">true</attr>
  </mo>
  <mo fdn="SubNetwork=ONRM_RootMo_R,MeContext=LTE02ERBS00134,ManagedElement=1,ENodeBFunction=1,EUtranCellFDD=LTE02ERBS00134-1,EUtranFreqRelation=2,EUtranCellRelation=20" lastModified="1287505396188" mimName="ERBS_NODE_MODEL" mimVersion="A.9.50.J.9.1">
    <attr name="isRemoveAllowed">false</attr>
    <attr name="neighborCellRef">SubNetwork=ONRM_RootMo_R,MeContext=LTE02ERBS00134,ManagedElement=1,ENodeBFunction=1,EUtraNetwork=1,ExternalENodeBFunction=298,ExternalEUtranCellFDD=1</attr>
    <attr name="anrCreated">false</attr>
    <attr name="isHoAllowed">true</attr>
  </mo>
  <mo fdn="SubNetwork=ONRM_RootMo_R,MeContext=LTE02ERBS00134,ManagedElement=1,ENodeBFunction=1,EUtranCellFDD=LTE02ERBS00134-1,EUtranFreqRelation=2,EUtranCellRelation=21" lastModified="1287505396186" mimName="ERBS_NODE_MODEL" mimVersion="A.9.50.J.9.1">
    <attr name="isRemoveAllowed">false</attr>
    <attr name="neighborCellRef">SubNetwork=ONRM_RootMo_R,MeContext=LTE02ERBS00134,ManagedElement=1,ENodeBFunction=1,EUtraNetwork=1,ExternalENodeBFunction=298,ExternalEUtranCellFDD=2</attr>
    <attr name="anrCreated">false</attr>
    <attr name="isHoAllowed">true</attr>
  </mo>
  <mo fdn="SubNetwork=ONRM_RootMo_R,MeContext=LTE02ERBS00134,ManagedElement=1,ENodeBFunction=1,EUtranCellFDD=LTE02ERBS00134-1,EUtranFreqRelation=2,EUtranCellRelation=24" lastModified="1287505396180" mimName="ERBS_NODE_MODEL" mimVersion="A.9.50.J.9.1">
    <attr name="isRemoveAllowed">false</attr>
    <attr name="neighborCellRef">SubNetwork=ONRM_RootMo_R,MeContext=LTE02ERBS00134,ManagedElement=1,ENodeBFunction=1,EUtraNetwork=1,ExternalENodeBFunction=300,ExternalEUtranCellFDD=1</attr>
    <attr name="anrCreated">false</attr>
    <attr name="isHoAllowed">true</attr>
  </mo>
  <mo fdn="SubNetwork=ONRM_RootMo_R,MeContext=LTE02ERBS00134,ManagedElement=1,ENodeBFunction=1,EUtranCellFDD=LTE02ERBS00134-1,EUtranFreqRelation=2,EUtranCellRelation=25" lastModified="1287505396178" mimName="ERBS_NODE_MODEL" mimVersion="A.9.50.J.9.1">
    <attr name="isRemoveAllowed">false</attr>
    <attr name="neighborCellRef">SubNetwork=ONRM_RootMo_R,MeContext=LTE02ERBS00134,ManagedElement=1,ENodeBFunction=1,EUtraNetwork=1,ExternalENodeBFunction=300,ExternalEUtranCellFDD=2</attr>
    <attr name="anrCreated">false</attr>
    <attr name="isHoAllowed">true</attr>
  </mo>
  <mo fdn="SubNetwork=ONRM_RootMo_R,MeContext=LTE02ERBS00134,ManagedElement=1,ENodeBFunction=1,EUtranCellFDD=LTE02ERBS00134-1,EUtranFreqRelation=2,EUtranCellRelation=28" lastModified="1287505396203" mimName="ERBS_NODE_MODEL" mimVersion="A.9.50.J.9.1">
    <attr name="isRemoveAllowed">false</attr>
    <attr name="neighborCellRef">SubNetwork=ONRM_RootMo_R,MeContext=LTE02ERBS00134,ManagedElement=1,ENodeBFunction=1,EUtraNetwork=1,ExternalENodeBFunction=302,ExternalEUtranCellFDD=1</attr>
    <attr name="anrCreated">false</attr>
    <attr name="isHoAllowed">true</attr>
  </mo>
  <mo fdn="SubNetwork=ONRM_RootMo_R,MeContext=LTE02ERBS00134,ManagedElement=1,ENodeBFunction=1,EUtranCellFDD=LTE02ERBS00134-1,EUtranFreqRelation=2,EUtranCellRelation=29" lastModified="1287505396197" mimName="ERBS_NODE_MODEL" mimVersion="A.9.50.J.9.1">
    <attr name="isRemoveAllowed">false</attr>
    <attr name="neighborCellRef">SubNetwork=ONRM_RootMo_R,MeContext=LTE02ERBS00134,ManagedElement=1,ENodeBFunction=1,EUtraNetwork=1,ExternalENodeBFunction=302,ExternalEUtranCellFDD=2</attr>
    <attr name="anrCreated">false</attr>
    <attr name="isHoAllowed">true</attr>
  </mo>
  <mo fdn="SubNetwork=ONRM_RootMo_R,MeContext=LTE02ERBS00134,ManagedElement=1,ENodeBFunction=1,EUtranCellFDD=LTE02ERBS00134-1,EUtranFreqRelation=2,EUtranCellRelation=3" lastModified="1287501664713" mimName="ERBS_NODE_MODEL" mimVersion="A.9.50.J.9.1">
    <attr name="isRemoveAllowed">false</attr>
    <attr name="neighborCellRef">SubNetwork=ONRM_RootMo_R,MeContext=LTE02ERBS00134,ManagedElement=1,ENodeBFunction=1,EUtranCellFDD=LTE02ERBS00134-4</attr>
    <attr name="anrCreated">false</attr>
    <attr name="isHoAllowed">true</attr>
  </mo>
  <mo fdn="SubNetwork=ONRM_RootMo_R,MeContext=LTE02ERBS00134,ManagedElement=1,ENodeBFunction=1,EUtranCellFDD=LTE02ERBS00134-1,EUtranFreqRelation=2,EUtranCellRelation=32" lastModified="1287505396176" mimName="ERBS_NODE_MODEL" mimVersion="A.9.50.J.9.1">
    <attr name="isRemoveAllowed">false</attr>
    <attr name="neighborCellRef">SubNetwork=ONRM_RootMo_R,MeContext=LTE02ERBS00134,ManagedElement=1,ENodeBFunction=1,EUtraNetwork=1,ExternalENodeBFunction=304,ExternalEUtranCellFDD=1</attr>
    <attr name="anrCreated">false</attr>
    <attr name="isHoAllowed">true</attr>
  </mo>
  <mo fdn="SubNetwork=ONRM_RootMo_R,MeContext=LTE02ERBS00134,ManagedElement=1,ENodeBFunction=1,EUtranCellFDD=LTE02ERBS00134-1,EUtranFreqRelation=2,EUtranCellRelation=33" lastModified="1287505396190" mimName="ERBS_NODE_MODEL" mimVersion="A.9.50.J.9.1">
    <attr name="isRemoveAllowed">false</attr>
    <attr name="neighborCellRef">SubNetwork=ONRM_RootMo_R,MeContext=LTE02ERBS00134,ManagedElement=1,ENodeBFunction=1,EUtraNetwork=1,ExternalENodeBFunction=304,ExternalEUtranCellFDD=2</attr>
    <attr name="anrCreated">false</attr>
    <attr name="isHoAllowed">true</attr>
  </mo>
  <mo fdn="SubNetwork=ONRM_RootMo_R,MeContext=LTE02ERBS00134,ManagedElement=1,ENodeBFunction=1,EUtranCellFDD=LTE02ERBS00134-1,EUtranFreqRelation=2,EUtranCellRelation=6" lastModified="1287505396192" mimName="ERBS_NODE_MODEL" mimVersion="A.9.50.J.9.1">
    <attr name="isRemoveAllowed">false</attr>
    <attr name="neighborCellRef">SubNetwork=ONRM_RootMo_R,MeContext=LTE02ERBS00134,ManagedElement=1,ENodeBFunction=1,EUtraNetwork=1,ExternalENodeBFunction=290,ExternalEUtranCellFDD=1</attr>
    <attr name="anrCreated">false</attr>
    <attr name="isHoAllowed">true</attr>
  </mo>
  <mo fdn="SubNetwork=ONRM_RootMo_R,MeContext=LTE02ERBS00134,ManagedElement=1,ENodeBFunction=1,EUtranCellFDD=LTE02ERBS00134-1,EUtranFreqRelation=2,EUtranCellRelation=7" lastModified="1287505396196" mimName="ERBS_NODE_MODEL" mimVersion="A.9.50.J.9.1">
    <attr name="isRemoveAllowed">false</attr>
    <attr name="neighborCellRef">SubNetwork=ONRM_RootMo_R,MeContext=LTE02ERBS00134,ManagedElement=1,ENodeBFunction=1,EUtraNetwork=1,ExternalENodeBFunction=290,ExternalEUtranCellFDD=2</attr>
    <attr name="anrCreated">false</attr>
    <attr name="isHoAllowed">true</attr>
  </mo>
  <mo fdn="SubNetwork=ONRM_RootMo_R,MeContext=LTE02ERBS00134,ManagedElement=1,ENodeBFunction=1,EUtranCellFDD=LTE02ERBS00134-2" lastModified="1287512222041" mimName="ERBS_NODE_MODEL" mimVersion="A.9.50.J.9.1">
    <attr name="EUtranCellFDDId">LTE02ERBS00134-2</attr>
    <attr name="earfcnul">18000</attr>
    <attr name="cellId">2</attr>
    <attr name="tac">48906</attr>
    <attr name="bPlmnList">
      <seq count="1">
        <item>
          <struct>
            <attr name="mcc">311</attr>
            <attr name="mnc">480</attr>
            <attr name="mncLength">2</attr>
          </struct>
        </item>
      </seq>
    </attr>
    <attr name="earfcndl">0</attr>
    <attr name="userLabel">LTE02ERBS00134-2</attr>
  </mo>
  <mo fdn="SubNetwork=ONRM_RootMo_R,MeContext=LTE02ERBS00134,ManagedElement=1,ENodeBFunction=1,EUtranCellFDD=LTE02ERBS00134-2,EUtranFreqRelation=1,EUtranCellRelation=12" lastModified="1287505413610" mimName="ERBS_NODE_MODEL" mimVersion="A.9.50.J.9.1">
    <attr name="isRemoveAllowed">false</attr>
    <attr name="neighborCellRef">SubNetwork=ONRM_RootMo_R,MeContext=LTE02ERBS00134,ManagedElement=1,ENodeBFunction=1,EUtraNetwork=1,ExternalENodeBFunction=293,ExternalEUtranCellFDD=1</attr>
    <attr name="anrCreated">false</attr>
    <attr name="isHoAllowed">true</attr>
  </mo>
  <mo fdn="SubNetwork=ONRM_RootMo_R,MeContext=LTE02ERBS00134,ManagedElement=1,ENodeBFunction=1,EUtranCellFDD=LTE02ERBS00134-2,EUtranFreqRelation=1,EUtranCellRelation=13" lastModified="1287505413607" mimName="ERBS_NODE_MODEL" mimVersion="A.9.50.J.9.1">
    <attr name="isRemoveAllowed">false</attr>
    <attr name="neighborCellRef">SubNetwork=ONRM_RootMo_R,MeContext=LTE02ERBS00134,ManagedElement=1,ENodeBFunction=1,EUtraNetwork=1,ExternalENodeBFunction=293,ExternalEUtranCellFDD=2</attr>
    <attr name="anrCreated">false</attr>
    <attr name="isHoAllowed">true</attr>
  </mo>
  <mo fdn="SubNetwork=ONRM_RootMo_R,MeContext=LTE02ERBS00134,ManagedElement=1,ENodeBFunction=1,EUtranCellFDD=LTE02ERBS00134-2,EUtranFreqRelation=1,EUtranCellRelation=14" lastModified="1287512221974" mimName="ERBS_NODE_MODEL" mimVersion="A.9.50.J.9.1">
    <attr name="isRemoveAllowed">false</attr>
    <attr name="neighborCellRef">SubNetwork=ONRM_RootMo_R,MeContext=LTE02ERBS00134,ManagedElement=1,ENodeBFunction=1,EUtraNetwork=1,ExternalENodeBFunction=295,ExternalEUtranCellFDD=1</attr>
    <attr name="anrCreated">false</attr>
    <attr name="isHoAllowed">true</attr>
  </mo>
  <mo fdn="SubNetwork=ONRM_RootMo_R,MeContext=LTE02ERBS00134,ManagedElement=1,ENodeBFunction=1,EUtranCellFDD=LTE02ERBS00134-2,EUtranFreqRelation=1,EUtranCellRelation=15" lastModified="1287512221987" mimName="ERBS_NODE_MODEL" mimVersion="A.9.50.J.9.1">
    <attr name="isRemoveAllowed">false</attr>
    <attr name="neighborCellRef">SubNetwork=ONRM_RootMo_R,MeContext=LTE02ERBS00134,ManagedElement=1,ENodeBFunction=1,EUtraNetwork=1,ExternalENodeBFunction=295,ExternalEUtranCellFDD=2</attr>
    <attr name="anrCreated">false</attr>
    <attr name="isHoAllowed">true</attr>
  </mo>
  <mo fdn="SubNetwork=ONRM_RootMo_R,MeContext=LTE02ERBS00134,ManagedElement=1,ENodeBFunction=1,EUtranCellFDD=LTE02ERBS00134-2,EUtranFreqRelation=1,EUtranCellRelation=18" lastModified="1287505413616" mimName="ERBS_NODE_MODEL" mimVersion="A.9.50.J.9.1">
    <attr name="isRemoveAllowed">false</attr>
    <attr name="neighborCellRef">SubNetwork=ONRM_RootMo_R,MeContext=LTE02ERBS00134,ManagedElement=1,ENodeBFunction=1,EUtraNetwork=1,ExternalENodeBFunction=297,ExternalEUtranCellFDD=1</attr>
    <attr name="anrCreated">false</attr>
    <attr name="isHoAllowed">true</attr>
  </mo>
  <mo fdn="SubNetwork=ONRM_RootMo_R,MeContext=LTE02ERBS00134,ManagedElement=1,ENodeBFunction=1,EUtranCellFDD=LTE02ERBS00134-2,EUtranFreqRelation=1,EUtranCellRelation=19" lastModified="1287505413615" mimName="ERBS_NODE_MODEL" mimVersion="A.9.50.J.9.1">
    <attr name="isRemoveAllowed">false</attr>
    <attr name="neighborCellRef">SubNetwork=ONRM_RootMo_R,MeContext=LTE02ERBS00134,ManagedElement=1,ENodeBFunction=1,EUtraNetwork=1,ExternalENodeBFunction=297,ExternalEUtranCellFDD=2</attr>
    <attr name="anrCreated">false</attr>
    <attr name="isHoAllowed">true</attr>
  </mo>
  <mo fdn="SubNetwork=ONRM_RootMo_R,MeContext=LTE02ERBS00134,ManagedElement=1,ENodeBFunction=1,EUtranCellFDD=LTE02ERBS00134-2,EUtranFreqRelation=1,EUtranCellRelation=22" lastModified="1287505413608" mimName="ERBS_NODE_MODEL" mimVersion="A.9.50.J.9.1">
    <attr name="isRemoveAllowed">false</attr>
    <attr name="neighborCellRef">SubNetwork=ONRM_RootMo_R,MeContext=LTE02ERBS00134,ManagedElement=1,ENodeBFunction=1,EUtraNetwork=1,ExternalENodeBFunction=299,ExternalEUtranCellFDD=1</attr>
    <attr name="anrCreated">false</attr>
    <attr name="isHoAllowed">true</attr>
  </mo>
  <mo fdn="SubNetwork=ONRM_RootMo_R,MeContext=LTE02ERBS00134,ManagedElement=1,ENodeBFunction=1,EUtranCellFDD=LTE02ERBS00134-2,EUtranFreqRelation=1,EUtranCellRelation=23" lastModified="1287505413605" mimName="ERBS_NODE_MODEL" mimVersion="A.9.50.J.9.1">
    <attr name="isRemoveAllowed">false</attr>
    <attr name="neighborCellRef">SubNetwork=ONRM_RootMo_R,MeContext=LTE02ERBS00134,ManagedElement=1,ENodeBFunction=1,EUtraNetwork=1,ExternalENodeBFunction=299,ExternalEUtranCellFDD=2</attr>
    <attr name="anrCreated">false</attr>
    <attr name="isHoAllowed">true</attr>
  </mo>
  <mo fdn="SubNetwork=ONRM_RootMo_R,MeContext=LTE02ERBS00134,ManagedElement=1,ENodeBFunction=1,EUtranCellFDD=LTE02ERBS00134-2,EUtranFreqRelation=1,EUtranCellRelation=26" lastModified="1287505413618" mimName="ERBS_NODE_MODEL" mimVersion="A.9.50.J.9.1">
    <attr name="isRemoveAllowed">false</attr>
    <attr name="neighborCellRef">SubNetwork=ONRM_RootMo_R,MeContext=LTE02ERBS00134,ManagedElement=1,ENodeBFunction=1,EUtraNetwork=1,ExternalENodeBFunction=301,ExternalEUtranCellFDD=1</attr>
    <attr name="anrCreated">false</attr>
    <attr name="isHoAllowed">true</attr>
  </mo>
  <mo fdn="SubNetwork=ONRM_RootMo_R,MeContext=LTE02ERBS00134,ManagedElement=1,ENodeBFunction=1,EUtranCellFDD=LTE02ERBS00134-2,EUtranFreqRelation=1,EUtranCellRelation=27" lastModified="1287505413617" mimName="ERBS_NODE_MODEL" mimVersion="A.9.50.J.9.1">
    <attr name="isRemoveAllowed">false</attr>
    <attr name="neighborCellRef">SubNetwork=ONRM_RootMo_R,MeContext=LTE02ERBS00134,ManagedElement=1,ENodeBFunction=1,EUtraNetwork=1,ExternalENodeBFunction=301,ExternalEUtranCellFDD=2</attr>
    <attr name="anrCreated">false</attr>
    <attr name="isHoAllowed">true</attr>
  </mo>
  <mo fdn="SubNetwork=ONRM_RootMo_R,MeContext=LTE02ERBS00134,ManagedElement=1,ENodeBFunction=1,EUtranCellFDD=LTE02ERBS00134-2,EUtranFreqRelation=1,EUtranCellRelation=30" lastModified="1287505413611" mimName="ERBS_NODE_MODEL" mimVersion="A.9.50.J.9.1">
    <attr name="isRemoveAllowed">false</attr>
    <attr name="neighborCellRef">SubNetwork=ONRM_RootMo_R,MeContext=LTE02ERBS00134,ManagedElement=1,ENodeBFunction=1,EUtraNetwork=1,ExternalENodeBFunction=303,ExternalEUtranCellFDD=1</attr>
    <attr name="anrCreated">false</attr>
    <attr name="isHoAllowed">true</attr>
  </mo>
  <mo fdn="SubNetwork=ONRM_RootMo_R,MeContext=LTE02ERBS00134,ManagedElement=1,ENodeBFunction=1,EUtranCellFDD=LTE02ERBS00134-2,EUtranFreqRelation=1,EUtranCellRelation=31" lastModified="1287505413609" mimName="ERBS_NODE_MODEL" mimVersion="A.9.50.J.9.1">
    <attr name="isRemoveAllowed">false</attr>
    <attr name="neighborCellRef">SubNetwork=ONRM_RootMo_R,MeContext=LTE02ERBS00134,ManagedElement=1,ENodeBFunction=1,EUtraNetwork=1,ExternalENodeBFunction=303,ExternalEUtranCellFDD=2</attr>
    <attr name="anrCreated">false</attr>
    <attr name="isHoAllowed">true</attr>
  </mo>
  <mo fdn="SubNetwork=ONRM_RootMo_R,MeContext=LTE02ERBS00134,ManagedElement=1,ENodeBFunction=1,EUtranCellFDD=LTE02ERBS00134-2,EUtranFreqRelation=1,EUtranCellRelation=4" lastModified="1287505413620" mimName="ERBS_NODE_MODEL" mimVersion="A.9.50.J.9.1">
    <attr name="isRemoveAllowed">false</attr>
    <attr name="neighborCellRef">SubNetwork=ONRM_RootMo_R,MeContext=LTE02ERBS00134,ManagedElement=1,ENodeBFunction=1,EUtraNetwork=1,ExternalENodeBFunction=289,ExternalEUtranCellFDD=1</attr>
    <attr name="anrCreated">false</attr>
    <attr name="isHoAllowed">true</attr>
  </mo>
  <mo fdn="SubNetwork=ONRM_RootMo_R,MeContext=LTE02ERBS00134,ManagedElement=1,ENodeBFunction=1,EUtranCellFDD=LTE02ERBS00134-2,EUtranFreqRelation=1,EUtranCellRelation=5" lastModified="1287505413621" mimName="ERBS_NODE_MODEL" mimVersion="A.9.50.J.9.1">
    <attr name="isRemoveAllowed">false</attr>
    <attr name="neighborCellRef">SubNetwork=ONRM_RootMo_R,MeContext=LTE02ERBS00134,ManagedElement=1,ENodeBFunction=1,EUtraNetwork=1,ExternalENodeBFunction=289,ExternalEUtranCellFDD=2</attr>
    <attr name="anrCreated">false</attr>
    <attr name="isHoAllowed">true</attr>
  </mo>
  <mo fdn="SubNetwork=ONRM_RootMo_R,MeContext=LTE02ERBS00134,ManagedElement=1,ENodeBFunction=1,EUtranCellFDD=LTE02ERBS00134-2,EUtranFreqRelation=1,EUtranCellRelation=8" lastModified="1287505413612" mimName="ERBS_NODE_MODEL" mimVersion="A.9.50.J.9.1">
    <attr name="isRemoveAllowed">false</attr>
    <attr name="neighborCellRef">SubNetwork=ONRM_RootMo_R,MeContext=LTE02ERBS00134,ManagedElement=1,ENodeBFunction=1,EUtraNetwork=1,ExternalENodeBFunction=291,ExternalEUtranCellFDD=1</attr>
    <attr name="anrCreated">false</attr>
    <attr name="isHoAllowed">true</attr>
  </mo>
  <mo fdn="SubNetwork=ONRM_RootMo_R,MeContext=LTE02ERBS00134,ManagedElement=1,ENodeBFunction=1,EUtranCellFDD=LTE02ERBS00134-2,EUtranFreqRelation=1,EUtranCellRelation=9" lastModified="1287505413614" mimName="ERBS_NODE_MODEL" mimVersion="A.9.50.J.9.1">
    <attr name="isRemoveAllowed">false</attr>
    <attr name="neighborCellRef">SubNetwork=ONRM_RootMo_R,MeContext=LTE02ERBS00134,ManagedElement=1,ENodeBFunction=1,EUtraNetwork=1,ExternalENodeBFunction=291,ExternalEUtranCellFDD=2</attr>
    <attr name="anrCreated">false</attr>
    <attr name="isHoAllowed">true</attr>
  </mo>
  <mo fdn="SubNetwork=ONRM_RootMo_R,MeContext=LTE02ERBS00134,ManagedElement=1,ENodeBFunction=1,EUtranCellFDD=LTE02ERBS00134-2,EUtranFreqRelation=2,EUtranCellRelation=1" lastModified="1287501664031" mimName="ERBS_NODE_MODEL" mimVersion="A.9.50.J.9.1">
    <attr name="isRemoveAllowed">false</attr>
    <attr name="neighborCellRef">SubNetwork=ONRM_RootMo_R,MeContext=LTE02ERBS00134,ManagedElement=1,ENodeBFunction=1,EUtranCellFDD=LTE02ERBS00134-1</attr>
    <attr name="anrCreated">false</attr>
    <attr name="isHoAllowed">true</attr>
  </mo>
  <mo fdn="SubNetwork=ONRM_RootMo_R,MeContext=LTE02ERBS00134,ManagedElement=1,ENodeBFunction=1,EUtranCellFDD=LTE02ERBS00134-2,EUtranFreqRelation=2,EUtranCellRelation=10" lastModified="1287505413564" mimName="ERBS_NODE_MODEL" mimVersion="A.9.50.J.9.1">
    <attr name="isRemoveAllowed">false</attr>
    <attr name="neighborCellRef">SubNetwork=ONRM_RootMo_R,MeContext=LTE02ERBS00134,ManagedElement=1,ENodeBFunction=1,EUtraNetwork=1,ExternalENodeBFunction=292,ExternalEUtranCellFDD=1</attr>
    <attr name="anrCreated">false</attr>
    <attr name="isHoAllowed">true</attr>
  </mo>
  <mo fdn="SubNetwork=ONRM_RootMo_R,MeContext=LTE02ERBS00134,ManagedElement=1,ENodeBFunction=1,EUtranCellFDD=LTE02ERBS00134-2,EUtranFreqRelation=2,EUtranCellRelation=11" lastModified="1287505413561" mimName="ERBS_NODE_MODEL" mimVersion="A.9.50.J.9.1">
    <attr name="isRemoveAllowed">false</attr>
    <attr name="neighborCellRef">SubNetwork=ONRM_RootMo_R,MeContext=LTE02ERBS00134,ManagedElement=1,ENodeBFunction=1,EUtraNetwork=1,ExternalENodeBFunction=292,ExternalEUtranCellFDD=2</attr>
    <attr name="anrCreated">false</attr>
    <attr name="isHoAllowed">true</attr>
  </mo>
  <mo fdn="SubNetwork=ONRM_RootMo_R,MeContext=LTE02ERBS00134,ManagedElement=1,ENodeBFunction=1,EUtranCellFDD=LTE02ERBS00134-2,EUtranFreqRelation=2,EUtranCellRelation=16" lastModified="1287505413578" mimName="ERBS_NODE_MODEL" mimVersion="A.9.50.J.9.1">
    <attr name="isRemoveAllowed">false</attr>
    <attr name="neighborCellRef">SubNetwork=ONRM_RootMo_R,MeContext=LTE02ERBS00134,ManagedElement=1,ENodeBFunction=1,EUtraNetwork=1,ExternalENodeBFunction=296,ExternalEUtranCellFDD=1</attr>
    <attr name="anrCreated">false</attr>
    <attr name="isHoAllowed">true</attr>
  </mo>
  <mo fdn="SubNetwork=ONRM_RootMo_R,MeContext=LTE02ERBS00134,ManagedElement=1,ENodeBFunction=1,EUtranCellFDD=LTE02ERBS00134-2,EUtranFreqRelation=2,EUtranCellRelation=17" lastModified="1287505413575" mimName="ERBS_NODE_MODEL" mimVersion="A.9.50.J.9.1">
    <attr name="isRemoveAllowed">false</attr>
    <attr name="neighborCellRef">SubNetwork=ONRM_RootMo_R,MeContext=LTE02ERBS00134,ManagedElement=1,ENodeBFunction=1,EUtraNetwork=1,ExternalENodeBFunction=296,ExternalEUtranCellFDD=2</attr>
    <attr name="anrCreated">false</attr>
    <attr name="isHoAllowed">true</attr>
  </mo>
  <mo fdn="SubNetwork=ONRM_RootMo_R,MeContext=LTE02ERBS00134,ManagedElement=1,ENodeBFunction=1,EUtranCellFDD=LTE02ERBS00134-2,EUtranFreqRelation=2,EUtranCellRelation=2" lastModified="1287501664028" mimName="ERBS_NODE_MODEL" mimVersion="A.9.50.J.9.1">
    <attr name="isRemoveAllowed">false</attr>
    <attr name="neighborCellRef">SubNetwork=ONRM_RootMo_R,MeContext=LTE02ERBS00134,ManagedElement=1,ENodeBFunction=1,EUtranCellFDD=LTE02ERBS00134-3</attr>
    <attr name="anrCreated">false</attr>
    <attr name="isHoAllowed">true</attr>
  </mo>
  <mo fdn="SubNetwork=ONRM_RootMo_R,MeContext=LTE02ERBS00134,ManagedElement=1,ENodeBFunction=1,EUtranCellFDD=LTE02ERBS00134-2,EUtranFreqRelation=2,EUtranCellRelation=20" lastModified="1287505413569" mimName="ERBS_NODE_MODEL" mimVersion="A.9.50.J.9.1">
    <attr name="isRemoveAllowed">false</attr>
    <attr name="neighborCellRef">SubNetwork=ONRM_RootMo_R,MeContext=LTE02ERBS00134,ManagedElement=1,ENodeBFunction=1,EUtraNetwork=1,ExternalENodeBFunction=298,ExternalEUtranCellFDD=1</attr>
    <attr name="anrCreated">false</attr>
    <attr name="isHoAllowed">true</attr>
  </mo>
  <mo fdn="SubNetwork=ONRM_RootMo_R,MeContext=LTE02ERBS00134,ManagedElement=1,ENodeBFunction=1,EUtranCellFDD=LTE02ERBS00134-2,EUtranFreqRelation=2,EUtranCellRelation=21" lastModified="1287505413566" mimName="ERBS_NODE_MODEL" mimVersion="A.9.50.J.9.1">
    <attr name="isRemoveAllowed">false</attr>
    <attr name="neighborCellRef">SubNetwork=ONRM_RootMo_R,MeContext=LTE02ERBS00134,ManagedElement=1,ENodeBFunction=1,EUtraNetwork=1,ExternalENodeBFunction=298,ExternalEUtranCellFDD=2</attr>
    <attr name="anrCreated">false</attr>
    <attr name="isHoAllowed">true</attr>
  </mo>
  <mo fdn="SubNetwork=ONRM_RootMo_R,MeContext=LTE02ERBS00134,ManagedElement=1,ENodeBFunction=1,EUtranCellFDD=LTE02ERBS00134-2,EUtranFreqRelation=2,EUtranCellRelation=24" lastModified="1287505413558" mimName="ERBS_NODE_MODEL" mimVersion="A.9.50.J.9.1">
    <attr name="isRemoveAllowed">false</attr>
    <attr name="neighborCellRef">SubNetwork=ONRM_RootMo_R,MeContext=LTE02ERBS00134,ManagedElement=1,ENodeBFunction=1,EUtraNetwork=1,ExternalENodeBFunction=300,ExternalEUtranCellFDD=1</attr>
    <attr name="anrCreated">false</attr>
    <attr name="isHoAllowed">true</attr>
  </mo>
  <mo fdn="SubNetwork=ONRM_RootMo_R,MeContext=LTE02ERBS00134,ManagedElement=1,ENodeBFunction=1,EUtranCellFDD=LTE02ERBS00134-2,EUtranFreqRelation=2,EUtranCellRelation=25" lastModified="1287505413556" mimName="ERBS_NODE_MODEL" mimVersion="A.9.50.J.9.1">
    <attr name="isRemoveAllowed">false</attr>
    <attr name="neighborCellRef">SubNetwork=ONRM_RootMo_R,MeContext=LTE02ERBS00134,ManagedElement=1,ENodeBFunction=1,EUtraNetwork=1,ExternalENodeBFunction=300,ExternalEUtranCellFDD=2</attr>
    <attr name="anrCreated">false</attr>
    <attr name="isHoAllowed">true</attr>
  </mo>
  <mo fdn="SubNetwork=ONRM_RootMo_R,MeContext=LTE02ERBS00134,ManagedElement=1,ENodeBFunction=1,EUtranCellFDD=LTE02ERBS00134-2,EUtranFreqRelation=2,EUtranCellRelation=28" lastModified="1287505413579" mimName="ERBS_NODE_MODEL" mimVersion="A.9.50.J.9.1">
    <attr name="isRemoveAllowed">false</attr>
    <attr name="neighborCellRef">SubNetwork=ONRM_RootMo_R,MeContext=LTE02ERBS00134,ManagedElement=1,ENodeBFunction=1,EUtraNetwork=1,ExternalENodeBFunction=302,ExternalEUtranCellFDD=1</attr>
    <attr name="anrCreated">false</attr>
    <attr name="isHoAllowed">true</attr>
  </mo>
  <mo fdn="SubNetwork=ONRM_RootMo_R,MeContext=LTE02ERBS00134,ManagedElement=1,ENodeBFunction=1,EUtranCellFDD=LTE02ERBS00134-2,EUtranFreqRelation=2,EUtranCellRelation=29" lastModified="1287505413577" mimName="ERBS_NODE_MODEL" mimVersion="A.9.50.J.9.1">
    <attr name="isRemoveAllowed">false</attr>
    <attr name="neighborCellRef">SubNetwork=ONRM_RootMo_R,MeContext=LTE02ERBS00134,ManagedElement=1,ENodeBFunction=1,EUtraNetwork=1,ExternalENodeBFunction=302,ExternalEUtranCellFDD=2</attr>
    <attr name="anrCreated">false</attr>
    <attr name="isHoAllowed">true</attr>
  </mo>
  <mo fdn="SubNetwork=ONRM_RootMo_R,MeContext=LTE02ERBS00134,ManagedElement=1,ENodeBFunction=1,EUtranCellFDD=LTE02ERBS00134-2,EUtranFreqRelation=2,EUtranCellRelation=3" lastModified="1287501664024" mimName="ERBS_NODE_MODEL" mimVersion="A.9.50.J.9.1">
    <attr name="isRemoveAllowed">false</attr>
    <attr name="neighborCellRef">SubNetwork=ONRM_RootMo_R,MeContext=LTE02ERBS00134,ManagedElement=1,ENodeBFunction=1,EUtranCellFDD=LTE02ERBS00134-4</attr>
    <attr name="anrCreated">false</attr>
    <attr name="isHoAllowed">true</attr>
  </mo>
  <mo fdn="SubNetwork=ONRM_RootMo_R,MeContext=LTE02ERBS00134,ManagedElement=1,ENodeBFunction=1,EUtranCellFDD=LTE02ERBS00134-2,EUtranFreqRelation=2,EUtranCellRelation=32" lastModified="1287505413554" mimName="ERBS_NODE_MODEL" mimVersion="A.9.50.J.9.1">
    <attr name="isRemoveAllowed">false</attr>
    <attr name="neighborCellRef">SubNetwork=ONRM_RootMo_R,MeContext=LTE02ERBS00134,ManagedElement=1,ENodeBFunction=1,EUtraNetwork=1,ExternalENodeBFunction=304,ExternalEUtranCellFDD=1</attr>
    <attr name="anrCreated">false</attr>
    <attr name="isHoAllowed">true</attr>
  </mo>
  <mo fdn="SubNetwork=ONRM_RootMo_R,MeContext=LTE02ERBS00134,ManagedElement=1,ENodeBFunction=1,EUtranCellFDD=LTE02ERBS00134-2,EUtranFreqRelation=2,EUtranCellRelation=33" lastModified="1287505413572" mimName="ERBS_NODE_MODEL" mimVersion="A.9.50.J.9.1">
    <attr name="isRemoveAllowed">false</attr>
    <attr name="neighborCellRef">SubNetwork=ONRM_RootMo_R,MeContext=LTE02ERBS00134,ManagedElement=1,ENodeBFunction=1,EUtraNetwork=1,ExternalENodeBFunction=304,ExternalEUtranCellFDD=2</attr>
    <attr name="anrCreated">false</attr>
    <attr name="isHoAllowed">true</attr>
  </mo>
  <mo fdn="SubNetwork=ONRM_RootMo_R,MeContext=LTE02ERBS00134,ManagedElement=1,ENodeBFunction=1,EUtranCellFDD=LTE02ERBS00134-2,EUtranFreqRelation=2,EUtranCellRelation=6" lastModified="1287505413574" mimName="ERBS_NODE_MODEL" mimVersion="A.9.50.J.9.1">
    <attr name="isRemoveAllowed">false</attr>
    <attr name="neighborCellRef">SubNetwork=ONRM_RootMo_R,MeContext=LTE02ERBS00134,ManagedElement=1,ENodeBFunction=1,EUtraNetwork=1,ExternalENodeBFunction=290,ExternalEUtranCellFDD=1</attr>
    <attr name="anrCreated">false</attr>
    <attr name="isHoAllowed">true</attr>
  </mo>
  <mo fdn="SubNetwork=ONRM_RootMo_R,MeContext=LTE02ERBS00134,ManagedElement=1,ENodeBFunction=1,EUtranCellFDD=LTE02ERBS00134-2,EUtranFreqRelation=2,EUtranCellRelation=7" lastModified="1287505413576" mimName="ERBS_NODE_MODEL" mimVersion="A.9.50.J.9.1">
    <attr name="isRemoveAllowed">false</attr>
    <attr name="neighborCellRef">SubNetwork=ONRM_RootMo_R,MeContext=LTE02ERBS00134,ManagedElement=1,ENodeBFunction=1,EUtraNetwork=1,ExternalENodeBFunction=290,ExternalEUtranCellFDD=2</attr>
    <attr name="anrCreated">false</attr>
    <attr name="isHoAllowed">true</attr>
  </mo>
  <mo fdn="SubNetwork=ONRM_RootMo_R,MeContext=LTE02ERBS00134,ManagedElement=1,ENodeBFunction=1,EUtranCellFDD=LTE02ERBS00134-3" lastModified="1287512221620" mimName="ERBS_NODE_MODEL" mimVersion="A.9.50.J.9.1">
    <attr name="EUtranCellFDDId">LTE02ERBS00134-3</attr>
    <attr name="earfcnul">18000</attr>
    <attr name="cellId">3</attr>
    <attr name="tac">48906</attr>
    <attr name="bPlmnList">
      <seq count="1">
        <item>
          <struct>
            <attr name="mcc">311</attr>
            <attr name="mnc">480</attr>
            <attr name="mncLength">2</attr>
          </struct>
        </item>
      </seq>
    </attr>
    <attr name="earfcndl">0</attr>
    <attr name="userLabel">LTE02ERBS00134-3</attr>
  </mo>
  <mo fdn="SubNetwork=ONRM_RootMo_R,MeContext=LTE02ERBS00134,ManagedElement=1,ENodeBFunction=1,EUtranCellFDD=LTE02ERBS00134-3,EUtranFreqRelation=1,EUtranCellRelation=12" lastModified="1287505407565" mimName="ERBS_NODE_MODEL" mimVersion="A.9.50.J.9.1">
    <attr name="isRemoveAllowed">false</attr>
    <attr name="neighborCellRef">SubNetwork=ONRM_RootMo_R,MeContext=LTE02ERBS00134,ManagedElement=1,ENodeBFunction=1,EUtraNetwork=1,ExternalENodeBFunction=293,ExternalEUtranCellFDD=3</attr>
    <attr name="anrCreated">false</attr>
    <attr name="isHoAllowed">true</attr>
  </mo>
  <mo fdn="SubNetwork=ONRM_RootMo_R,MeContext=LTE02ERBS00134,ManagedElement=1,ENodeBFunction=1,EUtranCellFDD=LTE02ERBS00134-3,EUtranFreqRelation=1,EUtranCellRelation=13" lastModified="1287505407560" mimName="ERBS_NODE_MODEL" mimVersion="A.9.50.J.9.1">
    <attr name="isRemoveAllowed">false</attr>
    <attr name="neighborCellRef">SubNetwork=ONRM_RootMo_R,MeContext=LTE02ERBS00134,ManagedElement=1,ENodeBFunction=1,EUtraNetwork=1,ExternalENodeBFunction=293,ExternalEUtranCellFDD=4</attr>
    <attr name="anrCreated">false</attr>
    <attr name="isHoAllowed">true</attr>
  </mo>
  <mo fdn="SubNetwork=ONRM_RootMo_R,MeContext=LTE02ERBS00134,ManagedElement=1,ENodeBFunction=1,EUtranCellFDD=LTE02ERBS00134-3,EUtranFreqRelation=1,EUtranCellRelation=14" lastModified="1287512221552" mimName="ERBS_NODE_MODEL" mimVersion="A.9.50.J.9.1">
    <attr name="isRemoveAllowed">false</attr>
    <attr name="neighborCellRef">SubNetwork=ONRM_RootMo_R,MeContext=LTE02ERBS00134,ManagedElement=1,ENodeBFunction=1,EUtraNetwork=1,ExternalENodeBFunction=295,ExternalEUtranCellFDD=3</attr>
    <attr name="anrCreated">false</attr>
    <attr name="isHoAllowed">true</attr>
  </mo>
  <mo fdn="SubNetwork=ONRM_RootMo_R,MeContext=LTE02ERBS00134,ManagedElement=1,ENodeBFunction=1,EUtranCellFDD=LTE02ERBS00134-3,EUtranFreqRelation=1,EUtranCellRelation=15" lastModified="1287512221565" mimName="ERBS_NODE_MODEL" mimVersion="A.9.50.J.9.1">
    <attr name="isRemoveAllowed">false</attr>
    <attr name="neighborCellRef">SubNetwork=ONRM_RootMo_R,MeContext=LTE02ERBS00134,ManagedElement=1,ENodeBFunction=1,EUtraNetwork=1,ExternalENodeBFunction=295,ExternalEUtranCellFDD=4</attr>
    <attr name="anrCreated">false</attr>
    <attr name="isHoAllowed">true</attr>
  </mo>
  <mo fdn="SubNetwork=ONRM_RootMo_R,MeContext=LTE02ERBS00134,ManagedElement=1,ENodeBFunction=1,EUtranCellFDD=LTE02ERBS00134-3,EUtranFreqRelation=1,EUtranCellRelation=18" lastModified="1287505407574" mimName="ERBS_NODE_MODEL" mimVersion="A.9.50.J.9.1">
    <attr name="isRemoveAllowed">false</attr>
    <attr name="neighborCellRef">SubNetwork=ONRM_RootMo_R,MeContext=LTE02ERBS00134,ManagedElement=1,ENodeBFunction=1,EUtraNetwork=1,ExternalENodeBFunction=297,ExternalEUtranCellFDD=3</attr>
    <attr name="anrCreated">false</attr>
    <attr name="isHoAllowed">true</attr>
  </mo>
  <mo fdn="SubNetwork=ONRM_RootMo_R,MeContext=LTE02ERBS00134,ManagedElement=1,ENodeBFunction=1,EUtranCellFDD=LTE02ERBS00134-3,EUtranFreqRelation=1,EUtranCellRelation=19" lastModified="1287505407572" mimName="ERBS_NODE_MODEL" mimVersion="A.9.50.J.9.1">
    <attr name="isRemoveAllowed">false</attr>
    <attr name="neighborCellRef">SubNetwork=ONRM_RootMo_R,MeContext=LTE02ERBS00134,ManagedElement=1,ENodeBFunction=1,EUtraNetwork=1,ExternalENodeBFunction=297,ExternalEUtranCellFDD=4</attr>
    <attr name="anrCreated">false</attr>
    <attr name="isHoAllowed">true</attr>
  </mo>
  <mo fdn="SubNetwork=ONRM_RootMo_R,MeContext=LTE02ERBS00134,ManagedElement=1,ENodeBFunction=1,EUtranCellFDD=LTE02ERBS00134-3,EUtranFreqRelation=1,EUtranCellRelation=22" lastModified="1287505407562" mimName="ERBS_NODE_MODEL" mimVersion="A.9.50.J.9.1">
    <attr name="isRemoveAllowed">false</attr>
    <attr name="neighborCellRef">SubNetwork=ONRM_RootMo_R,MeContext=LTE02ERBS00134,ManagedElement=1,ENodeBFunction=1,EUtraNetwork=1,ExternalENodeBFunction=299,ExternalEUtranCellFDD=3</attr>
    <attr name="anrCreated">false</attr>
    <attr name="isHoAllowed">true</attr>
  </mo>
  <mo fdn="SubNetwork=ONRM_RootMo_R,MeContext=LTE02ERBS00134,ManagedElement=1,ENodeBFunction=1,EUtranCellFDD=LTE02ERBS00134-3,EUtranFreqRelation=1,EUtranCellRelation=23" lastModified="1287505407559" mimName="ERBS_NODE_MODEL" mimVersion="A.9.50.J.9.1">
    <attr name="isRemoveAllowed">false</attr>
    <attr name="neighborCellRef">SubNetwork=ONRM_RootMo_R,MeContext=LTE02ERBS00134,ManagedElement=1,ENodeBFunction=1,EUtraNetwork=1,ExternalENodeBFunction=299,ExternalEUtranCellFDD=4</attr>
    <attr name="anrCreated">false</attr>
    <attr name="isHoAllowed">true</attr>
  </mo>
  <mo fdn="SubNetwork=ONRM_RootMo_R,MeContext=LTE02ERBS00134,ManagedElement=1,ENodeBFunction=1,EUtranCellFDD=LTE02ERBS00134-3,EUtranFreqRelation=1,EUtranCellRelation=26" lastModified="1287505407577" mimName="ERBS_NODE_MODEL" mimVersion="A.9.50.J.9.1">
    <attr name="isRemoveAllowed">false</attr>
    <attr name="neighborCellRef">SubNetwork=ONRM_RootMo_R,MeContext=LTE02ERBS00134,ManagedElement=1,ENodeBFunction=1,EUtraNetwork=1,ExternalENodeBFunction=301,ExternalEUtranCellFDD=3</attr>
    <attr name="anrCreated">false</attr>
    <attr name="isHoAllowed">true</attr>
  </mo>
  <mo fdn="SubNetwork=ONRM_RootMo_R,MeContext=LTE02ERBS00134,ManagedElement=1,ENodeBFunction=1,EUtranCellFDD=LTE02ERBS00134-3,EUtranFreqRelation=1,EUtranCellRelation=27" lastModified="1287505407575" mimName="ERBS_NODE_MODEL" mimVersion="A.9.50.J.9.1">
    <attr name="isRemoveAllowed">false</attr>
    <attr name="neighborCellRef">SubNetwork=ONRM_RootMo_R,MeContext=LTE02ERBS00134,ManagedElement=1,ENodeBFunction=1,EUtraNetwork=1,ExternalENodeBFunction=301,ExternalEUtranCellFDD=4</attr>
    <attr name="anrCreated">false</attr>
    <attr name="isHoAllowed">true</attr>
  </mo>
  <mo fdn="SubNetwork=ONRM_RootMo_R,MeContext=LTE02ERBS00134,ManagedElement=1,ENodeBFunction=1,EUtranCellFDD=LTE02ERBS00134-3,EUtranFreqRelation=1,EUtranCellRelation=30" lastModified="1287505407566" mimName="ERBS_NODE_MODEL" mimVersion="A.9.50.J.9.1">
    <attr name="isRemoveAllowed">false</attr>
    <attr name="neighborCellRef">SubNetwork=ONRM_RootMo_R,MeContext=LTE02ERBS00134,ManagedElement=1,ENodeBFunction=1,EUtraNetwork=1,ExternalENodeBFunction=303,ExternalEUtranCellFDD=3</attr>
    <attr name="anrCreated">false</attr>
    <attr name="isHoAllowed">true</attr>
  </mo>
  <mo fdn="SubNetwork=ONRM_RootMo_R,MeContext=LTE02ERBS00134,ManagedElement=1,ENodeBFunction=1,EUtranCellFDD=LTE02ERBS00134-3,EUtranFreqRelation=1,EUtranCellRelation=31" lastModified="1287505407564" mimName="ERBS_NODE_MODEL" mimVersion="A.9.50.J.9.1">
    <attr name="isRemoveAllowed">false</attr>
    <attr name="neighborCellRef">SubNetwork=ONRM_RootMo_R,MeContext=LTE02ERBS00134,ManagedElement=1,ENodeBFunction=1,EUtraNetwork=1,ExternalENodeBFunction=303,ExternalEUtranCellFDD=4</attr>
    <attr name="anrCreated">false</attr>
    <attr name="isHoAllowed">true</attr>
  </mo>
  <mo fdn="SubNetwork=ONRM_RootMo_R,MeContext=LTE02ERBS00134,ManagedElement=1,ENodeBFunction=1,EUtranCellFDD=LTE02ERBS00134-3,EUtranFreqRelation=1,EUtranCellRelation=4" lastModified="1287505407578" mimName="ERBS_NODE_MODEL" mimVersion="A.9.50.J.9.1">
    <attr name="isRemoveAllowed">false</attr>
    <attr name="neighborCellRef">SubNetwork=ONRM_RootMo_R,MeContext=LTE02ERBS00134,ManagedElement=1,ENodeBFunction=1,EUtraNetwork=1,ExternalENodeBFunction=289,ExternalEUtranCellFDD=3</attr>
    <attr name="anrCreated">false</attr>
    <attr name="isHoAllowed">true</attr>
  </mo>
  <mo fdn="SubNetwork=ONRM_RootMo_R,MeContext=LTE02ERBS00134,ManagedElement=1,ENodeBFunction=1,EUtranCellFDD=LTE02ERBS00134-3,EUtranFreqRelation=1,EUtranCellRelation=5" lastModified="1287505407580" mimName="ERBS_NODE_MODEL" mimVersion="A.9.50.J.9.1">
    <attr name="isRemoveAllowed">false</attr>
    <attr name="neighborCellRef">SubNetwork=ONRM_RootMo_R,MeContext=LTE02ERBS00134,ManagedElement=1,ENodeBFunction=1,EUtraNetwork=1,ExternalENodeBFunction=289,ExternalEUtranCellFDD=4</attr>
    <attr name="anrCreated">false</attr>
    <attr name="isHoAllowed">true</attr>
  </mo>
  <mo fdn="SubNetwork=ONRM_RootMo_R,MeContext=LTE02ERBS00134,ManagedElement=1,ENodeBFunction=1,EUtranCellFDD=LTE02ERBS00134-3,EUtranFreqRelation=1,EUtranCellRelation=8" lastModified="1287505407568" mimName="ERBS_NODE_MODEL" mimVersion="A.9.50.J.9.1">
    <attr name="isRemoveAllowed">false</attr>
    <attr name="neighborCellRef">SubNetwork=ONRM_RootMo_R,MeContext=LTE02ERBS00134,ManagedElement=1,ENodeBFunction=1,EUtraNetwork=1,ExternalENodeBFunction=291,ExternalEUtranCellFDD=3</attr>
    <attr name="anrCreated">false</attr>
    <attr name="isHoAllowed">true</attr>
  </mo>
  <mo fdn="SubNetwork=ONRM_RootMo_R,MeContext=LTE02ERBS00134,ManagedElement=1,ENodeBFunction=1,EUtranCellFDD=LTE02ERBS00134-3,EUtranFreqRelation=1,EUtranCellRelation=9" lastModified="1287505407570" mimName="ERBS_NODE_MODEL" mimVersion="A.9.50.J.9.1">
    <attr name="isRemoveAllowed">false</attr>
    <attr name="neighborCellRef">SubNetwork=ONRM_RootMo_R,MeContext=LTE02ERBS00134,ManagedElement=1,ENodeBFunction=1,EUtraNetwork=1,ExternalENodeBFunction=291,ExternalEUtranCellFDD=4</attr>
    <attr name="anrCreated">false</attr>
    <attr name="isHoAllowed">true</attr>
  </mo>
  <mo fdn="SubNetwork=ONRM_RootMo_R,MeContext=LTE02ERBS00134,ManagedElement=1,ENodeBFunction=1,EUtranCellFDD=LTE02ERBS00134-3,EUtranFreqRelation=2,EUtranCellRelation=1" lastModified="1287501644069" mimName="ERBS_NODE_MODEL" mimVersion="A.9.50.J.9.1">
    <attr name="isRemoveAllowed">false</attr>
    <attr name="neighborCellRef">SubNetwork=ONRM_RootMo_R,MeContext=LTE02ERBS00134,ManagedElement=1,ENodeBFunction=1,EUtranCellFDD=LTE02ERBS00134-1</attr>
    <attr name="anrCreated">false</attr>
    <attr name="isHoAllowed">true</attr>
  </mo>
  <mo fdn="SubNetwork=ONRM_RootMo_R,MeContext=LTE02ERBS00134,ManagedElement=1,ENodeBFunction=1,EUtranCellFDD=LTE02ERBS00134-3,EUtranFreqRelation=2,EUtranCellRelation=10" lastModified="1287505407541" mimName="ERBS_NODE_MODEL" mimVersion="A.9.50.J.9.1">
    <attr name="isRemoveAllowed">false</attr>
    <attr name="neighborCellRef">SubNetwork=ONRM_RootMo_R,MeContext=LTE02ERBS00134,ManagedElement=1,ENodeBFunction=1,EUtraNetwork=1,ExternalENodeBFunction=292,ExternalEUtranCellFDD=3</attr>
    <attr name="anrCreated">false</attr>
    <attr name="isHoAllowed">true</attr>
  </mo>
  <mo fdn="SubNetwork=ONRM_RootMo_R,MeContext=LTE02ERBS00134,ManagedElement=1,ENodeBFunction=1,EUtranCellFDD=LTE02ERBS00134-3,EUtranFreqRelation=2,EUtranCellRelation=11" lastModified="1287505407540" mimName="ERBS_NODE_MODEL" mimVersion="A.9.50.J.9.1">
    <attr name="isRemoveAllowed">false</attr>
    <attr name="neighborCellRef">SubNetwork=ONRM_RootMo_R,MeContext=LTE02ERBS00134,ManagedElement=1,ENodeBFunction=1,EUtraNetwork=1,ExternalENodeBFunction=292,ExternalEUtranCellFDD=4</attr>
    <attr name="anrCreated">false</attr>
    <attr name="isHoAllowed">true</attr>
  </mo>
  <mo fdn="SubNetwork=ONRM_RootMo_R,MeContext=LTE02ERBS00134,ManagedElement=1,ENodeBFunction=1,EUtranCellFDD=LTE02ERBS00134-3,EUtranFreqRelation=2,EUtranCellRelation=16" lastModified="1287505407553" mimName="ERBS_NODE_MODEL" mimVersion="A.9.50.J.9.1">
    <attr name="isRemoveAllowed">false</attr>
    <attr name="neighborCellRef">SubNetwork=ONRM_RootMo_R,MeContext=LTE02ERBS00134,ManagedElement=1,ENodeBFunction=1,EUtraNetwork=1,ExternalENodeBFunction=296,ExternalEUtranCellFDD=3</attr>
    <attr name="anrCreated">false</attr>
    <attr name="isHoAllowed">true</attr>
  </mo>
  <mo fdn="SubNetwork=ONRM_RootMo_R,MeContext=LTE02ERBS00134,ManagedElement=1,ENodeBFunction=1,EUtranCellFDD=LTE02ERBS00134-3,EUtranFreqRelation=2,EUtranCellRelation=17" lastModified="1287505407548" mimName="ERBS_NODE_MODEL" mimVersion="A.9.50.J.9.1">
    <attr name="isRemoveAllowed">false</attr>
    <attr name="neighborCellRef">SubNetwork=ONRM_RootMo_R,MeContext=LTE02ERBS00134,ManagedElement=1,ENodeBFunction=1,EUtraNetwork=1,ExternalENodeBFunction=296,ExternalEUtranCellFDD=4</attr>
    <attr name="anrCreated">false</attr>
    <attr name="isHoAllowed">true</attr>
  </mo>
  <mo fdn="SubNetwork=ONRM_RootMo_R,MeContext=LTE02ERBS00134,ManagedElement=1,ENodeBFunction=1,EUtranCellFDD=LTE02ERBS00134-3,EUtranFreqRelation=2,EUtranCellRelation=2" lastModified="1287501644066" mimName="ERBS_NODE_MODEL" mimVersion="A.9.50.J.9.1">
    <attr name="isRemoveAllowed">false</attr>
    <attr name="neighborCellRef">SubNetwork=ONRM_RootMo_R,MeContext=LTE02ERBS00134,ManagedElement=1,ENodeBFunction=1,EUtranCellFDD=LTE02ERBS00134-2</attr>
    <attr name="anrCreated">false</attr>
    <attr name="isHoAllowed">true</attr>
  </mo>
  <mo fdn="SubNetwork=ONRM_RootMo_R,MeContext=LTE02ERBS00134,ManagedElement=1,ENodeBFunction=1,EUtranCellFDD=LTE02ERBS00134-3,EUtranFreqRelation=2,EUtranCellRelation=20" lastModified="1287505407544" mimName="ERBS_NODE_MODEL" mimVersion="A.9.50.J.9.1">
    <attr name="isRemoveAllowed">false</attr>
    <attr name="neighborCellRef">SubNetwork=ONRM_RootMo_R,MeContext=LTE02ERBS00134,ManagedElement=1,ENodeBFunction=1,EUtraNetwork=1,ExternalENodeBFunction=298,ExternalEUtranCellFDD=3</attr>
    <attr name="anrCreated">false</attr>
    <attr name="isHoAllowed">true</attr>
  </mo>
  <mo fdn="SubNetwork=ONRM_RootMo_R,MeContext=LTE02ERBS00134,ManagedElement=1,ENodeBFunction=1,EUtranCellFDD=LTE02ERBS00134-3,EUtranFreqRelation=2,EUtranCellRelation=21" lastModified="1287505407542" mimName="ERBS_NODE_MODEL" mimVersion="A.9.50.J.9.1">
    <attr name="isRemoveAllowed">false</attr>
    <attr name="neighborCellRef">SubNetwork=ONRM_RootMo_R,MeContext=LTE02ERBS00134,ManagedElement=1,ENodeBFunction=1,EUtraNetwork=1,ExternalENodeBFunction=298,ExternalEUtranCellFDD=4</attr>
    <attr name="anrCreated">false</attr>
    <attr name="isHoAllowed">true</attr>
  </mo>
  <mo fdn="SubNetwork=ONRM_RootMo_R,MeContext=LTE02ERBS00134,ManagedElement=1,ENodeBFunction=1,EUtranCellFDD=LTE02ERBS00134-3,EUtranFreqRelation=2,EUtranCellRelation=24" lastModified="1287505407538" mimName="ERBS_NODE_MODEL" mimVersion="A.9.50.J.9.1">
    <attr name="isRemoveAllowed">false</attr>
    <attr name="neighborCellRef">SubNetwork=ONRM_RootMo_R,MeContext=LTE02ERBS00134,ManagedElement=1,ENodeBFunction=1,EUtraNetwork=1,ExternalENodeBFunction=300,ExternalEUtranCellFDD=3</attr>
    <attr name="anrCreated">false</attr>
    <attr name="isHoAllowed">true</attr>
  </mo>
  <mo fdn="SubNetwork=ONRM_RootMo_R,MeContext=LTE02ERBS00134,ManagedElement=1,ENodeBFunction=1,EUtranCellFDD=LTE02ERBS00134-3,EUtranFreqRelation=2,EUtranCellRelation=25" lastModified="1287505407537" mimName="ERBS_NODE_MODEL" mimVersion="A.9.50.J.9.1">
    <attr name="isRemoveAllowed">false</attr>
    <attr name="neighborCellRef">SubNetwork=ONRM_RootMo_R,MeContext=LTE02ERBS00134,ManagedElement=1,ENodeBFunction=1,EUtraNetwork=1,ExternalENodeBFunction=300,ExternalEUtranCellFDD=4</attr>
    <attr name="anrCreated">false</attr>
    <attr name="isHoAllowed">true</attr>
  </mo>
  <mo fdn="SubNetwork=ONRM_RootMo_R,MeContext=LTE02ERBS00134,ManagedElement=1,ENodeBFunction=1,EUtranCellFDD=LTE02ERBS00134-3,EUtranFreqRelation=2,EUtranCellRelation=28" lastModified="1287505407555" mimName="ERBS_NODE_MODEL" mimVersion="A.9.50.J.9.1">
    <attr name="isRemoveAllowed">false</attr>
    <attr name="neighborCellRef">SubNetwork=ONRM_RootMo_R,MeContext=LTE02ERBS00134,ManagedElement=1,ENodeBFunction=1,EUtraNetwork=1,ExternalENodeBFunction=302,ExternalEUtranCellFDD=3</attr>
    <attr name="anrCreated">false</attr>
    <attr name="isHoAllowed">true</attr>
  </mo>
  <mo fdn="SubNetwork=ONRM_RootMo_R,MeContext=LTE02ERBS00134,ManagedElement=1,ENodeBFunction=1,EUtranCellFDD=LTE02ERBS00134-3,EUtranFreqRelation=2,EUtranCellRelation=29" lastModified="1287505407552" mimName="ERBS_NODE_MODEL" mimVersion="A.9.50.J.9.1">
    <attr name="isRemoveAllowed">false</attr>
    <attr name="neighborCellRef">SubNetwork=ONRM_RootMo_R,MeContext=LTE02ERBS00134,ManagedElement=1,ENodeBFunction=1,EUtraNetwork=1,ExternalENodeBFunction=302,ExternalEUtranCellFDD=4</attr>
    <attr name="anrCreated">false</attr>
    <attr name="isHoAllowed">true</attr>
  </mo>
  <mo fdn="SubNetwork=ONRM_RootMo_R,MeContext=LTE02ERBS00134,ManagedElement=1,ENodeBFunction=1,EUtranCellFDD=LTE02ERBS00134-3,EUtranFreqRelation=2,EUtranCellRelation=3" lastModified="1287501644062" mimName="ERBS_NODE_MODEL" mimVersion="A.9.50.J.9.1">
    <attr name="isRemoveAllowed">false</attr>
    <attr name="neighborCellRef">SubNetwork=ONRM_RootMo_R,MeContext=LTE02ERBS00134,ManagedElement=1,ENodeBFunction=1,EUtranCellFDD=LTE02ERBS00134-4</attr>
    <attr name="anrCreated">false</attr>
    <attr name="isHoAllowed">true</attr>
  </mo>
  <mo fdn="SubNetwork=ONRM_RootMo_R,MeContext=LTE02ERBS00134,ManagedElement=1,ENodeBFunction=1,EUtranCellFDD=LTE02ERBS00134-3,EUtranFreqRelation=2,EUtranCellRelation=32" lastModified="1287505407536" mimName="ERBS_NODE_MODEL" mimVersion="A.9.50.J.9.1">
    <attr name="isRemoveAllowed">false</attr>
    <attr name="neighborCellRef">SubNetwork=ONRM_RootMo_R,MeContext=LTE02ERBS00134,ManagedElement=1,ENodeBFunction=1,EUtraNetwork=1,ExternalENodeBFunction=304,ExternalEUtranCellFDD=3</attr>
    <attr name="anrCreated">false</attr>
    <attr name="isHoAllowed">true</attr>
  </mo>
  <mo fdn="SubNetwork=ONRM_RootMo_R,MeContext=LTE02ERBS00134,ManagedElement=1,ENodeBFunction=1,EUtranCellFDD=LTE02ERBS00134-3,EUtranFreqRelation=2,EUtranCellRelation=33" lastModified="1287505407546" mimName="ERBS_NODE_MODEL" mimVersion="A.9.50.J.9.1">
    <attr name="isRemoveAllowed">false</attr>
    <attr name="neighborCellRef">SubNetwork=ONRM_RootMo_R,MeContext=LTE02ERBS00134,ManagedElement=1,ENodeBFunction=1,EUtraNetwork=1,ExternalENodeBFunction=304,ExternalEUtranCellFDD=4</attr>
    <attr name="anrCreated">false</attr>
    <attr name="isHoAllowed">true</attr>
  </mo>
  <mo fdn="SubNetwork=ONRM_RootMo_R,MeContext=LTE02ERBS00134,ManagedElement=1,ENodeBFunction=1,EUtranCellFDD=LTE02ERBS00134-3,EUtranFreqRelation=2,EUtranCellRelation=6" lastModified="1287505407547" mimName="ERBS_NODE_MODEL" mimVersion="A.9.50.J.9.1">
    <attr name="isRemoveAllowed">false</attr>
    <attr name="neighborCellRef">SubNetwork=ONRM_RootMo_R,MeContext=LTE02ERBS00134,ManagedElement=1,ENodeBFunction=1,EUtraNetwork=1,ExternalENodeBFunction=290,ExternalEUtranCellFDD=3</attr>
    <attr name="anrCreated">false</attr>
    <attr name="isHoAllowed">true</attr>
  </mo>
  <mo fdn="SubNetwork=ONRM_RootMo_R,MeContext=LTE02ERBS00134,ManagedElement=1,ENodeBFunction=1,EUtranCellFDD=LTE02ERBS00134-3,EUtranFreqRelation=2,EUtranCellRelation=7" lastModified="1287505407550" mimName="ERBS_NODE_MODEL" mimVersion="A.9.50.J.9.1">
    <attr name="isRemoveAllowed">false</attr>
    <attr name="neighborCellRef">SubNetwork=ONRM_RootMo_R,MeContext=LTE02ERBS00134,ManagedElement=1,ENodeBFunction=1,EUtraNetwork=1,ExternalENodeBFunction=290,ExternalEUtranCellFDD=4</attr>
    <attr name="anrCreated">false</attr>
    <attr name="isHoAllowed">true</attr>
  </mo>
  <mo fdn="SubNetwork=ONRM_RootMo_R,MeContext=LTE02ERBS00134,ManagedElement=1,ENodeBFunction=1,EUtranCellFDD=LTE02ERBS00134-4" lastModified="1287512222918" mimName="ERBS_NODE_MODEL" mimVersion="A.9.50.J.9.1">
    <attr name="EUtranCellFDDId">LTE02ERBS00134-4</attr>
    <attr name="earfcnul">18000</attr>
    <attr name="cellId">4</attr>
    <attr name="tac">1</attr>
    <attr name="bPlmnList">
      <seq count="1">
        <item>
          <struct>
            <attr name="mcc">311</attr>
            <attr name="mnc">480</attr>
            <attr name="mncLength">2</attr>
          </struct>
        </item>
      </seq>
    </attr>
    <attr name="earfcndl">0</attr>
    <attr name="userLabel">LTE02ERBS00134-4</attr>
  </mo>
  <mo fdn="SubNetwork=ONRM_RootMo_R,MeContext=LTE02ERBS00134,ManagedElement=1,ENodeBFunction=1,EUtranCellFDD=LTE02ERBS00134-4,EUtranFreqRelation=1,EUtranCellRelation=12" lastModified="1287505422251" mimName="ERBS_NODE_MODEL" mimVersion="A.9.50.J.9.1">
    <attr name="isRemoveAllowed">false</attr>
    <attr name="neighborCellRef">SubNetwork=ONRM_RootMo_R,MeContext=LTE02ERBS00134,ManagedElement=1,ENodeBFunction=1,EUtraNetwork=1,ExternalENodeBFunction=293,ExternalEUtranCellFDD=3</attr>
    <attr name="anrCreated">false</attr>
    <attr name="isHoAllowed">true</attr>
  </mo>
  <mo fdn="SubNetwork=ONRM_RootMo_R,MeContext=LTE02ERBS00134,ManagedElement=1,ENodeBFunction=1,EUtranCellFDD=LTE02ERBS00134-4,EUtranFreqRelation=1,EUtranCellRelation=13" lastModified="1287505422247" mimName="ERBS_NODE_MODEL" mimVersion="A.9.50.J.9.1">
    <attr name="isRemoveAllowed">false</attr>
    <attr name="neighborCellRef">SubNetwork=ONRM_RootMo_R,MeContext=LTE02ERBS00134,ManagedElement=1,ENodeBFunction=1,EUtraNetwork=1,ExternalENodeBFunction=293,ExternalEUtranCellFDD=4</attr>
    <attr name="anrCreated">false</attr>
    <attr name="isHoAllowed">true</attr>
  </mo>
  <mo fdn="SubNetwork=ONRM_RootMo_R,MeContext=LTE02ERBS00134,ManagedElement=1,ENodeBFunction=1,EUtranCellFDD=LTE02ERBS00134-4,EUtranFreqRelation=1,EUtranCellRelation=14" lastModified="1287512222850" mimName="ERBS_NODE_MODEL" mimVersion="A.9.50.J.9.1">
    <attr name="isRemoveAllowed">false</attr>
    <attr name="neighborCellRef">SubNetwork=ONRM_RootMo_R,MeContext=LTE02ERBS00134,ManagedElement=1,ENodeBFunction=1,EUtraNetwork=1,ExternalENodeBFunction=295,ExternalEUtranCellFDD=3</attr>
    <attr name="anrCreated">false</attr>
    <attr name="isHoAllowed">true</attr>
  </mo>
  <mo fdn="SubNetwork=ONRM_RootMo_R,MeContext=LTE02ERBS00134,ManagedElement=1,ENodeBFunction=1,EUtranCellFDD=LTE02ERBS00134-4,EUtranFreqRelation=1,EUtranCellRelation=15" lastModified="1287512222863" mimName="ERBS_NODE_MODEL" mimVersion="A.9.50.J.9.1">
    <attr name="isRemoveAllowed">false</attr>
    <attr name="neighborCellRef">SubNetwork=ONRM_RootMo_R,MeContext=LTE02ERBS00134,ManagedElement=1,ENodeBFunction=1,EUtraNetwork=1,ExternalENodeBFunction=295,ExternalEUtranCellFDD=4</attr>
    <attr name="anrCreated">false</attr>
    <attr name="isHoAllowed">true</attr>
  </mo>
  <mo fdn="SubNetwork=ONRM_RootMo_R,MeContext=LTE02ERBS00134,ManagedElement=1,ENodeBFunction=1,EUtranCellFDD=LTE02ERBS00134-4,EUtranFreqRelation=1,EUtranCellRelation=18" lastModified="1287505422257" mimName="ERBS_NODE_MODEL" mimVersion="A.9.50.J.9.1">
    <attr name="isRemoveAllowed">false</attr>
    <attr name="neighborCellRef">SubNetwork=ONRM_RootMo_R,MeContext=LTE02ERBS00134,ManagedElement=1,ENodeBFunction=1,EUtraNetwork=1,ExternalENodeBFunction=297,ExternalEUtranCellFDD=3</attr>
    <attr name="anrCreated">false</attr>
    <attr name="isHoAllowed">true</attr>
  </mo>
  <mo fdn="SubNetwork=ONRM_RootMo_R,MeContext=LTE02ERBS00134,ManagedElement=1,ENodeBFunction=1,EUtranCellFDD=LTE02ERBS00134-4,EUtranFreqRelation=1,EUtranCellRelation=19" lastModified="1287505422256" mimName="ERBS_NODE_MODEL" mimVersion="A.9.50.J.9.1">
    <attr name="isRemoveAllowed">false</attr>
    <attr name="neighborCellRef">SubNetwork=ONRM_RootMo_R,MeContext=LTE02ERBS00134,ManagedElement=1,ENodeBFunction=1,EUtraNetwork=1,ExternalENodeBFunction=297,ExternalEUtranCellFDD=4</attr>
    <attr name="anrCreated">false</attr>
    <attr name="isHoAllowed">true</attr>
  </mo>
  <mo fdn="SubNetwork=ONRM_RootMo_R,MeContext=LTE02ERBS00134,ManagedElement=1,ENodeBFunction=1,EUtranCellFDD=LTE02ERBS00134-4,EUtranFreqRelation=1,EUtranCellRelation=22" lastModified="1287505422249" mimName="ERBS_NODE_MODEL" mimVersion="A.9.50.J.9.1">
    <attr name="isRemoveAllowed">false</attr>
    <attr name="neighborCellRef">SubNetwork=ONRM_RootMo_R,MeContext=LTE02ERBS00134,ManagedElement=1,ENodeBFunction=1,EUtraNetwork=1,ExternalENodeBFunction=299,ExternalEUtranCellFDD=3</attr>
    <attr name="anrCreated">false</attr>
    <attr name="isHoAllowed">true</attr>
  </mo>
  <mo fdn="SubNetwork=ONRM_RootMo_R,MeContext=LTE02ERBS00134,ManagedElement=1,ENodeBFunction=1,EUtranCellFDD=LTE02ERBS00134-4,EUtranFreqRelation=1,EUtranCellRelation=23" lastModified="1287505422245" mimName="ERBS_NODE_MODEL" mimVersion="A.9.50.J.9.1">
    <attr name="isRemoveAllowed">false</attr>
    <attr name="neighborCellRef">SubNetwork=ONRM_RootMo_R,MeContext=LTE02ERBS00134,ManagedElement=1,ENodeBFunction=1,EUtraNetwork=1,ExternalENodeBFunction=299,ExternalEUtranCellFDD=4</attr>
    <attr name="anrCreated">false</attr>
    <attr name="isHoAllowed">true</attr>
  </mo>
  <mo fdn="SubNetwork=ONRM_RootMo_R,MeContext=LTE02ERBS00134,ManagedElement=1,ENodeBFunction=1,EUtranCellFDD=LTE02ERBS00134-4,EUtranFreqRelation=1,EUtranCellRelation=26" lastModified="1287505422259" mimName="ERBS_NODE_MODEL" mimVersion="A.9.50.J.9.1">
    <attr name="isRemoveAllowed">false</attr>
    <attr name="neighborCellRef">SubNetwork=ONRM_RootMo_R,MeContext=LTE02ERBS00134,ManagedElement=1,ENodeBFunction=1,EUtraNetwork=1,ExternalENodeBFunction=301,ExternalEUtranCellFDD=3</attr>
    <attr name="anrCreated">false</attr>
    <attr name="isHoAllowed">true</attr>
  </mo>
  <mo fdn="SubNetwork=ONRM_RootMo_R,MeContext=LTE02ERBS00134,ManagedElement=1,ENodeBFunction=1,EUtranCellFDD=LTE02ERBS00134-4,EUtranFreqRelation=1,EUtranCellRelation=27" lastModified="1287505422257" mimName="ERBS_NODE_MODEL" mimVersion="A.9.50.J.9.1">
    <attr name="isRemoveAllowed">false</attr>
    <attr name="neighborCellRef">SubNetwork=ONRM_RootMo_R,MeContext=LTE02ERBS00134,ManagedElement=1,ENodeBFunction=1,EUtraNetwork=1,ExternalENodeBFunction=301,ExternalEUtranCellFDD=4</attr>
    <attr name="anrCreated">false</attr>
    <attr name="isHoAllowed">true</attr>
  </mo>
  <mo fdn="SubNetwork=ONRM_RootMo_R,MeContext=LTE02ERBS00134,ManagedElement=1,ENodeBFunction=1,EUtranCellFDD=LTE02ERBS00134-4,EUtranFreqRelation=1,EUtranCellRelation=30" lastModified="1287505422253" mimName="ERBS_NODE_MODEL" mimVersion="A.9.50.J.9.1">
    <attr name="isRemoveAllowed">false</attr>
    <attr name="neighborCellRef">SubNetwork=ONRM_RootMo_R,MeContext=LTE02ERBS00134,ManagedElement=1,ENodeBFunction=1,EUtraNetwork=1,ExternalENodeBFunction=303,ExternalEUtranCellFDD=3</attr>
    <attr name="anrCreated">false</attr>
    <attr name="isHoAllowed">true</attr>
  </mo>
  <mo fdn="SubNetwork=ONRM_RootMo_R,MeContext=LTE02ERBS00134,ManagedElement=1,ENodeBFunction=1,EUtranCellFDD=LTE02ERBS00134-4,EUtranFreqRelation=1,EUtranCellRelation=31" lastModified="1287505422250" mimName="ERBS_NODE_MODEL" mimVersion="A.9.50.J.9.1">
    <attr name="isRemoveAllowed">false</attr>
    <attr name="neighborCellRef">SubNetwork=ONRM_RootMo_R,MeContext=LTE02ERBS00134,ManagedElement=1,ENodeBFunction=1,EUtraNetwork=1,ExternalENodeBFunction=303,ExternalEUtranCellFDD=4</attr>
    <attr name="anrCreated">false</attr>
    <attr name="isHoAllowed">true</attr>
  </mo>
  <mo fdn="SubNetwork=ONRM_RootMo_R,MeContext=LTE02ERBS00134,ManagedElement=1,ENodeBFunction=1,EUtranCellFDD=LTE02ERBS00134-4,EUtranFreqRelation=1,EUtranCellRelation=4" lastModified="1287505422260" mimName="ERBS_NODE_MODEL" mimVersion="A.9.50.J.9.1">
    <attr name="isRemoveAllowed">false</attr>
    <attr name="neighborCellRef">SubNetwork=ONRM_RootMo_R,MeContext=LTE02ERBS00134,ManagedElement=1,ENodeBFunction=1,EUtraNetwork=1,ExternalENodeBFunction=289,ExternalEUtranCellFDD=3</attr>
    <attr name="anrCreated">false</attr>
    <attr name="isHoAllowed">true</attr>
  </mo>
  <mo fdn="SubNetwork=ONRM_RootMo_R,MeContext=LTE02ERBS00134,ManagedElement=1,ENodeBFunction=1,EUtranCellFDD=LTE02ERBS00134-4,EUtranFreqRelation=1,EUtranCellRelation=5" lastModified="1287505422261" mimName="ERBS_NODE_MODEL" mimVersion="A.9.50.J.9.1">
    <attr name="isRemoveAllowed">false</attr>
    <attr name="neighborCellRef">SubNetwork=ONRM_RootMo_R,MeContext=LTE02ERBS00134,ManagedElement=1,ENodeBFunction=1,EUtraNetwork=1,ExternalENodeBFunction=289,ExternalEUtranCellFDD=4</attr>
    <attr name="anrCreated">false</attr>
    <attr name="isHoAllowed">true</attr>
  </mo>
  <mo fdn="SubNetwork=ONRM_RootMo_R,MeContext=LTE02ERBS00134,ManagedElement=1,ENodeBFunction=1,EUtranCellFDD=LTE02ERBS00134-4,EUtranFreqRelation=1,EUtranCellRelation=8" lastModified="1287505422254" mimName="ERBS_NODE_MODEL" mimVersion="A.9.50.J.9.1">
    <attr name="isRemoveAllowed">false</attr>
    <attr name="neighborCellRef">SubNetwork=ONRM_RootMo_R,MeContext=LTE02ERBS00134,ManagedElement=1,ENodeBFunction=1,EUtraNetwork=1,ExternalENodeBFunction=291,ExternalEUtranCellFDD=3</attr>
    <attr name="anrCreated">false</attr>
    <attr name="isHoAllowed">true</attr>
  </mo>
  <mo fdn="SubNetwork=ONRM_RootMo_R,MeContext=LTE02ERBS00134,ManagedElement=1,ENodeBFunction=1,EUtranCellFDD=LTE02ERBS00134-4,EUtranFreqRelation=1,EUtranCellRelation=9" lastModified="1287505422255" mimName="ERBS_NODE_MODEL" mimVersion="A.9.50.J.9.1">
    <attr name="isRemoveAllowed">false</attr>
    <attr name="neighborCellRef">SubNetwork=ONRM_RootMo_R,MeContext=LTE02ERBS00134,ManagedElement=1,ENodeBFunction=1,EUtraNetwork=1,ExternalENodeBFunction=291,ExternalEUtranCellFDD=4</attr>
    <attr name="anrCreated">false</attr>
    <attr name="isHoAllowed">true</attr>
  </mo>
  <mo fdn="SubNetwork=ONRM_RootMo_R,MeContext=LTE02ERBS00134,ManagedElement=1,ENodeBFunction=1,EUtranCellFDD=LTE02ERBS00134-4,EUtranFreqRelation=2,EUtranCellRelation=1" lastModified="1287501644017" mimName="ERBS_NODE_MODEL" mimVersion="A.9.50.J.9.1">
    <attr name="isRemoveAllowed">false</attr>
    <attr name="neighborCellRef">SubNetwork=ONRM_RootMo_R,MeContext=LTE02ERBS00134,ManagedElement=1,ENodeBFunction=1,EUtranCellFDD=LTE02ERBS00134-1</attr>
    <attr name="anrCreated">false</attr>
    <attr name="isHoAllowed">true</attr>
  </mo>
  <mo fdn="SubNetwork=ONRM_RootMo_R,MeContext=LTE02ERBS00134,ManagedElement=1,ENodeBFunction=1,EUtranCellFDD=LTE02ERBS00134-4,EUtranFreqRelation=2,EUtranCellRelation=10" lastModified="1287505422222" mimName="ERBS_NODE_MODEL" mimVersion="A.9.50.J.9.1">
    <attr name="isRemoveAllowed">false</attr>
    <attr name="neighborCellRef">SubNetwork=ONRM_RootMo_R,MeContext=LTE02ERBS00134,ManagedElement=1,ENodeBFunction=1,EUtraNetwork=1,ExternalENodeBFunction=292,ExternalEUtranCellFDD=3</attr>
    <attr name="anrCreated">false</attr>
    <attr name="isHoAllowed">true</attr>
  </mo>
  <mo fdn="SubNetwork=ONRM_RootMo_R,MeContext=LTE02ERBS00134,ManagedElement=1,ENodeBFunction=1,EUtranCellFDD=LTE02ERBS00134-4,EUtranFreqRelation=2,EUtranCellRelation=11" lastModified="1287505422220" mimName="ERBS_NODE_MODEL" mimVersion="A.9.50.J.9.1">
    <attr name="isRemoveAllowed">false</attr>
    <attr name="neighborCellRef">SubNetwork=ONRM_RootMo_R,MeContext=LTE02ERBS00134,ManagedElement=1,ENodeBFunction=1,EUtraNetwork=1,ExternalENodeBFunction=292,ExternalEUtranCellFDD=4</attr>
    <attr name="anrCreated">false</attr>
    <attr name="isHoAllowed">true</attr>
  </mo>
  <mo fdn="SubNetwork=ONRM_RootMo_R,MeContext=LTE02ERBS00134,ManagedElement=1,ENodeBFunction=1,EUtranCellFDD=LTE02ERBS00134-4,EUtranFreqRelation=2,EUtranCellRelation=16" lastModified="1287505422238" mimName="ERBS_NODE_MODEL" mimVersion="A.9.50.J.9.1">
    <attr name="isRemoveAllowed">false</attr>
    <attr name="neighborCellRef">SubNetwork=ONRM_RootMo_R,MeContext=LTE02ERBS00134,ManagedElement=1,ENodeBFunction=1,EUtraNetwork=1,ExternalENodeBFunction=296,ExternalEUtranCellFDD=3</attr>
    <attr name="anrCreated">false</attr>
    <attr name="isHoAllowed">true</attr>
  </mo>
  <mo fdn="SubNetwork=ONRM_RootMo_R,MeContext=LTE02ERBS00134,ManagedElement=1,ENodeBFunction=1,EUtranCellFDD=LTE02ERBS00134-4,EUtranFreqRelation=2,EUtranCellRelation=17" lastModified="1287505422233" mimName="ERBS_NODE_MODEL" mimVersion="A.9.50.J.9.1">
    <attr name="isRemoveAllowed">false</attr>
    <attr name="neighborCellRef">SubNetwork=ONRM_RootMo_R,MeContext=LTE02ERBS00134,ManagedElement=1,ENodeBFunction=1,EUtraNetwork=1,ExternalENodeBFunction=296,ExternalEUtranCellFDD=4</attr>
    <attr name="anrCreated">false</attr>
    <attr name="isHoAllowed">true</attr>
  </mo>
  <mo fdn="SubNetwork=ONRM_RootMo_R,MeContext=LTE02ERBS00134,ManagedElement=1,ENodeBFunction=1,EUtranCellFDD=LTE02ERBS00134-4,EUtranFreqRelation=2,EUtranCellRelation=2" lastModified="1287501644007" mimName="ERBS_NODE_MODEL" mimVersion="A.9.50.J.9.1">
    <attr name="isRemoveAllowed">false</attr>
    <attr name="neighborCellRef">SubNetwork=ONRM_RootMo_R,MeContext=LTE02ERBS00134,ManagedElement=1,ENodeBFunction=1,EUtranCellFDD=LTE02ERBS00134-2</attr>
    <attr name="anrCreated">false</attr>
    <attr name="isHoAllowed">true</attr>
  </mo>
  <mo fdn="SubNetwork=ONRM_RootMo_R,MeContext=LTE02ERBS00134,ManagedElement=1,ENodeBFunction=1,EUtranCellFDD=LTE02ERBS00134-4,EUtranFreqRelation=2,EUtranCellRelation=20" lastModified="1287505422227" mimName="ERBS_NODE_MODEL" mimVersion="A.9.50.J.9.1">
    <attr name="isRemoveAllowed">false</attr>
    <attr name="neighborCellRef">SubNetwork=ONRM_RootMo_R,MeContext=LTE02ERBS00134,ManagedElement=1,ENodeBFunction=1,EUtraNetwork=1,ExternalENodeBFunction=298,ExternalEUtranCellFDD=3</attr>
    <attr name="anrCreated">false</attr>
    <attr name="isHoAllowed">true</attr>
  </mo>
  <mo fdn="SubNetwork=ONRM_RootMo_R,MeContext=LTE02ERBS00134,ManagedElement=1,ENodeBFunction=1,EUtranCellFDD=LTE02ERBS00134-4,EUtranFreqRelation=2,EUtranCellRelation=21" lastModified="1287505422224" mimName="ERBS_NODE_MODEL" mimVersion="A.9.50.J.9.1">
    <attr name="isRemoveAllowed">false</attr>
    <attr name="neighborCellRef">SubNetwork=ONRM_RootMo_R,MeContext=LTE02ERBS00134,ManagedElement=1,ENodeBFunction=1,EUtraNetwork=1,ExternalENodeBFunction=298,ExternalEUtranCellFDD=4</attr>
    <attr name="anrCreated">false</attr>
    <attr name="isHoAllowed">true</attr>
  </mo>
  <mo fdn="SubNetwork=ONRM_RootMo_R,MeContext=LTE02ERBS00134,ManagedElement=1,ENodeBFunction=1,EUtranCellFDD=LTE02ERBS00134-4,EUtranFreqRelation=2,EUtranCellRelation=24" lastModified="1287505422218" mimName="ERBS_NODE_MODEL" mimVersion="A.9.50.J.9.1">
    <attr name="isRemoveAllowed">false</attr>
    <attr name="neighborCellRef">SubNetwork=ONRM_RootMo_R,MeContext=LTE02ERBS00134,ManagedElement=1,ENodeBFunction=1,EUtraNetwork=1,ExternalENodeBFunction=300,ExternalEUtranCellFDD=3</attr>
    <attr name="anrCreated">false</attr>
    <attr name="isHoAllowed">true</attr>
  </mo>
  <mo fdn="SubNetwork=ONRM_RootMo_R,MeContext=LTE02ERBS00134,ManagedElement=1,ENodeBFunction=1,EUtranCellFDD=LTE02ERBS00134-4,EUtranFreqRelation=2,EUtranCellRelation=25" lastModified="1287505422216" mimName="ERBS_NODE_MODEL" mimVersion="A.9.50.J.9.1">
    <attr name="isRemoveAllowed">false</attr>
    <attr name="neighborCellRef">SubNetwork=ONRM_RootMo_R,MeContext=LTE02ERBS00134,ManagedElement=1,ENodeBFunction=1,EUtraNetwork=1,ExternalENodeBFunction=300,ExternalEUtranCellFDD=4</attr>
    <attr name="anrCreated">false</attr>
    <attr name="isHoAllowed">true</attr>
  </mo>
  <mo fdn="SubNetwork=ONRM_RootMo_R,MeContext=LTE02ERBS00134,ManagedElement=1,ENodeBFunction=1,EUtranCellFDD=LTE02ERBS00134-4,EUtranFreqRelation=2,EUtranCellRelation=28" lastModified="1287505422239" mimName="ERBS_NODE_MODEL" mimVersion="A.9.50.J.9.1">
    <attr name="isRemoveAllowed">false</attr>
    <attr name="neighborCellRef">SubNetwork=ONRM_RootMo_R,MeContext=LTE02ERBS00134,ManagedElement=1,ENodeBFunction=1,EUtraNetwork=1,ExternalENodeBFunction=302,ExternalEUtranCellFDD=3</attr>
    <attr name="anrCreated">false</attr>
    <attr name="isHoAllowed">true</attr>
  </mo>
  <mo fdn="SubNetwork=ONRM_RootMo_R,MeContext=LTE02ERBS00134,ManagedElement=1,ENodeBFunction=1,EUtranCellFDD=LTE02ERBS00134-4,EUtranFreqRelation=2,EUtranCellRelation=29" lastModified="1287505422237" mimName="ERBS_NODE_MODEL" mimVersion="A.9.50.J.9.1">
    <attr name="isRemoveAllowed">false</attr>
    <attr name="neighborCellRef">SubNetwork=ONRM_RootMo_R,MeContext=LTE02ERBS00134,ManagedElement=1,ENodeBFunction=1,EUtraNetwork=1,ExternalENodeBFunction=302,ExternalEUtranCellFDD=4</attr>
    <attr name="anrCreated">false</attr>
    <attr name="isHoAllowed">true</attr>
  </mo>
  <mo fdn="SubNetwork=ONRM_RootMo_R,MeContext=LTE02ERBS00134,ManagedElement=1,ENodeBFunction=1,EUtranCellFDD=LTE02ERBS00134-4,EUtranFreqRelation=2,EUtranCellRelation=3" lastModified="1287501654242" mimName="ERBS_NODE_MODEL" mimVersion="A.9.50.J.9.1">
    <attr name="isRemoveAllowed">false</attr>
    <attr name="neighborCellRef">SubNetwork=ONRM_RootMo_R,MeContext=LTE02ERBS00134,ManagedElement=1,ENodeBFunction=1,EUtranCellFDD=LTE02ERBS00134-3</attr>
    <attr name="anrCreated">false</attr>
    <attr name="isHoAllowed">true</attr>
  </mo>
  <mo fdn="SubNetwork=ONRM_RootMo_R,MeContext=LTE02ERBS00134,ManagedElement=1,ENodeBFunction=1,EUtranCellFDD=LTE02ERBS00134-4,EUtranFreqRelation=2,EUtranCellRelation=32" lastModified="1287505422214" mimName="ERBS_NODE_MODEL" mimVersion="A.9.50.J.9.1">
    <attr name="isRemoveAllowed">false</attr>
    <attr name="neighborCellRef">SubNetwork=ONRM_RootMo_R,MeContext=LTE02ERBS00134,ManagedElement=1,ENodeBFunction=1,EUtraNetwork=1,ExternalENodeBFunction=304,ExternalEUtranCellFDD=3</attr>
    <attr name="anrCreated">false</attr>
    <attr name="isHoAllowed">true</attr>
  </mo>
  <mo fdn="SubNetwork=ONRM_RootMo_R,MeContext=LTE02ERBS00134,ManagedElement=1,ENodeBFunction=1,EUtranCellFDD=LTE02ERBS00134-4,EUtranFreqRelation=2,EUtranCellRelation=33" lastModified="1287505422230" mimName="ERBS_NODE_MODEL" mimVersion="A.9.50.J.9.1">
    <attr name="isRemoveAllowed">false</attr>
    <attr name="neighborCellRef">SubNetwork=ONRM_RootMo_R,MeContext=LTE02ERBS00134,ManagedElement=1,ENodeBFunction=1,EUtraNetwork=1,ExternalENodeBFunction=304,ExternalEUtranCellFDD=4</attr>
    <attr name="anrCreated">false</attr>
    <attr name="isHoAllowed">true</attr>
  </mo>
  <mo fdn="SubNetwork=ONRM_RootMo_R,MeContext=LTE02ERBS00134,ManagedElement=1,ENodeBFunction=1,EUtranCellFDD=LTE02ERBS00134-4,EUtranFreqRelation=2,EUtranCellRelation=6" lastModified="1287505422232" mimName="ERBS_NODE_MODEL" mimVersion="A.9.50.J.9.1">
    <attr name="isRemoveAllowed">false</attr>
    <attr name="neighborCellRef">SubNetwork=ONRM_RootMo_R,MeContext=LTE02ERBS00134,ManagedElement=1,ENodeBFunction=1,EUtraNetwork=1,ExternalENodeBFunction=290,ExternalEUtranCellFDD=3</attr>
    <attr name="anrCreated">false</attr>
    <attr name="isHoAllowed">true</attr>
  </mo>
  <mo fdn="SubNetwork=ONRM_RootMo_R,MeContext=LTE02ERBS00134,ManagedElement=1,ENodeBFunction=1,EUtranCellFDD=LTE02ERBS00134-4,EUtranFreqRelation=2,EUtranCellRelation=7" lastModified="1287505422234" mimName="ERBS_NODE_MODEL" mimVersion="A.9.50.J.9.1">
    <attr name="isRemoveAllowed">false</attr>
    <attr name="neighborCellRef">SubNetwork=ONRM_RootMo_R,MeContext=LTE02ERBS00134,ManagedElement=1,ENodeBFunction=1,EUtraNetwork=1,ExternalENodeBFunction=290,ExternalEUtranCellFDD=4</attr>
    <attr name="anrCreated">false</attr>
    <attr name="isHoAllowed">true</attr>
  </mo>
</model>
