<?xml version="1.0" encoding="UTF-8" standalone="no"?><!-- Generated by nmsadm --><!-- Generated on Thu Oct 28 14:37:08 BST 2010 --><!-- Generated from configuration valid --><!-- Query - Base MO SubNetwork=ONRM_RootMo_R,MeContext=LTE02ERBS00150; Scope 8 --><model>
  <mo fdn="SubNetwork=ONRM_RootMo_R,MeContext=LTE02ERBS00150" lastModified="1288105240573" mimName="ERBS_NODE_MODEL" mimVersion="A.9.50.J.9.1">
    <attr name="MeContextId">LTE02ERBS00150</attr>
    <attr name="neMIMversion">vA.9.40</attr>
    <attr name="siteRef">SubNetwork=ONRM_RootMo_R,Site=LTE02ERBS00150</attr>
    <attr name="userLabel">LTE02ERBS00150</attr>
  </mo>
  <mo fdn="SubNetwork=ONRM_RootMo_R,MeContext=LTE02ERBS00150,ManagedElement=1,ENodeBFunction=1" lastModified="1287501660082" mimName="ERBS_NODE_MODEL" mimVersion="A.9.50.J.9.1">
    <attr name="eNodeBPlmnId">
      <struct>
        <attr name="mcc">311</attr>
        <attr name="mnc">480</attr>
        <attr name="mncLength">2</attr>
      </struct>
    </attr>
    <attr name="eNBId">191311</attr>
  </mo>
  <mo fdn="SubNetwork=ONRM_RootMo_R,MeContext=LTE02ERBS00150,ManagedElement=1,ENodeBFunction=1,EUtranCellFDD=LTE02ERBS00150-1" lastModified="1287512230100" mimName="ERBS_NODE_MODEL" mimVersion="A.9.50.J.9.1">
    <attr name="EUtranCellFDDId">LTE02ERBS00150-1</attr>
    <attr name="earfcnul">18000</attr>
    <attr name="cellId">1</attr>
    <attr name="tac">48906</attr>
    <attr name="bPlmnList">
      <seq count="1">
        <item>
          <struct>
            <attr name="mcc">311</attr>
            <attr name="mnc">480</attr>
            <attr name="mncLength">2</attr>
          </struct>
        </item>
      </seq>
    </attr>
    <attr name="earfcndl">0</attr>
    <attr name="userLabel">LTE02ERBS00150-1</attr>
  </mo>
  <mo fdn="SubNetwork=ONRM_RootMo_R,MeContext=LTE02ERBS00150,ManagedElement=1,ENodeBFunction=1,EUtranCellFDD=LTE02ERBS00150-1,EUtranFreqRelation=1,EUtranCellRelation=12" lastModified="1287505437200" mimName="ERBS_NODE_MODEL" mimVersion="A.9.50.J.9.1">
    <attr name="isRemoveAllowed">false</attr>
    <attr name="neighborCellRef">SubNetwork=ONRM_RootMo_R,MeContext=LTE02ERBS00150,ManagedElement=1,ENodeBFunction=1,EUtraNetwork=1,ExternalENodeBFunction=309,ExternalEUtranCellFDD=1</attr>
    <attr name="anrCreated">false</attr>
    <attr name="isHoAllowed">true</attr>
  </mo>
  <mo fdn="SubNetwork=ONRM_RootMo_R,MeContext=LTE02ERBS00150,ManagedElement=1,ENodeBFunction=1,EUtranCellFDD=LTE02ERBS00150-1,EUtranFreqRelation=1,EUtranCellRelation=13" lastModified="1287505437198" mimName="ERBS_NODE_MODEL" mimVersion="A.9.50.J.9.1">
    <attr name="isRemoveAllowed">false</attr>
    <attr name="neighborCellRef">SubNetwork=ONRM_RootMo_R,MeContext=LTE02ERBS00150,ManagedElement=1,ENodeBFunction=1,EUtraNetwork=1,ExternalENodeBFunction=309,ExternalEUtranCellFDD=2</attr>
    <attr name="anrCreated">false</attr>
    <attr name="isHoAllowed">true</attr>
  </mo>
  <mo fdn="SubNetwork=ONRM_RootMo_R,MeContext=LTE02ERBS00150,ManagedElement=1,ENodeBFunction=1,EUtranCellFDD=LTE02ERBS00150-1,EUtranFreqRelation=1,EUtranCellRelation=14" lastModified="1287505437195" mimName="ERBS_NODE_MODEL" mimVersion="A.9.50.J.9.1">
    <attr name="isRemoveAllowed">false</attr>
    <attr name="neighborCellRef">SubNetwork=ONRM_RootMo_R,MeContext=LTE02ERBS00150,ManagedElement=1,ENodeBFunction=1,EUtraNetwork=1,ExternalENodeBFunction=311,ExternalEUtranCellFDD=1</attr>
    <attr name="anrCreated">false</attr>
    <attr name="isHoAllowed">true</attr>
  </mo>
  <mo fdn="SubNetwork=ONRM_RootMo_R,MeContext=LTE02ERBS00150,ManagedElement=1,ENodeBFunction=1,EUtranCellFDD=LTE02ERBS00150-1,EUtranFreqRelation=1,EUtranCellRelation=15" lastModified="1287505437208" mimName="ERBS_NODE_MODEL" mimVersion="A.9.50.J.9.1">
    <attr name="isRemoveAllowed">false</attr>
    <attr name="neighborCellRef">SubNetwork=ONRM_RootMo_R,MeContext=LTE02ERBS00150,ManagedElement=1,ENodeBFunction=1,EUtraNetwork=1,ExternalENodeBFunction=311,ExternalEUtranCellFDD=2</attr>
    <attr name="anrCreated">false</attr>
    <attr name="isHoAllowed">true</attr>
  </mo>
  <mo fdn="SubNetwork=ONRM_RootMo_R,MeContext=LTE02ERBS00150,ManagedElement=1,ENodeBFunction=1,EUtranCellFDD=LTE02ERBS00150-1,EUtranFreqRelation=1,EUtranCellRelation=18" lastModified="1287505437205" mimName="ERBS_NODE_MODEL" mimVersion="A.9.50.J.9.1">
    <attr name="isRemoveAllowed">false</attr>
    <attr name="neighborCellRef">SubNetwork=ONRM_RootMo_R,MeContext=LTE02ERBS00150,ManagedElement=1,ENodeBFunction=1,EUtraNetwork=1,ExternalENodeBFunction=313,ExternalEUtranCellFDD=1</attr>
    <attr name="anrCreated">false</attr>
    <attr name="isHoAllowed">true</attr>
  </mo>
  <mo fdn="SubNetwork=ONRM_RootMo_R,MeContext=LTE02ERBS00150,ManagedElement=1,ENodeBFunction=1,EUtranCellFDD=LTE02ERBS00150-1,EUtranFreqRelation=1,EUtranCellRelation=19" lastModified="1287505437204" mimName="ERBS_NODE_MODEL" mimVersion="A.9.50.J.9.1">
    <attr name="isRemoveAllowed">false</attr>
    <attr name="neighborCellRef">SubNetwork=ONRM_RootMo_R,MeContext=LTE02ERBS00150,ManagedElement=1,ENodeBFunction=1,EUtraNetwork=1,ExternalENodeBFunction=313,ExternalEUtranCellFDD=2</attr>
    <attr name="anrCreated">false</attr>
    <attr name="isHoAllowed">true</attr>
  </mo>
  <mo fdn="SubNetwork=ONRM_RootMo_R,MeContext=LTE02ERBS00150,ManagedElement=1,ENodeBFunction=1,EUtranCellFDD=LTE02ERBS00150-1,EUtranFreqRelation=1,EUtranCellRelation=22" lastModified="1287505437199" mimName="ERBS_NODE_MODEL" mimVersion="A.9.50.J.9.1">
    <attr name="isRemoveAllowed">false</attr>
    <attr name="neighborCellRef">SubNetwork=ONRM_RootMo_R,MeContext=LTE02ERBS00150,ManagedElement=1,ENodeBFunction=1,EUtraNetwork=1,ExternalENodeBFunction=315,ExternalEUtranCellFDD=1</attr>
    <attr name="anrCreated">false</attr>
    <attr name="isHoAllowed">true</attr>
  </mo>
  <mo fdn="SubNetwork=ONRM_RootMo_R,MeContext=LTE02ERBS00150,ManagedElement=1,ENodeBFunction=1,EUtranCellFDD=LTE02ERBS00150-1,EUtranFreqRelation=1,EUtranCellRelation=23" lastModified="1287505437197" mimName="ERBS_NODE_MODEL" mimVersion="A.9.50.J.9.1">
    <attr name="isRemoveAllowed">false</attr>
    <attr name="neighborCellRef">SubNetwork=ONRM_RootMo_R,MeContext=LTE02ERBS00150,ManagedElement=1,ENodeBFunction=1,EUtraNetwork=1,ExternalENodeBFunction=315,ExternalEUtranCellFDD=2</attr>
    <attr name="anrCreated">false</attr>
    <attr name="isHoAllowed">true</attr>
  </mo>
  <mo fdn="SubNetwork=ONRM_RootMo_R,MeContext=LTE02ERBS00150,ManagedElement=1,ENodeBFunction=1,EUtranCellFDD=LTE02ERBS00150-1,EUtranFreqRelation=1,EUtranCellRelation=26" lastModified="1287505437206" mimName="ERBS_NODE_MODEL" mimVersion="A.9.50.J.9.1">
    <attr name="isRemoveAllowed">false</attr>
    <attr name="neighborCellRef">SubNetwork=ONRM_RootMo_R,MeContext=LTE02ERBS00150,ManagedElement=1,ENodeBFunction=1,EUtraNetwork=1,ExternalENodeBFunction=317,ExternalEUtranCellFDD=1</attr>
    <attr name="anrCreated">false</attr>
    <attr name="isHoAllowed">true</attr>
  </mo>
  <mo fdn="SubNetwork=ONRM_RootMo_R,MeContext=LTE02ERBS00150,ManagedElement=1,ENodeBFunction=1,EUtranCellFDD=LTE02ERBS00150-1,EUtranFreqRelation=1,EUtranCellRelation=27" lastModified="1287505437205" mimName="ERBS_NODE_MODEL" mimVersion="A.9.50.J.9.1">
    <attr name="isRemoveAllowed">false</attr>
    <attr name="neighborCellRef">SubNetwork=ONRM_RootMo_R,MeContext=LTE02ERBS00150,ManagedElement=1,ENodeBFunction=1,EUtraNetwork=1,ExternalENodeBFunction=317,ExternalEUtranCellFDD=2</attr>
    <attr name="anrCreated">false</attr>
    <attr name="isHoAllowed">true</attr>
  </mo>
  <mo fdn="SubNetwork=ONRM_RootMo_R,MeContext=LTE02ERBS00150,ManagedElement=1,ENodeBFunction=1,EUtranCellFDD=LTE02ERBS00150-1,EUtranFreqRelation=1,EUtranCellRelation=30" lastModified="1287505437201" mimName="ERBS_NODE_MODEL" mimVersion="A.9.50.J.9.1">
    <attr name="isRemoveAllowed">false</attr>
    <attr name="neighborCellRef">SubNetwork=ONRM_RootMo_R,MeContext=LTE02ERBS00150,ManagedElement=1,ENodeBFunction=1,EUtraNetwork=1,ExternalENodeBFunction=319,ExternalEUtranCellFDD=1</attr>
    <attr name="anrCreated">false</attr>
    <attr name="isHoAllowed">true</attr>
  </mo>
  <mo fdn="SubNetwork=ONRM_RootMo_R,MeContext=LTE02ERBS00150,ManagedElement=1,ENodeBFunction=1,EUtranCellFDD=LTE02ERBS00150-1,EUtranFreqRelation=1,EUtranCellRelation=31" lastModified="1287505437199" mimName="ERBS_NODE_MODEL" mimVersion="A.9.50.J.9.1">
    <attr name="isRemoveAllowed">false</attr>
    <attr name="neighborCellRef">SubNetwork=ONRM_RootMo_R,MeContext=LTE02ERBS00150,ManagedElement=1,ENodeBFunction=1,EUtraNetwork=1,ExternalENodeBFunction=319,ExternalEUtranCellFDD=2</attr>
    <attr name="anrCreated">false</attr>
    <attr name="isHoAllowed">true</attr>
  </mo>
  <mo fdn="SubNetwork=ONRM_RootMo_R,MeContext=LTE02ERBS00150,ManagedElement=1,ENodeBFunction=1,EUtranCellFDD=LTE02ERBS00150-1,EUtranFreqRelation=1,EUtranCellRelation=4" lastModified="1287505437207" mimName="ERBS_NODE_MODEL" mimVersion="A.9.50.J.9.1">
    <attr name="isRemoveAllowed">false</attr>
    <attr name="neighborCellRef">SubNetwork=ONRM_RootMo_R,MeContext=LTE02ERBS00150,ManagedElement=1,ENodeBFunction=1,EUtraNetwork=1,ExternalENodeBFunction=305,ExternalEUtranCellFDD=1</attr>
    <attr name="anrCreated">false</attr>
    <attr name="isHoAllowed">true</attr>
  </mo>
  <mo fdn="SubNetwork=ONRM_RootMo_R,MeContext=LTE02ERBS00150,ManagedElement=1,ENodeBFunction=1,EUtranCellFDD=LTE02ERBS00150-1,EUtranFreqRelation=1,EUtranCellRelation=5" lastModified="1287505437209" mimName="ERBS_NODE_MODEL" mimVersion="A.9.50.J.9.1">
    <attr name="isRemoveAllowed">false</attr>
    <attr name="neighborCellRef">SubNetwork=ONRM_RootMo_R,MeContext=LTE02ERBS00150,ManagedElement=1,ENodeBFunction=1,EUtraNetwork=1,ExternalENodeBFunction=305,ExternalEUtranCellFDD=2</attr>
    <attr name="anrCreated">false</attr>
    <attr name="isHoAllowed">true</attr>
  </mo>
  <mo fdn="SubNetwork=ONRM_RootMo_R,MeContext=LTE02ERBS00150,ManagedElement=1,ENodeBFunction=1,EUtranCellFDD=LTE02ERBS00150-1,EUtranFreqRelation=1,EUtranCellRelation=8" lastModified="1287505437202" mimName="ERBS_NODE_MODEL" mimVersion="A.9.50.J.9.1">
    <attr name="isRemoveAllowed">false</attr>
    <attr name="neighborCellRef">SubNetwork=ONRM_RootMo_R,MeContext=LTE02ERBS00150,ManagedElement=1,ENodeBFunction=1,EUtraNetwork=1,ExternalENodeBFunction=307,ExternalEUtranCellFDD=1</attr>
    <attr name="anrCreated">false</attr>
    <attr name="isHoAllowed">true</attr>
  </mo>
  <mo fdn="SubNetwork=ONRM_RootMo_R,MeContext=LTE02ERBS00150,ManagedElement=1,ENodeBFunction=1,EUtranCellFDD=LTE02ERBS00150-1,EUtranFreqRelation=1,EUtranCellRelation=9" lastModified="1287505437203" mimName="ERBS_NODE_MODEL" mimVersion="A.9.50.J.9.1">
    <attr name="isRemoveAllowed">false</attr>
    <attr name="neighborCellRef">SubNetwork=ONRM_RootMo_R,MeContext=LTE02ERBS00150,ManagedElement=1,ENodeBFunction=1,EUtraNetwork=1,ExternalENodeBFunction=307,ExternalEUtranCellFDD=2</attr>
    <attr name="anrCreated">false</attr>
    <attr name="isHoAllowed">true</attr>
  </mo>
  <mo fdn="SubNetwork=ONRM_RootMo_R,MeContext=LTE02ERBS00150,ManagedElement=1,ENodeBFunction=1,EUtranCellFDD=LTE02ERBS00150-1,EUtranFreqRelation=2,EUtranCellRelation=1" lastModified="1287501654892" mimName="ERBS_NODE_MODEL" mimVersion="A.9.50.J.9.1">
    <attr name="isRemoveAllowed">false</attr>
    <attr name="neighborCellRef">SubNetwork=ONRM_RootMo_R,MeContext=LTE02ERBS00150,ManagedElement=1,ENodeBFunction=1,EUtranCellFDD=LTE02ERBS00150-2</attr>
    <attr name="anrCreated">false</attr>
    <attr name="isHoAllowed">true</attr>
  </mo>
  <mo fdn="SubNetwork=ONRM_RootMo_R,MeContext=LTE02ERBS00150,ManagedElement=1,ENodeBFunction=1,EUtranCellFDD=LTE02ERBS00150-1,EUtranFreqRelation=2,EUtranCellRelation=10" lastModified="1287505437178" mimName="ERBS_NODE_MODEL" mimVersion="A.9.50.J.9.1">
    <attr name="isRemoveAllowed">false</attr>
    <attr name="neighborCellRef">SubNetwork=ONRM_RootMo_R,MeContext=LTE02ERBS00150,ManagedElement=1,ENodeBFunction=1,EUtraNetwork=1,ExternalENodeBFunction=308,ExternalEUtranCellFDD=1</attr>
    <attr name="anrCreated">false</attr>
    <attr name="isHoAllowed">true</attr>
  </mo>
  <mo fdn="SubNetwork=ONRM_RootMo_R,MeContext=LTE02ERBS00150,ManagedElement=1,ENodeBFunction=1,EUtranCellFDD=LTE02ERBS00150-1,EUtranFreqRelation=2,EUtranCellRelation=11" lastModified="1287505437176" mimName="ERBS_NODE_MODEL" mimVersion="A.9.50.J.9.1">
    <attr name="isRemoveAllowed">false</attr>
    <attr name="neighborCellRef">SubNetwork=ONRM_RootMo_R,MeContext=LTE02ERBS00150,ManagedElement=1,ENodeBFunction=1,EUtraNetwork=1,ExternalENodeBFunction=308,ExternalEUtranCellFDD=2</attr>
    <attr name="anrCreated">false</attr>
    <attr name="isHoAllowed">true</attr>
  </mo>
  <mo fdn="SubNetwork=ONRM_RootMo_R,MeContext=LTE02ERBS00150,ManagedElement=1,ENodeBFunction=1,EUtranCellFDD=LTE02ERBS00150-1,EUtranFreqRelation=2,EUtranCellRelation=16" lastModified="1287505437190" mimName="ERBS_NODE_MODEL" mimVersion="A.9.50.J.9.1">
    <attr name="isRemoveAllowed">false</attr>
    <attr name="neighborCellRef">SubNetwork=ONRM_RootMo_R,MeContext=LTE02ERBS00150,ManagedElement=1,ENodeBFunction=1,EUtraNetwork=1,ExternalENodeBFunction=312,ExternalEUtranCellFDD=1</attr>
    <attr name="anrCreated">false</attr>
    <attr name="isHoAllowed">true</attr>
  </mo>
  <mo fdn="SubNetwork=ONRM_RootMo_R,MeContext=LTE02ERBS00150,ManagedElement=1,ENodeBFunction=1,EUtranCellFDD=LTE02ERBS00150-1,EUtranFreqRelation=2,EUtranCellRelation=17" lastModified="1287505437187" mimName="ERBS_NODE_MODEL" mimVersion="A.9.50.J.9.1">
    <attr name="isRemoveAllowed">false</attr>
    <attr name="neighborCellRef">SubNetwork=ONRM_RootMo_R,MeContext=LTE02ERBS00150,ManagedElement=1,ENodeBFunction=1,EUtraNetwork=1,ExternalENodeBFunction=312,ExternalEUtranCellFDD=2</attr>
    <attr name="anrCreated">false</attr>
    <attr name="isHoAllowed">true</attr>
  </mo>
  <mo fdn="SubNetwork=ONRM_RootMo_R,MeContext=LTE02ERBS00150,ManagedElement=1,ENodeBFunction=1,EUtranCellFDD=LTE02ERBS00150-1,EUtranFreqRelation=2,EUtranCellRelation=2" lastModified="1287501654888" mimName="ERBS_NODE_MODEL" mimVersion="A.9.50.J.9.1">
    <attr name="isRemoveAllowed">false</attr>
    <attr name="neighborCellRef">SubNetwork=ONRM_RootMo_R,MeContext=LTE02ERBS00150,ManagedElement=1,ENodeBFunction=1,EUtranCellFDD=LTE02ERBS00150-3</attr>
    <attr name="anrCreated">false</attr>
    <attr name="isHoAllowed">true</attr>
  </mo>
  <mo fdn="SubNetwork=ONRM_RootMo_R,MeContext=LTE02ERBS00150,ManagedElement=1,ENodeBFunction=1,EUtranCellFDD=LTE02ERBS00150-1,EUtranFreqRelation=2,EUtranCellRelation=20" lastModified="1287505437181" mimName="ERBS_NODE_MODEL" mimVersion="A.9.50.J.9.1">
    <attr name="isRemoveAllowed">false</attr>
    <attr name="neighborCellRef">SubNetwork=ONRM_RootMo_R,MeContext=LTE02ERBS00150,ManagedElement=1,ENodeBFunction=1,EUtraNetwork=1,ExternalENodeBFunction=314,ExternalEUtranCellFDD=1</attr>
    <attr name="anrCreated">false</attr>
    <attr name="isHoAllowed">true</attr>
  </mo>
  <mo fdn="SubNetwork=ONRM_RootMo_R,MeContext=LTE02ERBS00150,ManagedElement=1,ENodeBFunction=1,EUtranCellFDD=LTE02ERBS00150-1,EUtranFreqRelation=2,EUtranCellRelation=21" lastModified="1287505437179" mimName="ERBS_NODE_MODEL" mimVersion="A.9.50.J.9.1">
    <attr name="isRemoveAllowed">false</attr>
    <attr name="neighborCellRef">SubNetwork=ONRM_RootMo_R,MeContext=LTE02ERBS00150,ManagedElement=1,ENodeBFunction=1,EUtraNetwork=1,ExternalENodeBFunction=314,ExternalEUtranCellFDD=2</attr>
    <attr name="anrCreated">false</attr>
    <attr name="isHoAllowed">true</attr>
  </mo>
  <mo fdn="SubNetwork=ONRM_RootMo_R,MeContext=LTE02ERBS00150,ManagedElement=1,ENodeBFunction=1,EUtranCellFDD=LTE02ERBS00150-1,EUtranFreqRelation=2,EUtranCellRelation=24" lastModified="1287505437174" mimName="ERBS_NODE_MODEL" mimVersion="A.9.50.J.9.1">
    <attr name="isRemoveAllowed">false</attr>
    <attr name="neighborCellRef">SubNetwork=ONRM_RootMo_R,MeContext=LTE02ERBS00150,ManagedElement=1,ENodeBFunction=1,EUtraNetwork=1,ExternalENodeBFunction=316,ExternalEUtranCellFDD=1</attr>
    <attr name="anrCreated">false</attr>
    <attr name="isHoAllowed">true</attr>
  </mo>
  <mo fdn="SubNetwork=ONRM_RootMo_R,MeContext=LTE02ERBS00150,ManagedElement=1,ENodeBFunction=1,EUtranCellFDD=LTE02ERBS00150-1,EUtranFreqRelation=2,EUtranCellRelation=25" lastModified="1287505437172" mimName="ERBS_NODE_MODEL" mimVersion="A.9.50.J.9.1">
    <attr name="isRemoveAllowed">false</attr>
    <attr name="neighborCellRef">SubNetwork=ONRM_RootMo_R,MeContext=LTE02ERBS00150,ManagedElement=1,ENodeBFunction=1,EUtraNetwork=1,ExternalENodeBFunction=316,ExternalEUtranCellFDD=2</attr>
    <attr name="anrCreated">false</attr>
    <attr name="isHoAllowed">true</attr>
  </mo>
  <mo fdn="SubNetwork=ONRM_RootMo_R,MeContext=LTE02ERBS00150,ManagedElement=1,ENodeBFunction=1,EUtranCellFDD=LTE02ERBS00150-1,EUtranFreqRelation=2,EUtranCellRelation=28" lastModified="1287505437191" mimName="ERBS_NODE_MODEL" mimVersion="A.9.50.J.9.1">
    <attr name="isRemoveAllowed">false</attr>
    <attr name="neighborCellRef">SubNetwork=ONRM_RootMo_R,MeContext=LTE02ERBS00150,ManagedElement=1,ENodeBFunction=1,EUtraNetwork=1,ExternalENodeBFunction=318,ExternalEUtranCellFDD=1</attr>
    <attr name="anrCreated">false</attr>
    <attr name="isHoAllowed">true</attr>
  </mo>
  <mo fdn="SubNetwork=ONRM_RootMo_R,MeContext=LTE02ERBS00150,ManagedElement=1,ENodeBFunction=1,EUtranCellFDD=LTE02ERBS00150-1,EUtranFreqRelation=2,EUtranCellRelation=29" lastModified="1287505437189" mimName="ERBS_NODE_MODEL" mimVersion="A.9.50.J.9.1">
    <attr name="isRemoveAllowed">false</attr>
    <attr name="neighborCellRef">SubNetwork=ONRM_RootMo_R,MeContext=LTE02ERBS00150,ManagedElement=1,ENodeBFunction=1,EUtraNetwork=1,ExternalENodeBFunction=318,ExternalEUtranCellFDD=2</attr>
    <attr name="anrCreated">false</attr>
    <attr name="isHoAllowed">true</attr>
  </mo>
  <mo fdn="SubNetwork=ONRM_RootMo_R,MeContext=LTE02ERBS00150,ManagedElement=1,ENodeBFunction=1,EUtranCellFDD=LTE02ERBS00150-1,EUtranFreqRelation=2,EUtranCellRelation=3" lastModified="1287501654882" mimName="ERBS_NODE_MODEL" mimVersion="A.9.50.J.9.1">
    <attr name="isRemoveAllowed">false</attr>
    <attr name="neighborCellRef">SubNetwork=ONRM_RootMo_R,MeContext=LTE02ERBS00150,ManagedElement=1,ENodeBFunction=1,EUtranCellFDD=LTE02ERBS00150-4</attr>
    <attr name="anrCreated">false</attr>
    <attr name="isHoAllowed">true</attr>
  </mo>
  <mo fdn="SubNetwork=ONRM_RootMo_R,MeContext=LTE02ERBS00150,ManagedElement=1,ENodeBFunction=1,EUtranCellFDD=LTE02ERBS00150-1,EUtranFreqRelation=2,EUtranCellRelation=32" lastModified="1287505437170" mimName="ERBS_NODE_MODEL" mimVersion="A.9.50.J.9.1">
    <attr name="isRemoveAllowed">false</attr>
    <attr name="neighborCellRef">SubNetwork=ONRM_RootMo_R,MeContext=LTE02ERBS00150,ManagedElement=1,ENodeBFunction=1,EUtraNetwork=1,ExternalENodeBFunction=320,ExternalEUtranCellFDD=1</attr>
    <attr name="anrCreated">false</attr>
    <attr name="isHoAllowed">true</attr>
  </mo>
  <mo fdn="SubNetwork=ONRM_RootMo_R,MeContext=LTE02ERBS00150,ManagedElement=1,ENodeBFunction=1,EUtranCellFDD=LTE02ERBS00150-1,EUtranFreqRelation=2,EUtranCellRelation=33" lastModified="1287505437184" mimName="ERBS_NODE_MODEL" mimVersion="A.9.50.J.9.1">
    <attr name="isRemoveAllowed">false</attr>
    <attr name="neighborCellRef">SubNetwork=ONRM_RootMo_R,MeContext=LTE02ERBS00150,ManagedElement=1,ENodeBFunction=1,EUtraNetwork=1,ExternalENodeBFunction=320,ExternalEUtranCellFDD=2</attr>
    <attr name="anrCreated">false</attr>
    <attr name="isHoAllowed">true</attr>
  </mo>
  <mo fdn="SubNetwork=ONRM_RootMo_R,MeContext=LTE02ERBS00150,ManagedElement=1,ENodeBFunction=1,EUtranCellFDD=LTE02ERBS00150-1,EUtranFreqRelation=2,EUtranCellRelation=6" lastModified="1287505437186" mimName="ERBS_NODE_MODEL" mimVersion="A.9.50.J.9.1">
    <attr name="isRemoveAllowed">false</attr>
    <attr name="neighborCellRef">SubNetwork=ONRM_RootMo_R,MeContext=LTE02ERBS00150,ManagedElement=1,ENodeBFunction=1,EUtraNetwork=1,ExternalENodeBFunction=306,ExternalEUtranCellFDD=1</attr>
    <attr name="anrCreated">false</attr>
    <attr name="isHoAllowed">true</attr>
  </mo>
  <mo fdn="SubNetwork=ONRM_RootMo_R,MeContext=LTE02ERBS00150,ManagedElement=1,ENodeBFunction=1,EUtranCellFDD=LTE02ERBS00150-1,EUtranFreqRelation=2,EUtranCellRelation=7" lastModified="1287505437188" mimName="ERBS_NODE_MODEL" mimVersion="A.9.50.J.9.1">
    <attr name="isRemoveAllowed">false</attr>
    <attr name="neighborCellRef">SubNetwork=ONRM_RootMo_R,MeContext=LTE02ERBS00150,ManagedElement=1,ENodeBFunction=1,EUtraNetwork=1,ExternalENodeBFunction=306,ExternalEUtranCellFDD=2</attr>
    <attr name="anrCreated">false</attr>
    <attr name="isHoAllowed">true</attr>
  </mo>
  <mo fdn="SubNetwork=ONRM_RootMo_R,MeContext=LTE02ERBS00150,ManagedElement=1,ENodeBFunction=1,EUtranCellFDD=LTE02ERBS00150-2" lastModified="1287512230698" mimName="ERBS_NODE_MODEL" mimVersion="A.9.50.J.9.1">
    <attr name="EUtranCellFDDId">LTE02ERBS00150-2</attr>
    <attr name="earfcnul">18000</attr>
    <attr name="cellId">2</attr>
    <attr name="tac">48906</attr>
    <attr name="bPlmnList">
      <seq count="1">
        <item>
          <struct>
            <attr name="mcc">311</attr>
            <attr name="mnc">480</attr>
            <attr name="mncLength">2</attr>
          </struct>
        </item>
      </seq>
    </attr>
    <attr name="earfcndl">0</attr>
    <attr name="userLabel">LTE02ERBS00150-2</attr>
  </mo>
  <mo fdn="SubNetwork=ONRM_RootMo_R,MeContext=LTE02ERBS00150,ManagedElement=1,ENodeBFunction=1,EUtranCellFDD=LTE02ERBS00150-2,EUtranFreqRelation=1,EUtranCellRelation=12" lastModified="1287505438868" mimName="ERBS_NODE_MODEL" mimVersion="A.9.50.J.9.1">
    <attr name="isRemoveAllowed">false</attr>
    <attr name="neighborCellRef">SubNetwork=ONRM_RootMo_R,MeContext=LTE02ERBS00150,ManagedElement=1,ENodeBFunction=1,EUtraNetwork=1,ExternalENodeBFunction=309,ExternalEUtranCellFDD=1</attr>
    <attr name="anrCreated">false</attr>
    <attr name="isHoAllowed">true</attr>
  </mo>
  <mo fdn="SubNetwork=ONRM_RootMo_R,MeContext=LTE02ERBS00150,ManagedElement=1,ENodeBFunction=1,EUtranCellFDD=LTE02ERBS00150-2,EUtranFreqRelation=1,EUtranCellRelation=13" lastModified="1287505438864" mimName="ERBS_NODE_MODEL" mimVersion="A.9.50.J.9.1">
    <attr name="isRemoveAllowed">false</attr>
    <attr name="neighborCellRef">SubNetwork=ONRM_RootMo_R,MeContext=LTE02ERBS00150,ManagedElement=1,ENodeBFunction=1,EUtraNetwork=1,ExternalENodeBFunction=309,ExternalEUtranCellFDD=2</attr>
    <attr name="anrCreated">false</attr>
    <attr name="isHoAllowed">true</attr>
  </mo>
  <mo fdn="SubNetwork=ONRM_RootMo_R,MeContext=LTE02ERBS00150,ManagedElement=1,ENodeBFunction=1,EUtranCellFDD=LTE02ERBS00150-2,EUtranFreqRelation=1,EUtranCellRelation=14" lastModified="1287505438862" mimName="ERBS_NODE_MODEL" mimVersion="A.9.50.J.9.1">
    <attr name="isRemoveAllowed">false</attr>
    <attr name="neighborCellRef">SubNetwork=ONRM_RootMo_R,MeContext=LTE02ERBS00150,ManagedElement=1,ENodeBFunction=1,EUtraNetwork=1,ExternalENodeBFunction=311,ExternalEUtranCellFDD=1</attr>
    <attr name="anrCreated">false</attr>
    <attr name="isHoAllowed">true</attr>
  </mo>
  <mo fdn="SubNetwork=ONRM_RootMo_R,MeContext=LTE02ERBS00150,ManagedElement=1,ENodeBFunction=1,EUtranCellFDD=LTE02ERBS00150-2,EUtranFreqRelation=1,EUtranCellRelation=15" lastModified="1287505438878" mimName="ERBS_NODE_MODEL" mimVersion="A.9.50.J.9.1">
    <attr name="isRemoveAllowed">false</attr>
    <attr name="neighborCellRef">SubNetwork=ONRM_RootMo_R,MeContext=LTE02ERBS00150,ManagedElement=1,ENodeBFunction=1,EUtraNetwork=1,ExternalENodeBFunction=311,ExternalEUtranCellFDD=2</attr>
    <attr name="anrCreated">false</attr>
    <attr name="isHoAllowed">true</attr>
  </mo>
  <mo fdn="SubNetwork=ONRM_RootMo_R,MeContext=LTE02ERBS00150,ManagedElement=1,ENodeBFunction=1,EUtranCellFDD=LTE02ERBS00150-2,EUtranFreqRelation=1,EUtranCellRelation=18" lastModified="1287505438874" mimName="ERBS_NODE_MODEL" mimVersion="A.9.50.J.9.1">
    <attr name="isRemoveAllowed">false</attr>
    <attr name="neighborCellRef">SubNetwork=ONRM_RootMo_R,MeContext=LTE02ERBS00150,ManagedElement=1,ENodeBFunction=1,EUtraNetwork=1,ExternalENodeBFunction=313,ExternalEUtranCellFDD=1</attr>
    <attr name="anrCreated">false</attr>
    <attr name="isHoAllowed">true</attr>
  </mo>
  <mo fdn="SubNetwork=ONRM_RootMo_R,MeContext=LTE02ERBS00150,ManagedElement=1,ENodeBFunction=1,EUtranCellFDD=LTE02ERBS00150-2,EUtranFreqRelation=1,EUtranCellRelation=19" lastModified="1287505438873" mimName="ERBS_NODE_MODEL" mimVersion="A.9.50.J.9.1">
    <attr name="isRemoveAllowed">false</attr>
    <attr name="neighborCellRef">SubNetwork=ONRM_RootMo_R,MeContext=LTE02ERBS00150,ManagedElement=1,ENodeBFunction=1,EUtraNetwork=1,ExternalENodeBFunction=313,ExternalEUtranCellFDD=2</attr>
    <attr name="anrCreated">false</attr>
    <attr name="isHoAllowed">true</attr>
  </mo>
  <mo fdn="SubNetwork=ONRM_RootMo_R,MeContext=LTE02ERBS00150,ManagedElement=1,ENodeBFunction=1,EUtranCellFDD=LTE02ERBS00150-2,EUtranFreqRelation=1,EUtranCellRelation=22" lastModified="1287505438865" mimName="ERBS_NODE_MODEL" mimVersion="A.9.50.J.9.1">
    <attr name="isRemoveAllowed">false</attr>
    <attr name="neighborCellRef">SubNetwork=ONRM_RootMo_R,MeContext=LTE02ERBS00150,ManagedElement=1,ENodeBFunction=1,EUtraNetwork=1,ExternalENodeBFunction=315,ExternalEUtranCellFDD=1</attr>
    <attr name="anrCreated">false</attr>
    <attr name="isHoAllowed">true</attr>
  </mo>
  <mo fdn="SubNetwork=ONRM_RootMo_R,MeContext=LTE02ERBS00150,ManagedElement=1,ENodeBFunction=1,EUtranCellFDD=LTE02ERBS00150-2,EUtranFreqRelation=1,EUtranCellRelation=23" lastModified="1287505438864" mimName="ERBS_NODE_MODEL" mimVersion="A.9.50.J.9.1">
    <attr name="isRemoveAllowed">false</attr>
    <attr name="neighborCellRef">SubNetwork=ONRM_RootMo_R,MeContext=LTE02ERBS00150,ManagedElement=1,ENodeBFunction=1,EUtraNetwork=1,ExternalENodeBFunction=315,ExternalEUtranCellFDD=2</attr>
    <attr name="anrCreated">false</attr>
    <attr name="isHoAllowed">true</attr>
  </mo>
  <mo fdn="SubNetwork=ONRM_RootMo_R,MeContext=LTE02ERBS00150,ManagedElement=1,ENodeBFunction=1,EUtranCellFDD=LTE02ERBS00150-2,EUtranFreqRelation=1,EUtranCellRelation=26" lastModified="1287505438876" mimName="ERBS_NODE_MODEL" mimVersion="A.9.50.J.9.1">
    <attr name="isRemoveAllowed">false</attr>
    <attr name="neighborCellRef">SubNetwork=ONRM_RootMo_R,MeContext=LTE02ERBS00150,ManagedElement=1,ENodeBFunction=1,EUtraNetwork=1,ExternalENodeBFunction=317,ExternalEUtranCellFDD=1</attr>
    <attr name="anrCreated">false</attr>
    <attr name="isHoAllowed">true</attr>
  </mo>
  <mo fdn="SubNetwork=ONRM_RootMo_R,MeContext=LTE02ERBS00150,ManagedElement=1,ENodeBFunction=1,EUtranCellFDD=LTE02ERBS00150-2,EUtranFreqRelation=1,EUtranCellRelation=27" lastModified="1287505438875" mimName="ERBS_NODE_MODEL" mimVersion="A.9.50.J.9.1">
    <attr name="isRemoveAllowed">false</attr>
    <attr name="neighborCellRef">SubNetwork=ONRM_RootMo_R,MeContext=LTE02ERBS00150,ManagedElement=1,ENodeBFunction=1,EUtraNetwork=1,ExternalENodeBFunction=317,ExternalEUtranCellFDD=2</attr>
    <attr name="anrCreated">false</attr>
    <attr name="isHoAllowed">true</attr>
  </mo>
  <mo fdn="SubNetwork=ONRM_RootMo_R,MeContext=LTE02ERBS00150,ManagedElement=1,ENodeBFunction=1,EUtranCellFDD=LTE02ERBS00150-2,EUtranFreqRelation=1,EUtranCellRelation=30" lastModified="1287505438869" mimName="ERBS_NODE_MODEL" mimVersion="A.9.50.J.9.1">
    <attr name="isRemoveAllowed">false</attr>
    <attr name="neighborCellRef">SubNetwork=ONRM_RootMo_R,MeContext=LTE02ERBS00150,ManagedElement=1,ENodeBFunction=1,EUtraNetwork=1,ExternalENodeBFunction=319,ExternalEUtranCellFDD=1</attr>
    <attr name="anrCreated">false</attr>
    <attr name="isHoAllowed">true</attr>
  </mo>
  <mo fdn="SubNetwork=ONRM_RootMo_R,MeContext=LTE02ERBS00150,ManagedElement=1,ENodeBFunction=1,EUtranCellFDD=LTE02ERBS00150-2,EUtranFreqRelation=1,EUtranCellRelation=31" lastModified="1287505438867" mimName="ERBS_NODE_MODEL" mimVersion="A.9.50.J.9.1">
    <attr name="isRemoveAllowed">false</attr>
    <attr name="neighborCellRef">SubNetwork=ONRM_RootMo_R,MeContext=LTE02ERBS00150,ManagedElement=1,ENodeBFunction=1,EUtraNetwork=1,ExternalENodeBFunction=319,ExternalEUtranCellFDD=2</attr>
    <attr name="anrCreated">false</attr>
    <attr name="isHoAllowed">true</attr>
  </mo>
  <mo fdn="SubNetwork=ONRM_RootMo_R,MeContext=LTE02ERBS00150,ManagedElement=1,ENodeBFunction=1,EUtranCellFDD=LTE02ERBS00150-2,EUtranFreqRelation=1,EUtranCellRelation=4" lastModified="1287505438877" mimName="ERBS_NODE_MODEL" mimVersion="A.9.50.J.9.1">
    <attr name="isRemoveAllowed">false</attr>
    <attr name="neighborCellRef">SubNetwork=ONRM_RootMo_R,MeContext=LTE02ERBS00150,ManagedElement=1,ENodeBFunction=1,EUtraNetwork=1,ExternalENodeBFunction=305,ExternalEUtranCellFDD=1</attr>
    <attr name="anrCreated">false</attr>
    <attr name="isHoAllowed">true</attr>
  </mo>
  <mo fdn="SubNetwork=ONRM_RootMo_R,MeContext=LTE02ERBS00150,ManagedElement=1,ENodeBFunction=1,EUtranCellFDD=LTE02ERBS00150-2,EUtranFreqRelation=1,EUtranCellRelation=5" lastModified="1287505438878" mimName="ERBS_NODE_MODEL" mimVersion="A.9.50.J.9.1">
    <attr name="isRemoveAllowed">false</attr>
    <attr name="neighborCellRef">SubNetwork=ONRM_RootMo_R,MeContext=LTE02ERBS00150,ManagedElement=1,ENodeBFunction=1,EUtraNetwork=1,ExternalENodeBFunction=305,ExternalEUtranCellFDD=2</attr>
    <attr name="anrCreated">false</attr>
    <attr name="isHoAllowed">true</attr>
  </mo>
  <mo fdn="SubNetwork=ONRM_RootMo_R,MeContext=LTE02ERBS00150,ManagedElement=1,ENodeBFunction=1,EUtranCellFDD=LTE02ERBS00150-2,EUtranFreqRelation=1,EUtranCellRelation=8" lastModified="1287505438871" mimName="ERBS_NODE_MODEL" mimVersion="A.9.50.J.9.1">
    <attr name="isRemoveAllowed">false</attr>
    <attr name="neighborCellRef">SubNetwork=ONRM_RootMo_R,MeContext=LTE02ERBS00150,ManagedElement=1,ENodeBFunction=1,EUtraNetwork=1,ExternalENodeBFunction=307,ExternalEUtranCellFDD=1</attr>
    <attr name="anrCreated">false</attr>
    <attr name="isHoAllowed">true</attr>
  </mo>
  <mo fdn="SubNetwork=ONRM_RootMo_R,MeContext=LTE02ERBS00150,ManagedElement=1,ENodeBFunction=1,EUtranCellFDD=LTE02ERBS00150-2,EUtranFreqRelation=1,EUtranCellRelation=9" lastModified="1287505438872" mimName="ERBS_NODE_MODEL" mimVersion="A.9.50.J.9.1">
    <attr name="isRemoveAllowed">false</attr>
    <attr name="neighborCellRef">SubNetwork=ONRM_RootMo_R,MeContext=LTE02ERBS00150,ManagedElement=1,ENodeBFunction=1,EUtraNetwork=1,ExternalENodeBFunction=307,ExternalEUtranCellFDD=2</attr>
    <attr name="anrCreated">false</attr>
    <attr name="isHoAllowed">true</attr>
  </mo>
  <mo fdn="SubNetwork=ONRM_RootMo_R,MeContext=LTE02ERBS00150,ManagedElement=1,ENodeBFunction=1,EUtranCellFDD=LTE02ERBS00150-2,EUtranFreqRelation=2,EUtranCellRelation=1" lastModified="1287501654252" mimName="ERBS_NODE_MODEL" mimVersion="A.9.50.J.9.1">
    <attr name="isRemoveAllowed">false</attr>
    <attr name="neighborCellRef">SubNetwork=ONRM_RootMo_R,MeContext=LTE02ERBS00150,ManagedElement=1,ENodeBFunction=1,EUtranCellFDD=LTE02ERBS00150-1</attr>
    <attr name="anrCreated">false</attr>
    <attr name="isHoAllowed">true</attr>
  </mo>
  <mo fdn="SubNetwork=ONRM_RootMo_R,MeContext=LTE02ERBS00150,ManagedElement=1,ENodeBFunction=1,EUtranCellFDD=LTE02ERBS00150-2,EUtranFreqRelation=2,EUtranCellRelation=10" lastModified="1287505438850" mimName="ERBS_NODE_MODEL" mimVersion="A.9.50.J.9.1">
    <attr name="isRemoveAllowed">false</attr>
    <attr name="neighborCellRef">SubNetwork=ONRM_RootMo_R,MeContext=LTE02ERBS00150,ManagedElement=1,ENodeBFunction=1,EUtraNetwork=1,ExternalENodeBFunction=308,ExternalEUtranCellFDD=1</attr>
    <attr name="anrCreated">false</attr>
    <attr name="isHoAllowed">true</attr>
  </mo>
  <mo fdn="SubNetwork=ONRM_RootMo_R,MeContext=LTE02ERBS00150,ManagedElement=1,ENodeBFunction=1,EUtranCellFDD=LTE02ERBS00150-2,EUtranFreqRelation=2,EUtranCellRelation=11" lastModified="1287505438849" mimName="ERBS_NODE_MODEL" mimVersion="A.9.50.J.9.1">
    <attr name="isRemoveAllowed">false</attr>
    <attr name="neighborCellRef">SubNetwork=ONRM_RootMo_R,MeContext=LTE02ERBS00150,ManagedElement=1,ENodeBFunction=1,EUtraNetwork=1,ExternalENodeBFunction=308,ExternalEUtranCellFDD=2</attr>
    <attr name="anrCreated">false</attr>
    <attr name="isHoAllowed">true</attr>
  </mo>
  <mo fdn="SubNetwork=ONRM_RootMo_R,MeContext=LTE02ERBS00150,ManagedElement=1,ENodeBFunction=1,EUtranCellFDD=LTE02ERBS00150-2,EUtranFreqRelation=2,EUtranCellRelation=16" lastModified="1287505438858" mimName="ERBS_NODE_MODEL" mimVersion="A.9.50.J.9.1">
    <attr name="isRemoveAllowed">false</attr>
    <attr name="neighborCellRef">SubNetwork=ONRM_RootMo_R,MeContext=LTE02ERBS00150,ManagedElement=1,ENodeBFunction=1,EUtraNetwork=1,ExternalENodeBFunction=312,ExternalEUtranCellFDD=1</attr>
    <attr name="anrCreated">false</attr>
    <attr name="isHoAllowed">true</attr>
  </mo>
  <mo fdn="SubNetwork=ONRM_RootMo_R,MeContext=LTE02ERBS00150,ManagedElement=1,ENodeBFunction=1,EUtranCellFDD=LTE02ERBS00150-2,EUtranFreqRelation=2,EUtranCellRelation=17" lastModified="1287505438855" mimName="ERBS_NODE_MODEL" mimVersion="A.9.50.J.9.1">
    <attr name="isRemoveAllowed">false</attr>
    <attr name="neighborCellRef">SubNetwork=ONRM_RootMo_R,MeContext=LTE02ERBS00150,ManagedElement=1,ENodeBFunction=1,EUtraNetwork=1,ExternalENodeBFunction=312,ExternalEUtranCellFDD=2</attr>
    <attr name="anrCreated">false</attr>
    <attr name="isHoAllowed">true</attr>
  </mo>
  <mo fdn="SubNetwork=ONRM_RootMo_R,MeContext=LTE02ERBS00150,ManagedElement=1,ENodeBFunction=1,EUtranCellFDD=LTE02ERBS00150-2,EUtranFreqRelation=2,EUtranCellRelation=2" lastModified="1287501654249" mimName="ERBS_NODE_MODEL" mimVersion="A.9.50.J.9.1">
    <attr name="isRemoveAllowed">false</attr>
    <attr name="neighborCellRef">SubNetwork=ONRM_RootMo_R,MeContext=LTE02ERBS00150,ManagedElement=1,ENodeBFunction=1,EUtranCellFDD=LTE02ERBS00150-3</attr>
    <attr name="anrCreated">false</attr>
    <attr name="isHoAllowed">true</attr>
  </mo>
  <mo fdn="SubNetwork=ONRM_RootMo_R,MeContext=LTE02ERBS00150,ManagedElement=1,ENodeBFunction=1,EUtranCellFDD=LTE02ERBS00150-2,EUtranFreqRelation=2,EUtranCellRelation=20" lastModified="1287505438852" mimName="ERBS_NODE_MODEL" mimVersion="A.9.50.J.9.1">
    <attr name="isRemoveAllowed">false</attr>
    <attr name="neighborCellRef">SubNetwork=ONRM_RootMo_R,MeContext=LTE02ERBS00150,ManagedElement=1,ENodeBFunction=1,EUtraNetwork=1,ExternalENodeBFunction=314,ExternalEUtranCellFDD=1</attr>
    <attr name="anrCreated">false</attr>
    <attr name="isHoAllowed">true</attr>
  </mo>
  <mo fdn="SubNetwork=ONRM_RootMo_R,MeContext=LTE02ERBS00150,ManagedElement=1,ENodeBFunction=1,EUtranCellFDD=LTE02ERBS00150-2,EUtranFreqRelation=2,EUtranCellRelation=21" lastModified="1287505438851" mimName="ERBS_NODE_MODEL" mimVersion="A.9.50.J.9.1">
    <attr name="isRemoveAllowed">false</attr>
    <attr name="neighborCellRef">SubNetwork=ONRM_RootMo_R,MeContext=LTE02ERBS00150,ManagedElement=1,ENodeBFunction=1,EUtraNetwork=1,ExternalENodeBFunction=314,ExternalEUtranCellFDD=2</attr>
    <attr name="anrCreated">false</attr>
    <attr name="isHoAllowed">true</attr>
  </mo>
  <mo fdn="SubNetwork=ONRM_RootMo_R,MeContext=LTE02ERBS00150,ManagedElement=1,ENodeBFunction=1,EUtranCellFDD=LTE02ERBS00150-2,EUtranFreqRelation=2,EUtranCellRelation=24" lastModified="1287505438848" mimName="ERBS_NODE_MODEL" mimVersion="A.9.50.J.9.1">
    <attr name="isRemoveAllowed">false</attr>
    <attr name="neighborCellRef">SubNetwork=ONRM_RootMo_R,MeContext=LTE02ERBS00150,ManagedElement=1,ENodeBFunction=1,EUtraNetwork=1,ExternalENodeBFunction=316,ExternalEUtranCellFDD=1</attr>
    <attr name="anrCreated">false</attr>
    <attr name="isHoAllowed">true</attr>
  </mo>
  <mo fdn="SubNetwork=ONRM_RootMo_R,MeContext=LTE02ERBS00150,ManagedElement=1,ENodeBFunction=1,EUtranCellFDD=LTE02ERBS00150-2,EUtranFreqRelation=2,EUtranCellRelation=25" lastModified="1287505438846" mimName="ERBS_NODE_MODEL" mimVersion="A.9.50.J.9.1">
    <attr name="isRemoveAllowed">false</attr>
    <attr name="neighborCellRef">SubNetwork=ONRM_RootMo_R,MeContext=LTE02ERBS00150,ManagedElement=1,ENodeBFunction=1,EUtraNetwork=1,ExternalENodeBFunction=316,ExternalEUtranCellFDD=2</attr>
    <attr name="anrCreated">false</attr>
    <attr name="isHoAllowed">true</attr>
  </mo>
  <mo fdn="SubNetwork=ONRM_RootMo_R,MeContext=LTE02ERBS00150,ManagedElement=1,ENodeBFunction=1,EUtranCellFDD=LTE02ERBS00150-2,EUtranFreqRelation=2,EUtranCellRelation=28" lastModified="1287505438859" mimName="ERBS_NODE_MODEL" mimVersion="A.9.50.J.9.1">
    <attr name="isRemoveAllowed">false</attr>
    <attr name="neighborCellRef">SubNetwork=ONRM_RootMo_R,MeContext=LTE02ERBS00150,ManagedElement=1,ENodeBFunction=1,EUtraNetwork=1,ExternalENodeBFunction=318,ExternalEUtranCellFDD=1</attr>
    <attr name="anrCreated">false</attr>
    <attr name="isHoAllowed">true</attr>
  </mo>
  <mo fdn="SubNetwork=ONRM_RootMo_R,MeContext=LTE02ERBS00150,ManagedElement=1,ENodeBFunction=1,EUtranCellFDD=LTE02ERBS00150-2,EUtranFreqRelation=2,EUtranCellRelation=29" lastModified="1287505438856" mimName="ERBS_NODE_MODEL" mimVersion="A.9.50.J.9.1">
    <attr name="isRemoveAllowed">false</attr>
    <attr name="neighborCellRef">SubNetwork=ONRM_RootMo_R,MeContext=LTE02ERBS00150,ManagedElement=1,ENodeBFunction=1,EUtraNetwork=1,ExternalENodeBFunction=318,ExternalEUtranCellFDD=2</attr>
    <attr name="anrCreated">false</attr>
    <attr name="isHoAllowed">true</attr>
  </mo>
  <mo fdn="SubNetwork=ONRM_RootMo_R,MeContext=LTE02ERBS00150,ManagedElement=1,ENodeBFunction=1,EUtranCellFDD=LTE02ERBS00150-2,EUtranFreqRelation=2,EUtranCellRelation=3" lastModified="1287501654245" mimName="ERBS_NODE_MODEL" mimVersion="A.9.50.J.9.1">
    <attr name="isRemoveAllowed">false</attr>
    <attr name="neighborCellRef">SubNetwork=ONRM_RootMo_R,MeContext=LTE02ERBS00150,ManagedElement=1,ENodeBFunction=1,EUtranCellFDD=LTE02ERBS00150-4</attr>
    <attr name="anrCreated">false</attr>
    <attr name="isHoAllowed">true</attr>
  </mo>
  <mo fdn="SubNetwork=ONRM_RootMo_R,MeContext=LTE02ERBS00150,ManagedElement=1,ENodeBFunction=1,EUtranCellFDD=LTE02ERBS00150-2,EUtranFreqRelation=2,EUtranCellRelation=32" lastModified="1287505438845" mimName="ERBS_NODE_MODEL" mimVersion="A.9.50.J.9.1">
    <attr name="isRemoveAllowed">false</attr>
    <attr name="neighborCellRef">SubNetwork=ONRM_RootMo_R,MeContext=LTE02ERBS00150,ManagedElement=1,ENodeBFunction=1,EUtraNetwork=1,ExternalENodeBFunction=320,ExternalEUtranCellFDD=1</attr>
    <attr name="anrCreated">false</attr>
    <attr name="isHoAllowed">true</attr>
  </mo>
  <mo fdn="SubNetwork=ONRM_RootMo_R,MeContext=LTE02ERBS00150,ManagedElement=1,ENodeBFunction=1,EUtranCellFDD=LTE02ERBS00150-2,EUtranFreqRelation=2,EUtranCellRelation=33" lastModified="1287505438853" mimName="ERBS_NODE_MODEL" mimVersion="A.9.50.J.9.1">
    <attr name="isRemoveAllowed">false</attr>
    <attr name="neighborCellRef">SubNetwork=ONRM_RootMo_R,MeContext=LTE02ERBS00150,ManagedElement=1,ENodeBFunction=1,EUtraNetwork=1,ExternalENodeBFunction=320,ExternalEUtranCellFDD=2</attr>
    <attr name="anrCreated">false</attr>
    <attr name="isHoAllowed">true</attr>
  </mo>
  <mo fdn="SubNetwork=ONRM_RootMo_R,MeContext=LTE02ERBS00150,ManagedElement=1,ENodeBFunction=1,EUtranCellFDD=LTE02ERBS00150-2,EUtranFreqRelation=2,EUtranCellRelation=6" lastModified="1287505438854" mimName="ERBS_NODE_MODEL" mimVersion="A.9.50.J.9.1">
    <attr name="isRemoveAllowed">false</attr>
    <attr name="neighborCellRef">SubNetwork=ONRM_RootMo_R,MeContext=LTE02ERBS00150,ManagedElement=1,ENodeBFunction=1,EUtraNetwork=1,ExternalENodeBFunction=306,ExternalEUtranCellFDD=1</attr>
    <attr name="anrCreated">false</attr>
    <attr name="isHoAllowed">true</attr>
  </mo>
  <mo fdn="SubNetwork=ONRM_RootMo_R,MeContext=LTE02ERBS00150,ManagedElement=1,ENodeBFunction=1,EUtranCellFDD=LTE02ERBS00150-2,EUtranFreqRelation=2,EUtranCellRelation=7" lastModified="1287505438856" mimName="ERBS_NODE_MODEL" mimVersion="A.9.50.J.9.1">
    <attr name="isRemoveAllowed">false</attr>
    <attr name="neighborCellRef">SubNetwork=ONRM_RootMo_R,MeContext=LTE02ERBS00150,ManagedElement=1,ENodeBFunction=1,EUtraNetwork=1,ExternalENodeBFunction=306,ExternalEUtranCellFDD=2</attr>
    <attr name="anrCreated">false</attr>
    <attr name="isHoAllowed">true</attr>
  </mo>
  <mo fdn="SubNetwork=ONRM_RootMo_R,MeContext=LTE02ERBS00150,ManagedElement=1,ENodeBFunction=1,EUtranCellFDD=LTE02ERBS00150-3" lastModified="1287512231194" mimName="ERBS_NODE_MODEL" mimVersion="A.9.50.J.9.1">
    <attr name="EUtranCellFDDId">LTE02ERBS00150-3</attr>
    <attr name="earfcnul">18000</attr>
    <attr name="cellId">3</attr>
    <attr name="tac">48906</attr>
    <attr name="bPlmnList">
      <seq count="1">
        <item>
          <struct>
            <attr name="mcc">311</attr>
            <attr name="mnc">480</attr>
            <attr name="mncLength">2</attr>
          </struct>
        </item>
      </seq>
    </attr>
    <attr name="earfcndl">0</attr>
    <attr name="userLabel">LTE02ERBS00150-3</attr>
  </mo>
  <mo fdn="SubNetwork=ONRM_RootMo_R,MeContext=LTE02ERBS00150,ManagedElement=1,ENodeBFunction=1,EUtranCellFDD=LTE02ERBS00150-3,EUtranFreqRelation=1,EUtranCellRelation=12" lastModified="1287505440116" mimName="ERBS_NODE_MODEL" mimVersion="A.9.50.J.9.1">
    <attr name="isRemoveAllowed">false</attr>
    <attr name="neighborCellRef">SubNetwork=ONRM_RootMo_R,MeContext=LTE02ERBS00150,ManagedElement=1,ENodeBFunction=1,EUtraNetwork=1,ExternalENodeBFunction=309,ExternalEUtranCellFDD=3</attr>
    <attr name="anrCreated">false</attr>
    <attr name="isHoAllowed">true</attr>
  </mo>
  <mo fdn="SubNetwork=ONRM_RootMo_R,MeContext=LTE02ERBS00150,ManagedElement=1,ENodeBFunction=1,EUtranCellFDD=LTE02ERBS00150-3,EUtranFreqRelation=1,EUtranCellRelation=13" lastModified="1287505440112" mimName="ERBS_NODE_MODEL" mimVersion="A.9.50.J.9.1">
    <attr name="isRemoveAllowed">false</attr>
    <attr name="neighborCellRef">SubNetwork=ONRM_RootMo_R,MeContext=LTE02ERBS00150,ManagedElement=1,ENodeBFunction=1,EUtraNetwork=1,ExternalENodeBFunction=309,ExternalEUtranCellFDD=4</attr>
    <attr name="anrCreated">false</attr>
    <attr name="isHoAllowed">true</attr>
  </mo>
  <mo fdn="SubNetwork=ONRM_RootMo_R,MeContext=LTE02ERBS00150,ManagedElement=1,ENodeBFunction=1,EUtranCellFDD=LTE02ERBS00150-3,EUtranFreqRelation=1,EUtranCellRelation=14" lastModified="1287505440106" mimName="ERBS_NODE_MODEL" mimVersion="A.9.50.J.9.1">
    <attr name="isRemoveAllowed">false</attr>
    <attr name="neighborCellRef">SubNetwork=ONRM_RootMo_R,MeContext=LTE02ERBS00150,ManagedElement=1,ENodeBFunction=1,EUtraNetwork=1,ExternalENodeBFunction=311,ExternalEUtranCellFDD=3</attr>
    <attr name="anrCreated">false</attr>
    <attr name="isHoAllowed">true</attr>
  </mo>
  <mo fdn="SubNetwork=ONRM_RootMo_R,MeContext=LTE02ERBS00150,ManagedElement=1,ENodeBFunction=1,EUtranCellFDD=LTE02ERBS00150-3,EUtranFreqRelation=1,EUtranCellRelation=15" lastModified="1287505440123" mimName="ERBS_NODE_MODEL" mimVersion="A.9.50.J.9.1">
    <attr name="isRemoveAllowed">false</attr>
    <attr name="neighborCellRef">SubNetwork=ONRM_RootMo_R,MeContext=LTE02ERBS00150,ManagedElement=1,ENodeBFunction=1,EUtraNetwork=1,ExternalENodeBFunction=311,ExternalEUtranCellFDD=4</attr>
    <attr name="anrCreated">false</attr>
    <attr name="isHoAllowed">true</attr>
  </mo>
  <mo fdn="SubNetwork=ONRM_RootMo_R,MeContext=LTE02ERBS00150,ManagedElement=1,ENodeBFunction=1,EUtranCellFDD=LTE02ERBS00150-3,EUtranFreqRelation=1,EUtranCellRelation=18" lastModified="1287505440120" mimName="ERBS_NODE_MODEL" mimVersion="A.9.50.J.9.1">
    <attr name="isRemoveAllowed">false</attr>
    <attr name="neighborCellRef">SubNetwork=ONRM_RootMo_R,MeContext=LTE02ERBS00150,ManagedElement=1,ENodeBFunction=1,EUtraNetwork=1,ExternalENodeBFunction=313,ExternalEUtranCellFDD=3</attr>
    <attr name="anrCreated">false</attr>
    <attr name="isHoAllowed">true</attr>
  </mo>
  <mo fdn="SubNetwork=ONRM_RootMo_R,MeContext=LTE02ERBS00150,ManagedElement=1,ENodeBFunction=1,EUtranCellFDD=LTE02ERBS00150-3,EUtranFreqRelation=1,EUtranCellRelation=19" lastModified="1287505440119" mimName="ERBS_NODE_MODEL" mimVersion="A.9.50.J.9.1">
    <attr name="isRemoveAllowed">false</attr>
    <attr name="neighborCellRef">SubNetwork=ONRM_RootMo_R,MeContext=LTE02ERBS00150,ManagedElement=1,ENodeBFunction=1,EUtraNetwork=1,ExternalENodeBFunction=313,ExternalEUtranCellFDD=4</attr>
    <attr name="anrCreated">false</attr>
    <attr name="isHoAllowed">true</attr>
  </mo>
  <mo fdn="SubNetwork=ONRM_RootMo_R,MeContext=LTE02ERBS00150,ManagedElement=1,ENodeBFunction=1,EUtranCellFDD=LTE02ERBS00150-3,EUtranFreqRelation=1,EUtranCellRelation=22" lastModified="1287505440113" mimName="ERBS_NODE_MODEL" mimVersion="A.9.50.J.9.1">
    <attr name="isRemoveAllowed">false</attr>
    <attr name="neighborCellRef">SubNetwork=ONRM_RootMo_R,MeContext=LTE02ERBS00150,ManagedElement=1,ENodeBFunction=1,EUtraNetwork=1,ExternalENodeBFunction=315,ExternalEUtranCellFDD=3</attr>
    <attr name="anrCreated">false</attr>
    <attr name="isHoAllowed">true</attr>
  </mo>
  <mo fdn="SubNetwork=ONRM_RootMo_R,MeContext=LTE02ERBS00150,ManagedElement=1,ENodeBFunction=1,EUtranCellFDD=LTE02ERBS00150-3,EUtranFreqRelation=1,EUtranCellRelation=23" lastModified="1287505440110" mimName="ERBS_NODE_MODEL" mimVersion="A.9.50.J.9.1">
    <attr name="isRemoveAllowed">false</attr>
    <attr name="neighborCellRef">SubNetwork=ONRM_RootMo_R,MeContext=LTE02ERBS00150,ManagedElement=1,ENodeBFunction=1,EUtraNetwork=1,ExternalENodeBFunction=315,ExternalEUtranCellFDD=4</attr>
    <attr name="anrCreated">false</attr>
    <attr name="isHoAllowed">true</attr>
  </mo>
  <mo fdn="SubNetwork=ONRM_RootMo_R,MeContext=LTE02ERBS00150,ManagedElement=1,ENodeBFunction=1,EUtranCellFDD=LTE02ERBS00150-3,EUtranFreqRelation=1,EUtranCellRelation=26" lastModified="1287505440122" mimName="ERBS_NODE_MODEL" mimVersion="A.9.50.J.9.1">
    <attr name="isRemoveAllowed">false</attr>
    <attr name="neighborCellRef">SubNetwork=ONRM_RootMo_R,MeContext=LTE02ERBS00150,ManagedElement=1,ENodeBFunction=1,EUtraNetwork=1,ExternalENodeBFunction=317,ExternalEUtranCellFDD=3</attr>
    <attr name="anrCreated">false</attr>
    <attr name="isHoAllowed">true</attr>
  </mo>
  <mo fdn="SubNetwork=ONRM_RootMo_R,MeContext=LTE02ERBS00150,ManagedElement=1,ENodeBFunction=1,EUtranCellFDD=LTE02ERBS00150-3,EUtranFreqRelation=1,EUtranCellRelation=27" lastModified="1287505440121" mimName="ERBS_NODE_MODEL" mimVersion="A.9.50.J.9.1">
    <attr name="isRemoveAllowed">false</attr>
    <attr name="neighborCellRef">SubNetwork=ONRM_RootMo_R,MeContext=LTE02ERBS00150,ManagedElement=1,ENodeBFunction=1,EUtraNetwork=1,ExternalENodeBFunction=317,ExternalEUtranCellFDD=4</attr>
    <attr name="anrCreated">false</attr>
    <attr name="isHoAllowed">true</attr>
  </mo>
  <mo fdn="SubNetwork=ONRM_RootMo_R,MeContext=LTE02ERBS00150,ManagedElement=1,ENodeBFunction=1,EUtranCellFDD=LTE02ERBS00150-3,EUtranFreqRelation=1,EUtranCellRelation=30" lastModified="1287505440117" mimName="ERBS_NODE_MODEL" mimVersion="A.9.50.J.9.1">
    <attr name="isRemoveAllowed">false</attr>
    <attr name="neighborCellRef">SubNetwork=ONRM_RootMo_R,MeContext=LTE02ERBS00150,ManagedElement=1,ENodeBFunction=1,EUtraNetwork=1,ExternalENodeBFunction=319,ExternalEUtranCellFDD=3</attr>
    <attr name="anrCreated">false</attr>
    <attr name="isHoAllowed">true</attr>
  </mo>
  <mo fdn="SubNetwork=ONRM_RootMo_R,MeContext=LTE02ERBS00150,ManagedElement=1,ENodeBFunction=1,EUtranCellFDD=LTE02ERBS00150-3,EUtranFreqRelation=1,EUtranCellRelation=31" lastModified="1287505440114" mimName="ERBS_NODE_MODEL" mimVersion="A.9.50.J.9.1">
    <attr name="isRemoveAllowed">false</attr>
    <attr name="neighborCellRef">SubNetwork=ONRM_RootMo_R,MeContext=LTE02ERBS00150,ManagedElement=1,ENodeBFunction=1,EUtraNetwork=1,ExternalENodeBFunction=319,ExternalEUtranCellFDD=4</attr>
    <attr name="anrCreated">false</attr>
    <attr name="isHoAllowed">true</attr>
  </mo>
  <mo fdn="SubNetwork=ONRM_RootMo_R,MeContext=LTE02ERBS00150,ManagedElement=1,ENodeBFunction=1,EUtranCellFDD=LTE02ERBS00150-3,EUtranFreqRelation=1,EUtranCellRelation=4" lastModified="1287505440123" mimName="ERBS_NODE_MODEL" mimVersion="A.9.50.J.9.1">
    <attr name="isRemoveAllowed">false</attr>
    <attr name="neighborCellRef">SubNetwork=ONRM_RootMo_R,MeContext=LTE02ERBS00150,ManagedElement=1,ENodeBFunction=1,EUtraNetwork=1,ExternalENodeBFunction=305,ExternalEUtranCellFDD=3</attr>
    <attr name="anrCreated">false</attr>
    <attr name="isHoAllowed">true</attr>
  </mo>
  <mo fdn="SubNetwork=ONRM_RootMo_R,MeContext=LTE02ERBS00150,ManagedElement=1,ENodeBFunction=1,EUtranCellFDD=LTE02ERBS00150-3,EUtranFreqRelation=1,EUtranCellRelation=5" lastModified="1287505440124" mimName="ERBS_NODE_MODEL" mimVersion="A.9.50.J.9.1">
    <attr name="isRemoveAllowed">false</attr>
    <attr name="neighborCellRef">SubNetwork=ONRM_RootMo_R,MeContext=LTE02ERBS00150,ManagedElement=1,ENodeBFunction=1,EUtraNetwork=1,ExternalENodeBFunction=305,ExternalEUtranCellFDD=4</attr>
    <attr name="anrCreated">false</attr>
    <attr name="isHoAllowed">true</attr>
  </mo>
  <mo fdn="SubNetwork=ONRM_RootMo_R,MeContext=LTE02ERBS00150,ManagedElement=1,ENodeBFunction=1,EUtranCellFDD=LTE02ERBS00150-3,EUtranFreqRelation=1,EUtranCellRelation=8" lastModified="1287505440117" mimName="ERBS_NODE_MODEL" mimVersion="A.9.50.J.9.1">
    <attr name="isRemoveAllowed">false</attr>
    <attr name="neighborCellRef">SubNetwork=ONRM_RootMo_R,MeContext=LTE02ERBS00150,ManagedElement=1,ENodeBFunction=1,EUtraNetwork=1,ExternalENodeBFunction=307,ExternalEUtranCellFDD=3</attr>
    <attr name="anrCreated">false</attr>
    <attr name="isHoAllowed">true</attr>
  </mo>
  <mo fdn="SubNetwork=ONRM_RootMo_R,MeContext=LTE02ERBS00150,ManagedElement=1,ENodeBFunction=1,EUtranCellFDD=LTE02ERBS00150-3,EUtranFreqRelation=1,EUtranCellRelation=9" lastModified="1287505440118" mimName="ERBS_NODE_MODEL" mimVersion="A.9.50.J.9.1">
    <attr name="isRemoveAllowed">false</attr>
    <attr name="neighborCellRef">SubNetwork=ONRM_RootMo_R,MeContext=LTE02ERBS00150,ManagedElement=1,ENodeBFunction=1,EUtraNetwork=1,ExternalENodeBFunction=307,ExternalEUtranCellFDD=4</attr>
    <attr name="anrCreated">false</attr>
    <attr name="isHoAllowed">true</attr>
  </mo>
  <mo fdn="SubNetwork=ONRM_RootMo_R,MeContext=LTE02ERBS00150,ManagedElement=1,ENodeBFunction=1,EUtranCellFDD=LTE02ERBS00150-3,EUtranFreqRelation=2,EUtranCellRelation=1" lastModified="1287501626443" mimName="ERBS_NODE_MODEL" mimVersion="A.9.50.J.9.1">
    <attr name="isRemoveAllowed">false</attr>
    <attr name="neighborCellRef">SubNetwork=ONRM_RootMo_R,MeContext=LTE02ERBS00150,ManagedElement=1,ENodeBFunction=1,EUtranCellFDD=LTE02ERBS00150-1</attr>
    <attr name="anrCreated">false</attr>
    <attr name="isHoAllowed">true</attr>
  </mo>
  <mo fdn="SubNetwork=ONRM_RootMo_R,MeContext=LTE02ERBS00150,ManagedElement=1,ENodeBFunction=1,EUtranCellFDD=LTE02ERBS00150-3,EUtranFreqRelation=2,EUtranCellRelation=10" lastModified="1287505440086" mimName="ERBS_NODE_MODEL" mimVersion="A.9.50.J.9.1">
    <attr name="isRemoveAllowed">false</attr>
    <attr name="neighborCellRef">SubNetwork=ONRM_RootMo_R,MeContext=LTE02ERBS00150,ManagedElement=1,ENodeBFunction=1,EUtraNetwork=1,ExternalENodeBFunction=308,ExternalEUtranCellFDD=3</attr>
    <attr name="anrCreated">false</attr>
    <attr name="isHoAllowed">true</attr>
  </mo>
  <mo fdn="SubNetwork=ONRM_RootMo_R,MeContext=LTE02ERBS00150,ManagedElement=1,ENodeBFunction=1,EUtranCellFDD=LTE02ERBS00150-3,EUtranFreqRelation=2,EUtranCellRelation=11" lastModified="1287505440085" mimName="ERBS_NODE_MODEL" mimVersion="A.9.50.J.9.1">
    <attr name="isRemoveAllowed">false</attr>
    <attr name="neighborCellRef">SubNetwork=ONRM_RootMo_R,MeContext=LTE02ERBS00150,ManagedElement=1,ENodeBFunction=1,EUtraNetwork=1,ExternalENodeBFunction=308,ExternalEUtranCellFDD=4</attr>
    <attr name="anrCreated">false</attr>
    <attr name="isHoAllowed">true</attr>
  </mo>
  <mo fdn="SubNetwork=ONRM_RootMo_R,MeContext=LTE02ERBS00150,ManagedElement=1,ENodeBFunction=1,EUtranCellFDD=LTE02ERBS00150-3,EUtranFreqRelation=2,EUtranCellRelation=16" lastModified="1287505440101" mimName="ERBS_NODE_MODEL" mimVersion="A.9.50.J.9.1">
    <attr name="isRemoveAllowed">false</attr>
    <attr name="neighborCellRef">SubNetwork=ONRM_RootMo_R,MeContext=LTE02ERBS00150,ManagedElement=1,ENodeBFunction=1,EUtraNetwork=1,ExternalENodeBFunction=312,ExternalEUtranCellFDD=3</attr>
    <attr name="anrCreated">false</attr>
    <attr name="isHoAllowed">true</attr>
  </mo>
  <mo fdn="SubNetwork=ONRM_RootMo_R,MeContext=LTE02ERBS00150,ManagedElement=1,ENodeBFunction=1,EUtranCellFDD=LTE02ERBS00150-3,EUtranFreqRelation=2,EUtranCellRelation=17" lastModified="1287505440097" mimName="ERBS_NODE_MODEL" mimVersion="A.9.50.J.9.1">
    <attr name="isRemoveAllowed">false</attr>
    <attr name="neighborCellRef">SubNetwork=ONRM_RootMo_R,MeContext=LTE02ERBS00150,ManagedElement=1,ENodeBFunction=1,EUtraNetwork=1,ExternalENodeBFunction=312,ExternalEUtranCellFDD=4</attr>
    <attr name="anrCreated">false</attr>
    <attr name="isHoAllowed">true</attr>
  </mo>
  <mo fdn="SubNetwork=ONRM_RootMo_R,MeContext=LTE02ERBS00150,ManagedElement=1,ENodeBFunction=1,EUtranCellFDD=LTE02ERBS00150-3,EUtranFreqRelation=2,EUtranCellRelation=2" lastModified="1287501626440" mimName="ERBS_NODE_MODEL" mimVersion="A.9.50.J.9.1">
    <attr name="isRemoveAllowed">false</attr>
    <attr name="neighborCellRef">SubNetwork=ONRM_RootMo_R,MeContext=LTE02ERBS00150,ManagedElement=1,ENodeBFunction=1,EUtranCellFDD=LTE02ERBS00150-2</attr>
    <attr name="anrCreated">false</attr>
    <attr name="isHoAllowed">true</attr>
  </mo>
  <mo fdn="SubNetwork=ONRM_RootMo_R,MeContext=LTE02ERBS00150,ManagedElement=1,ENodeBFunction=1,EUtranCellFDD=LTE02ERBS00150-3,EUtranFreqRelation=2,EUtranCellRelation=20" lastModified="1287505440091" mimName="ERBS_NODE_MODEL" mimVersion="A.9.50.J.9.1">
    <attr name="isRemoveAllowed">false</attr>
    <attr name="neighborCellRef">SubNetwork=ONRM_RootMo_R,MeContext=LTE02ERBS00150,ManagedElement=1,ENodeBFunction=1,EUtraNetwork=1,ExternalENodeBFunction=314,ExternalEUtranCellFDD=3</attr>
    <attr name="anrCreated">false</attr>
    <attr name="isHoAllowed">true</attr>
  </mo>
  <mo fdn="SubNetwork=ONRM_RootMo_R,MeContext=LTE02ERBS00150,ManagedElement=1,ENodeBFunction=1,EUtranCellFDD=LTE02ERBS00150-3,EUtranFreqRelation=2,EUtranCellRelation=21" lastModified="1287505440089" mimName="ERBS_NODE_MODEL" mimVersion="A.9.50.J.9.1">
    <attr name="isRemoveAllowed">false</attr>
    <attr name="neighborCellRef">SubNetwork=ONRM_RootMo_R,MeContext=LTE02ERBS00150,ManagedElement=1,ENodeBFunction=1,EUtraNetwork=1,ExternalENodeBFunction=314,ExternalEUtranCellFDD=4</attr>
    <attr name="anrCreated">false</attr>
    <attr name="isHoAllowed">true</attr>
  </mo>
  <mo fdn="SubNetwork=ONRM_RootMo_R,MeContext=LTE02ERBS00150,ManagedElement=1,ENodeBFunction=1,EUtranCellFDD=LTE02ERBS00150-3,EUtranFreqRelation=2,EUtranCellRelation=24" lastModified="1287505440084" mimName="ERBS_NODE_MODEL" mimVersion="A.9.50.J.9.1">
    <attr name="isRemoveAllowed">false</attr>
    <attr name="neighborCellRef">SubNetwork=ONRM_RootMo_R,MeContext=LTE02ERBS00150,ManagedElement=1,ENodeBFunction=1,EUtraNetwork=1,ExternalENodeBFunction=316,ExternalEUtranCellFDD=3</attr>
    <attr name="anrCreated">false</attr>
    <attr name="isHoAllowed">true</attr>
  </mo>
  <mo fdn="SubNetwork=ONRM_RootMo_R,MeContext=LTE02ERBS00150,ManagedElement=1,ENodeBFunction=1,EUtranCellFDD=LTE02ERBS00150-3,EUtranFreqRelation=2,EUtranCellRelation=25" lastModified="1287505440082" mimName="ERBS_NODE_MODEL" mimVersion="A.9.50.J.9.1">
    <attr name="isRemoveAllowed">false</attr>
    <attr name="neighborCellRef">SubNetwork=ONRM_RootMo_R,MeContext=LTE02ERBS00150,ManagedElement=1,ENodeBFunction=1,EUtraNetwork=1,ExternalENodeBFunction=316,ExternalEUtranCellFDD=4</attr>
    <attr name="anrCreated">false</attr>
    <attr name="isHoAllowed">true</attr>
  </mo>
  <mo fdn="SubNetwork=ONRM_RootMo_R,MeContext=LTE02ERBS00150,ManagedElement=1,ENodeBFunction=1,EUtranCellFDD=LTE02ERBS00150-3,EUtranFreqRelation=2,EUtranCellRelation=28" lastModified="1287505440102" mimName="ERBS_NODE_MODEL" mimVersion="A.9.50.J.9.1">
    <attr name="isRemoveAllowed">false</attr>
    <attr name="neighborCellRef">SubNetwork=ONRM_RootMo_R,MeContext=LTE02ERBS00150,ManagedElement=1,ENodeBFunction=1,EUtraNetwork=1,ExternalENodeBFunction=318,ExternalEUtranCellFDD=3</attr>
    <attr name="anrCreated">false</attr>
    <attr name="isHoAllowed">true</attr>
  </mo>
  <mo fdn="SubNetwork=ONRM_RootMo_R,MeContext=LTE02ERBS00150,ManagedElement=1,ENodeBFunction=1,EUtranCellFDD=LTE02ERBS00150-3,EUtranFreqRelation=2,EUtranCellRelation=29" lastModified="1287505440099" mimName="ERBS_NODE_MODEL" mimVersion="A.9.50.J.9.1">
    <attr name="isRemoveAllowed">false</attr>
    <attr name="neighborCellRef">SubNetwork=ONRM_RootMo_R,MeContext=LTE02ERBS00150,ManagedElement=1,ENodeBFunction=1,EUtraNetwork=1,ExternalENodeBFunction=318,ExternalEUtranCellFDD=4</attr>
    <attr name="anrCreated">false</attr>
    <attr name="isHoAllowed">true</attr>
  </mo>
  <mo fdn="SubNetwork=ONRM_RootMo_R,MeContext=LTE02ERBS00150,ManagedElement=1,ENodeBFunction=1,EUtranCellFDD=LTE02ERBS00150-3,EUtranFreqRelation=2,EUtranCellRelation=3" lastModified="1287501626437" mimName="ERBS_NODE_MODEL" mimVersion="A.9.50.J.9.1">
    <attr name="isRemoveAllowed">false</attr>
    <attr name="neighborCellRef">SubNetwork=ONRM_RootMo_R,MeContext=LTE02ERBS00150,ManagedElement=1,ENodeBFunction=1,EUtranCellFDD=LTE02ERBS00150-4</attr>
    <attr name="anrCreated">false</attr>
    <attr name="isHoAllowed">true</attr>
  </mo>
  <mo fdn="SubNetwork=ONRM_RootMo_R,MeContext=LTE02ERBS00150,ManagedElement=1,ENodeBFunction=1,EUtranCellFDD=LTE02ERBS00150-3,EUtranFreqRelation=2,EUtranCellRelation=32" lastModified="1287505440081" mimName="ERBS_NODE_MODEL" mimVersion="A.9.50.J.9.1">
    <attr name="isRemoveAllowed">false</attr>
    <attr name="neighborCellRef">SubNetwork=ONRM_RootMo_R,MeContext=LTE02ERBS00150,ManagedElement=1,ENodeBFunction=1,EUtraNetwork=1,ExternalENodeBFunction=320,ExternalEUtranCellFDD=3</attr>
    <attr name="anrCreated">false</attr>
    <attr name="isHoAllowed">true</attr>
  </mo>
  <mo fdn="SubNetwork=ONRM_RootMo_R,MeContext=LTE02ERBS00150,ManagedElement=1,ENodeBFunction=1,EUtranCellFDD=LTE02ERBS00150-3,EUtranFreqRelation=2,EUtranCellRelation=33" lastModified="1287505440093" mimName="ERBS_NODE_MODEL" mimVersion="A.9.50.J.9.1">
    <attr name="isRemoveAllowed">false</attr>
    <attr name="neighborCellRef">SubNetwork=ONRM_RootMo_R,MeContext=LTE02ERBS00150,ManagedElement=1,ENodeBFunction=1,EUtraNetwork=1,ExternalENodeBFunction=320,ExternalEUtranCellFDD=4</attr>
    <attr name="anrCreated">false</attr>
    <attr name="isHoAllowed">true</attr>
  </mo>
  <mo fdn="SubNetwork=ONRM_RootMo_R,MeContext=LTE02ERBS00150,ManagedElement=1,ENodeBFunction=1,EUtranCellFDD=LTE02ERBS00150-3,EUtranFreqRelation=2,EUtranCellRelation=6" lastModified="1287505440095" mimName="ERBS_NODE_MODEL" mimVersion="A.9.50.J.9.1">
    <attr name="isRemoveAllowed">false</attr>
    <attr name="neighborCellRef">SubNetwork=ONRM_RootMo_R,MeContext=LTE02ERBS00150,ManagedElement=1,ENodeBFunction=1,EUtraNetwork=1,ExternalENodeBFunction=306,ExternalEUtranCellFDD=3</attr>
    <attr name="anrCreated">false</attr>
    <attr name="isHoAllowed">true</attr>
  </mo>
  <mo fdn="SubNetwork=ONRM_RootMo_R,MeContext=LTE02ERBS00150,ManagedElement=1,ENodeBFunction=1,EUtranCellFDD=LTE02ERBS00150-3,EUtranFreqRelation=2,EUtranCellRelation=7" lastModified="1287505440098" mimName="ERBS_NODE_MODEL" mimVersion="A.9.50.J.9.1">
    <attr name="isRemoveAllowed">false</attr>
    <attr name="neighborCellRef">SubNetwork=ONRM_RootMo_R,MeContext=LTE02ERBS00150,ManagedElement=1,ENodeBFunction=1,EUtraNetwork=1,ExternalENodeBFunction=306,ExternalEUtranCellFDD=4</attr>
    <attr name="anrCreated">false</attr>
    <attr name="isHoAllowed">true</attr>
  </mo>
  <mo fdn="SubNetwork=ONRM_RootMo_R,MeContext=LTE02ERBS00150,ManagedElement=1,ENodeBFunction=1,EUtranCellFDD=LTE02ERBS00150-4" lastModified="1287512231561" mimName="ERBS_NODE_MODEL" mimVersion="A.9.50.J.9.1">
    <attr name="EUtranCellFDDId">LTE02ERBS00150-4</attr>
    <attr name="earfcnul">18000</attr>
    <attr name="cellId">4</attr>
    <attr name="tac">1</attr>
    <attr name="bPlmnList">
      <seq count="1">
        <item>
          <struct>
            <attr name="mcc">311</attr>
            <attr name="mnc">480</attr>
            <attr name="mncLength">2</attr>
          </struct>
        </item>
      </seq>
    </attr>
    <attr name="earfcndl">0</attr>
    <attr name="userLabel">LTE02ERBS00150-4</attr>
  </mo>
  <mo fdn="SubNetwork=ONRM_RootMo_R,MeContext=LTE02ERBS00150,ManagedElement=1,ENodeBFunction=1,EUtranCellFDD=LTE02ERBS00150-4,EUtranFreqRelation=1,EUtranCellRelation=12" lastModified="1287505441160" mimName="ERBS_NODE_MODEL" mimVersion="A.9.50.J.9.1">
    <attr name="isRemoveAllowed">false</attr>
    <attr name="neighborCellRef">SubNetwork=ONRM_RootMo_R,MeContext=LTE02ERBS00150,ManagedElement=1,ENodeBFunction=1,EUtraNetwork=1,ExternalENodeBFunction=309,ExternalEUtranCellFDD=3</attr>
    <attr name="anrCreated">false</attr>
    <attr name="isHoAllowed">true</attr>
  </mo>
  <mo fdn="SubNetwork=ONRM_RootMo_R,MeContext=LTE02ERBS00150,ManagedElement=1,ENodeBFunction=1,EUtranCellFDD=LTE02ERBS00150-4,EUtranFreqRelation=1,EUtranCellRelation=13" lastModified="1287505441155" mimName="ERBS_NODE_MODEL" mimVersion="A.9.50.J.9.1">
    <attr name="isRemoveAllowed">false</attr>
    <attr name="neighborCellRef">SubNetwork=ONRM_RootMo_R,MeContext=LTE02ERBS00150,ManagedElement=1,ENodeBFunction=1,EUtraNetwork=1,ExternalENodeBFunction=309,ExternalEUtranCellFDD=4</attr>
    <attr name="anrCreated">false</attr>
    <attr name="isHoAllowed">true</attr>
  </mo>
  <mo fdn="SubNetwork=ONRM_RootMo_R,MeContext=LTE02ERBS00150,ManagedElement=1,ENodeBFunction=1,EUtranCellFDD=LTE02ERBS00150-4,EUtranFreqRelation=1,EUtranCellRelation=14" lastModified="1287505441152" mimName="ERBS_NODE_MODEL" mimVersion="A.9.50.J.9.1">
    <attr name="isRemoveAllowed">false</attr>
    <attr name="neighborCellRef">SubNetwork=ONRM_RootMo_R,MeContext=LTE02ERBS00150,ManagedElement=1,ENodeBFunction=1,EUtraNetwork=1,ExternalENodeBFunction=311,ExternalEUtranCellFDD=3</attr>
    <attr name="anrCreated">false</attr>
    <attr name="isHoAllowed">true</attr>
  </mo>
  <mo fdn="SubNetwork=ONRM_RootMo_R,MeContext=LTE02ERBS00150,ManagedElement=1,ENodeBFunction=1,EUtranCellFDD=LTE02ERBS00150-4,EUtranFreqRelation=1,EUtranCellRelation=15" lastModified="1287505441169" mimName="ERBS_NODE_MODEL" mimVersion="A.9.50.J.9.1">
    <attr name="isRemoveAllowed">false</attr>
    <attr name="neighborCellRef">SubNetwork=ONRM_RootMo_R,MeContext=LTE02ERBS00150,ManagedElement=1,ENodeBFunction=1,EUtraNetwork=1,ExternalENodeBFunction=311,ExternalEUtranCellFDD=4</attr>
    <attr name="anrCreated">false</attr>
    <attr name="isHoAllowed">true</attr>
  </mo>
  <mo fdn="SubNetwork=ONRM_RootMo_R,MeContext=LTE02ERBS00150,ManagedElement=1,ENodeBFunction=1,EUtranCellFDD=LTE02ERBS00150-4,EUtranFreqRelation=1,EUtranCellRelation=18" lastModified="1287505441165" mimName="ERBS_NODE_MODEL" mimVersion="A.9.50.J.9.1">
    <attr name="isRemoveAllowed">false</attr>
    <attr name="neighborCellRef">SubNetwork=ONRM_RootMo_R,MeContext=LTE02ERBS00150,ManagedElement=1,ENodeBFunction=1,EUtraNetwork=1,ExternalENodeBFunction=313,ExternalEUtranCellFDD=3</attr>
    <attr name="anrCreated">false</attr>
    <attr name="isHoAllowed">true</attr>
  </mo>
  <mo fdn="SubNetwork=ONRM_RootMo_R,MeContext=LTE02ERBS00150,ManagedElement=1,ENodeBFunction=1,EUtranCellFDD=LTE02ERBS00150-4,EUtranFreqRelation=1,EUtranCellRelation=19" lastModified="1287505441165" mimName="ERBS_NODE_MODEL" mimVersion="A.9.50.J.9.1">
    <attr name="isRemoveAllowed">false</attr>
    <attr name="neighborCellRef">SubNetwork=ONRM_RootMo_R,MeContext=LTE02ERBS00150,ManagedElement=1,ENodeBFunction=1,EUtraNetwork=1,ExternalENodeBFunction=313,ExternalEUtranCellFDD=4</attr>
    <attr name="anrCreated">false</attr>
    <attr name="isHoAllowed">true</attr>
  </mo>
  <mo fdn="SubNetwork=ONRM_RootMo_R,MeContext=LTE02ERBS00150,ManagedElement=1,ENodeBFunction=1,EUtranCellFDD=LTE02ERBS00150-4,EUtranFreqRelation=1,EUtranCellRelation=22" lastModified="1287505441157" mimName="ERBS_NODE_MODEL" mimVersion="A.9.50.J.9.1">
    <attr name="isRemoveAllowed">false</attr>
    <attr name="neighborCellRef">SubNetwork=ONRM_RootMo_R,MeContext=LTE02ERBS00150,ManagedElement=1,ENodeBFunction=1,EUtraNetwork=1,ExternalENodeBFunction=315,ExternalEUtranCellFDD=3</attr>
    <attr name="anrCreated">false</attr>
    <attr name="isHoAllowed">true</attr>
  </mo>
  <mo fdn="SubNetwork=ONRM_RootMo_R,MeContext=LTE02ERBS00150,ManagedElement=1,ENodeBFunction=1,EUtranCellFDD=LTE02ERBS00150-4,EUtranFreqRelation=1,EUtranCellRelation=23" lastModified="1287505441154" mimName="ERBS_NODE_MODEL" mimVersion="A.9.50.J.9.1">
    <attr name="isRemoveAllowed">false</attr>
    <attr name="neighborCellRef">SubNetwork=ONRM_RootMo_R,MeContext=LTE02ERBS00150,ManagedElement=1,ENodeBFunction=1,EUtraNetwork=1,ExternalENodeBFunction=315,ExternalEUtranCellFDD=4</attr>
    <attr name="anrCreated">false</attr>
    <attr name="isHoAllowed">true</attr>
  </mo>
  <mo fdn="SubNetwork=ONRM_RootMo_R,MeContext=LTE02ERBS00150,ManagedElement=1,ENodeBFunction=1,EUtranCellFDD=LTE02ERBS00150-4,EUtranFreqRelation=1,EUtranCellRelation=26" lastModified="1287505441167" mimName="ERBS_NODE_MODEL" mimVersion="A.9.50.J.9.1">
    <attr name="isRemoveAllowed">false</attr>
    <attr name="neighborCellRef">SubNetwork=ONRM_RootMo_R,MeContext=LTE02ERBS00150,ManagedElement=1,ENodeBFunction=1,EUtraNetwork=1,ExternalENodeBFunction=317,ExternalEUtranCellFDD=3</attr>
    <attr name="anrCreated">false</attr>
    <attr name="isHoAllowed">true</attr>
  </mo>
  <mo fdn="SubNetwork=ONRM_RootMo_R,MeContext=LTE02ERBS00150,ManagedElement=1,ENodeBFunction=1,EUtranCellFDD=LTE02ERBS00150-4,EUtranFreqRelation=1,EUtranCellRelation=27" lastModified="1287505441166" mimName="ERBS_NODE_MODEL" mimVersion="A.9.50.J.9.1">
    <attr name="isRemoveAllowed">false</attr>
    <attr name="neighborCellRef">SubNetwork=ONRM_RootMo_R,MeContext=LTE02ERBS00150,ManagedElement=1,ENodeBFunction=1,EUtraNetwork=1,ExternalENodeBFunction=317,ExternalEUtranCellFDD=4</attr>
    <attr name="anrCreated">false</attr>
    <attr name="isHoAllowed">true</attr>
  </mo>
  <mo fdn="SubNetwork=ONRM_RootMo_R,MeContext=LTE02ERBS00150,ManagedElement=1,ENodeBFunction=1,EUtranCellFDD=LTE02ERBS00150-4,EUtranFreqRelation=1,EUtranCellRelation=30" lastModified="1287505441162" mimName="ERBS_NODE_MODEL" mimVersion="A.9.50.J.9.1">
    <attr name="isRemoveAllowed">false</attr>
    <attr name="neighborCellRef">SubNetwork=ONRM_RootMo_R,MeContext=LTE02ERBS00150,ManagedElement=1,ENodeBFunction=1,EUtraNetwork=1,ExternalENodeBFunction=319,ExternalEUtranCellFDD=3</attr>
    <attr name="anrCreated">false</attr>
    <attr name="isHoAllowed">true</attr>
  </mo>
  <mo fdn="SubNetwork=ONRM_RootMo_R,MeContext=LTE02ERBS00150,ManagedElement=1,ENodeBFunction=1,EUtranCellFDD=LTE02ERBS00150-4,EUtranFreqRelation=1,EUtranCellRelation=31" lastModified="1287505441158" mimName="ERBS_NODE_MODEL" mimVersion="A.9.50.J.9.1">
    <attr name="isRemoveAllowed">false</attr>
    <attr name="neighborCellRef">SubNetwork=ONRM_RootMo_R,MeContext=LTE02ERBS00150,ManagedElement=1,ENodeBFunction=1,EUtraNetwork=1,ExternalENodeBFunction=319,ExternalEUtranCellFDD=4</attr>
    <attr name="anrCreated">false</attr>
    <attr name="isHoAllowed">true</attr>
  </mo>
  <mo fdn="SubNetwork=ONRM_RootMo_R,MeContext=LTE02ERBS00150,ManagedElement=1,ENodeBFunction=1,EUtranCellFDD=LTE02ERBS00150-4,EUtranFreqRelation=1,EUtranCellRelation=4" lastModified="1287505441168" mimName="ERBS_NODE_MODEL" mimVersion="A.9.50.J.9.1">
    <attr name="isRemoveAllowed">false</attr>
    <attr name="neighborCellRef">SubNetwork=ONRM_RootMo_R,MeContext=LTE02ERBS00150,ManagedElement=1,ENodeBFunction=1,EUtraNetwork=1,ExternalENodeBFunction=305,ExternalEUtranCellFDD=3</attr>
    <attr name="anrCreated">false</attr>
    <attr name="isHoAllowed">true</attr>
  </mo>
  <mo fdn="SubNetwork=ONRM_RootMo_R,MeContext=LTE02ERBS00150,ManagedElement=1,ENodeBFunction=1,EUtranCellFDD=LTE02ERBS00150-4,EUtranFreqRelation=1,EUtranCellRelation=5" lastModified="1287505441169" mimName="ERBS_NODE_MODEL" mimVersion="A.9.50.J.9.1">
    <attr name="isRemoveAllowed">false</attr>
    <attr name="neighborCellRef">SubNetwork=ONRM_RootMo_R,MeContext=LTE02ERBS00150,ManagedElement=1,ENodeBFunction=1,EUtraNetwork=1,ExternalENodeBFunction=305,ExternalEUtranCellFDD=4</attr>
    <attr name="anrCreated">false</attr>
    <attr name="isHoAllowed">true</attr>
  </mo>
  <mo fdn="SubNetwork=ONRM_RootMo_R,MeContext=LTE02ERBS00150,ManagedElement=1,ENodeBFunction=1,EUtranCellFDD=LTE02ERBS00150-4,EUtranFreqRelation=1,EUtranCellRelation=8" lastModified="1287505441163" mimName="ERBS_NODE_MODEL" mimVersion="A.9.50.J.9.1">
    <attr name="isRemoveAllowed">false</attr>
    <attr name="neighborCellRef">SubNetwork=ONRM_RootMo_R,MeContext=LTE02ERBS00150,ManagedElement=1,ENodeBFunction=1,EUtraNetwork=1,ExternalENodeBFunction=307,ExternalEUtranCellFDD=3</attr>
    <attr name="anrCreated">false</attr>
    <attr name="isHoAllowed">true</attr>
  </mo>
  <mo fdn="SubNetwork=ONRM_RootMo_R,MeContext=LTE02ERBS00150,ManagedElement=1,ENodeBFunction=1,EUtranCellFDD=LTE02ERBS00150-4,EUtranFreqRelation=1,EUtranCellRelation=9" lastModified="1287505441164" mimName="ERBS_NODE_MODEL" mimVersion="A.9.50.J.9.1">
    <attr name="isRemoveAllowed">false</attr>
    <attr name="neighborCellRef">SubNetwork=ONRM_RootMo_R,MeContext=LTE02ERBS00150,ManagedElement=1,ENodeBFunction=1,EUtraNetwork=1,ExternalENodeBFunction=307,ExternalEUtranCellFDD=4</attr>
    <attr name="anrCreated">false</attr>
    <attr name="isHoAllowed">true</attr>
  </mo>
  <mo fdn="SubNetwork=ONRM_RootMo_R,MeContext=LTE02ERBS00150,ManagedElement=1,ENodeBFunction=1,EUtranCellFDD=LTE02ERBS00150-4,EUtranFreqRelation=2,EUtranCellRelation=1" lastModified="1287501626411" mimName="ERBS_NODE_MODEL" mimVersion="A.9.50.J.9.1">
    <attr name="isRemoveAllowed">false</attr>
    <attr name="neighborCellRef">SubNetwork=ONRM_RootMo_R,MeContext=LTE02ERBS00150,ManagedElement=1,ENodeBFunction=1,EUtranCellFDD=LTE02ERBS00150-1</attr>
    <attr name="anrCreated">false</attr>
    <attr name="isHoAllowed">true</attr>
  </mo>
  <mo fdn="SubNetwork=ONRM_RootMo_R,MeContext=LTE02ERBS00150,ManagedElement=1,ENodeBFunction=1,EUtranCellFDD=LTE02ERBS00150-4,EUtranFreqRelation=2,EUtranCellRelation=10" lastModified="1287505441138" mimName="ERBS_NODE_MODEL" mimVersion="A.9.50.J.9.1">
    <attr name="isRemoveAllowed">false</attr>
    <attr name="neighborCellRef">SubNetwork=ONRM_RootMo_R,MeContext=LTE02ERBS00150,ManagedElement=1,ENodeBFunction=1,EUtraNetwork=1,ExternalENodeBFunction=308,ExternalEUtranCellFDD=3</attr>
    <attr name="anrCreated">false</attr>
    <attr name="isHoAllowed">true</attr>
  </mo>
  <mo fdn="SubNetwork=ONRM_RootMo_R,MeContext=LTE02ERBS00150,ManagedElement=1,ENodeBFunction=1,EUtranCellFDD=LTE02ERBS00150-4,EUtranFreqRelation=2,EUtranCellRelation=11" lastModified="1287505441136" mimName="ERBS_NODE_MODEL" mimVersion="A.9.50.J.9.1">
    <attr name="isRemoveAllowed">false</attr>
    <attr name="neighborCellRef">SubNetwork=ONRM_RootMo_R,MeContext=LTE02ERBS00150,ManagedElement=1,ENodeBFunction=1,EUtraNetwork=1,ExternalENodeBFunction=308,ExternalEUtranCellFDD=4</attr>
    <attr name="anrCreated">false</attr>
    <attr name="isHoAllowed">true</attr>
  </mo>
  <mo fdn="SubNetwork=ONRM_RootMo_R,MeContext=LTE02ERBS00150,ManagedElement=1,ENodeBFunction=1,EUtranCellFDD=LTE02ERBS00150-4,EUtranFreqRelation=2,EUtranCellRelation=16" lastModified="1287505441148" mimName="ERBS_NODE_MODEL" mimVersion="A.9.50.J.9.1">
    <attr name="isRemoveAllowed">false</attr>
    <attr name="neighborCellRef">SubNetwork=ONRM_RootMo_R,MeContext=LTE02ERBS00150,ManagedElement=1,ENodeBFunction=1,EUtraNetwork=1,ExternalENodeBFunction=312,ExternalEUtranCellFDD=3</attr>
    <attr name="anrCreated">false</attr>
    <attr name="isHoAllowed">true</attr>
  </mo>
  <mo fdn="SubNetwork=ONRM_RootMo_R,MeContext=LTE02ERBS00150,ManagedElement=1,ENodeBFunction=1,EUtranCellFDD=LTE02ERBS00150-4,EUtranFreqRelation=2,EUtranCellRelation=17" lastModified="1287505441144" mimName="ERBS_NODE_MODEL" mimVersion="A.9.50.J.9.1">
    <attr name="isRemoveAllowed">false</attr>
    <attr name="neighborCellRef">SubNetwork=ONRM_RootMo_R,MeContext=LTE02ERBS00150,ManagedElement=1,ENodeBFunction=1,EUtraNetwork=1,ExternalENodeBFunction=312,ExternalEUtranCellFDD=4</attr>
    <attr name="anrCreated">false</attr>
    <attr name="isHoAllowed">true</attr>
  </mo>
  <mo fdn="SubNetwork=ONRM_RootMo_R,MeContext=LTE02ERBS00150,ManagedElement=1,ENodeBFunction=1,EUtranCellFDD=LTE02ERBS00150-4,EUtranFreqRelation=2,EUtranCellRelation=2" lastModified="1287501626408" mimName="ERBS_NODE_MODEL" mimVersion="A.9.50.J.9.1">
    <attr name="isRemoveAllowed">false</attr>
    <attr name="neighborCellRef">SubNetwork=ONRM_RootMo_R,MeContext=LTE02ERBS00150,ManagedElement=1,ENodeBFunction=1,EUtranCellFDD=LTE02ERBS00150-2</attr>
    <attr name="anrCreated">false</attr>
    <attr name="isHoAllowed">true</attr>
  </mo>
  <mo fdn="SubNetwork=ONRM_RootMo_R,MeContext=LTE02ERBS00150,ManagedElement=1,ENodeBFunction=1,EUtranCellFDD=LTE02ERBS00150-4,EUtranFreqRelation=2,EUtranCellRelation=20" lastModified="1287505441140" mimName="ERBS_NODE_MODEL" mimVersion="A.9.50.J.9.1">
    <attr name="isRemoveAllowed">false</attr>
    <attr name="neighborCellRef">SubNetwork=ONRM_RootMo_R,MeContext=LTE02ERBS00150,ManagedElement=1,ENodeBFunction=1,EUtraNetwork=1,ExternalENodeBFunction=314,ExternalEUtranCellFDD=3</attr>
    <attr name="anrCreated">false</attr>
    <attr name="isHoAllowed">true</attr>
  </mo>
  <mo fdn="SubNetwork=ONRM_RootMo_R,MeContext=LTE02ERBS00150,ManagedElement=1,ENodeBFunction=1,EUtranCellFDD=LTE02ERBS00150-4,EUtranFreqRelation=2,EUtranCellRelation=21" lastModified="1287505441139" mimName="ERBS_NODE_MODEL" mimVersion="A.9.50.J.9.1">
    <attr name="isRemoveAllowed">false</attr>
    <attr name="neighborCellRef">SubNetwork=ONRM_RootMo_R,MeContext=LTE02ERBS00150,ManagedElement=1,ENodeBFunction=1,EUtraNetwork=1,ExternalENodeBFunction=314,ExternalEUtranCellFDD=4</attr>
    <attr name="anrCreated">false</attr>
    <attr name="isHoAllowed">true</attr>
  </mo>
  <mo fdn="SubNetwork=ONRM_RootMo_R,MeContext=LTE02ERBS00150,ManagedElement=1,ENodeBFunction=1,EUtranCellFDD=LTE02ERBS00150-4,EUtranFreqRelation=2,EUtranCellRelation=24" lastModified="1287505441134" mimName="ERBS_NODE_MODEL" mimVersion="A.9.50.J.9.1">
    <attr name="isRemoveAllowed">false</attr>
    <attr name="neighborCellRef">SubNetwork=ONRM_RootMo_R,MeContext=LTE02ERBS00150,ManagedElement=1,ENodeBFunction=1,EUtraNetwork=1,ExternalENodeBFunction=316,ExternalEUtranCellFDD=3</attr>
    <attr name="anrCreated">false</attr>
    <attr name="isHoAllowed">true</attr>
  </mo>
  <mo fdn="SubNetwork=ONRM_RootMo_R,MeContext=LTE02ERBS00150,ManagedElement=1,ENodeBFunction=1,EUtranCellFDD=LTE02ERBS00150-4,EUtranFreqRelation=2,EUtranCellRelation=25" lastModified="1287505441133" mimName="ERBS_NODE_MODEL" mimVersion="A.9.50.J.9.1">
    <attr name="isRemoveAllowed">false</attr>
    <attr name="neighborCellRef">SubNetwork=ONRM_RootMo_R,MeContext=LTE02ERBS00150,ManagedElement=1,ENodeBFunction=1,EUtraNetwork=1,ExternalENodeBFunction=316,ExternalEUtranCellFDD=4</attr>
    <attr name="anrCreated">false</attr>
    <attr name="isHoAllowed">true</attr>
  </mo>
  <mo fdn="SubNetwork=ONRM_RootMo_R,MeContext=LTE02ERBS00150,ManagedElement=1,ENodeBFunction=1,EUtranCellFDD=LTE02ERBS00150-4,EUtranFreqRelation=2,EUtranCellRelation=28" lastModified="1287505441149" mimName="ERBS_NODE_MODEL" mimVersion="A.9.50.J.9.1">
    <attr name="isRemoveAllowed">false</attr>
    <attr name="neighborCellRef">SubNetwork=ONRM_RootMo_R,MeContext=LTE02ERBS00150,ManagedElement=1,ENodeBFunction=1,EUtraNetwork=1,ExternalENodeBFunction=318,ExternalEUtranCellFDD=3</attr>
    <attr name="anrCreated">false</attr>
    <attr name="isHoAllowed">true</attr>
  </mo>
  <mo fdn="SubNetwork=ONRM_RootMo_R,MeContext=LTE02ERBS00150,ManagedElement=1,ENodeBFunction=1,EUtranCellFDD=LTE02ERBS00150-4,EUtranFreqRelation=2,EUtranCellRelation=29" lastModified="1287505441147" mimName="ERBS_NODE_MODEL" mimVersion="A.9.50.J.9.1">
    <attr name="isRemoveAllowed">false</attr>
    <attr name="neighborCellRef">SubNetwork=ONRM_RootMo_R,MeContext=LTE02ERBS00150,ManagedElement=1,ENodeBFunction=1,EUtraNetwork=1,ExternalENodeBFunction=318,ExternalEUtranCellFDD=4</attr>
    <attr name="anrCreated">false</attr>
    <attr name="isHoAllowed">true</attr>
  </mo>
  <mo fdn="SubNetwork=ONRM_RootMo_R,MeContext=LTE02ERBS00150,ManagedElement=1,ENodeBFunction=1,EUtranCellFDD=LTE02ERBS00150-4,EUtranFreqRelation=2,EUtranCellRelation=3" lastModified="1287501635990" mimName="ERBS_NODE_MODEL" mimVersion="A.9.50.J.9.1">
    <attr name="isRemoveAllowed">false</attr>
    <attr name="neighborCellRef">SubNetwork=ONRM_RootMo_R,MeContext=LTE02ERBS00150,ManagedElement=1,ENodeBFunction=1,EUtranCellFDD=LTE02ERBS00150-3</attr>
    <attr name="anrCreated">false</attr>
    <attr name="isHoAllowed">true</attr>
  </mo>
  <mo fdn="SubNetwork=ONRM_RootMo_R,MeContext=LTE02ERBS00150,ManagedElement=1,ENodeBFunction=1,EUtranCellFDD=LTE02ERBS00150-4,EUtranFreqRelation=2,EUtranCellRelation=32" lastModified="1287505441130" mimName="ERBS_NODE_MODEL" mimVersion="A.9.50.J.9.1">
    <attr name="isRemoveAllowed">false</attr>
    <attr name="neighborCellRef">SubNetwork=ONRM_RootMo_R,MeContext=LTE02ERBS00150,ManagedElement=1,ENodeBFunction=1,EUtraNetwork=1,ExternalENodeBFunction=320,ExternalEUtranCellFDD=3</attr>
    <attr name="anrCreated">false</attr>
    <attr name="isHoAllowed">true</attr>
  </mo>
  <mo fdn="SubNetwork=ONRM_RootMo_R,MeContext=LTE02ERBS00150,ManagedElement=1,ENodeBFunction=1,EUtranCellFDD=LTE02ERBS00150-4,EUtranFreqRelation=2,EUtranCellRelation=33" lastModified="1287505441142" mimName="ERBS_NODE_MODEL" mimVersion="A.9.50.J.9.1">
    <attr name="isRemoveAllowed">false</attr>
    <attr name="neighborCellRef">SubNetwork=ONRM_RootMo_R,MeContext=LTE02ERBS00150,ManagedElement=1,ENodeBFunction=1,EUtraNetwork=1,ExternalENodeBFunction=320,ExternalEUtranCellFDD=4</attr>
    <attr name="anrCreated">false</attr>
    <attr name="isHoAllowed">true</attr>
  </mo>
  <mo fdn="SubNetwork=ONRM_RootMo_R,MeContext=LTE02ERBS00150,ManagedElement=1,ENodeBFunction=1,EUtranCellFDD=LTE02ERBS00150-4,EUtranFreqRelation=2,EUtranCellRelation=6" lastModified="1287505441143" mimName="ERBS_NODE_MODEL" mimVersion="A.9.50.J.9.1">
    <attr name="isRemoveAllowed">false</attr>
    <attr name="neighborCellRef">SubNetwork=ONRM_RootMo_R,MeContext=LTE02ERBS00150,ManagedElement=1,ENodeBFunction=1,EUtraNetwork=1,ExternalENodeBFunction=306,ExternalEUtranCellFDD=3</attr>
    <attr name="anrCreated">false</attr>
    <attr name="isHoAllowed">true</attr>
  </mo>
  <mo fdn="SubNetwork=ONRM_RootMo_R,MeContext=LTE02ERBS00150,ManagedElement=1,ENodeBFunction=1,EUtranCellFDD=LTE02ERBS00150-4,EUtranFreqRelation=2,EUtranCellRelation=7" lastModified="1287505441145" mimName="ERBS_NODE_MODEL" mimVersion="A.9.50.J.9.1">
    <attr name="isRemoveAllowed">false</attr>
    <attr name="neighborCellRef">SubNetwork=ONRM_RootMo_R,MeContext=LTE02ERBS00150,ManagedElement=1,ENodeBFunction=1,EUtraNetwork=1,ExternalENodeBFunction=306,ExternalEUtranCellFDD=4</attr>
    <attr name="anrCreated">false</attr>
    <attr name="isHoAllowed">true</attr>
  </mo>
</model>
