<?xml version="1.0" encoding="UTF-8" standalone="no"?><!-- Generated by nmsadm --><!-- Generated on Thu Oct 28 14:36:06 BST 2010 --><!-- Generated from configuration valid --><!-- Query - Base MO SubNetwork=ONRM_RootMo_R,MeContext=LTE01ERBS00082; Scope 8 --><model>
  <mo fdn="SubNetwork=ONRM_RootMo_R,MeContext=LTE01ERBS00082" lastModified="1287504925569" mimName="ERBS_NODE_MODEL" mimVersion="A.9.50.J.9.1">
    <attr name="MeContextId">LTE01ERBS00082</attr>
    <attr name="neMIMversion">vA.9.40</attr>
    <attr name="siteRef">SubNetwork=ONRM_RootMo_R,Site=LTE01ERBS00082</attr>
    <attr name="userLabel">LTE01ERBS00082</attr>
  </mo>
  <mo fdn="SubNetwork=ONRM_RootMo_R,MeContext=LTE01ERBS00082,ManagedElement=1,ENodeBFunction=1" lastModified="1287501080572" mimName="ERBS_NODE_MODEL" mimVersion="A.9.50.J.9.1">
    <attr name="eNodeBPlmnId">
      <struct>
        <attr name="mcc">311</attr>
        <attr name="mnc">480</attr>
        <attr name="mncLength">2</attr>
      </struct>
    </attr>
    <attr name="eNBId">188285</attr>
  </mo>
  <mo fdn="SubNetwork=ONRM_RootMo_R,MeContext=LTE01ERBS00082,ManagedElement=1,ENodeBFunction=1,EUtranCellFDD=LTE01ERBS00082-1" lastModified="1287504909808" mimName="ERBS_NODE_MODEL" mimVersion="A.9.50.J.9.1">
    <attr name="EUtranCellFDDId">LTE01ERBS00082-1</attr>
    <attr name="earfcnul">18000</attr>
    <attr name="cellId">1</attr>
    <attr name="tac">48138</attr>
    <attr name="bPlmnList">
      <seq count="1">
        <item>
          <struct>
            <attr name="mcc">311</attr>
            <attr name="mnc">480</attr>
            <attr name="mncLength">2</attr>
          </struct>
        </item>
      </seq>
    </attr>
    <attr name="earfcndl">0</attr>
    <attr name="userLabel">LTE01ERBS00082-1</attr>
  </mo>
  <mo fdn="SubNetwork=ONRM_RootMo_R,MeContext=LTE01ERBS00082,ManagedElement=1,ENodeBFunction=1,EUtranCellFDD=LTE01ERBS00082-1,EUtranFreqRelation=1,EUtranCellRelation=10" lastModified="1287501390102" mimName="ERBS_NODE_MODEL" mimVersion="A.9.50.J.9.1">
    <attr name="isRemoveAllowed">false</attr>
    <attr name="neighborCellRef">SubNetwork=ONRM_RootMo_R,MeContext=LTE01ERBS00082,ManagedElement=1,ENodeBFunction=1,EUtraNetwork=1,ExternalENodeBFunction=85,ExternalEUtranCellFDD=1</attr>
    <attr name="anrCreated">false</attr>
    <attr name="isHoAllowed">true</attr>
  </mo>
  <mo fdn="SubNetwork=ONRM_RootMo_R,MeContext=LTE01ERBS00082,ManagedElement=1,ENodeBFunction=1,EUtranCellFDD=LTE01ERBS00082-1,EUtranFreqRelation=1,EUtranCellRelation=11" lastModified="1287501390100" mimName="ERBS_NODE_MODEL" mimVersion="A.9.50.J.9.1">
    <attr name="isRemoveAllowed">false</attr>
    <attr name="neighborCellRef">SubNetwork=ONRM_RootMo_R,MeContext=LTE01ERBS00082,ManagedElement=1,ENodeBFunction=1,EUtraNetwork=1,ExternalENodeBFunction=85,ExternalEUtranCellFDD=2</attr>
    <attr name="anrCreated">false</attr>
    <attr name="isHoAllowed">true</attr>
  </mo>
  <mo fdn="SubNetwork=ONRM_RootMo_R,MeContext=LTE01ERBS00082,ManagedElement=1,ENodeBFunction=1,EUtranCellFDD=LTE01ERBS00082-1,EUtranFreqRelation=1,EUtranCellRelation=14" lastModified="1287501390094" mimName="ERBS_NODE_MODEL" mimVersion="A.9.50.J.9.1">
    <attr name="isRemoveAllowed">false</attr>
    <attr name="neighborCellRef">SubNetwork=ONRM_RootMo_R,MeContext=LTE01ERBS00082,ManagedElement=1,ENodeBFunction=1,EUtraNetwork=1,ExternalENodeBFunction=87,ExternalEUtranCellFDD=1</attr>
    <attr name="anrCreated">false</attr>
    <attr name="isHoAllowed">true</attr>
  </mo>
  <mo fdn="SubNetwork=ONRM_RootMo_R,MeContext=LTE01ERBS00082,ManagedElement=1,ENodeBFunction=1,EUtranCellFDD=LTE01ERBS00082-1,EUtranFreqRelation=1,EUtranCellRelation=15" lastModified="1287501390109" mimName="ERBS_NODE_MODEL" mimVersion="A.9.50.J.9.1">
    <attr name="isRemoveAllowed">false</attr>
    <attr name="neighborCellRef">SubNetwork=ONRM_RootMo_R,MeContext=LTE01ERBS00082,ManagedElement=1,ENodeBFunction=1,EUtraNetwork=1,ExternalENodeBFunction=87,ExternalEUtranCellFDD=2</attr>
    <attr name="anrCreated">false</attr>
    <attr name="isHoAllowed">true</attr>
  </mo>
  <mo fdn="SubNetwork=ONRM_RootMo_R,MeContext=LTE01ERBS00082,ManagedElement=1,ENodeBFunction=1,EUtranCellFDD=LTE01ERBS00082-1,EUtranFreqRelation=1,EUtranCellRelation=18" lastModified="1287501390104" mimName="ERBS_NODE_MODEL" mimVersion="A.9.50.J.9.1">
    <attr name="isRemoveAllowed">false</attr>
    <attr name="neighborCellRef">SubNetwork=ONRM_RootMo_R,MeContext=LTE01ERBS00082,ManagedElement=1,ENodeBFunction=1,EUtraNetwork=1,ExternalENodeBFunction=89,ExternalEUtranCellFDD=1</attr>
    <attr name="anrCreated">false</attr>
    <attr name="isHoAllowed">true</attr>
  </mo>
  <mo fdn="SubNetwork=ONRM_RootMo_R,MeContext=LTE01ERBS00082,ManagedElement=1,ENodeBFunction=1,EUtranCellFDD=LTE01ERBS00082-1,EUtranFreqRelation=1,EUtranCellRelation=19" lastModified="1287501390102" mimName="ERBS_NODE_MODEL" mimVersion="A.9.50.J.9.1">
    <attr name="isRemoveAllowed">false</attr>
    <attr name="neighborCellRef">SubNetwork=ONRM_RootMo_R,MeContext=LTE01ERBS00082,ManagedElement=1,ENodeBFunction=1,EUtraNetwork=1,ExternalENodeBFunction=89,ExternalEUtranCellFDD=2</attr>
    <attr name="anrCreated">false</attr>
    <attr name="isHoAllowed">true</attr>
  </mo>
  <mo fdn="SubNetwork=ONRM_RootMo_R,MeContext=LTE01ERBS00082,ManagedElement=1,ENodeBFunction=1,EUtranCellFDD=LTE01ERBS00082-1,EUtranFreqRelation=1,EUtranCellRelation=22" lastModified="1287501390097" mimName="ERBS_NODE_MODEL" mimVersion="A.9.50.J.9.1">
    <attr name="isRemoveAllowed">false</attr>
    <attr name="neighborCellRef">SubNetwork=ONRM_RootMo_R,MeContext=LTE01ERBS00082,ManagedElement=1,ENodeBFunction=1,EUtraNetwork=1,ExternalENodeBFunction=91,ExternalEUtranCellFDD=1</attr>
    <attr name="anrCreated">false</attr>
    <attr name="isHoAllowed">true</attr>
  </mo>
  <mo fdn="SubNetwork=ONRM_RootMo_R,MeContext=LTE01ERBS00082,ManagedElement=1,ENodeBFunction=1,EUtranCellFDD=LTE01ERBS00082-1,EUtranFreqRelation=1,EUtranCellRelation=23" lastModified="1287501390095" mimName="ERBS_NODE_MODEL" mimVersion="A.9.50.J.9.1">
    <attr name="isRemoveAllowed">false</attr>
    <attr name="neighborCellRef">SubNetwork=ONRM_RootMo_R,MeContext=LTE01ERBS00082,ManagedElement=1,ENodeBFunction=1,EUtraNetwork=1,ExternalENodeBFunction=91,ExternalEUtranCellFDD=2</attr>
    <attr name="anrCreated">false</attr>
    <attr name="isHoAllowed">true</attr>
  </mo>
  <mo fdn="SubNetwork=ONRM_RootMo_R,MeContext=LTE01ERBS00082,ManagedElement=1,ENodeBFunction=1,EUtranCellFDD=LTE01ERBS00082-1,EUtranFreqRelation=1,EUtranCellRelation=26" lastModified="1287501390107" mimName="ERBS_NODE_MODEL" mimVersion="A.9.50.J.9.1">
    <attr name="isRemoveAllowed">false</attr>
    <attr name="neighborCellRef">SubNetwork=ONRM_RootMo_R,MeContext=LTE01ERBS00082,ManagedElement=1,ENodeBFunction=1,EUtraNetwork=1,ExternalENodeBFunction=93,ExternalEUtranCellFDD=1</attr>
    <attr name="anrCreated">false</attr>
    <attr name="isHoAllowed">true</attr>
  </mo>
  <mo fdn="SubNetwork=ONRM_RootMo_R,MeContext=LTE01ERBS00082,ManagedElement=1,ENodeBFunction=1,EUtranCellFDD=LTE01ERBS00082-1,EUtranFreqRelation=1,EUtranCellRelation=27" lastModified="1287501390105" mimName="ERBS_NODE_MODEL" mimVersion="A.9.50.J.9.1">
    <attr name="isRemoveAllowed">false</attr>
    <attr name="neighborCellRef">SubNetwork=ONRM_RootMo_R,MeContext=LTE01ERBS00082,ManagedElement=1,ENodeBFunction=1,EUtraNetwork=1,ExternalENodeBFunction=93,ExternalEUtranCellFDD=2</attr>
    <attr name="anrCreated">false</attr>
    <attr name="isHoAllowed">true</attr>
  </mo>
  <mo fdn="SubNetwork=ONRM_RootMo_R,MeContext=LTE01ERBS00082,ManagedElement=1,ENodeBFunction=1,EUtranCellFDD=LTE01ERBS00082-1,EUtranFreqRelation=1,EUtranCellRelation=30" lastModified="1287501390099" mimName="ERBS_NODE_MODEL" mimVersion="A.9.50.J.9.1">
    <attr name="isRemoveAllowed">false</attr>
    <attr name="neighborCellRef">SubNetwork=ONRM_RootMo_R,MeContext=LTE01ERBS00082,ManagedElement=1,ENodeBFunction=1,EUtraNetwork=1,ExternalENodeBFunction=95,ExternalEUtranCellFDD=1</attr>
    <attr name="anrCreated">false</attr>
    <attr name="isHoAllowed">true</attr>
  </mo>
  <mo fdn="SubNetwork=ONRM_RootMo_R,MeContext=LTE01ERBS00082,ManagedElement=1,ENodeBFunction=1,EUtranCellFDD=LTE01ERBS00082-1,EUtranFreqRelation=1,EUtranCellRelation=31" lastModified="1287501390098" mimName="ERBS_NODE_MODEL" mimVersion="A.9.50.J.9.1">
    <attr name="isRemoveAllowed">false</attr>
    <attr name="neighborCellRef">SubNetwork=ONRM_RootMo_R,MeContext=LTE01ERBS00082,ManagedElement=1,ENodeBFunction=1,EUtraNetwork=1,ExternalENodeBFunction=95,ExternalEUtranCellFDD=2</attr>
    <attr name="anrCreated">false</attr>
    <attr name="isHoAllowed">true</attr>
  </mo>
  <mo fdn="SubNetwork=ONRM_RootMo_R,MeContext=LTE01ERBS00082,ManagedElement=1,ENodeBFunction=1,EUtranCellFDD=LTE01ERBS00082-1,EUtranFreqRelation=1,EUtranCellRelation=4" lastModified="1287501390108" mimName="ERBS_NODE_MODEL" mimVersion="A.9.50.J.9.1">
    <attr name="isRemoveAllowed">false</attr>
    <attr name="neighborCellRef">SubNetwork=ONRM_RootMo_R,MeContext=LTE01ERBS00082,ManagedElement=1,ENodeBFunction=1,EUtraNetwork=1,ExternalENodeBFunction=81,ExternalEUtranCellFDD=1</attr>
    <attr name="anrCreated">false</attr>
    <attr name="isHoAllowed">true</attr>
  </mo>
  <mo fdn="SubNetwork=ONRM_RootMo_R,MeContext=LTE01ERBS00082,ManagedElement=1,ENodeBFunction=1,EUtranCellFDD=LTE01ERBS00082-1,EUtranFreqRelation=1,EUtranCellRelation=5" lastModified="1287501390111" mimName="ERBS_NODE_MODEL" mimVersion="A.9.50.J.9.1">
    <attr name="isRemoveAllowed">false</attr>
    <attr name="neighborCellRef">SubNetwork=ONRM_RootMo_R,MeContext=LTE01ERBS00082,ManagedElement=1,ENodeBFunction=1,EUtraNetwork=1,ExternalENodeBFunction=81,ExternalEUtranCellFDD=2</attr>
    <attr name="anrCreated">false</attr>
    <attr name="isHoAllowed">true</attr>
  </mo>
  <mo fdn="SubNetwork=ONRM_RootMo_R,MeContext=LTE01ERBS00082,ManagedElement=1,ENodeBFunction=1,EUtranCellFDD=LTE01ERBS00082-1,EUtranFreqRelation=1,EUtranCellRelation=6" lastModified="1287501390103" mimName="ERBS_NODE_MODEL" mimVersion="A.9.50.J.9.1">
    <attr name="isRemoveAllowed">false</attr>
    <attr name="neighborCellRef">SubNetwork=ONRM_RootMo_R,MeContext=LTE01ERBS00082,ManagedElement=1,ENodeBFunction=1,EUtraNetwork=1,ExternalENodeBFunction=83,ExternalEUtranCellFDD=1</attr>
    <attr name="anrCreated">false</attr>
    <attr name="isHoAllowed">true</attr>
  </mo>
  <mo fdn="SubNetwork=ONRM_RootMo_R,MeContext=LTE01ERBS00082,ManagedElement=1,ENodeBFunction=1,EUtranCellFDD=LTE01ERBS00082-1,EUtranFreqRelation=1,EUtranCellRelation=7" lastModified="1287501390106" mimName="ERBS_NODE_MODEL" mimVersion="A.9.50.J.9.1">
    <attr name="isRemoveAllowed">false</attr>
    <attr name="neighborCellRef">SubNetwork=ONRM_RootMo_R,MeContext=LTE01ERBS00082,ManagedElement=1,ENodeBFunction=1,EUtraNetwork=1,ExternalENodeBFunction=83,ExternalEUtranCellFDD=2</attr>
    <attr name="anrCreated">false</attr>
    <attr name="isHoAllowed">true</attr>
  </mo>
  <mo fdn="SubNetwork=ONRM_RootMo_R,MeContext=LTE01ERBS00082,ManagedElement=1,ENodeBFunction=1,EUtranCellFDD=LTE01ERBS00082-1,EUtranFreqRelation=2,EUtranCellRelation=1" lastModified="1287501079402" mimName="ERBS_NODE_MODEL" mimVersion="A.9.50.J.9.1">
    <attr name="isRemoveAllowed">false</attr>
    <attr name="neighborCellRef">SubNetwork=ONRM_RootMo_R,MeContext=LTE01ERBS00082,ManagedElement=1,ENodeBFunction=1,EUtranCellFDD=LTE01ERBS00082-2</attr>
    <attr name="anrCreated">false</attr>
    <attr name="isHoAllowed">true</attr>
  </mo>
  <mo fdn="SubNetwork=ONRM_RootMo_R,MeContext=LTE01ERBS00082,ManagedElement=1,ENodeBFunction=1,EUtranCellFDD=LTE01ERBS00082-1,EUtranFreqRelation=2,EUtranCellRelation=12" lastModified="1287501390073" mimName="ERBS_NODE_MODEL" mimVersion="A.9.50.J.9.1">
    <attr name="isRemoveAllowed">false</attr>
    <attr name="neighborCellRef">SubNetwork=ONRM_RootMo_R,MeContext=LTE01ERBS00082,ManagedElement=1,ENodeBFunction=1,EUtraNetwork=1,ExternalENodeBFunction=86,ExternalEUtranCellFDD=1</attr>
    <attr name="anrCreated">false</attr>
    <attr name="isHoAllowed">true</attr>
  </mo>
  <mo fdn="SubNetwork=ONRM_RootMo_R,MeContext=LTE01ERBS00082,ManagedElement=1,ENodeBFunction=1,EUtranCellFDD=LTE01ERBS00082-1,EUtranFreqRelation=2,EUtranCellRelation=13" lastModified="1287501390070" mimName="ERBS_NODE_MODEL" mimVersion="A.9.50.J.9.1">
    <attr name="isRemoveAllowed">false</attr>
    <attr name="neighborCellRef">SubNetwork=ONRM_RootMo_R,MeContext=LTE01ERBS00082,ManagedElement=1,ENodeBFunction=1,EUtraNetwork=1,ExternalENodeBFunction=86,ExternalEUtranCellFDD=2</attr>
    <attr name="anrCreated">false</attr>
    <attr name="isHoAllowed">true</attr>
  </mo>
  <mo fdn="SubNetwork=ONRM_RootMo_R,MeContext=LTE01ERBS00082,ManagedElement=1,ENodeBFunction=1,EUtranCellFDD=LTE01ERBS00082-1,EUtranFreqRelation=2,EUtranCellRelation=16" lastModified="1287501390088" mimName="ERBS_NODE_MODEL" mimVersion="A.9.50.J.9.1">
    <attr name="isRemoveAllowed">false</attr>
    <attr name="neighborCellRef">SubNetwork=ONRM_RootMo_R,MeContext=LTE01ERBS00082,ManagedElement=1,ENodeBFunction=1,EUtraNetwork=1,ExternalENodeBFunction=88,ExternalEUtranCellFDD=1</attr>
    <attr name="anrCreated">false</attr>
    <attr name="isHoAllowed">true</attr>
  </mo>
  <mo fdn="SubNetwork=ONRM_RootMo_R,MeContext=LTE01ERBS00082,ManagedElement=1,ENodeBFunction=1,EUtranCellFDD=LTE01ERBS00082-1,EUtranFreqRelation=2,EUtranCellRelation=17" lastModified="1287501390084" mimName="ERBS_NODE_MODEL" mimVersion="A.9.50.J.9.1">
    <attr name="isRemoveAllowed">false</attr>
    <attr name="neighborCellRef">SubNetwork=ONRM_RootMo_R,MeContext=LTE01ERBS00082,ManagedElement=1,ENodeBFunction=1,EUtraNetwork=1,ExternalENodeBFunction=88,ExternalEUtranCellFDD=2</attr>
    <attr name="anrCreated">false</attr>
    <attr name="isHoAllowed">true</attr>
  </mo>
  <mo fdn="SubNetwork=ONRM_RootMo_R,MeContext=LTE01ERBS00082,ManagedElement=1,ENodeBFunction=1,EUtranCellFDD=LTE01ERBS00082-1,EUtranFreqRelation=2,EUtranCellRelation=2" lastModified="1287501079399" mimName="ERBS_NODE_MODEL" mimVersion="A.9.50.J.9.1">
    <attr name="isRemoveAllowed">false</attr>
    <attr name="neighborCellRef">SubNetwork=ONRM_RootMo_R,MeContext=LTE01ERBS00082,ManagedElement=1,ENodeBFunction=1,EUtranCellFDD=LTE01ERBS00082-3</attr>
    <attr name="anrCreated">false</attr>
    <attr name="isHoAllowed">true</attr>
  </mo>
  <mo fdn="SubNetwork=ONRM_RootMo_R,MeContext=LTE01ERBS00082,ManagedElement=1,ENodeBFunction=1,EUtranCellFDD=LTE01ERBS00082-1,EUtranFreqRelation=2,EUtranCellRelation=20" lastModified="1287501390077" mimName="ERBS_NODE_MODEL" mimVersion="A.9.50.J.9.1">
    <attr name="isRemoveAllowed">false</attr>
    <attr name="neighborCellRef">SubNetwork=ONRM_RootMo_R,MeContext=LTE01ERBS00082,ManagedElement=1,ENodeBFunction=1,EUtraNetwork=1,ExternalENodeBFunction=90,ExternalEUtranCellFDD=1</attr>
    <attr name="anrCreated">false</attr>
    <attr name="isHoAllowed">true</attr>
  </mo>
  <mo fdn="SubNetwork=ONRM_RootMo_R,MeContext=LTE01ERBS00082,ManagedElement=1,ENodeBFunction=1,EUtranCellFDD=LTE01ERBS00082-1,EUtranFreqRelation=2,EUtranCellRelation=21" lastModified="1287501390076" mimName="ERBS_NODE_MODEL" mimVersion="A.9.50.J.9.1">
    <attr name="isRemoveAllowed">false</attr>
    <attr name="neighborCellRef">SubNetwork=ONRM_RootMo_R,MeContext=LTE01ERBS00082,ManagedElement=1,ENodeBFunction=1,EUtraNetwork=1,ExternalENodeBFunction=90,ExternalEUtranCellFDD=2</attr>
    <attr name="anrCreated">false</attr>
    <attr name="isHoAllowed">true</attr>
  </mo>
  <mo fdn="SubNetwork=ONRM_RootMo_R,MeContext=LTE01ERBS00082,ManagedElement=1,ENodeBFunction=1,EUtranCellFDD=LTE01ERBS00082-1,EUtranFreqRelation=2,EUtranCellRelation=24" lastModified="1287501390074" mimName="ERBS_NODE_MODEL" mimVersion="A.9.50.J.9.1">
    <attr name="isRemoveAllowed">false</attr>
    <attr name="neighborCellRef">SubNetwork=ONRM_RootMo_R,MeContext=LTE01ERBS00082,ManagedElement=1,ENodeBFunction=1,EUtraNetwork=1,ExternalENodeBFunction=92,ExternalEUtranCellFDD=1</attr>
    <attr name="anrCreated">false</attr>
    <attr name="isHoAllowed">true</attr>
  </mo>
  <mo fdn="SubNetwork=ONRM_RootMo_R,MeContext=LTE01ERBS00082,ManagedElement=1,ENodeBFunction=1,EUtranCellFDD=LTE01ERBS00082-1,EUtranFreqRelation=2,EUtranCellRelation=25" lastModified="1287501390071" mimName="ERBS_NODE_MODEL" mimVersion="A.9.50.J.9.1">
    <attr name="isRemoveAllowed">false</attr>
    <attr name="neighborCellRef">SubNetwork=ONRM_RootMo_R,MeContext=LTE01ERBS00082,ManagedElement=1,ENodeBFunction=1,EUtraNetwork=1,ExternalENodeBFunction=92,ExternalEUtranCellFDD=2</attr>
    <attr name="anrCreated">false</attr>
    <attr name="isHoAllowed">true</attr>
  </mo>
  <mo fdn="SubNetwork=ONRM_RootMo_R,MeContext=LTE01ERBS00082,ManagedElement=1,ENodeBFunction=1,EUtranCellFDD=LTE01ERBS00082-1,EUtranFreqRelation=2,EUtranCellRelation=28" lastModified="1287501390089" mimName="ERBS_NODE_MODEL" mimVersion="A.9.50.J.9.1">
    <attr name="isRemoveAllowed">false</attr>
    <attr name="neighborCellRef">SubNetwork=ONRM_RootMo_R,MeContext=LTE01ERBS00082,ManagedElement=1,ENodeBFunction=1,EUtraNetwork=1,ExternalENodeBFunction=94,ExternalEUtranCellFDD=1</attr>
    <attr name="anrCreated">false</attr>
    <attr name="isHoAllowed">true</attr>
  </mo>
  <mo fdn="SubNetwork=ONRM_RootMo_R,MeContext=LTE01ERBS00082,ManagedElement=1,ENodeBFunction=1,EUtranCellFDD=LTE01ERBS00082-1,EUtranFreqRelation=2,EUtranCellRelation=29" lastModified="1287501390086" mimName="ERBS_NODE_MODEL" mimVersion="A.9.50.J.9.1">
    <attr name="isRemoveAllowed">false</attr>
    <attr name="neighborCellRef">SubNetwork=ONRM_RootMo_R,MeContext=LTE01ERBS00082,ManagedElement=1,ENodeBFunction=1,EUtraNetwork=1,ExternalENodeBFunction=94,ExternalEUtranCellFDD=2</attr>
    <attr name="anrCreated">false</attr>
    <attr name="isHoAllowed">true</attr>
  </mo>
  <mo fdn="SubNetwork=ONRM_RootMo_R,MeContext=LTE01ERBS00082,ManagedElement=1,ENodeBFunction=1,EUtranCellFDD=LTE01ERBS00082-1,EUtranFreqRelation=2,EUtranCellRelation=3" lastModified="1287501079396" mimName="ERBS_NODE_MODEL" mimVersion="A.9.50.J.9.1">
    <attr name="isRemoveAllowed">false</attr>
    <attr name="neighborCellRef">SubNetwork=ONRM_RootMo_R,MeContext=LTE01ERBS00082,ManagedElement=1,ENodeBFunction=1,EUtranCellFDD=LTE01ERBS00082-4</attr>
    <attr name="anrCreated">false</attr>
    <attr name="isHoAllowed">true</attr>
  </mo>
  <mo fdn="SubNetwork=ONRM_RootMo_R,MeContext=LTE01ERBS00082,ManagedElement=1,ENodeBFunction=1,EUtranCellFDD=LTE01ERBS00082-1,EUtranFreqRelation=2,EUtranCellRelation=32" lastModified="1287501390067" mimName="ERBS_NODE_MODEL" mimVersion="A.9.50.J.9.1">
    <attr name="isRemoveAllowed">false</attr>
    <attr name="neighborCellRef">SubNetwork=ONRM_RootMo_R,MeContext=LTE01ERBS00082,ManagedElement=1,ENodeBFunction=1,EUtraNetwork=1,ExternalENodeBFunction=96,ExternalEUtranCellFDD=1</attr>
    <attr name="anrCreated">false</attr>
    <attr name="isHoAllowed">true</attr>
  </mo>
  <mo fdn="SubNetwork=ONRM_RootMo_R,MeContext=LTE01ERBS00082,ManagedElement=1,ENodeBFunction=1,EUtranCellFDD=LTE01ERBS00082-1,EUtranFreqRelation=2,EUtranCellRelation=33" lastModified="1287501390079" mimName="ERBS_NODE_MODEL" mimVersion="A.9.50.J.9.1">
    <attr name="isRemoveAllowed">false</attr>
    <attr name="neighborCellRef">SubNetwork=ONRM_RootMo_R,MeContext=LTE01ERBS00082,ManagedElement=1,ENodeBFunction=1,EUtraNetwork=1,ExternalENodeBFunction=96,ExternalEUtranCellFDD=2</attr>
    <attr name="anrCreated">false</attr>
    <attr name="isHoAllowed">true</attr>
  </mo>
  <mo fdn="SubNetwork=ONRM_RootMo_R,MeContext=LTE01ERBS00082,ManagedElement=1,ENodeBFunction=1,EUtranCellFDD=LTE01ERBS00082-1,EUtranFreqRelation=2,EUtranCellRelation=8" lastModified="1287501390081" mimName="ERBS_NODE_MODEL" mimVersion="A.9.50.J.9.1">
    <attr name="isRemoveAllowed">false</attr>
    <attr name="neighborCellRef">SubNetwork=ONRM_RootMo_R,MeContext=LTE01ERBS00082,ManagedElement=1,ENodeBFunction=1,EUtraNetwork=1,ExternalENodeBFunction=84,ExternalEUtranCellFDD=1</attr>
    <attr name="anrCreated">false</attr>
    <attr name="isHoAllowed">true</attr>
  </mo>
  <mo fdn="SubNetwork=ONRM_RootMo_R,MeContext=LTE01ERBS00082,ManagedElement=1,ENodeBFunction=1,EUtranCellFDD=LTE01ERBS00082-1,EUtranFreqRelation=2,EUtranCellRelation=9" lastModified="1287501390083" mimName="ERBS_NODE_MODEL" mimVersion="A.9.50.J.9.1">
    <attr name="isRemoveAllowed">false</attr>
    <attr name="neighborCellRef">SubNetwork=ONRM_RootMo_R,MeContext=LTE01ERBS00082,ManagedElement=1,ENodeBFunction=1,EUtraNetwork=1,ExternalENodeBFunction=84,ExternalEUtranCellFDD=2</attr>
    <attr name="anrCreated">false</attr>
    <attr name="isHoAllowed">true</attr>
  </mo>
  <mo fdn="SubNetwork=ONRM_RootMo_R,MeContext=LTE01ERBS00082,ManagedElement=1,ENodeBFunction=1,EUtranCellFDD=LTE01ERBS00082-2" lastModified="1287504911651" mimName="ERBS_NODE_MODEL" mimVersion="A.9.50.J.9.1">
    <attr name="EUtranCellFDDId">LTE01ERBS00082-2</attr>
    <attr name="earfcnul">18000</attr>
    <attr name="cellId">2</attr>
    <attr name="tac">48138</attr>
    <attr name="bPlmnList">
      <seq count="1">
        <item>
          <struct>
            <attr name="mcc">311</attr>
            <attr name="mnc">480</attr>
            <attr name="mncLength">2</attr>
          </struct>
        </item>
      </seq>
    </attr>
    <attr name="earfcndl">0</attr>
    <attr name="userLabel">LTE01ERBS00082-2</attr>
  </mo>
  <mo fdn="SubNetwork=ONRM_RootMo_R,MeContext=LTE01ERBS00082,ManagedElement=1,ENodeBFunction=1,EUtranCellFDD=LTE01ERBS00082-2,EUtranFreqRelation=1,EUtranCellRelation=10" lastModified="1287501394755" mimName="ERBS_NODE_MODEL" mimVersion="A.9.50.J.9.1">
    <attr name="isRemoveAllowed">false</attr>
    <attr name="neighborCellRef">SubNetwork=ONRM_RootMo_R,MeContext=LTE01ERBS00082,ManagedElement=1,ENodeBFunction=1,EUtraNetwork=1,ExternalENodeBFunction=85,ExternalEUtranCellFDD=1</attr>
    <attr name="anrCreated">false</attr>
    <attr name="isHoAllowed">true</attr>
  </mo>
  <mo fdn="SubNetwork=ONRM_RootMo_R,MeContext=LTE01ERBS00082,ManagedElement=1,ENodeBFunction=1,EUtranCellFDD=LTE01ERBS00082-2,EUtranFreqRelation=1,EUtranCellRelation=11" lastModified="1287501394754" mimName="ERBS_NODE_MODEL" mimVersion="A.9.50.J.9.1">
    <attr name="isRemoveAllowed">false</attr>
    <attr name="neighborCellRef">SubNetwork=ONRM_RootMo_R,MeContext=LTE01ERBS00082,ManagedElement=1,ENodeBFunction=1,EUtraNetwork=1,ExternalENodeBFunction=85,ExternalEUtranCellFDD=2</attr>
    <attr name="anrCreated">false</attr>
    <attr name="isHoAllowed">true</attr>
  </mo>
  <mo fdn="SubNetwork=ONRM_RootMo_R,MeContext=LTE01ERBS00082,ManagedElement=1,ENodeBFunction=1,EUtranCellFDD=LTE01ERBS00082-2,EUtranFreqRelation=1,EUtranCellRelation=14" lastModified="1287501394746" mimName="ERBS_NODE_MODEL" mimVersion="A.9.50.J.9.1">
    <attr name="isRemoveAllowed">false</attr>
    <attr name="neighborCellRef">SubNetwork=ONRM_RootMo_R,MeContext=LTE01ERBS00082,ManagedElement=1,ENodeBFunction=1,EUtraNetwork=1,ExternalENodeBFunction=87,ExternalEUtranCellFDD=1</attr>
    <attr name="anrCreated">false</attr>
    <attr name="isHoAllowed">true</attr>
  </mo>
  <mo fdn="SubNetwork=ONRM_RootMo_R,MeContext=LTE01ERBS00082,ManagedElement=1,ENodeBFunction=1,EUtranCellFDD=LTE01ERBS00082-2,EUtranFreqRelation=1,EUtranCellRelation=15" lastModified="1287501394768" mimName="ERBS_NODE_MODEL" mimVersion="A.9.50.J.9.1">
    <attr name="isRemoveAllowed">false</attr>
    <attr name="neighborCellRef">SubNetwork=ONRM_RootMo_R,MeContext=LTE01ERBS00082,ManagedElement=1,ENodeBFunction=1,EUtraNetwork=1,ExternalENodeBFunction=87,ExternalEUtranCellFDD=2</attr>
    <attr name="anrCreated">false</attr>
    <attr name="isHoAllowed">true</attr>
  </mo>
  <mo fdn="SubNetwork=ONRM_RootMo_R,MeContext=LTE01ERBS00082,ManagedElement=1,ENodeBFunction=1,EUtranCellFDD=LTE01ERBS00082-2,EUtranFreqRelation=1,EUtranCellRelation=18" lastModified="1287501394758" mimName="ERBS_NODE_MODEL" mimVersion="A.9.50.J.9.1">
    <attr name="isRemoveAllowed">false</attr>
    <attr name="neighborCellRef">SubNetwork=ONRM_RootMo_R,MeContext=LTE01ERBS00082,ManagedElement=1,ENodeBFunction=1,EUtraNetwork=1,ExternalENodeBFunction=89,ExternalEUtranCellFDD=1</attr>
    <attr name="anrCreated">false</attr>
    <attr name="isHoAllowed">true</attr>
  </mo>
  <mo fdn="SubNetwork=ONRM_RootMo_R,MeContext=LTE01ERBS00082,ManagedElement=1,ENodeBFunction=1,EUtranCellFDD=LTE01ERBS00082-2,EUtranFreqRelation=1,EUtranCellRelation=19" lastModified="1287501394756" mimName="ERBS_NODE_MODEL" mimVersion="A.9.50.J.9.1">
    <attr name="isRemoveAllowed">false</attr>
    <attr name="neighborCellRef">SubNetwork=ONRM_RootMo_R,MeContext=LTE01ERBS00082,ManagedElement=1,ENodeBFunction=1,EUtraNetwork=1,ExternalENodeBFunction=89,ExternalEUtranCellFDD=2</attr>
    <attr name="anrCreated">false</attr>
    <attr name="isHoAllowed">true</attr>
  </mo>
  <mo fdn="SubNetwork=ONRM_RootMo_R,MeContext=LTE01ERBS00082,ManagedElement=1,ENodeBFunction=1,EUtranCellFDD=LTE01ERBS00082-2,EUtranFreqRelation=1,EUtranCellRelation=22" lastModified="1287501394749" mimName="ERBS_NODE_MODEL" mimVersion="A.9.50.J.9.1">
    <attr name="isRemoveAllowed">false</attr>
    <attr name="neighborCellRef">SubNetwork=ONRM_RootMo_R,MeContext=LTE01ERBS00082,ManagedElement=1,ENodeBFunction=1,EUtraNetwork=1,ExternalENodeBFunction=91,ExternalEUtranCellFDD=1</attr>
    <attr name="anrCreated">false</attr>
    <attr name="isHoAllowed">true</attr>
  </mo>
  <mo fdn="SubNetwork=ONRM_RootMo_R,MeContext=LTE01ERBS00082,ManagedElement=1,ENodeBFunction=1,EUtranCellFDD=LTE01ERBS00082-2,EUtranFreqRelation=1,EUtranCellRelation=23" lastModified="1287501394748" mimName="ERBS_NODE_MODEL" mimVersion="A.9.50.J.9.1">
    <attr name="isRemoveAllowed">false</attr>
    <attr name="neighborCellRef">SubNetwork=ONRM_RootMo_R,MeContext=LTE01ERBS00082,ManagedElement=1,ENodeBFunction=1,EUtraNetwork=1,ExternalENodeBFunction=91,ExternalEUtranCellFDD=2</attr>
    <attr name="anrCreated">false</attr>
    <attr name="isHoAllowed">true</attr>
  </mo>
  <mo fdn="SubNetwork=ONRM_RootMo_R,MeContext=LTE01ERBS00082,ManagedElement=1,ENodeBFunction=1,EUtranCellFDD=LTE01ERBS00082-2,EUtranFreqRelation=1,EUtranCellRelation=26" lastModified="1287501394764" mimName="ERBS_NODE_MODEL" mimVersion="A.9.50.J.9.1">
    <attr name="isRemoveAllowed">false</attr>
    <attr name="neighborCellRef">SubNetwork=ONRM_RootMo_R,MeContext=LTE01ERBS00082,ManagedElement=1,ENodeBFunction=1,EUtraNetwork=1,ExternalENodeBFunction=93,ExternalEUtranCellFDD=1</attr>
    <attr name="anrCreated">false</attr>
    <attr name="isHoAllowed">true</attr>
  </mo>
  <mo fdn="SubNetwork=ONRM_RootMo_R,MeContext=LTE01ERBS00082,ManagedElement=1,ENodeBFunction=1,EUtranCellFDD=LTE01ERBS00082-2,EUtranFreqRelation=1,EUtranCellRelation=27" lastModified="1287501394760" mimName="ERBS_NODE_MODEL" mimVersion="A.9.50.J.9.1">
    <attr name="isRemoveAllowed">false</attr>
    <attr name="neighborCellRef">SubNetwork=ONRM_RootMo_R,MeContext=LTE01ERBS00082,ManagedElement=1,ENodeBFunction=1,EUtraNetwork=1,ExternalENodeBFunction=93,ExternalEUtranCellFDD=2</attr>
    <attr name="anrCreated">false</attr>
    <attr name="isHoAllowed">true</attr>
  </mo>
  <mo fdn="SubNetwork=ONRM_RootMo_R,MeContext=LTE01ERBS00082,ManagedElement=1,ENodeBFunction=1,EUtranCellFDD=LTE01ERBS00082-2,EUtranFreqRelation=1,EUtranCellRelation=30" lastModified="1287501394752" mimName="ERBS_NODE_MODEL" mimVersion="A.9.50.J.9.1">
    <attr name="isRemoveAllowed">false</attr>
    <attr name="neighborCellRef">SubNetwork=ONRM_RootMo_R,MeContext=LTE01ERBS00082,ManagedElement=1,ENodeBFunction=1,EUtraNetwork=1,ExternalENodeBFunction=95,ExternalEUtranCellFDD=1</attr>
    <attr name="anrCreated">false</attr>
    <attr name="isHoAllowed">true</attr>
  </mo>
  <mo fdn="SubNetwork=ONRM_RootMo_R,MeContext=LTE01ERBS00082,ManagedElement=1,ENodeBFunction=1,EUtranCellFDD=LTE01ERBS00082-2,EUtranFreqRelation=1,EUtranCellRelation=31" lastModified="1287501394750" mimName="ERBS_NODE_MODEL" mimVersion="A.9.50.J.9.1">
    <attr name="isRemoveAllowed">false</attr>
    <attr name="neighborCellRef">SubNetwork=ONRM_RootMo_R,MeContext=LTE01ERBS00082,ManagedElement=1,ENodeBFunction=1,EUtraNetwork=1,ExternalENodeBFunction=95,ExternalEUtranCellFDD=2</attr>
    <attr name="anrCreated">false</attr>
    <attr name="isHoAllowed">true</attr>
  </mo>
  <mo fdn="SubNetwork=ONRM_RootMo_R,MeContext=LTE01ERBS00082,ManagedElement=1,ENodeBFunction=1,EUtranCellFDD=LTE01ERBS00082-2,EUtranFreqRelation=1,EUtranCellRelation=4" lastModified="1287501394766" mimName="ERBS_NODE_MODEL" mimVersion="A.9.50.J.9.1">
    <attr name="isRemoveAllowed">false</attr>
    <attr name="neighborCellRef">SubNetwork=ONRM_RootMo_R,MeContext=LTE01ERBS00082,ManagedElement=1,ENodeBFunction=1,EUtraNetwork=1,ExternalENodeBFunction=81,ExternalEUtranCellFDD=1</attr>
    <attr name="anrCreated">false</attr>
    <attr name="isHoAllowed">true</attr>
  </mo>
  <mo fdn="SubNetwork=ONRM_RootMo_R,MeContext=LTE01ERBS00082,ManagedElement=1,ENodeBFunction=1,EUtranCellFDD=LTE01ERBS00082-2,EUtranFreqRelation=1,EUtranCellRelation=5" lastModified="1287501394769" mimName="ERBS_NODE_MODEL" mimVersion="A.9.50.J.9.1">
    <attr name="isRemoveAllowed">false</attr>
    <attr name="neighborCellRef">SubNetwork=ONRM_RootMo_R,MeContext=LTE01ERBS00082,ManagedElement=1,ENodeBFunction=1,EUtraNetwork=1,ExternalENodeBFunction=81,ExternalEUtranCellFDD=2</attr>
    <attr name="anrCreated">false</attr>
    <attr name="isHoAllowed">true</attr>
  </mo>
  <mo fdn="SubNetwork=ONRM_RootMo_R,MeContext=LTE01ERBS00082,ManagedElement=1,ENodeBFunction=1,EUtranCellFDD=LTE01ERBS00082-2,EUtranFreqRelation=1,EUtranCellRelation=6" lastModified="1287501394757" mimName="ERBS_NODE_MODEL" mimVersion="A.9.50.J.9.1">
    <attr name="isRemoveAllowed">false</attr>
    <attr name="neighborCellRef">SubNetwork=ONRM_RootMo_R,MeContext=LTE01ERBS00082,ManagedElement=1,ENodeBFunction=1,EUtraNetwork=1,ExternalENodeBFunction=83,ExternalEUtranCellFDD=1</attr>
    <attr name="anrCreated">false</attr>
    <attr name="isHoAllowed">true</attr>
  </mo>
  <mo fdn="SubNetwork=ONRM_RootMo_R,MeContext=LTE01ERBS00082,ManagedElement=1,ENodeBFunction=1,EUtranCellFDD=LTE01ERBS00082-2,EUtranFreqRelation=1,EUtranCellRelation=7" lastModified="1287501394762" mimName="ERBS_NODE_MODEL" mimVersion="A.9.50.J.9.1">
    <attr name="isRemoveAllowed">false</attr>
    <attr name="neighborCellRef">SubNetwork=ONRM_RootMo_R,MeContext=LTE01ERBS00082,ManagedElement=1,ENodeBFunction=1,EUtraNetwork=1,ExternalENodeBFunction=83,ExternalEUtranCellFDD=2</attr>
    <attr name="anrCreated">false</attr>
    <attr name="isHoAllowed">true</attr>
  </mo>
  <mo fdn="SubNetwork=ONRM_RootMo_R,MeContext=LTE01ERBS00082,ManagedElement=1,ENodeBFunction=1,EUtranCellFDD=LTE01ERBS00082-2,EUtranFreqRelation=2,EUtranCellRelation=1" lastModified="1287501078678" mimName="ERBS_NODE_MODEL" mimVersion="A.9.50.J.9.1">
    <attr name="isRemoveAllowed">false</attr>
    <attr name="neighborCellRef">SubNetwork=ONRM_RootMo_R,MeContext=LTE01ERBS00082,ManagedElement=1,ENodeBFunction=1,EUtranCellFDD=LTE01ERBS00082-1</attr>
    <attr name="anrCreated">false</attr>
    <attr name="isHoAllowed">true</attr>
  </mo>
  <mo fdn="SubNetwork=ONRM_RootMo_R,MeContext=LTE01ERBS00082,ManagedElement=1,ENodeBFunction=1,EUtranCellFDD=LTE01ERBS00082-2,EUtranFreqRelation=2,EUtranCellRelation=12" lastModified="1287501394725" mimName="ERBS_NODE_MODEL" mimVersion="A.9.50.J.9.1">
    <attr name="isRemoveAllowed">false</attr>
    <attr name="neighborCellRef">SubNetwork=ONRM_RootMo_R,MeContext=LTE01ERBS00082,ManagedElement=1,ENodeBFunction=1,EUtraNetwork=1,ExternalENodeBFunction=86,ExternalEUtranCellFDD=1</attr>
    <attr name="anrCreated">false</attr>
    <attr name="isHoAllowed">true</attr>
  </mo>
  <mo fdn="SubNetwork=ONRM_RootMo_R,MeContext=LTE01ERBS00082,ManagedElement=1,ENodeBFunction=1,EUtranCellFDD=LTE01ERBS00082-2,EUtranFreqRelation=2,EUtranCellRelation=13" lastModified="1287501394722" mimName="ERBS_NODE_MODEL" mimVersion="A.9.50.J.9.1">
    <attr name="isRemoveAllowed">false</attr>
    <attr name="neighborCellRef">SubNetwork=ONRM_RootMo_R,MeContext=LTE01ERBS00082,ManagedElement=1,ENodeBFunction=1,EUtraNetwork=1,ExternalENodeBFunction=86,ExternalEUtranCellFDD=2</attr>
    <attr name="anrCreated">false</attr>
    <attr name="isHoAllowed">true</attr>
  </mo>
  <mo fdn="SubNetwork=ONRM_RootMo_R,MeContext=LTE01ERBS00082,ManagedElement=1,ENodeBFunction=1,EUtranCellFDD=LTE01ERBS00082-2,EUtranFreqRelation=2,EUtranCellRelation=16" lastModified="1287501394739" mimName="ERBS_NODE_MODEL" mimVersion="A.9.50.J.9.1">
    <attr name="isRemoveAllowed">false</attr>
    <attr name="neighborCellRef">SubNetwork=ONRM_RootMo_R,MeContext=LTE01ERBS00082,ManagedElement=1,ENodeBFunction=1,EUtraNetwork=1,ExternalENodeBFunction=88,ExternalEUtranCellFDD=1</attr>
    <attr name="anrCreated">false</attr>
    <attr name="isHoAllowed">true</attr>
  </mo>
  <mo fdn="SubNetwork=ONRM_RootMo_R,MeContext=LTE01ERBS00082,ManagedElement=1,ENodeBFunction=1,EUtranCellFDD=LTE01ERBS00082-2,EUtranFreqRelation=2,EUtranCellRelation=17" lastModified="1287501394737" mimName="ERBS_NODE_MODEL" mimVersion="A.9.50.J.9.1">
    <attr name="isRemoveAllowed">false</attr>
    <attr name="neighborCellRef">SubNetwork=ONRM_RootMo_R,MeContext=LTE01ERBS00082,ManagedElement=1,ENodeBFunction=1,EUtraNetwork=1,ExternalENodeBFunction=88,ExternalEUtranCellFDD=2</attr>
    <attr name="anrCreated">false</attr>
    <attr name="isHoAllowed">true</attr>
  </mo>
  <mo fdn="SubNetwork=ONRM_RootMo_R,MeContext=LTE01ERBS00082,ManagedElement=1,ENodeBFunction=1,EUtranCellFDD=LTE01ERBS00082-2,EUtranFreqRelation=2,EUtranCellRelation=2" lastModified="1287501078674" mimName="ERBS_NODE_MODEL" mimVersion="A.9.50.J.9.1">
    <attr name="isRemoveAllowed">false</attr>
    <attr name="neighborCellRef">SubNetwork=ONRM_RootMo_R,MeContext=LTE01ERBS00082,ManagedElement=1,ENodeBFunction=1,EUtranCellFDD=LTE01ERBS00082-3</attr>
    <attr name="anrCreated">false</attr>
    <attr name="isHoAllowed">true</attr>
  </mo>
  <mo fdn="SubNetwork=ONRM_RootMo_R,MeContext=LTE01ERBS00082,ManagedElement=1,ENodeBFunction=1,EUtranCellFDD=LTE01ERBS00082-2,EUtranFreqRelation=2,EUtranCellRelation=20" lastModified="1287501394730" mimName="ERBS_NODE_MODEL" mimVersion="A.9.50.J.9.1">
    <attr name="isRemoveAllowed">false</attr>
    <attr name="neighborCellRef">SubNetwork=ONRM_RootMo_R,MeContext=LTE01ERBS00082,ManagedElement=1,ENodeBFunction=1,EUtraNetwork=1,ExternalENodeBFunction=90,ExternalEUtranCellFDD=1</attr>
    <attr name="anrCreated">false</attr>
    <attr name="isHoAllowed">true</attr>
  </mo>
  <mo fdn="SubNetwork=ONRM_RootMo_R,MeContext=LTE01ERBS00082,ManagedElement=1,ENodeBFunction=1,EUtranCellFDD=LTE01ERBS00082-2,EUtranFreqRelation=2,EUtranCellRelation=21" lastModified="1287501394728" mimName="ERBS_NODE_MODEL" mimVersion="A.9.50.J.9.1">
    <attr name="isRemoveAllowed">false</attr>
    <attr name="neighborCellRef">SubNetwork=ONRM_RootMo_R,MeContext=LTE01ERBS00082,ManagedElement=1,ENodeBFunction=1,EUtraNetwork=1,ExternalENodeBFunction=90,ExternalEUtranCellFDD=2</attr>
    <attr name="anrCreated">false</attr>
    <attr name="isHoAllowed">true</attr>
  </mo>
  <mo fdn="SubNetwork=ONRM_RootMo_R,MeContext=LTE01ERBS00082,ManagedElement=1,ENodeBFunction=1,EUtranCellFDD=LTE01ERBS00082-2,EUtranFreqRelation=2,EUtranCellRelation=24" lastModified="1287501394726" mimName="ERBS_NODE_MODEL" mimVersion="A.9.50.J.9.1">
    <attr name="isRemoveAllowed">false</attr>
    <attr name="neighborCellRef">SubNetwork=ONRM_RootMo_R,MeContext=LTE01ERBS00082,ManagedElement=1,ENodeBFunction=1,EUtraNetwork=1,ExternalENodeBFunction=92,ExternalEUtranCellFDD=1</attr>
    <attr name="anrCreated">false</attr>
    <attr name="isHoAllowed">true</attr>
  </mo>
  <mo fdn="SubNetwork=ONRM_RootMo_R,MeContext=LTE01ERBS00082,ManagedElement=1,ENodeBFunction=1,EUtranCellFDD=LTE01ERBS00082-2,EUtranFreqRelation=2,EUtranCellRelation=25" lastModified="1287501394723" mimName="ERBS_NODE_MODEL" mimVersion="A.9.50.J.9.1">
    <attr name="isRemoveAllowed">false</attr>
    <attr name="neighborCellRef">SubNetwork=ONRM_RootMo_R,MeContext=LTE01ERBS00082,ManagedElement=1,ENodeBFunction=1,EUtraNetwork=1,ExternalENodeBFunction=92,ExternalEUtranCellFDD=2</attr>
    <attr name="anrCreated">false</attr>
    <attr name="isHoAllowed">true</attr>
  </mo>
  <mo fdn="SubNetwork=ONRM_RootMo_R,MeContext=LTE01ERBS00082,ManagedElement=1,ENodeBFunction=1,EUtranCellFDD=LTE01ERBS00082-2,EUtranFreqRelation=2,EUtranCellRelation=28" lastModified="1287501394742" mimName="ERBS_NODE_MODEL" mimVersion="A.9.50.J.9.1">
    <attr name="isRemoveAllowed">false</attr>
    <attr name="neighborCellRef">SubNetwork=ONRM_RootMo_R,MeContext=LTE01ERBS00082,ManagedElement=1,ENodeBFunction=1,EUtraNetwork=1,ExternalENodeBFunction=94,ExternalEUtranCellFDD=1</attr>
    <attr name="anrCreated">false</attr>
    <attr name="isHoAllowed">true</attr>
  </mo>
  <mo fdn="SubNetwork=ONRM_RootMo_R,MeContext=LTE01ERBS00082,ManagedElement=1,ENodeBFunction=1,EUtranCellFDD=LTE01ERBS00082-2,EUtranFreqRelation=2,EUtranCellRelation=29" lastModified="1287501394738" mimName="ERBS_NODE_MODEL" mimVersion="A.9.50.J.9.1">
    <attr name="isRemoveAllowed">false</attr>
    <attr name="neighborCellRef">SubNetwork=ONRM_RootMo_R,MeContext=LTE01ERBS00082,ManagedElement=1,ENodeBFunction=1,EUtraNetwork=1,ExternalENodeBFunction=94,ExternalEUtranCellFDD=2</attr>
    <attr name="anrCreated">false</attr>
    <attr name="isHoAllowed">true</attr>
  </mo>
  <mo fdn="SubNetwork=ONRM_RootMo_R,MeContext=LTE01ERBS00082,ManagedElement=1,ENodeBFunction=1,EUtranCellFDD=LTE01ERBS00082-2,EUtranFreqRelation=2,EUtranCellRelation=3" lastModified="1287501078669" mimName="ERBS_NODE_MODEL" mimVersion="A.9.50.J.9.1">
    <attr name="isRemoveAllowed">false</attr>
    <attr name="neighborCellRef">SubNetwork=ONRM_RootMo_R,MeContext=LTE01ERBS00082,ManagedElement=1,ENodeBFunction=1,EUtranCellFDD=LTE01ERBS00082-4</attr>
    <attr name="anrCreated">false</attr>
    <attr name="isHoAllowed">true</attr>
  </mo>
  <mo fdn="SubNetwork=ONRM_RootMo_R,MeContext=LTE01ERBS00082,ManagedElement=1,ENodeBFunction=1,EUtranCellFDD=LTE01ERBS00082-2,EUtranFreqRelation=2,EUtranCellRelation=32" lastModified="1287501394721" mimName="ERBS_NODE_MODEL" mimVersion="A.9.50.J.9.1">
    <attr name="isRemoveAllowed">false</attr>
    <attr name="neighborCellRef">SubNetwork=ONRM_RootMo_R,MeContext=LTE01ERBS00082,ManagedElement=1,ENodeBFunction=1,EUtraNetwork=1,ExternalENodeBFunction=96,ExternalEUtranCellFDD=1</attr>
    <attr name="anrCreated">false</attr>
    <attr name="isHoAllowed">true</attr>
  </mo>
  <mo fdn="SubNetwork=ONRM_RootMo_R,MeContext=LTE01ERBS00082,ManagedElement=1,ENodeBFunction=1,EUtranCellFDD=LTE01ERBS00082-2,EUtranFreqRelation=2,EUtranCellRelation=33" lastModified="1287501394732" mimName="ERBS_NODE_MODEL" mimVersion="A.9.50.J.9.1">
    <attr name="isRemoveAllowed">false</attr>
    <attr name="neighborCellRef">SubNetwork=ONRM_RootMo_R,MeContext=LTE01ERBS00082,ManagedElement=1,ENodeBFunction=1,EUtraNetwork=1,ExternalENodeBFunction=96,ExternalEUtranCellFDD=2</attr>
    <attr name="anrCreated">false</attr>
    <attr name="isHoAllowed">true</attr>
  </mo>
  <mo fdn="SubNetwork=ONRM_RootMo_R,MeContext=LTE01ERBS00082,ManagedElement=1,ENodeBFunction=1,EUtranCellFDD=LTE01ERBS00082-2,EUtranFreqRelation=2,EUtranCellRelation=8" lastModified="1287501394734" mimName="ERBS_NODE_MODEL" mimVersion="A.9.50.J.9.1">
    <attr name="isRemoveAllowed">false</attr>
    <attr name="neighborCellRef">SubNetwork=ONRM_RootMo_R,MeContext=LTE01ERBS00082,ManagedElement=1,ENodeBFunction=1,EUtraNetwork=1,ExternalENodeBFunction=84,ExternalEUtranCellFDD=1</attr>
    <attr name="anrCreated">false</attr>
    <attr name="isHoAllowed">true</attr>
  </mo>
  <mo fdn="SubNetwork=ONRM_RootMo_R,MeContext=LTE01ERBS00082,ManagedElement=1,ENodeBFunction=1,EUtranCellFDD=LTE01ERBS00082-2,EUtranFreqRelation=2,EUtranCellRelation=9" lastModified="1287501394735" mimName="ERBS_NODE_MODEL" mimVersion="A.9.50.J.9.1">
    <attr name="isRemoveAllowed">false</attr>
    <attr name="neighborCellRef">SubNetwork=ONRM_RootMo_R,MeContext=LTE01ERBS00082,ManagedElement=1,ENodeBFunction=1,EUtraNetwork=1,ExternalENodeBFunction=84,ExternalEUtranCellFDD=2</attr>
    <attr name="anrCreated">false</attr>
    <attr name="isHoAllowed">true</attr>
  </mo>
  <mo fdn="SubNetwork=ONRM_RootMo_R,MeContext=LTE01ERBS00082,ManagedElement=1,ENodeBFunction=1,EUtranCellFDD=LTE01ERBS00082-3" lastModified="1287504910909" mimName="ERBS_NODE_MODEL" mimVersion="A.9.50.J.9.1">
    <attr name="EUtranCellFDDId">LTE01ERBS00082-3</attr>
    <attr name="earfcnul">18000</attr>
    <attr name="cellId">3</attr>
    <attr name="tac">48138</attr>
    <attr name="bPlmnList">
      <seq count="1">
        <item>
          <struct>
            <attr name="mcc">311</attr>
            <attr name="mnc">480</attr>
            <attr name="mncLength">2</attr>
          </struct>
        </item>
      </seq>
    </attr>
    <attr name="earfcndl">0</attr>
    <attr name="userLabel">LTE01ERBS00082-3</attr>
  </mo>
  <mo fdn="SubNetwork=ONRM_RootMo_R,MeContext=LTE01ERBS00082,ManagedElement=1,ENodeBFunction=1,EUtranCellFDD=LTE01ERBS00082-3,EUtranFreqRelation=1,EUtranCellRelation=10" lastModified="1287501393494" mimName="ERBS_NODE_MODEL" mimVersion="A.9.50.J.9.1">
    <attr name="isRemoveAllowed">false</attr>
    <attr name="neighborCellRef">SubNetwork=ONRM_RootMo_R,MeContext=LTE01ERBS00082,ManagedElement=1,ENodeBFunction=1,EUtraNetwork=1,ExternalENodeBFunction=85,ExternalEUtranCellFDD=3</attr>
    <attr name="anrCreated">false</attr>
    <attr name="isHoAllowed">true</attr>
  </mo>
  <mo fdn="SubNetwork=ONRM_RootMo_R,MeContext=LTE01ERBS00082,ManagedElement=1,ENodeBFunction=1,EUtranCellFDD=LTE01ERBS00082-3,EUtranFreqRelation=1,EUtranCellRelation=11" lastModified="1287501393492" mimName="ERBS_NODE_MODEL" mimVersion="A.9.50.J.9.1">
    <attr name="isRemoveAllowed">false</attr>
    <attr name="neighborCellRef">SubNetwork=ONRM_RootMo_R,MeContext=LTE01ERBS00082,ManagedElement=1,ENodeBFunction=1,EUtraNetwork=1,ExternalENodeBFunction=85,ExternalEUtranCellFDD=4</attr>
    <attr name="anrCreated">false</attr>
    <attr name="isHoAllowed">true</attr>
  </mo>
  <mo fdn="SubNetwork=ONRM_RootMo_R,MeContext=LTE01ERBS00082,ManagedElement=1,ENodeBFunction=1,EUtranCellFDD=LTE01ERBS00082-3,EUtranFreqRelation=1,EUtranCellRelation=14" lastModified="1287501393483" mimName="ERBS_NODE_MODEL" mimVersion="A.9.50.J.9.1">
    <attr name="isRemoveAllowed">false</attr>
    <attr name="neighborCellRef">SubNetwork=ONRM_RootMo_R,MeContext=LTE01ERBS00082,ManagedElement=1,ENodeBFunction=1,EUtraNetwork=1,ExternalENodeBFunction=87,ExternalEUtranCellFDD=3</attr>
    <attr name="anrCreated">false</attr>
    <attr name="isHoAllowed">true</attr>
  </mo>
  <mo fdn="SubNetwork=ONRM_RootMo_R,MeContext=LTE01ERBS00082,ManagedElement=1,ENodeBFunction=1,EUtranCellFDD=LTE01ERBS00082-3,EUtranFreqRelation=1,EUtranCellRelation=15" lastModified="1287501393504" mimName="ERBS_NODE_MODEL" mimVersion="A.9.50.J.9.1">
    <attr name="isRemoveAllowed">false</attr>
    <attr name="neighborCellRef">SubNetwork=ONRM_RootMo_R,MeContext=LTE01ERBS00082,ManagedElement=1,ENodeBFunction=1,EUtraNetwork=1,ExternalENodeBFunction=87,ExternalEUtranCellFDD=4</attr>
    <attr name="anrCreated">false</attr>
    <attr name="isHoAllowed">true</attr>
  </mo>
  <mo fdn="SubNetwork=ONRM_RootMo_R,MeContext=LTE01ERBS00082,ManagedElement=1,ENodeBFunction=1,EUtranCellFDD=LTE01ERBS00082-3,EUtranFreqRelation=1,EUtranCellRelation=18" lastModified="1287501393497" mimName="ERBS_NODE_MODEL" mimVersion="A.9.50.J.9.1">
    <attr name="isRemoveAllowed">false</attr>
    <attr name="neighborCellRef">SubNetwork=ONRM_RootMo_R,MeContext=LTE01ERBS00082,ManagedElement=1,ENodeBFunction=1,EUtraNetwork=1,ExternalENodeBFunction=89,ExternalEUtranCellFDD=3</attr>
    <attr name="anrCreated">false</attr>
    <attr name="isHoAllowed">true</attr>
  </mo>
  <mo fdn="SubNetwork=ONRM_RootMo_R,MeContext=LTE01ERBS00082,ManagedElement=1,ENodeBFunction=1,EUtranCellFDD=LTE01ERBS00082-3,EUtranFreqRelation=1,EUtranCellRelation=19" lastModified="1287501393495" mimName="ERBS_NODE_MODEL" mimVersion="A.9.50.J.9.1">
    <attr name="isRemoveAllowed">false</attr>
    <attr name="neighborCellRef">SubNetwork=ONRM_RootMo_R,MeContext=LTE01ERBS00082,ManagedElement=1,ENodeBFunction=1,EUtraNetwork=1,ExternalENodeBFunction=89,ExternalEUtranCellFDD=4</attr>
    <attr name="anrCreated">false</attr>
    <attr name="isHoAllowed">true</attr>
  </mo>
  <mo fdn="SubNetwork=ONRM_RootMo_R,MeContext=LTE01ERBS00082,ManagedElement=1,ENodeBFunction=1,EUtranCellFDD=LTE01ERBS00082-3,EUtranFreqRelation=1,EUtranCellRelation=22" lastModified="1287501393486" mimName="ERBS_NODE_MODEL" mimVersion="A.9.50.J.9.1">
    <attr name="isRemoveAllowed">false</attr>
    <attr name="neighborCellRef">SubNetwork=ONRM_RootMo_R,MeContext=LTE01ERBS00082,ManagedElement=1,ENodeBFunction=1,EUtraNetwork=1,ExternalENodeBFunction=91,ExternalEUtranCellFDD=3</attr>
    <attr name="anrCreated">false</attr>
    <attr name="isHoAllowed">true</attr>
  </mo>
  <mo fdn="SubNetwork=ONRM_RootMo_R,MeContext=LTE01ERBS00082,ManagedElement=1,ENodeBFunction=1,EUtranCellFDD=LTE01ERBS00082-3,EUtranFreqRelation=1,EUtranCellRelation=23" lastModified="1287501393484" mimName="ERBS_NODE_MODEL" mimVersion="A.9.50.J.9.1">
    <attr name="isRemoveAllowed">false</attr>
    <attr name="neighborCellRef">SubNetwork=ONRM_RootMo_R,MeContext=LTE01ERBS00082,ManagedElement=1,ENodeBFunction=1,EUtraNetwork=1,ExternalENodeBFunction=91,ExternalEUtranCellFDD=4</attr>
    <attr name="anrCreated">false</attr>
    <attr name="isHoAllowed">true</attr>
  </mo>
  <mo fdn="SubNetwork=ONRM_RootMo_R,MeContext=LTE01ERBS00082,ManagedElement=1,ENodeBFunction=1,EUtranCellFDD=LTE01ERBS00082-3,EUtranFreqRelation=1,EUtranCellRelation=26" lastModified="1287501393501" mimName="ERBS_NODE_MODEL" mimVersion="A.9.50.J.9.1">
    <attr name="isRemoveAllowed">false</attr>
    <attr name="neighborCellRef">SubNetwork=ONRM_RootMo_R,MeContext=LTE01ERBS00082,ManagedElement=1,ENodeBFunction=1,EUtraNetwork=1,ExternalENodeBFunction=93,ExternalEUtranCellFDD=3</attr>
    <attr name="anrCreated">false</attr>
    <attr name="isHoAllowed">true</attr>
  </mo>
  <mo fdn="SubNetwork=ONRM_RootMo_R,MeContext=LTE01ERBS00082,ManagedElement=1,ENodeBFunction=1,EUtranCellFDD=LTE01ERBS00082-3,EUtranFreqRelation=1,EUtranCellRelation=27" lastModified="1287501393499" mimName="ERBS_NODE_MODEL" mimVersion="A.9.50.J.9.1">
    <attr name="isRemoveAllowed">false</attr>
    <attr name="neighborCellRef">SubNetwork=ONRM_RootMo_R,MeContext=LTE01ERBS00082,ManagedElement=1,ENodeBFunction=1,EUtraNetwork=1,ExternalENodeBFunction=93,ExternalEUtranCellFDD=4</attr>
    <attr name="anrCreated">false</attr>
    <attr name="isHoAllowed">true</attr>
  </mo>
  <mo fdn="SubNetwork=ONRM_RootMo_R,MeContext=LTE01ERBS00082,ManagedElement=1,ENodeBFunction=1,EUtranCellFDD=LTE01ERBS00082-3,EUtranFreqRelation=1,EUtranCellRelation=30" lastModified="1287501393490" mimName="ERBS_NODE_MODEL" mimVersion="A.9.50.J.9.1">
    <attr name="isRemoveAllowed">false</attr>
    <attr name="neighborCellRef">SubNetwork=ONRM_RootMo_R,MeContext=LTE01ERBS00082,ManagedElement=1,ENodeBFunction=1,EUtraNetwork=1,ExternalENodeBFunction=95,ExternalEUtranCellFDD=3</attr>
    <attr name="anrCreated">false</attr>
    <attr name="isHoAllowed">true</attr>
  </mo>
  <mo fdn="SubNetwork=ONRM_RootMo_R,MeContext=LTE01ERBS00082,ManagedElement=1,ENodeBFunction=1,EUtranCellFDD=LTE01ERBS00082-3,EUtranFreqRelation=1,EUtranCellRelation=31" lastModified="1287501393488" mimName="ERBS_NODE_MODEL" mimVersion="A.9.50.J.9.1">
    <attr name="isRemoveAllowed">false</attr>
    <attr name="neighborCellRef">SubNetwork=ONRM_RootMo_R,MeContext=LTE01ERBS00082,ManagedElement=1,ENodeBFunction=1,EUtraNetwork=1,ExternalENodeBFunction=95,ExternalEUtranCellFDD=4</attr>
    <attr name="anrCreated">false</attr>
    <attr name="isHoAllowed">true</attr>
  </mo>
  <mo fdn="SubNetwork=ONRM_RootMo_R,MeContext=LTE01ERBS00082,ManagedElement=1,ENodeBFunction=1,EUtranCellFDD=LTE01ERBS00082-3,EUtranFreqRelation=1,EUtranCellRelation=4" lastModified="1287501393503" mimName="ERBS_NODE_MODEL" mimVersion="A.9.50.J.9.1">
    <attr name="isRemoveAllowed">false</attr>
    <attr name="neighborCellRef">SubNetwork=ONRM_RootMo_R,MeContext=LTE01ERBS00082,ManagedElement=1,ENodeBFunction=1,EUtraNetwork=1,ExternalENodeBFunction=81,ExternalEUtranCellFDD=3</attr>
    <attr name="anrCreated">false</attr>
    <attr name="isHoAllowed">true</attr>
  </mo>
  <mo fdn="SubNetwork=ONRM_RootMo_R,MeContext=LTE01ERBS00082,ManagedElement=1,ENodeBFunction=1,EUtranCellFDD=LTE01ERBS00082-3,EUtranFreqRelation=1,EUtranCellRelation=5" lastModified="1287501393505" mimName="ERBS_NODE_MODEL" mimVersion="A.9.50.J.9.1">
    <attr name="isRemoveAllowed">false</attr>
    <attr name="neighborCellRef">SubNetwork=ONRM_RootMo_R,MeContext=LTE01ERBS00082,ManagedElement=1,ENodeBFunction=1,EUtraNetwork=1,ExternalENodeBFunction=81,ExternalEUtranCellFDD=4</attr>
    <attr name="anrCreated">false</attr>
    <attr name="isHoAllowed">true</attr>
  </mo>
  <mo fdn="SubNetwork=ONRM_RootMo_R,MeContext=LTE01ERBS00082,ManagedElement=1,ENodeBFunction=1,EUtranCellFDD=LTE01ERBS00082-3,EUtranFreqRelation=1,EUtranCellRelation=6" lastModified="1287501393496" mimName="ERBS_NODE_MODEL" mimVersion="A.9.50.J.9.1">
    <attr name="isRemoveAllowed">false</attr>
    <attr name="neighborCellRef">SubNetwork=ONRM_RootMo_R,MeContext=LTE01ERBS00082,ManagedElement=1,ENodeBFunction=1,EUtraNetwork=1,ExternalENodeBFunction=83,ExternalEUtranCellFDD=3</attr>
    <attr name="anrCreated">false</attr>
    <attr name="isHoAllowed">true</attr>
  </mo>
  <mo fdn="SubNetwork=ONRM_RootMo_R,MeContext=LTE01ERBS00082,ManagedElement=1,ENodeBFunction=1,EUtranCellFDD=LTE01ERBS00082-3,EUtranFreqRelation=1,EUtranCellRelation=7" lastModified="1287501393500" mimName="ERBS_NODE_MODEL" mimVersion="A.9.50.J.9.1">
    <attr name="isRemoveAllowed">false</attr>
    <attr name="neighborCellRef">SubNetwork=ONRM_RootMo_R,MeContext=LTE01ERBS00082,ManagedElement=1,ENodeBFunction=1,EUtraNetwork=1,ExternalENodeBFunction=83,ExternalEUtranCellFDD=4</attr>
    <attr name="anrCreated">false</attr>
    <attr name="isHoAllowed">true</attr>
  </mo>
  <mo fdn="SubNetwork=ONRM_RootMo_R,MeContext=LTE01ERBS00082,ManagedElement=1,ENodeBFunction=1,EUtranCellFDD=LTE01ERBS00082-3,EUtranFreqRelation=2,EUtranCellRelation=1" lastModified="1287501073411" mimName="ERBS_NODE_MODEL" mimVersion="A.9.50.J.9.1">
    <attr name="isRemoveAllowed">false</attr>
    <attr name="neighborCellRef">SubNetwork=ONRM_RootMo_R,MeContext=LTE01ERBS00082,ManagedElement=1,ENodeBFunction=1,EUtranCellFDD=LTE01ERBS00082-1</attr>
    <attr name="anrCreated">false</attr>
    <attr name="isHoAllowed">true</attr>
  </mo>
  <mo fdn="SubNetwork=ONRM_RootMo_R,MeContext=LTE01ERBS00082,ManagedElement=1,ENodeBFunction=1,EUtranCellFDD=LTE01ERBS00082-3,EUtranFreqRelation=2,EUtranCellRelation=12" lastModified="1287501393457" mimName="ERBS_NODE_MODEL" mimVersion="A.9.50.J.9.1">
    <attr name="isRemoveAllowed">false</attr>
    <attr name="neighborCellRef">SubNetwork=ONRM_RootMo_R,MeContext=LTE01ERBS00082,ManagedElement=1,ENodeBFunction=1,EUtraNetwork=1,ExternalENodeBFunction=86,ExternalEUtranCellFDD=3</attr>
    <attr name="anrCreated">false</attr>
    <attr name="isHoAllowed">true</attr>
  </mo>
  <mo fdn="SubNetwork=ONRM_RootMo_R,MeContext=LTE01ERBS00082,ManagedElement=1,ENodeBFunction=1,EUtranCellFDD=LTE01ERBS00082-3,EUtranFreqRelation=2,EUtranCellRelation=13" lastModified="1287501393453" mimName="ERBS_NODE_MODEL" mimVersion="A.9.50.J.9.1">
    <attr name="isRemoveAllowed">false</attr>
    <attr name="neighborCellRef">SubNetwork=ONRM_RootMo_R,MeContext=LTE01ERBS00082,ManagedElement=1,ENodeBFunction=1,EUtraNetwork=1,ExternalENodeBFunction=86,ExternalEUtranCellFDD=4</attr>
    <attr name="anrCreated">false</attr>
    <attr name="isHoAllowed">true</attr>
  </mo>
  <mo fdn="SubNetwork=ONRM_RootMo_R,MeContext=LTE01ERBS00082,ManagedElement=1,ENodeBFunction=1,EUtranCellFDD=LTE01ERBS00082-3,EUtranFreqRelation=2,EUtranCellRelation=16" lastModified="1287501393476" mimName="ERBS_NODE_MODEL" mimVersion="A.9.50.J.9.1">
    <attr name="isRemoveAllowed">false</attr>
    <attr name="neighborCellRef">SubNetwork=ONRM_RootMo_R,MeContext=LTE01ERBS00082,ManagedElement=1,ENodeBFunction=1,EUtraNetwork=1,ExternalENodeBFunction=88,ExternalEUtranCellFDD=3</attr>
    <attr name="anrCreated">false</attr>
    <attr name="isHoAllowed">true</attr>
  </mo>
  <mo fdn="SubNetwork=ONRM_RootMo_R,MeContext=LTE01ERBS00082,ManagedElement=1,ENodeBFunction=1,EUtranCellFDD=LTE01ERBS00082-3,EUtranFreqRelation=2,EUtranCellRelation=17" lastModified="1287501393472" mimName="ERBS_NODE_MODEL" mimVersion="A.9.50.J.9.1">
    <attr name="isRemoveAllowed">false</attr>
    <attr name="neighborCellRef">SubNetwork=ONRM_RootMo_R,MeContext=LTE01ERBS00082,ManagedElement=1,ENodeBFunction=1,EUtraNetwork=1,ExternalENodeBFunction=88,ExternalEUtranCellFDD=4</attr>
    <attr name="anrCreated">false</attr>
    <attr name="isHoAllowed">true</attr>
  </mo>
  <mo fdn="SubNetwork=ONRM_RootMo_R,MeContext=LTE01ERBS00082,ManagedElement=1,ENodeBFunction=1,EUtranCellFDD=LTE01ERBS00082-3,EUtranFreqRelation=2,EUtranCellRelation=2" lastModified="1287501073403" mimName="ERBS_NODE_MODEL" mimVersion="A.9.50.J.9.1">
    <attr name="isRemoveAllowed">false</attr>
    <attr name="neighborCellRef">SubNetwork=ONRM_RootMo_R,MeContext=LTE01ERBS00082,ManagedElement=1,ENodeBFunction=1,EUtranCellFDD=LTE01ERBS00082-2</attr>
    <attr name="anrCreated">false</attr>
    <attr name="isHoAllowed">true</attr>
  </mo>
  <mo fdn="SubNetwork=ONRM_RootMo_R,MeContext=LTE01ERBS00082,ManagedElement=1,ENodeBFunction=1,EUtranCellFDD=LTE01ERBS00082-3,EUtranFreqRelation=2,EUtranCellRelation=20" lastModified="1287501393464" mimName="ERBS_NODE_MODEL" mimVersion="A.9.50.J.9.1">
    <attr name="isRemoveAllowed">false</attr>
    <attr name="neighborCellRef">SubNetwork=ONRM_RootMo_R,MeContext=LTE01ERBS00082,ManagedElement=1,ENodeBFunction=1,EUtraNetwork=1,ExternalENodeBFunction=90,ExternalEUtranCellFDD=3</attr>
    <attr name="anrCreated">false</attr>
    <attr name="isHoAllowed">true</attr>
  </mo>
  <mo fdn="SubNetwork=ONRM_RootMo_R,MeContext=LTE01ERBS00082,ManagedElement=1,ENodeBFunction=1,EUtranCellFDD=LTE01ERBS00082-3,EUtranFreqRelation=2,EUtranCellRelation=21" lastModified="1287501393461" mimName="ERBS_NODE_MODEL" mimVersion="A.9.50.J.9.1">
    <attr name="isRemoveAllowed">false</attr>
    <attr name="neighborCellRef">SubNetwork=ONRM_RootMo_R,MeContext=LTE01ERBS00082,ManagedElement=1,ENodeBFunction=1,EUtraNetwork=1,ExternalENodeBFunction=90,ExternalEUtranCellFDD=4</attr>
    <attr name="anrCreated">false</attr>
    <attr name="isHoAllowed">true</attr>
  </mo>
  <mo fdn="SubNetwork=ONRM_RootMo_R,MeContext=LTE01ERBS00082,ManagedElement=1,ENodeBFunction=1,EUtranCellFDD=LTE01ERBS00082-3,EUtranFreqRelation=2,EUtranCellRelation=24" lastModified="1287501393458" mimName="ERBS_NODE_MODEL" mimVersion="A.9.50.J.9.1">
    <attr name="isRemoveAllowed">false</attr>
    <attr name="neighborCellRef">SubNetwork=ONRM_RootMo_R,MeContext=LTE01ERBS00082,ManagedElement=1,ENodeBFunction=1,EUtraNetwork=1,ExternalENodeBFunction=92,ExternalEUtranCellFDD=3</attr>
    <attr name="anrCreated">false</attr>
    <attr name="isHoAllowed">true</attr>
  </mo>
  <mo fdn="SubNetwork=ONRM_RootMo_R,MeContext=LTE01ERBS00082,ManagedElement=1,ENodeBFunction=1,EUtranCellFDD=LTE01ERBS00082-3,EUtranFreqRelation=2,EUtranCellRelation=25" lastModified="1287501393455" mimName="ERBS_NODE_MODEL" mimVersion="A.9.50.J.9.1">
    <attr name="isRemoveAllowed">false</attr>
    <attr name="neighborCellRef">SubNetwork=ONRM_RootMo_R,MeContext=LTE01ERBS00082,ManagedElement=1,ENodeBFunction=1,EUtraNetwork=1,ExternalENodeBFunction=92,ExternalEUtranCellFDD=4</attr>
    <attr name="anrCreated">false</attr>
    <attr name="isHoAllowed">true</attr>
  </mo>
  <mo fdn="SubNetwork=ONRM_RootMo_R,MeContext=LTE01ERBS00082,ManagedElement=1,ENodeBFunction=1,EUtranCellFDD=LTE01ERBS00082-3,EUtranFreqRelation=2,EUtranCellRelation=28" lastModified="1287501393479" mimName="ERBS_NODE_MODEL" mimVersion="A.9.50.J.9.1">
    <attr name="isRemoveAllowed">false</attr>
    <attr name="neighborCellRef">SubNetwork=ONRM_RootMo_R,MeContext=LTE01ERBS00082,ManagedElement=1,ENodeBFunction=1,EUtraNetwork=1,ExternalENodeBFunction=94,ExternalEUtranCellFDD=3</attr>
    <attr name="anrCreated">false</attr>
    <attr name="isHoAllowed">true</attr>
  </mo>
  <mo fdn="SubNetwork=ONRM_RootMo_R,MeContext=LTE01ERBS00082,ManagedElement=1,ENodeBFunction=1,EUtranCellFDD=LTE01ERBS00082-3,EUtranFreqRelation=2,EUtranCellRelation=29" lastModified="1287501393474" mimName="ERBS_NODE_MODEL" mimVersion="A.9.50.J.9.1">
    <attr name="isRemoveAllowed">false</attr>
    <attr name="neighborCellRef">SubNetwork=ONRM_RootMo_R,MeContext=LTE01ERBS00082,ManagedElement=1,ENodeBFunction=1,EUtraNetwork=1,ExternalENodeBFunction=94,ExternalEUtranCellFDD=4</attr>
    <attr name="anrCreated">false</attr>
    <attr name="isHoAllowed">true</attr>
  </mo>
  <mo fdn="SubNetwork=ONRM_RootMo_R,MeContext=LTE01ERBS00082,ManagedElement=1,ENodeBFunction=1,EUtranCellFDD=LTE01ERBS00082-3,EUtranFreqRelation=2,EUtranCellRelation=3" lastModified="1287501073392" mimName="ERBS_NODE_MODEL" mimVersion="A.9.50.J.9.1">
    <attr name="isRemoveAllowed">false</attr>
    <attr name="neighborCellRef">SubNetwork=ONRM_RootMo_R,MeContext=LTE01ERBS00082,ManagedElement=1,ENodeBFunction=1,EUtranCellFDD=LTE01ERBS00082-4</attr>
    <attr name="anrCreated">false</attr>
    <attr name="isHoAllowed">true</attr>
  </mo>
  <mo fdn="SubNetwork=ONRM_RootMo_R,MeContext=LTE01ERBS00082,ManagedElement=1,ENodeBFunction=1,EUtranCellFDD=LTE01ERBS00082-3,EUtranFreqRelation=2,EUtranCellRelation=32" lastModified="1287501393451" mimName="ERBS_NODE_MODEL" mimVersion="A.9.50.J.9.1">
    <attr name="isRemoveAllowed">false</attr>
    <attr name="neighborCellRef">SubNetwork=ONRM_RootMo_R,MeContext=LTE01ERBS00082,ManagedElement=1,ENodeBFunction=1,EUtraNetwork=1,ExternalENodeBFunction=96,ExternalEUtranCellFDD=3</attr>
    <attr name="anrCreated">false</attr>
    <attr name="isHoAllowed">true</attr>
  </mo>
  <mo fdn="SubNetwork=ONRM_RootMo_R,MeContext=LTE01ERBS00082,ManagedElement=1,ENodeBFunction=1,EUtranCellFDD=LTE01ERBS00082-3,EUtranFreqRelation=2,EUtranCellRelation=33" lastModified="1287501393466" mimName="ERBS_NODE_MODEL" mimVersion="A.9.50.J.9.1">
    <attr name="isRemoveAllowed">false</attr>
    <attr name="neighborCellRef">SubNetwork=ONRM_RootMo_R,MeContext=LTE01ERBS00082,ManagedElement=1,ENodeBFunction=1,EUtraNetwork=1,ExternalENodeBFunction=96,ExternalEUtranCellFDD=4</attr>
    <attr name="anrCreated">false</attr>
    <attr name="isHoAllowed">true</attr>
  </mo>
  <mo fdn="SubNetwork=ONRM_RootMo_R,MeContext=LTE01ERBS00082,ManagedElement=1,ENodeBFunction=1,EUtranCellFDD=LTE01ERBS00082-3,EUtranFreqRelation=2,EUtranCellRelation=8" lastModified="1287501393467" mimName="ERBS_NODE_MODEL" mimVersion="A.9.50.J.9.1">
    <attr name="isRemoveAllowed">false</attr>
    <attr name="neighborCellRef">SubNetwork=ONRM_RootMo_R,MeContext=LTE01ERBS00082,ManagedElement=1,ENodeBFunction=1,EUtraNetwork=1,ExternalENodeBFunction=84,ExternalEUtranCellFDD=3</attr>
    <attr name="anrCreated">false</attr>
    <attr name="isHoAllowed">true</attr>
  </mo>
  <mo fdn="SubNetwork=ONRM_RootMo_R,MeContext=LTE01ERBS00082,ManagedElement=1,ENodeBFunction=1,EUtranCellFDD=LTE01ERBS00082-3,EUtranFreqRelation=2,EUtranCellRelation=9" lastModified="1287501393470" mimName="ERBS_NODE_MODEL" mimVersion="A.9.50.J.9.1">
    <attr name="isRemoveAllowed">false</attr>
    <attr name="neighborCellRef">SubNetwork=ONRM_RootMo_R,MeContext=LTE01ERBS00082,ManagedElement=1,ENodeBFunction=1,EUtraNetwork=1,ExternalENodeBFunction=84,ExternalEUtranCellFDD=4</attr>
    <attr name="anrCreated">false</attr>
    <attr name="isHoAllowed">true</attr>
  </mo>
  <mo fdn="SubNetwork=ONRM_RootMo_R,MeContext=LTE01ERBS00082,ManagedElement=1,ENodeBFunction=1,EUtranCellFDD=LTE01ERBS00082-4" lastModified="1287504907265" mimName="ERBS_NODE_MODEL" mimVersion="A.9.50.J.9.1">
    <attr name="EUtranCellFDDId">LTE01ERBS00082-4</attr>
    <attr name="earfcnul">18000</attr>
    <attr name="cellId">4</attr>
    <attr name="tac">1</attr>
    <attr name="bPlmnList">
      <seq count="1">
        <item>
          <struct>
            <attr name="mcc">311</attr>
            <attr name="mnc">480</attr>
            <attr name="mncLength">2</attr>
          </struct>
        </item>
      </seq>
    </attr>
    <attr name="earfcndl">0</attr>
    <attr name="userLabel">LTE01ERBS00082-4</attr>
  </mo>
  <mo fdn="SubNetwork=ONRM_RootMo_R,MeContext=LTE01ERBS00082,ManagedElement=1,ENodeBFunction=1,EUtranCellFDD=LTE01ERBS00082-4,EUtranFreqRelation=1,EUtranCellRelation=10" lastModified="1287501384804" mimName="ERBS_NODE_MODEL" mimVersion="A.9.50.J.9.1">
    <attr name="isRemoveAllowed">false</attr>
    <attr name="neighborCellRef">SubNetwork=ONRM_RootMo_R,MeContext=LTE01ERBS00082,ManagedElement=1,ENodeBFunction=1,EUtraNetwork=1,ExternalENodeBFunction=85,ExternalEUtranCellFDD=3</attr>
    <attr name="anrCreated">false</attr>
    <attr name="isHoAllowed">true</attr>
  </mo>
  <mo fdn="SubNetwork=ONRM_RootMo_R,MeContext=LTE01ERBS00082,ManagedElement=1,ENodeBFunction=1,EUtranCellFDD=LTE01ERBS00082-4,EUtranFreqRelation=1,EUtranCellRelation=11" lastModified="1287501384801" mimName="ERBS_NODE_MODEL" mimVersion="A.9.50.J.9.1">
    <attr name="isRemoveAllowed">false</attr>
    <attr name="neighborCellRef">SubNetwork=ONRM_RootMo_R,MeContext=LTE01ERBS00082,ManagedElement=1,ENodeBFunction=1,EUtraNetwork=1,ExternalENodeBFunction=85,ExternalEUtranCellFDD=4</attr>
    <attr name="anrCreated">false</attr>
    <attr name="isHoAllowed">true</attr>
  </mo>
  <mo fdn="SubNetwork=ONRM_RootMo_R,MeContext=LTE01ERBS00082,ManagedElement=1,ENodeBFunction=1,EUtranCellFDD=LTE01ERBS00082-4,EUtranFreqRelation=1,EUtranCellRelation=14" lastModified="1287501384787" mimName="ERBS_NODE_MODEL" mimVersion="A.9.50.J.9.1">
    <attr name="isRemoveAllowed">false</attr>
    <attr name="neighborCellRef">SubNetwork=ONRM_RootMo_R,MeContext=LTE01ERBS00082,ManagedElement=1,ENodeBFunction=1,EUtraNetwork=1,ExternalENodeBFunction=87,ExternalEUtranCellFDD=3</attr>
    <attr name="anrCreated">false</attr>
    <attr name="isHoAllowed">true</attr>
  </mo>
  <mo fdn="SubNetwork=ONRM_RootMo_R,MeContext=LTE01ERBS00082,ManagedElement=1,ENodeBFunction=1,EUtranCellFDD=LTE01ERBS00082-4,EUtranFreqRelation=1,EUtranCellRelation=15" lastModified="1287501384817" mimName="ERBS_NODE_MODEL" mimVersion="A.9.50.J.9.1">
    <attr name="isRemoveAllowed">false</attr>
    <attr name="neighborCellRef">SubNetwork=ONRM_RootMo_R,MeContext=LTE01ERBS00082,ManagedElement=1,ENodeBFunction=1,EUtraNetwork=1,ExternalENodeBFunction=87,ExternalEUtranCellFDD=4</attr>
    <attr name="anrCreated">false</attr>
    <attr name="isHoAllowed">true</attr>
  </mo>
  <mo fdn="SubNetwork=ONRM_RootMo_R,MeContext=LTE01ERBS00082,ManagedElement=1,ENodeBFunction=1,EUtranCellFDD=LTE01ERBS00082-4,EUtranFreqRelation=1,EUtranCellRelation=18" lastModified="1287501384809" mimName="ERBS_NODE_MODEL" mimVersion="A.9.50.J.9.1">
    <attr name="isRemoveAllowed">false</attr>
    <attr name="neighborCellRef">SubNetwork=ONRM_RootMo_R,MeContext=LTE01ERBS00082,ManagedElement=1,ENodeBFunction=1,EUtraNetwork=1,ExternalENodeBFunction=89,ExternalEUtranCellFDD=3</attr>
    <attr name="anrCreated">false</attr>
    <attr name="isHoAllowed">true</attr>
  </mo>
  <mo fdn="SubNetwork=ONRM_RootMo_R,MeContext=LTE01ERBS00082,ManagedElement=1,ENodeBFunction=1,EUtranCellFDD=LTE01ERBS00082-4,EUtranFreqRelation=1,EUtranCellRelation=19" lastModified="1287501384806" mimName="ERBS_NODE_MODEL" mimVersion="A.9.50.J.9.1">
    <attr name="isRemoveAllowed">false</attr>
    <attr name="neighborCellRef">SubNetwork=ONRM_RootMo_R,MeContext=LTE01ERBS00082,ManagedElement=1,ENodeBFunction=1,EUtraNetwork=1,ExternalENodeBFunction=89,ExternalEUtranCellFDD=4</attr>
    <attr name="anrCreated">false</attr>
    <attr name="isHoAllowed">true</attr>
  </mo>
  <mo fdn="SubNetwork=ONRM_RootMo_R,MeContext=LTE01ERBS00082,ManagedElement=1,ENodeBFunction=1,EUtranCellFDD=LTE01ERBS00082-4,EUtranFreqRelation=1,EUtranCellRelation=22" lastModified="1287501384793" mimName="ERBS_NODE_MODEL" mimVersion="A.9.50.J.9.1">
    <attr name="isRemoveAllowed">false</attr>
    <attr name="neighborCellRef">SubNetwork=ONRM_RootMo_R,MeContext=LTE01ERBS00082,ManagedElement=1,ENodeBFunction=1,EUtraNetwork=1,ExternalENodeBFunction=91,ExternalEUtranCellFDD=3</attr>
    <attr name="anrCreated">false</attr>
    <attr name="isHoAllowed">true</attr>
  </mo>
  <mo fdn="SubNetwork=ONRM_RootMo_R,MeContext=LTE01ERBS00082,ManagedElement=1,ENodeBFunction=1,EUtranCellFDD=LTE01ERBS00082-4,EUtranFreqRelation=1,EUtranCellRelation=23" lastModified="1287501384790" mimName="ERBS_NODE_MODEL" mimVersion="A.9.50.J.9.1">
    <attr name="isRemoveAllowed">false</attr>
    <attr name="neighborCellRef">SubNetwork=ONRM_RootMo_R,MeContext=LTE01ERBS00082,ManagedElement=1,ENodeBFunction=1,EUtraNetwork=1,ExternalENodeBFunction=91,ExternalEUtranCellFDD=4</attr>
    <attr name="anrCreated">false</attr>
    <attr name="isHoAllowed">true</attr>
  </mo>
  <mo fdn="SubNetwork=ONRM_RootMo_R,MeContext=LTE01ERBS00082,ManagedElement=1,ENodeBFunction=1,EUtranCellFDD=LTE01ERBS00082-4,EUtranFreqRelation=1,EUtranCellRelation=26" lastModified="1287501384814" mimName="ERBS_NODE_MODEL" mimVersion="A.9.50.J.9.1">
    <attr name="isRemoveAllowed">false</attr>
    <attr name="neighborCellRef">SubNetwork=ONRM_RootMo_R,MeContext=LTE01ERBS00082,ManagedElement=1,ENodeBFunction=1,EUtraNetwork=1,ExternalENodeBFunction=93,ExternalEUtranCellFDD=3</attr>
    <attr name="anrCreated">false</attr>
    <attr name="isHoAllowed">true</attr>
  </mo>
  <mo fdn="SubNetwork=ONRM_RootMo_R,MeContext=LTE01ERBS00082,ManagedElement=1,ENodeBFunction=1,EUtranCellFDD=LTE01ERBS00082-4,EUtranFreqRelation=1,EUtranCellRelation=27" lastModified="1287501384812" mimName="ERBS_NODE_MODEL" mimVersion="A.9.50.J.9.1">
    <attr name="isRemoveAllowed">false</attr>
    <attr name="neighborCellRef">SubNetwork=ONRM_RootMo_R,MeContext=LTE01ERBS00082,ManagedElement=1,ENodeBFunction=1,EUtraNetwork=1,ExternalENodeBFunction=93,ExternalEUtranCellFDD=4</attr>
    <attr name="anrCreated">false</attr>
    <attr name="isHoAllowed">true</attr>
  </mo>
  <mo fdn="SubNetwork=ONRM_RootMo_R,MeContext=LTE01ERBS00082,ManagedElement=1,ENodeBFunction=1,EUtranCellFDD=LTE01ERBS00082-4,EUtranFreqRelation=1,EUtranCellRelation=30" lastModified="1287501384798" mimName="ERBS_NODE_MODEL" mimVersion="A.9.50.J.9.1">
    <attr name="isRemoveAllowed">false</attr>
    <attr name="neighborCellRef">SubNetwork=ONRM_RootMo_R,MeContext=LTE01ERBS00082,ManagedElement=1,ENodeBFunction=1,EUtraNetwork=1,ExternalENodeBFunction=95,ExternalEUtranCellFDD=3</attr>
    <attr name="anrCreated">false</attr>
    <attr name="isHoAllowed">true</attr>
  </mo>
  <mo fdn="SubNetwork=ONRM_RootMo_R,MeContext=LTE01ERBS00082,ManagedElement=1,ENodeBFunction=1,EUtranCellFDD=LTE01ERBS00082-4,EUtranFreqRelation=1,EUtranCellRelation=31" lastModified="1287501384795" mimName="ERBS_NODE_MODEL" mimVersion="A.9.50.J.9.1">
    <attr name="isRemoveAllowed">false</attr>
    <attr name="neighborCellRef">SubNetwork=ONRM_RootMo_R,MeContext=LTE01ERBS00082,ManagedElement=1,ENodeBFunction=1,EUtraNetwork=1,ExternalENodeBFunction=95,ExternalEUtranCellFDD=4</attr>
    <attr name="anrCreated">false</attr>
    <attr name="isHoAllowed">true</attr>
  </mo>
  <mo fdn="SubNetwork=ONRM_RootMo_R,MeContext=LTE01ERBS00082,ManagedElement=1,ENodeBFunction=1,EUtranCellFDD=LTE01ERBS00082-4,EUtranFreqRelation=1,EUtranCellRelation=4" lastModified="1287501384816" mimName="ERBS_NODE_MODEL" mimVersion="A.9.50.J.9.1">
    <attr name="isRemoveAllowed">false</attr>
    <attr name="neighborCellRef">SubNetwork=ONRM_RootMo_R,MeContext=LTE01ERBS00082,ManagedElement=1,ENodeBFunction=1,EUtraNetwork=1,ExternalENodeBFunction=81,ExternalEUtranCellFDD=3</attr>
    <attr name="anrCreated">false</attr>
    <attr name="isHoAllowed">true</attr>
  </mo>
  <mo fdn="SubNetwork=ONRM_RootMo_R,MeContext=LTE01ERBS00082,ManagedElement=1,ENodeBFunction=1,EUtranCellFDD=LTE01ERBS00082-4,EUtranFreqRelation=1,EUtranCellRelation=5" lastModified="1287501384819" mimName="ERBS_NODE_MODEL" mimVersion="A.9.50.J.9.1">
    <attr name="isRemoveAllowed">false</attr>
    <attr name="neighborCellRef">SubNetwork=ONRM_RootMo_R,MeContext=LTE01ERBS00082,ManagedElement=1,ENodeBFunction=1,EUtraNetwork=1,ExternalENodeBFunction=81,ExternalEUtranCellFDD=4</attr>
    <attr name="anrCreated">false</attr>
    <attr name="isHoAllowed">true</attr>
  </mo>
  <mo fdn="SubNetwork=ONRM_RootMo_R,MeContext=LTE01ERBS00082,ManagedElement=1,ENodeBFunction=1,EUtranCellFDD=LTE01ERBS00082-4,EUtranFreqRelation=1,EUtranCellRelation=6" lastModified="1287501384808" mimName="ERBS_NODE_MODEL" mimVersion="A.9.50.J.9.1">
    <attr name="isRemoveAllowed">false</attr>
    <attr name="neighborCellRef">SubNetwork=ONRM_RootMo_R,MeContext=LTE01ERBS00082,ManagedElement=1,ENodeBFunction=1,EUtraNetwork=1,ExternalENodeBFunction=83,ExternalEUtranCellFDD=3</attr>
    <attr name="anrCreated">false</attr>
    <attr name="isHoAllowed">true</attr>
  </mo>
  <mo fdn="SubNetwork=ONRM_RootMo_R,MeContext=LTE01ERBS00082,ManagedElement=1,ENodeBFunction=1,EUtranCellFDD=LTE01ERBS00082-4,EUtranFreqRelation=1,EUtranCellRelation=7" lastModified="1287501384813" mimName="ERBS_NODE_MODEL" mimVersion="A.9.50.J.9.1">
    <attr name="isRemoveAllowed">false</attr>
    <attr name="neighborCellRef">SubNetwork=ONRM_RootMo_R,MeContext=LTE01ERBS00082,ManagedElement=1,ENodeBFunction=1,EUtraNetwork=1,ExternalENodeBFunction=83,ExternalEUtranCellFDD=4</attr>
    <attr name="anrCreated">false</attr>
    <attr name="isHoAllowed">true</attr>
  </mo>
  <mo fdn="SubNetwork=ONRM_RootMo_R,MeContext=LTE01ERBS00082,ManagedElement=1,ENodeBFunction=1,EUtranCellFDD=LTE01ERBS00082-4,EUtranFreqRelation=2,EUtranCellRelation=1" lastModified="1287501073273" mimName="ERBS_NODE_MODEL" mimVersion="A.9.50.J.9.1">
    <attr name="isRemoveAllowed">false</attr>
    <attr name="neighborCellRef">SubNetwork=ONRM_RootMo_R,MeContext=LTE01ERBS00082,ManagedElement=1,ENodeBFunction=1,EUtranCellFDD=LTE01ERBS00082-1</attr>
    <attr name="anrCreated">false</attr>
    <attr name="isHoAllowed">true</attr>
  </mo>
  <mo fdn="SubNetwork=ONRM_RootMo_R,MeContext=LTE01ERBS00082,ManagedElement=1,ENodeBFunction=1,EUtranCellFDD=LTE01ERBS00082-4,EUtranFreqRelation=2,EUtranCellRelation=12" lastModified="1287501384757" mimName="ERBS_NODE_MODEL" mimVersion="A.9.50.J.9.1">
    <attr name="isRemoveAllowed">false</attr>
    <attr name="neighborCellRef">SubNetwork=ONRM_RootMo_R,MeContext=LTE01ERBS00082,ManagedElement=1,ENodeBFunction=1,EUtraNetwork=1,ExternalENodeBFunction=86,ExternalEUtranCellFDD=3</attr>
    <attr name="anrCreated">false</attr>
    <attr name="isHoAllowed">true</attr>
  </mo>
  <mo fdn="SubNetwork=ONRM_RootMo_R,MeContext=LTE01ERBS00082,ManagedElement=1,ENodeBFunction=1,EUtranCellFDD=LTE01ERBS00082-4,EUtranFreqRelation=2,EUtranCellRelation=13" lastModified="1287501384753" mimName="ERBS_NODE_MODEL" mimVersion="A.9.50.J.9.1">
    <attr name="isRemoveAllowed">false</attr>
    <attr name="neighborCellRef">SubNetwork=ONRM_RootMo_R,MeContext=LTE01ERBS00082,ManagedElement=1,ENodeBFunction=1,EUtraNetwork=1,ExternalENodeBFunction=86,ExternalEUtranCellFDD=4</attr>
    <attr name="anrCreated">false</attr>
    <attr name="isHoAllowed">true</attr>
  </mo>
  <mo fdn="SubNetwork=ONRM_RootMo_R,MeContext=LTE01ERBS00082,ManagedElement=1,ENodeBFunction=1,EUtranCellFDD=LTE01ERBS00082-4,EUtranFreqRelation=2,EUtranCellRelation=16" lastModified="1287501384779" mimName="ERBS_NODE_MODEL" mimVersion="A.9.50.J.9.1">
    <attr name="isRemoveAllowed">false</attr>
    <attr name="neighborCellRef">SubNetwork=ONRM_RootMo_R,MeContext=LTE01ERBS00082,ManagedElement=1,ENodeBFunction=1,EUtraNetwork=1,ExternalENodeBFunction=88,ExternalEUtranCellFDD=3</attr>
    <attr name="anrCreated">false</attr>
    <attr name="isHoAllowed">true</attr>
  </mo>
  <mo fdn="SubNetwork=ONRM_RootMo_R,MeContext=LTE01ERBS00082,ManagedElement=1,ENodeBFunction=1,EUtranCellFDD=LTE01ERBS00082-4,EUtranFreqRelation=2,EUtranCellRelation=17" lastModified="1287501384776" mimName="ERBS_NODE_MODEL" mimVersion="A.9.50.J.9.1">
    <attr name="isRemoveAllowed">false</attr>
    <attr name="neighborCellRef">SubNetwork=ONRM_RootMo_R,MeContext=LTE01ERBS00082,ManagedElement=1,ENodeBFunction=1,EUtraNetwork=1,ExternalENodeBFunction=88,ExternalEUtranCellFDD=4</attr>
    <attr name="anrCreated">false</attr>
    <attr name="isHoAllowed">true</attr>
  </mo>
  <mo fdn="SubNetwork=ONRM_RootMo_R,MeContext=LTE01ERBS00082,ManagedElement=1,ENodeBFunction=1,EUtranCellFDD=LTE01ERBS00082-4,EUtranFreqRelation=2,EUtranCellRelation=2" lastModified="1287501073257" mimName="ERBS_NODE_MODEL" mimVersion="A.9.50.J.9.1">
    <attr name="isRemoveAllowed">false</attr>
    <attr name="neighborCellRef">SubNetwork=ONRM_RootMo_R,MeContext=LTE01ERBS00082,ManagedElement=1,ENodeBFunction=1,EUtranCellFDD=LTE01ERBS00082-2</attr>
    <attr name="anrCreated">false</attr>
    <attr name="isHoAllowed">true</attr>
  </mo>
  <mo fdn="SubNetwork=ONRM_RootMo_R,MeContext=LTE01ERBS00082,ManagedElement=1,ENodeBFunction=1,EUtranCellFDD=LTE01ERBS00082-4,EUtranFreqRelation=2,EUtranCellRelation=20" lastModified="1287501384765" mimName="ERBS_NODE_MODEL" mimVersion="A.9.50.J.9.1">
    <attr name="isRemoveAllowed">false</attr>
    <attr name="neighborCellRef">SubNetwork=ONRM_RootMo_R,MeContext=LTE01ERBS00082,ManagedElement=1,ENodeBFunction=1,EUtraNetwork=1,ExternalENodeBFunction=90,ExternalEUtranCellFDD=3</attr>
    <attr name="anrCreated">false</attr>
    <attr name="isHoAllowed">true</attr>
  </mo>
  <mo fdn="SubNetwork=ONRM_RootMo_R,MeContext=LTE01ERBS00082,ManagedElement=1,ENodeBFunction=1,EUtranCellFDD=LTE01ERBS00082-4,EUtranFreqRelation=2,EUtranCellRelation=21" lastModified="1287501384762" mimName="ERBS_NODE_MODEL" mimVersion="A.9.50.J.9.1">
    <attr name="isRemoveAllowed">false</attr>
    <attr name="neighborCellRef">SubNetwork=ONRM_RootMo_R,MeContext=LTE01ERBS00082,ManagedElement=1,ENodeBFunction=1,EUtraNetwork=1,ExternalENodeBFunction=90,ExternalEUtranCellFDD=4</attr>
    <attr name="anrCreated">false</attr>
    <attr name="isHoAllowed">true</attr>
  </mo>
  <mo fdn="SubNetwork=ONRM_RootMo_R,MeContext=LTE01ERBS00082,ManagedElement=1,ENodeBFunction=1,EUtranCellFDD=LTE01ERBS00082-4,EUtranFreqRelation=2,EUtranCellRelation=24" lastModified="1287501384759" mimName="ERBS_NODE_MODEL" mimVersion="A.9.50.J.9.1">
    <attr name="isRemoveAllowed">false</attr>
    <attr name="neighborCellRef">SubNetwork=ONRM_RootMo_R,MeContext=LTE01ERBS00082,ManagedElement=1,ENodeBFunction=1,EUtraNetwork=1,ExternalENodeBFunction=92,ExternalEUtranCellFDD=3</attr>
    <attr name="anrCreated">false</attr>
    <attr name="isHoAllowed">true</attr>
  </mo>
  <mo fdn="SubNetwork=ONRM_RootMo_R,MeContext=LTE01ERBS00082,ManagedElement=1,ENodeBFunction=1,EUtranCellFDD=LTE01ERBS00082-4,EUtranFreqRelation=2,EUtranCellRelation=25" lastModified="1287501384754" mimName="ERBS_NODE_MODEL" mimVersion="A.9.50.J.9.1">
    <attr name="isRemoveAllowed">false</attr>
    <attr name="neighborCellRef">SubNetwork=ONRM_RootMo_R,MeContext=LTE01ERBS00082,ManagedElement=1,ENodeBFunction=1,EUtraNetwork=1,ExternalENodeBFunction=92,ExternalEUtranCellFDD=4</attr>
    <attr name="anrCreated">false</attr>
    <attr name="isHoAllowed">true</attr>
  </mo>
  <mo fdn="SubNetwork=ONRM_RootMo_R,MeContext=LTE01ERBS00082,ManagedElement=1,ENodeBFunction=1,EUtranCellFDD=LTE01ERBS00082-4,EUtranFreqRelation=2,EUtranCellRelation=28" lastModified="1287501384783" mimName="ERBS_NODE_MODEL" mimVersion="A.9.50.J.9.1">
    <attr name="isRemoveAllowed">false</attr>
    <attr name="neighborCellRef">SubNetwork=ONRM_RootMo_R,MeContext=LTE01ERBS00082,ManagedElement=1,ENodeBFunction=1,EUtraNetwork=1,ExternalENodeBFunction=94,ExternalEUtranCellFDD=3</attr>
    <attr name="anrCreated">false</attr>
    <attr name="isHoAllowed">true</attr>
  </mo>
  <mo fdn="SubNetwork=ONRM_RootMo_R,MeContext=LTE01ERBS00082,ManagedElement=1,ENodeBFunction=1,EUtranCellFDD=LTE01ERBS00082-4,EUtranFreqRelation=2,EUtranCellRelation=29" lastModified="1287501384778" mimName="ERBS_NODE_MODEL" mimVersion="A.9.50.J.9.1">
    <attr name="isRemoveAllowed">false</attr>
    <attr name="neighborCellRef">SubNetwork=ONRM_RootMo_R,MeContext=LTE01ERBS00082,ManagedElement=1,ENodeBFunction=1,EUtraNetwork=1,ExternalENodeBFunction=94,ExternalEUtranCellFDD=4</attr>
    <attr name="anrCreated">false</attr>
    <attr name="isHoAllowed">true</attr>
  </mo>
  <mo fdn="SubNetwork=ONRM_RootMo_R,MeContext=LTE01ERBS00082,ManagedElement=1,ENodeBFunction=1,EUtranCellFDD=LTE01ERBS00082-4,EUtranFreqRelation=2,EUtranCellRelation=3" lastModified="1287501073035" mimName="ERBS_NODE_MODEL" mimVersion="A.9.50.J.9.1">
    <attr name="isRemoveAllowed">false</attr>
    <attr name="neighborCellRef">SubNetwork=ONRM_RootMo_R,MeContext=LTE01ERBS00082,ManagedElement=1,ENodeBFunction=1,EUtranCellFDD=LTE01ERBS00082-3</attr>
    <attr name="anrCreated">false</attr>
    <attr name="isHoAllowed">true</attr>
  </mo>
  <mo fdn="SubNetwork=ONRM_RootMo_R,MeContext=LTE01ERBS00082,ManagedElement=1,ENodeBFunction=1,EUtranCellFDD=LTE01ERBS00082-4,EUtranFreqRelation=2,EUtranCellRelation=32" lastModified="1287501384751" mimName="ERBS_NODE_MODEL" mimVersion="A.9.50.J.9.1">
    <attr name="isRemoveAllowed">false</attr>
    <attr name="neighborCellRef">SubNetwork=ONRM_RootMo_R,MeContext=LTE01ERBS00082,ManagedElement=1,ENodeBFunction=1,EUtraNetwork=1,ExternalENodeBFunction=96,ExternalEUtranCellFDD=3</attr>
    <attr name="anrCreated">false</attr>
    <attr name="isHoAllowed">true</attr>
  </mo>
  <mo fdn="SubNetwork=ONRM_RootMo_R,MeContext=LTE01ERBS00082,ManagedElement=1,ENodeBFunction=1,EUtranCellFDD=LTE01ERBS00082-4,EUtranFreqRelation=2,EUtranCellRelation=33" lastModified="1287501384766" mimName="ERBS_NODE_MODEL" mimVersion="A.9.50.J.9.1">
    <attr name="isRemoveAllowed">false</attr>
    <attr name="neighborCellRef">SubNetwork=ONRM_RootMo_R,MeContext=LTE01ERBS00082,ManagedElement=1,ENodeBFunction=1,EUtraNetwork=1,ExternalENodeBFunction=96,ExternalEUtranCellFDD=4</attr>
    <attr name="anrCreated">false</attr>
    <attr name="isHoAllowed">true</attr>
  </mo>
  <mo fdn="SubNetwork=ONRM_RootMo_R,MeContext=LTE01ERBS00082,ManagedElement=1,ENodeBFunction=1,EUtranCellFDD=LTE01ERBS00082-4,EUtranFreqRelation=2,EUtranCellRelation=8" lastModified="1287501384770" mimName="ERBS_NODE_MODEL" mimVersion="A.9.50.J.9.1">
    <attr name="isRemoveAllowed">false</attr>
    <attr name="neighborCellRef">SubNetwork=ONRM_RootMo_R,MeContext=LTE01ERBS00082,ManagedElement=1,ENodeBFunction=1,EUtraNetwork=1,ExternalENodeBFunction=84,ExternalEUtranCellFDD=3</attr>
    <attr name="anrCreated">false</attr>
    <attr name="isHoAllowed">true</attr>
  </mo>
  <mo fdn="SubNetwork=ONRM_RootMo_R,MeContext=LTE01ERBS00082,ManagedElement=1,ENodeBFunction=1,EUtranCellFDD=LTE01ERBS00082-4,EUtranFreqRelation=2,EUtranCellRelation=9" lastModified="1287501384773" mimName="ERBS_NODE_MODEL" mimVersion="A.9.50.J.9.1">
    <attr name="isRemoveAllowed">false</attr>
    <attr name="neighborCellRef">SubNetwork=ONRM_RootMo_R,MeContext=LTE01ERBS00082,ManagedElement=1,ENodeBFunction=1,EUtraNetwork=1,ExternalENodeBFunction=84,ExternalEUtranCellFDD=4</attr>
    <attr name="anrCreated">false</attr>
    <attr name="isHoAllowed">true</attr>
  </mo>
</model>
