<?xml version="1.0" encoding="UTF-8" standalone="no"?><!-- Generated by nmsadm --><!-- Generated on Thu Oct 28 14:36:36 BST 2010 --><!-- Generated from configuration valid --><!-- Query - Base MO SubNetwork=ONRM_RootMo_R,MeContext=LTE02ERBS00033; Scope 8 --><model>
  <mo fdn="SubNetwork=ONRM_RootMo_R,MeContext=LTE02ERBS00033" lastModified="1287512155261" mimName="ERBS_NODE_MODEL" mimVersion="A.9.50.J.9.1">
    <attr name="MeContextId">LTE02ERBS00033</attr>
    <attr name="neMIMversion">vA.9.40</attr>
    <attr name="siteRef">SubNetwork=ONRM_RootMo_R,Site=LTE02ERBS00033</attr>
    <attr name="userLabel">LTE02ERBS00033</attr>
  </mo>
  <mo fdn="SubNetwork=ONRM_RootMo_R,MeContext=LTE02ERBS00033,ManagedElement=1,ENodeBFunction=1" lastModified="1287501550160" mimName="ERBS_NODE_MODEL" mimVersion="A.9.50.J.9.1">
    <attr name="eNodeBPlmnId">
      <struct>
        <attr name="mcc">311</attr>
        <attr name="mnc">480</attr>
        <attr name="mncLength">2</attr>
      </struct>
    </attr>
    <attr name="eNBId">190359</attr>
  </mo>
  <mo fdn="SubNetwork=ONRM_RootMo_R,MeContext=LTE02ERBS00033,ManagedElement=1,ENodeBFunction=1,EUtranCellFDD=LTE02ERBS00033-1" lastModified="1287512151276" mimName="ERBS_NODE_MODEL" mimVersion="A.9.50.J.9.1">
    <attr name="EUtranCellFDDId">LTE02ERBS00033-1</attr>
    <attr name="earfcnul">18000</attr>
    <attr name="cellId">1</attr>
    <attr name="tac">48650</attr>
    <attr name="bPlmnList">
      <seq count="1">
        <item>
          <struct>
            <attr name="mcc">311</attr>
            <attr name="mnc">480</attr>
            <attr name="mncLength">2</attr>
          </struct>
        </item>
      </seq>
    </attr>
    <attr name="earfcndl">0</attr>
    <attr name="userLabel">LTE02ERBS00033-1</attr>
  </mo>
  <mo fdn="SubNetwork=ONRM_RootMo_R,MeContext=LTE02ERBS00033,ManagedElement=1,ENodeBFunction=1,EUtranCellFDD=LTE02ERBS00033-1,EUtranFreqRelation=1,EUtranCellRelation=1" lastModified="1287501547543" mimName="ERBS_NODE_MODEL" mimVersion="A.9.50.J.9.1">
    <attr name="isRemoveAllowed">false</attr>
    <attr name="neighborCellRef">SubNetwork=ONRM_RootMo_R,MeContext=LTE02ERBS00033,ManagedElement=1,ENodeBFunction=1,EUtranCellFDD=LTE02ERBS00033-2</attr>
    <attr name="anrCreated">false</attr>
    <attr name="isHoAllowed">true</attr>
  </mo>
  <mo fdn="SubNetwork=ONRM_RootMo_R,MeContext=LTE02ERBS00033,ManagedElement=1,ENodeBFunction=1,EUtranCellFDD=LTE02ERBS00033-1,EUtranFreqRelation=1,EUtranCellRelation=10" lastModified="1287505116353" mimName="ERBS_NODE_MODEL" mimVersion="A.9.50.J.9.1">
    <attr name="isRemoveAllowed">false</attr>
    <attr name="neighborCellRef">SubNetwork=ONRM_RootMo_R,MeContext=LTE02ERBS00033,ManagedElement=1,ENodeBFunction=1,EUtraNetwork=1,ExternalENodeBFunction=197,ExternalEUtranCellFDD=1</attr>
    <attr name="anrCreated">false</attr>
    <attr name="isHoAllowed">true</attr>
  </mo>
  <mo fdn="SubNetwork=ONRM_RootMo_R,MeContext=LTE02ERBS00033,ManagedElement=1,ENodeBFunction=1,EUtranCellFDD=LTE02ERBS00033-1,EUtranFreqRelation=1,EUtranCellRelation=11" lastModified="1287505116352" mimName="ERBS_NODE_MODEL" mimVersion="A.9.50.J.9.1">
    <attr name="isRemoveAllowed">false</attr>
    <attr name="neighborCellRef">SubNetwork=ONRM_RootMo_R,MeContext=LTE02ERBS00033,ManagedElement=1,ENodeBFunction=1,EUtraNetwork=1,ExternalENodeBFunction=197,ExternalEUtranCellFDD=2</attr>
    <attr name="anrCreated">false</attr>
    <attr name="isHoAllowed">true</attr>
  </mo>
  <mo fdn="SubNetwork=ONRM_RootMo_R,MeContext=LTE02ERBS00033,ManagedElement=1,ENodeBFunction=1,EUtranCellFDD=LTE02ERBS00033-1,EUtranFreqRelation=1,EUtranCellRelation=14" lastModified="1287505116349" mimName="ERBS_NODE_MODEL" mimVersion="A.9.50.J.9.1">
    <attr name="isRemoveAllowed">false</attr>
    <attr name="neighborCellRef">SubNetwork=ONRM_RootMo_R,MeContext=LTE02ERBS00033,ManagedElement=1,ENodeBFunction=1,EUtraNetwork=1,ExternalENodeBFunction=199,ExternalEUtranCellFDD=1</attr>
    <attr name="anrCreated">false</attr>
    <attr name="isHoAllowed">true</attr>
  </mo>
  <mo fdn="SubNetwork=ONRM_RootMo_R,MeContext=LTE02ERBS00033,ManagedElement=1,ENodeBFunction=1,EUtranCellFDD=LTE02ERBS00033-1,EUtranFreqRelation=1,EUtranCellRelation=15" lastModified="1287505116358" mimName="ERBS_NODE_MODEL" mimVersion="A.9.50.J.9.1">
    <attr name="isRemoveAllowed">false</attr>
    <attr name="neighborCellRef">SubNetwork=ONRM_RootMo_R,MeContext=LTE02ERBS00033,ManagedElement=1,ENodeBFunction=1,EUtraNetwork=1,ExternalENodeBFunction=199,ExternalEUtranCellFDD=2</attr>
    <attr name="anrCreated">false</attr>
    <attr name="isHoAllowed">true</attr>
  </mo>
  <mo fdn="SubNetwork=ONRM_RootMo_R,MeContext=LTE02ERBS00033,ManagedElement=1,ENodeBFunction=1,EUtranCellFDD=LTE02ERBS00033-1,EUtranFreqRelation=1,EUtranCellRelation=18" lastModified="1287505116355" mimName="ERBS_NODE_MODEL" mimVersion="A.9.50.J.9.1">
    <attr name="isRemoveAllowed">false</attr>
    <attr name="neighborCellRef">SubNetwork=ONRM_RootMo_R,MeContext=LTE02ERBS00033,ManagedElement=1,ENodeBFunction=1,EUtraNetwork=1,ExternalENodeBFunction=201,ExternalEUtranCellFDD=1</attr>
    <attr name="anrCreated">false</attr>
    <attr name="isHoAllowed">true</attr>
  </mo>
  <mo fdn="SubNetwork=ONRM_RootMo_R,MeContext=LTE02ERBS00033,ManagedElement=1,ENodeBFunction=1,EUtranCellFDD=LTE02ERBS00033-1,EUtranFreqRelation=1,EUtranCellRelation=19" lastModified="1287505116354" mimName="ERBS_NODE_MODEL" mimVersion="A.9.50.J.9.1">
    <attr name="isRemoveAllowed">false</attr>
    <attr name="neighborCellRef">SubNetwork=ONRM_RootMo_R,MeContext=LTE02ERBS00033,ManagedElement=1,ENodeBFunction=1,EUtraNetwork=1,ExternalENodeBFunction=201,ExternalEUtranCellFDD=2</attr>
    <attr name="anrCreated">false</attr>
    <attr name="isHoAllowed">true</attr>
  </mo>
  <mo fdn="SubNetwork=ONRM_RootMo_R,MeContext=LTE02ERBS00033,ManagedElement=1,ENodeBFunction=1,EUtranCellFDD=LTE02ERBS00033-1,EUtranFreqRelation=1,EUtranCellRelation=2" lastModified="1287501547539" mimName="ERBS_NODE_MODEL" mimVersion="A.9.50.J.9.1">
    <attr name="isRemoveAllowed">false</attr>
    <attr name="neighborCellRef">SubNetwork=ONRM_RootMo_R,MeContext=LTE02ERBS00033,ManagedElement=1,ENodeBFunction=1,EUtranCellFDD=LTE02ERBS00033-3</attr>
    <attr name="anrCreated">false</attr>
    <attr name="isHoAllowed">true</attr>
  </mo>
  <mo fdn="SubNetwork=ONRM_RootMo_R,MeContext=LTE02ERBS00033,ManagedElement=1,ENodeBFunction=1,EUtranCellFDD=LTE02ERBS00033-1,EUtranFreqRelation=1,EUtranCellRelation=22" lastModified="1287505116349" mimName="ERBS_NODE_MODEL" mimVersion="A.9.50.J.9.1">
    <attr name="isRemoveAllowed">false</attr>
    <attr name="neighborCellRef">SubNetwork=ONRM_RootMo_R,MeContext=LTE02ERBS00033,ManagedElement=1,ENodeBFunction=1,EUtraNetwork=1,ExternalENodeBFunction=203,ExternalEUtranCellFDD=1</attr>
    <attr name="anrCreated">false</attr>
    <attr name="isHoAllowed">true</attr>
  </mo>
  <mo fdn="SubNetwork=ONRM_RootMo_R,MeContext=LTE02ERBS00033,ManagedElement=1,ENodeBFunction=1,EUtranCellFDD=LTE02ERBS00033-1,EUtranFreqRelation=1,EUtranCellRelation=23" lastModified="1287505116348" mimName="ERBS_NODE_MODEL" mimVersion="A.9.50.J.9.1">
    <attr name="isRemoveAllowed">false</attr>
    <attr name="neighborCellRef">SubNetwork=ONRM_RootMo_R,MeContext=LTE02ERBS00033,ManagedElement=1,ENodeBFunction=1,EUtraNetwork=1,ExternalENodeBFunction=203,ExternalEUtranCellFDD=2</attr>
    <attr name="anrCreated">false</attr>
    <attr name="isHoAllowed">true</attr>
  </mo>
  <mo fdn="SubNetwork=ONRM_RootMo_R,MeContext=LTE02ERBS00033,ManagedElement=1,ENodeBFunction=1,EUtranCellFDD=LTE02ERBS00033-1,EUtranFreqRelation=1,EUtranCellRelation=26" lastModified="1287505116357" mimName="ERBS_NODE_MODEL" mimVersion="A.9.50.J.9.1">
    <attr name="isRemoveAllowed">false</attr>
    <attr name="neighborCellRef">SubNetwork=ONRM_RootMo_R,MeContext=LTE02ERBS00033,ManagedElement=1,ENodeBFunction=1,EUtraNetwork=1,ExternalENodeBFunction=205,ExternalEUtranCellFDD=1</attr>
    <attr name="anrCreated">false</attr>
    <attr name="isHoAllowed">true</attr>
  </mo>
  <mo fdn="SubNetwork=ONRM_RootMo_R,MeContext=LTE02ERBS00033,ManagedElement=1,ENodeBFunction=1,EUtranCellFDD=LTE02ERBS00033-1,EUtranFreqRelation=1,EUtranCellRelation=27" lastModified="1287505116354" mimName="ERBS_NODE_MODEL" mimVersion="A.9.50.J.9.1">
    <attr name="isRemoveAllowed">false</attr>
    <attr name="neighborCellRef">SubNetwork=ONRM_RootMo_R,MeContext=LTE02ERBS00033,ManagedElement=1,ENodeBFunction=1,EUtraNetwork=1,ExternalENodeBFunction=205,ExternalEUtranCellFDD=2</attr>
    <attr name="anrCreated">false</attr>
    <attr name="isHoAllowed">true</attr>
  </mo>
  <mo fdn="SubNetwork=ONRM_RootMo_R,MeContext=LTE02ERBS00033,ManagedElement=1,ENodeBFunction=1,EUtranCellFDD=LTE02ERBS00033-1,EUtranFreqRelation=1,EUtranCellRelation=3" lastModified="1287501547537" mimName="ERBS_NODE_MODEL" mimVersion="A.9.50.J.9.1">
    <attr name="isRemoveAllowed">false</attr>
    <attr name="neighborCellRef">SubNetwork=ONRM_RootMo_R,MeContext=LTE02ERBS00033,ManagedElement=1,ENodeBFunction=1,EUtranCellFDD=LTE02ERBS00033-4</attr>
    <attr name="anrCreated">false</attr>
    <attr name="isHoAllowed">true</attr>
  </mo>
  <mo fdn="SubNetwork=ONRM_RootMo_R,MeContext=LTE02ERBS00033,ManagedElement=1,ENodeBFunction=1,EUtranCellFDD=LTE02ERBS00033-1,EUtranFreqRelation=1,EUtranCellRelation=30" lastModified="1287505116351" mimName="ERBS_NODE_MODEL" mimVersion="A.9.50.J.9.1">
    <attr name="isRemoveAllowed">false</attr>
    <attr name="neighborCellRef">SubNetwork=ONRM_RootMo_R,MeContext=LTE02ERBS00033,ManagedElement=1,ENodeBFunction=1,EUtraNetwork=1,ExternalENodeBFunction=207,ExternalEUtranCellFDD=1</attr>
    <attr name="anrCreated">false</attr>
    <attr name="isHoAllowed">true</attr>
  </mo>
  <mo fdn="SubNetwork=ONRM_RootMo_R,MeContext=LTE02ERBS00033,ManagedElement=1,ENodeBFunction=1,EUtranCellFDD=LTE02ERBS00033-1,EUtranFreqRelation=1,EUtranCellRelation=31" lastModified="1287505116350" mimName="ERBS_NODE_MODEL" mimVersion="A.9.50.J.9.1">
    <attr name="isRemoveAllowed">false</attr>
    <attr name="neighborCellRef">SubNetwork=ONRM_RootMo_R,MeContext=LTE02ERBS00033,ManagedElement=1,ENodeBFunction=1,EUtraNetwork=1,ExternalENodeBFunction=207,ExternalEUtranCellFDD=2</attr>
    <attr name="anrCreated">false</attr>
    <attr name="isHoAllowed">true</attr>
  </mo>
  <mo fdn="SubNetwork=ONRM_RootMo_R,MeContext=LTE02ERBS00033,ManagedElement=1,ENodeBFunction=1,EUtranCellFDD=LTE02ERBS00033-1,EUtranFreqRelation=1,EUtranCellRelation=6" lastModified="1287505116356" mimName="ERBS_NODE_MODEL" mimVersion="A.9.50.J.9.1">
    <attr name="isRemoveAllowed">false</attr>
    <attr name="neighborCellRef">SubNetwork=ONRM_RootMo_R,MeContext=LTE02ERBS00033,ManagedElement=1,ENodeBFunction=1,EUtraNetwork=1,ExternalENodeBFunction=195,ExternalEUtranCellFDD=1</attr>
    <attr name="anrCreated">false</attr>
    <attr name="isHoAllowed">true</attr>
  </mo>
  <mo fdn="SubNetwork=ONRM_RootMo_R,MeContext=LTE02ERBS00033,ManagedElement=1,ENodeBFunction=1,EUtranCellFDD=LTE02ERBS00033-1,EUtranFreqRelation=1,EUtranCellRelation=7" lastModified="1287505116358" mimName="ERBS_NODE_MODEL" mimVersion="A.9.50.J.9.1">
    <attr name="isRemoveAllowed">false</attr>
    <attr name="neighborCellRef">SubNetwork=ONRM_RootMo_R,MeContext=LTE02ERBS00033,ManagedElement=1,ENodeBFunction=1,EUtraNetwork=1,ExternalENodeBFunction=195,ExternalEUtranCellFDD=2</attr>
    <attr name="anrCreated">false</attr>
    <attr name="isHoAllowed">true</attr>
  </mo>
  <mo fdn="SubNetwork=ONRM_RootMo_R,MeContext=LTE02ERBS00033,ManagedElement=1,ENodeBFunction=1,EUtranCellFDD=LTE02ERBS00033-1,EUtranFreqRelation=2,EUtranCellRelation=12" lastModified="1287505116330" mimName="ERBS_NODE_MODEL" mimVersion="A.9.50.J.9.1">
    <attr name="isRemoveAllowed">false</attr>
    <attr name="neighborCellRef">SubNetwork=ONRM_RootMo_R,MeContext=LTE02ERBS00033,ManagedElement=1,ENodeBFunction=1,EUtraNetwork=1,ExternalENodeBFunction=198,ExternalEUtranCellFDD=1</attr>
    <attr name="anrCreated">false</attr>
    <attr name="isHoAllowed">true</attr>
  </mo>
  <mo fdn="SubNetwork=ONRM_RootMo_R,MeContext=LTE02ERBS00033,ManagedElement=1,ENodeBFunction=1,EUtranCellFDD=LTE02ERBS00033-1,EUtranFreqRelation=2,EUtranCellRelation=13" lastModified="1287505116328" mimName="ERBS_NODE_MODEL" mimVersion="A.9.50.J.9.1">
    <attr name="isRemoveAllowed">false</attr>
    <attr name="neighborCellRef">SubNetwork=ONRM_RootMo_R,MeContext=LTE02ERBS00033,ManagedElement=1,ENodeBFunction=1,EUtraNetwork=1,ExternalENodeBFunction=198,ExternalEUtranCellFDD=2</attr>
    <attr name="anrCreated">false</attr>
    <attr name="isHoAllowed">true</attr>
  </mo>
  <mo fdn="SubNetwork=ONRM_RootMo_R,MeContext=LTE02ERBS00033,ManagedElement=1,ENodeBFunction=1,EUtranCellFDD=LTE02ERBS00033-1,EUtranFreqRelation=2,EUtranCellRelation=16" lastModified="1287505116341" mimName="ERBS_NODE_MODEL" mimVersion="A.9.50.J.9.1">
    <attr name="isRemoveAllowed">false</attr>
    <attr name="neighborCellRef">SubNetwork=ONRM_RootMo_R,MeContext=LTE02ERBS00033,ManagedElement=1,ENodeBFunction=1,EUtraNetwork=1,ExternalENodeBFunction=200,ExternalEUtranCellFDD=1</attr>
    <attr name="anrCreated">false</attr>
    <attr name="isHoAllowed">true</attr>
  </mo>
  <mo fdn="SubNetwork=ONRM_RootMo_R,MeContext=LTE02ERBS00033,ManagedElement=1,ENodeBFunction=1,EUtranCellFDD=LTE02ERBS00033-1,EUtranFreqRelation=2,EUtranCellRelation=17" lastModified="1287505116340" mimName="ERBS_NODE_MODEL" mimVersion="A.9.50.J.9.1">
    <attr name="isRemoveAllowed">false</attr>
    <attr name="neighborCellRef">SubNetwork=ONRM_RootMo_R,MeContext=LTE02ERBS00033,ManagedElement=1,ENodeBFunction=1,EUtraNetwork=1,ExternalENodeBFunction=200,ExternalEUtranCellFDD=2</attr>
    <attr name="anrCreated">false</attr>
    <attr name="isHoAllowed">true</attr>
  </mo>
  <mo fdn="SubNetwork=ONRM_RootMo_R,MeContext=LTE02ERBS00033,ManagedElement=1,ENodeBFunction=1,EUtranCellFDD=LTE02ERBS00033-1,EUtranFreqRelation=2,EUtranCellRelation=20" lastModified="1287505116335" mimName="ERBS_NODE_MODEL" mimVersion="A.9.50.J.9.1">
    <attr name="isRemoveAllowed">false</attr>
    <attr name="neighborCellRef">SubNetwork=ONRM_RootMo_R,MeContext=LTE02ERBS00033,ManagedElement=1,ENodeBFunction=1,EUtraNetwork=1,ExternalENodeBFunction=202,ExternalEUtranCellFDD=1</attr>
    <attr name="anrCreated">false</attr>
    <attr name="isHoAllowed">true</attr>
  </mo>
  <mo fdn="SubNetwork=ONRM_RootMo_R,MeContext=LTE02ERBS00033,ManagedElement=1,ENodeBFunction=1,EUtranCellFDD=LTE02ERBS00033-1,EUtranFreqRelation=2,EUtranCellRelation=21" lastModified="1287505116333" mimName="ERBS_NODE_MODEL" mimVersion="A.9.50.J.9.1">
    <attr name="isRemoveAllowed">false</attr>
    <attr name="neighborCellRef">SubNetwork=ONRM_RootMo_R,MeContext=LTE02ERBS00033,ManagedElement=1,ENodeBFunction=1,EUtraNetwork=1,ExternalENodeBFunction=202,ExternalEUtranCellFDD=2</attr>
    <attr name="anrCreated">false</attr>
    <attr name="isHoAllowed">true</attr>
  </mo>
  <mo fdn="SubNetwork=ONRM_RootMo_R,MeContext=LTE02ERBS00033,ManagedElement=1,ENodeBFunction=1,EUtranCellFDD=LTE02ERBS00033-1,EUtranFreqRelation=2,EUtranCellRelation=24" lastModified="1287505116332" mimName="ERBS_NODE_MODEL" mimVersion="A.9.50.J.9.1">
    <attr name="isRemoveAllowed">false</attr>
    <attr name="neighborCellRef">SubNetwork=ONRM_RootMo_R,MeContext=LTE02ERBS00033,ManagedElement=1,ENodeBFunction=1,EUtraNetwork=1,ExternalENodeBFunction=204,ExternalEUtranCellFDD=1</attr>
    <attr name="anrCreated">false</attr>
    <attr name="isHoAllowed">true</attr>
  </mo>
  <mo fdn="SubNetwork=ONRM_RootMo_R,MeContext=LTE02ERBS00033,ManagedElement=1,ENodeBFunction=1,EUtranCellFDD=LTE02ERBS00033-1,EUtranFreqRelation=2,EUtranCellRelation=25" lastModified="1287505116331" mimName="ERBS_NODE_MODEL" mimVersion="A.9.50.J.9.1">
    <attr name="isRemoveAllowed">false</attr>
    <attr name="neighborCellRef">SubNetwork=ONRM_RootMo_R,MeContext=LTE02ERBS00033,ManagedElement=1,ENodeBFunction=1,EUtraNetwork=1,ExternalENodeBFunction=204,ExternalEUtranCellFDD=2</attr>
    <attr name="anrCreated">false</attr>
    <attr name="isHoAllowed">true</attr>
  </mo>
  <mo fdn="SubNetwork=ONRM_RootMo_R,MeContext=LTE02ERBS00033,ManagedElement=1,ENodeBFunction=1,EUtranCellFDD=LTE02ERBS00033-1,EUtranFreqRelation=2,EUtranCellRelation=28" lastModified="1287505116345" mimName="ERBS_NODE_MODEL" mimVersion="A.9.50.J.9.1">
    <attr name="isRemoveAllowed">false</attr>
    <attr name="neighborCellRef">SubNetwork=ONRM_RootMo_R,MeContext=LTE02ERBS00033,ManagedElement=1,ENodeBFunction=1,EUtraNetwork=1,ExternalENodeBFunction=206,ExternalEUtranCellFDD=1</attr>
    <attr name="anrCreated">false</attr>
    <attr name="isHoAllowed">true</attr>
  </mo>
  <mo fdn="SubNetwork=ONRM_RootMo_R,MeContext=LTE02ERBS00033,ManagedElement=1,ENodeBFunction=1,EUtranCellFDD=LTE02ERBS00033-1,EUtranFreqRelation=2,EUtranCellRelation=29" lastModified="1287505116344" mimName="ERBS_NODE_MODEL" mimVersion="A.9.50.J.9.1">
    <attr name="isRemoveAllowed">false</attr>
    <attr name="neighborCellRef">SubNetwork=ONRM_RootMo_R,MeContext=LTE02ERBS00033,ManagedElement=1,ENodeBFunction=1,EUtraNetwork=1,ExternalENodeBFunction=206,ExternalEUtranCellFDD=2</attr>
    <attr name="anrCreated">false</attr>
    <attr name="isHoAllowed">true</attr>
  </mo>
  <mo fdn="SubNetwork=ONRM_RootMo_R,MeContext=LTE02ERBS00033,ManagedElement=1,ENodeBFunction=1,EUtranCellFDD=LTE02ERBS00033-1,EUtranFreqRelation=2,EUtranCellRelation=32" lastModified="1287505116327" mimName="ERBS_NODE_MODEL" mimVersion="A.9.50.J.9.1">
    <attr name="isRemoveAllowed">false</attr>
    <attr name="neighborCellRef">SubNetwork=ONRM_RootMo_R,MeContext=LTE02ERBS00033,ManagedElement=1,ENodeBFunction=1,EUtraNetwork=1,ExternalENodeBFunction=208,ExternalEUtranCellFDD=1</attr>
    <attr name="anrCreated">false</attr>
    <attr name="isHoAllowed">true</attr>
  </mo>
  <mo fdn="SubNetwork=ONRM_RootMo_R,MeContext=LTE02ERBS00033,ManagedElement=1,ENodeBFunction=1,EUtranCellFDD=LTE02ERBS00033-1,EUtranFreqRelation=2,EUtranCellRelation=33" lastModified="1287505116337" mimName="ERBS_NODE_MODEL" mimVersion="A.9.50.J.9.1">
    <attr name="isRemoveAllowed">false</attr>
    <attr name="neighborCellRef">SubNetwork=ONRM_RootMo_R,MeContext=LTE02ERBS00033,ManagedElement=1,ENodeBFunction=1,EUtraNetwork=1,ExternalENodeBFunction=208,ExternalEUtranCellFDD=2</attr>
    <attr name="anrCreated">false</attr>
    <attr name="isHoAllowed">true</attr>
  </mo>
  <mo fdn="SubNetwork=ONRM_RootMo_R,MeContext=LTE02ERBS00033,ManagedElement=1,ENodeBFunction=1,EUtranCellFDD=LTE02ERBS00033-1,EUtranFreqRelation=2,EUtranCellRelation=4" lastModified="1287505116341" mimName="ERBS_NODE_MODEL" mimVersion="A.9.50.J.9.1">
    <attr name="isRemoveAllowed">false</attr>
    <attr name="neighborCellRef">SubNetwork=ONRM_RootMo_R,MeContext=LTE02ERBS00033,ManagedElement=1,ENodeBFunction=1,EUtraNetwork=1,ExternalENodeBFunction=194,ExternalEUtranCellFDD=1</attr>
    <attr name="anrCreated">false</attr>
    <attr name="isHoAllowed">true</attr>
  </mo>
  <mo fdn="SubNetwork=ONRM_RootMo_R,MeContext=LTE02ERBS00033,ManagedElement=1,ENodeBFunction=1,EUtranCellFDD=LTE02ERBS00033-1,EUtranFreqRelation=2,EUtranCellRelation=5" lastModified="1287505116345" mimName="ERBS_NODE_MODEL" mimVersion="A.9.50.J.9.1">
    <attr name="isRemoveAllowed">false</attr>
    <attr name="neighborCellRef">SubNetwork=ONRM_RootMo_R,MeContext=LTE02ERBS00033,ManagedElement=1,ENodeBFunction=1,EUtraNetwork=1,ExternalENodeBFunction=194,ExternalEUtranCellFDD=2</attr>
    <attr name="anrCreated">false</attr>
    <attr name="isHoAllowed">true</attr>
  </mo>
  <mo fdn="SubNetwork=ONRM_RootMo_R,MeContext=LTE02ERBS00033,ManagedElement=1,ENodeBFunction=1,EUtranCellFDD=LTE02ERBS00033-1,EUtranFreqRelation=2,EUtranCellRelation=8" lastModified="1287505116338" mimName="ERBS_NODE_MODEL" mimVersion="A.9.50.J.9.1">
    <attr name="isRemoveAllowed">false</attr>
    <attr name="neighborCellRef">SubNetwork=ONRM_RootMo_R,MeContext=LTE02ERBS00033,ManagedElement=1,ENodeBFunction=1,EUtraNetwork=1,ExternalENodeBFunction=196,ExternalEUtranCellFDD=1</attr>
    <attr name="anrCreated">false</attr>
    <attr name="isHoAllowed">true</attr>
  </mo>
  <mo fdn="SubNetwork=ONRM_RootMo_R,MeContext=LTE02ERBS00033,ManagedElement=1,ENodeBFunction=1,EUtranCellFDD=LTE02ERBS00033-1,EUtranFreqRelation=2,EUtranCellRelation=9" lastModified="1287505116339" mimName="ERBS_NODE_MODEL" mimVersion="A.9.50.J.9.1">
    <attr name="isRemoveAllowed">false</attr>
    <attr name="neighborCellRef">SubNetwork=ONRM_RootMo_R,MeContext=LTE02ERBS00033,ManagedElement=1,ENodeBFunction=1,EUtraNetwork=1,ExternalENodeBFunction=196,ExternalEUtranCellFDD=2</attr>
    <attr name="anrCreated">false</attr>
    <attr name="isHoAllowed">true</attr>
  </mo>
  <mo fdn="SubNetwork=ONRM_RootMo_R,MeContext=LTE02ERBS00033,ManagedElement=1,ENodeBFunction=1,EUtranCellFDD=LTE02ERBS00033-2" lastModified="1287512150794" mimName="ERBS_NODE_MODEL" mimVersion="A.9.50.J.9.1">
    <attr name="EUtranCellFDDId">LTE02ERBS00033-2</attr>
    <attr name="earfcnul">18000</attr>
    <attr name="cellId">2</attr>
    <attr name="tac">48650</attr>
    <attr name="bPlmnList">
      <seq count="1">
        <item>
          <struct>
            <attr name="mcc">311</attr>
            <attr name="mnc">480</attr>
            <attr name="mncLength">2</attr>
          </struct>
        </item>
      </seq>
    </attr>
    <attr name="earfcndl">0</attr>
    <attr name="userLabel">LTE02ERBS00033-2</attr>
  </mo>
  <mo fdn="SubNetwork=ONRM_RootMo_R,MeContext=LTE02ERBS00033,ManagedElement=1,ENodeBFunction=1,EUtranCellFDD=LTE02ERBS00033-2,EUtranFreqRelation=1,EUtranCellRelation=1" lastModified="1287501547370" mimName="ERBS_NODE_MODEL" mimVersion="A.9.50.J.9.1">
    <attr name="isRemoveAllowed">false</attr>
    <attr name="neighborCellRef">SubNetwork=ONRM_RootMo_R,MeContext=LTE02ERBS00033,ManagedElement=1,ENodeBFunction=1,EUtranCellFDD=LTE02ERBS00033-1</attr>
    <attr name="anrCreated">false</attr>
    <attr name="isHoAllowed">true</attr>
  </mo>
  <mo fdn="SubNetwork=ONRM_RootMo_R,MeContext=LTE02ERBS00033,ManagedElement=1,ENodeBFunction=1,EUtranCellFDD=LTE02ERBS00033-2,EUtranFreqRelation=1,EUtranCellRelation=10" lastModified="1287505113685" mimName="ERBS_NODE_MODEL" mimVersion="A.9.50.J.9.1">
    <attr name="isRemoveAllowed">false</attr>
    <attr name="neighborCellRef">SubNetwork=ONRM_RootMo_R,MeContext=LTE02ERBS00033,ManagedElement=1,ENodeBFunction=1,EUtraNetwork=1,ExternalENodeBFunction=197,ExternalEUtranCellFDD=1</attr>
    <attr name="anrCreated">false</attr>
    <attr name="isHoAllowed">true</attr>
  </mo>
  <mo fdn="SubNetwork=ONRM_RootMo_R,MeContext=LTE02ERBS00033,ManagedElement=1,ENodeBFunction=1,EUtranCellFDD=LTE02ERBS00033-2,EUtranFreqRelation=1,EUtranCellRelation=11" lastModified="1287505113684" mimName="ERBS_NODE_MODEL" mimVersion="A.9.50.J.9.1">
    <attr name="isRemoveAllowed">false</attr>
    <attr name="neighborCellRef">SubNetwork=ONRM_RootMo_R,MeContext=LTE02ERBS00033,ManagedElement=1,ENodeBFunction=1,EUtraNetwork=1,ExternalENodeBFunction=197,ExternalEUtranCellFDD=2</attr>
    <attr name="anrCreated">false</attr>
    <attr name="isHoAllowed">true</attr>
  </mo>
  <mo fdn="SubNetwork=ONRM_RootMo_R,MeContext=LTE02ERBS00033,ManagedElement=1,ENodeBFunction=1,EUtranCellFDD=LTE02ERBS00033-2,EUtranFreqRelation=1,EUtranCellRelation=14" lastModified="1287505113680" mimName="ERBS_NODE_MODEL" mimVersion="A.9.50.J.9.1">
    <attr name="isRemoveAllowed">false</attr>
    <attr name="neighborCellRef">SubNetwork=ONRM_RootMo_R,MeContext=LTE02ERBS00033,ManagedElement=1,ENodeBFunction=1,EUtraNetwork=1,ExternalENodeBFunction=199,ExternalEUtranCellFDD=1</attr>
    <attr name="anrCreated">false</attr>
    <attr name="isHoAllowed">true</attr>
  </mo>
  <mo fdn="SubNetwork=ONRM_RootMo_R,MeContext=LTE02ERBS00033,ManagedElement=1,ENodeBFunction=1,EUtranCellFDD=LTE02ERBS00033-2,EUtranFreqRelation=1,EUtranCellRelation=15" lastModified="1287505113690" mimName="ERBS_NODE_MODEL" mimVersion="A.9.50.J.9.1">
    <attr name="isRemoveAllowed">false</attr>
    <attr name="neighborCellRef">SubNetwork=ONRM_RootMo_R,MeContext=LTE02ERBS00033,ManagedElement=1,ENodeBFunction=1,EUtraNetwork=1,ExternalENodeBFunction=199,ExternalEUtranCellFDD=2</attr>
    <attr name="anrCreated">false</attr>
    <attr name="isHoAllowed">true</attr>
  </mo>
  <mo fdn="SubNetwork=ONRM_RootMo_R,MeContext=LTE02ERBS00033,ManagedElement=1,ENodeBFunction=1,EUtranCellFDD=LTE02ERBS00033-2,EUtranFreqRelation=1,EUtranCellRelation=18" lastModified="1287505113687" mimName="ERBS_NODE_MODEL" mimVersion="A.9.50.J.9.1">
    <attr name="isRemoveAllowed">false</attr>
    <attr name="neighborCellRef">SubNetwork=ONRM_RootMo_R,MeContext=LTE02ERBS00033,ManagedElement=1,ENodeBFunction=1,EUtraNetwork=1,ExternalENodeBFunction=201,ExternalEUtranCellFDD=1</attr>
    <attr name="anrCreated">false</attr>
    <attr name="isHoAllowed">true</attr>
  </mo>
  <mo fdn="SubNetwork=ONRM_RootMo_R,MeContext=LTE02ERBS00033,ManagedElement=1,ENodeBFunction=1,EUtranCellFDD=LTE02ERBS00033-2,EUtranFreqRelation=1,EUtranCellRelation=19" lastModified="1287505113686" mimName="ERBS_NODE_MODEL" mimVersion="A.9.50.J.9.1">
    <attr name="isRemoveAllowed">false</attr>
    <attr name="neighborCellRef">SubNetwork=ONRM_RootMo_R,MeContext=LTE02ERBS00033,ManagedElement=1,ENodeBFunction=1,EUtraNetwork=1,ExternalENodeBFunction=201,ExternalEUtranCellFDD=2</attr>
    <attr name="anrCreated">false</attr>
    <attr name="isHoAllowed">true</attr>
  </mo>
  <mo fdn="SubNetwork=ONRM_RootMo_R,MeContext=LTE02ERBS00033,ManagedElement=1,ENodeBFunction=1,EUtranCellFDD=LTE02ERBS00033-2,EUtranFreqRelation=1,EUtranCellRelation=2" lastModified="1287501547367" mimName="ERBS_NODE_MODEL" mimVersion="A.9.50.J.9.1">
    <attr name="isRemoveAllowed">false</attr>
    <attr name="neighborCellRef">SubNetwork=ONRM_RootMo_R,MeContext=LTE02ERBS00033,ManagedElement=1,ENodeBFunction=1,EUtranCellFDD=LTE02ERBS00033-3</attr>
    <attr name="anrCreated">false</attr>
    <attr name="isHoAllowed">true</attr>
  </mo>
  <mo fdn="SubNetwork=ONRM_RootMo_R,MeContext=LTE02ERBS00033,ManagedElement=1,ENodeBFunction=1,EUtranCellFDD=LTE02ERBS00033-2,EUtranFreqRelation=1,EUtranCellRelation=22" lastModified="1287505113681" mimName="ERBS_NODE_MODEL" mimVersion="A.9.50.J.9.1">
    <attr name="isRemoveAllowed">false</attr>
    <attr name="neighborCellRef">SubNetwork=ONRM_RootMo_R,MeContext=LTE02ERBS00033,ManagedElement=1,ENodeBFunction=1,EUtraNetwork=1,ExternalENodeBFunction=203,ExternalEUtranCellFDD=1</attr>
    <attr name="anrCreated">false</attr>
    <attr name="isHoAllowed">true</attr>
  </mo>
  <mo fdn="SubNetwork=ONRM_RootMo_R,MeContext=LTE02ERBS00033,ManagedElement=1,ENodeBFunction=1,EUtranCellFDD=LTE02ERBS00033-2,EUtranFreqRelation=1,EUtranCellRelation=23" lastModified="1287505113679" mimName="ERBS_NODE_MODEL" mimVersion="A.9.50.J.9.1">
    <attr name="isRemoveAllowed">false</attr>
    <attr name="neighborCellRef">SubNetwork=ONRM_RootMo_R,MeContext=LTE02ERBS00033,ManagedElement=1,ENodeBFunction=1,EUtraNetwork=1,ExternalENodeBFunction=203,ExternalEUtranCellFDD=2</attr>
    <attr name="anrCreated">false</attr>
    <attr name="isHoAllowed">true</attr>
  </mo>
  <mo fdn="SubNetwork=ONRM_RootMo_R,MeContext=LTE02ERBS00033,ManagedElement=1,ENodeBFunction=1,EUtranCellFDD=LTE02ERBS00033-2,EUtranFreqRelation=1,EUtranCellRelation=26" lastModified="1287505113689" mimName="ERBS_NODE_MODEL" mimVersion="A.9.50.J.9.1">
    <attr name="isRemoveAllowed">false</attr>
    <attr name="neighborCellRef">SubNetwork=ONRM_RootMo_R,MeContext=LTE02ERBS00033,ManagedElement=1,ENodeBFunction=1,EUtraNetwork=1,ExternalENodeBFunction=205,ExternalEUtranCellFDD=1</attr>
    <attr name="anrCreated">false</attr>
    <attr name="isHoAllowed">true</attr>
  </mo>
  <mo fdn="SubNetwork=ONRM_RootMo_R,MeContext=LTE02ERBS00033,ManagedElement=1,ENodeBFunction=1,EUtranCellFDD=LTE02ERBS00033-2,EUtranFreqRelation=1,EUtranCellRelation=27" lastModified="1287505113686" mimName="ERBS_NODE_MODEL" mimVersion="A.9.50.J.9.1">
    <attr name="isRemoveAllowed">false</attr>
    <attr name="neighborCellRef">SubNetwork=ONRM_RootMo_R,MeContext=LTE02ERBS00033,ManagedElement=1,ENodeBFunction=1,EUtraNetwork=1,ExternalENodeBFunction=205,ExternalEUtranCellFDD=2</attr>
    <attr name="anrCreated">false</attr>
    <attr name="isHoAllowed">true</attr>
  </mo>
  <mo fdn="SubNetwork=ONRM_RootMo_R,MeContext=LTE02ERBS00033,ManagedElement=1,ENodeBFunction=1,EUtranCellFDD=LTE02ERBS00033-2,EUtranFreqRelation=1,EUtranCellRelation=3" lastModified="1287501547364" mimName="ERBS_NODE_MODEL" mimVersion="A.9.50.J.9.1">
    <attr name="isRemoveAllowed">false</attr>
    <attr name="neighborCellRef">SubNetwork=ONRM_RootMo_R,MeContext=LTE02ERBS00033,ManagedElement=1,ENodeBFunction=1,EUtranCellFDD=LTE02ERBS00033-4</attr>
    <attr name="anrCreated">false</attr>
    <attr name="isHoAllowed">true</attr>
  </mo>
  <mo fdn="SubNetwork=ONRM_RootMo_R,MeContext=LTE02ERBS00033,ManagedElement=1,ENodeBFunction=1,EUtranCellFDD=LTE02ERBS00033-2,EUtranFreqRelation=1,EUtranCellRelation=30" lastModified="1287505113683" mimName="ERBS_NODE_MODEL" mimVersion="A.9.50.J.9.1">
    <attr name="isRemoveAllowed">false</attr>
    <attr name="neighborCellRef">SubNetwork=ONRM_RootMo_R,MeContext=LTE02ERBS00033,ManagedElement=1,ENodeBFunction=1,EUtraNetwork=1,ExternalENodeBFunction=207,ExternalEUtranCellFDD=1</attr>
    <attr name="anrCreated">false</attr>
    <attr name="isHoAllowed">true</attr>
  </mo>
  <mo fdn="SubNetwork=ONRM_RootMo_R,MeContext=LTE02ERBS00033,ManagedElement=1,ENodeBFunction=1,EUtranCellFDD=LTE02ERBS00033-2,EUtranFreqRelation=1,EUtranCellRelation=31" lastModified="1287505113682" mimName="ERBS_NODE_MODEL" mimVersion="A.9.50.J.9.1">
    <attr name="isRemoveAllowed">false</attr>
    <attr name="neighborCellRef">SubNetwork=ONRM_RootMo_R,MeContext=LTE02ERBS00033,ManagedElement=1,ENodeBFunction=1,EUtraNetwork=1,ExternalENodeBFunction=207,ExternalEUtranCellFDD=2</attr>
    <attr name="anrCreated">false</attr>
    <attr name="isHoAllowed">true</attr>
  </mo>
  <mo fdn="SubNetwork=ONRM_RootMo_R,MeContext=LTE02ERBS00033,ManagedElement=1,ENodeBFunction=1,EUtranCellFDD=LTE02ERBS00033-2,EUtranFreqRelation=1,EUtranCellRelation=6" lastModified="1287505113688" mimName="ERBS_NODE_MODEL" mimVersion="A.9.50.J.9.1">
    <attr name="isRemoveAllowed">false</attr>
    <attr name="neighborCellRef">SubNetwork=ONRM_RootMo_R,MeContext=LTE02ERBS00033,ManagedElement=1,ENodeBFunction=1,EUtraNetwork=1,ExternalENodeBFunction=195,ExternalEUtranCellFDD=1</attr>
    <attr name="anrCreated">false</attr>
    <attr name="isHoAllowed">true</attr>
  </mo>
  <mo fdn="SubNetwork=ONRM_RootMo_R,MeContext=LTE02ERBS00033,ManagedElement=1,ENodeBFunction=1,EUtranCellFDD=LTE02ERBS00033-2,EUtranFreqRelation=1,EUtranCellRelation=7" lastModified="1287505113690" mimName="ERBS_NODE_MODEL" mimVersion="A.9.50.J.9.1">
    <attr name="isRemoveAllowed">false</attr>
    <attr name="neighborCellRef">SubNetwork=ONRM_RootMo_R,MeContext=LTE02ERBS00033,ManagedElement=1,ENodeBFunction=1,EUtraNetwork=1,ExternalENodeBFunction=195,ExternalEUtranCellFDD=2</attr>
    <attr name="anrCreated">false</attr>
    <attr name="isHoAllowed">true</attr>
  </mo>
  <mo fdn="SubNetwork=ONRM_RootMo_R,MeContext=LTE02ERBS00033,ManagedElement=1,ENodeBFunction=1,EUtranCellFDD=LTE02ERBS00033-2,EUtranFreqRelation=2,EUtranCellRelation=12" lastModified="1287505113658" mimName="ERBS_NODE_MODEL" mimVersion="A.9.50.J.9.1">
    <attr name="isRemoveAllowed">false</attr>
    <attr name="neighborCellRef">SubNetwork=ONRM_RootMo_R,MeContext=LTE02ERBS00033,ManagedElement=1,ENodeBFunction=1,EUtraNetwork=1,ExternalENodeBFunction=198,ExternalEUtranCellFDD=1</attr>
    <attr name="anrCreated">false</attr>
    <attr name="isHoAllowed">true</attr>
  </mo>
  <mo fdn="SubNetwork=ONRM_RootMo_R,MeContext=LTE02ERBS00033,ManagedElement=1,ENodeBFunction=1,EUtranCellFDD=LTE02ERBS00033-2,EUtranFreqRelation=2,EUtranCellRelation=13" lastModified="1287505113655" mimName="ERBS_NODE_MODEL" mimVersion="A.9.50.J.9.1">
    <attr name="isRemoveAllowed">false</attr>
    <attr name="neighborCellRef">SubNetwork=ONRM_RootMo_R,MeContext=LTE02ERBS00033,ManagedElement=1,ENodeBFunction=1,EUtraNetwork=1,ExternalENodeBFunction=198,ExternalEUtranCellFDD=2</attr>
    <attr name="anrCreated">false</attr>
    <attr name="isHoAllowed">true</attr>
  </mo>
  <mo fdn="SubNetwork=ONRM_RootMo_R,MeContext=LTE02ERBS00033,ManagedElement=1,ENodeBFunction=1,EUtranCellFDD=LTE02ERBS00033-2,EUtranFreqRelation=2,EUtranCellRelation=16" lastModified="1287505113673" mimName="ERBS_NODE_MODEL" mimVersion="A.9.50.J.9.1">
    <attr name="isRemoveAllowed">false</attr>
    <attr name="neighborCellRef">SubNetwork=ONRM_RootMo_R,MeContext=LTE02ERBS00033,ManagedElement=1,ENodeBFunction=1,EUtraNetwork=1,ExternalENodeBFunction=200,ExternalEUtranCellFDD=1</attr>
    <attr name="anrCreated">false</attr>
    <attr name="isHoAllowed">true</attr>
  </mo>
  <mo fdn="SubNetwork=ONRM_RootMo_R,MeContext=LTE02ERBS00033,ManagedElement=1,ENodeBFunction=1,EUtranCellFDD=LTE02ERBS00033-2,EUtranFreqRelation=2,EUtranCellRelation=17" lastModified="1287505113670" mimName="ERBS_NODE_MODEL" mimVersion="A.9.50.J.9.1">
    <attr name="isRemoveAllowed">false</attr>
    <attr name="neighborCellRef">SubNetwork=ONRM_RootMo_R,MeContext=LTE02ERBS00033,ManagedElement=1,ENodeBFunction=1,EUtraNetwork=1,ExternalENodeBFunction=200,ExternalEUtranCellFDD=2</attr>
    <attr name="anrCreated">false</attr>
    <attr name="isHoAllowed">true</attr>
  </mo>
  <mo fdn="SubNetwork=ONRM_RootMo_R,MeContext=LTE02ERBS00033,ManagedElement=1,ENodeBFunction=1,EUtranCellFDD=LTE02ERBS00033-2,EUtranFreqRelation=2,EUtranCellRelation=20" lastModified="1287505113665" mimName="ERBS_NODE_MODEL" mimVersion="A.9.50.J.9.1">
    <attr name="isRemoveAllowed">false</attr>
    <attr name="neighborCellRef">SubNetwork=ONRM_RootMo_R,MeContext=LTE02ERBS00033,ManagedElement=1,ENodeBFunction=1,EUtraNetwork=1,ExternalENodeBFunction=202,ExternalEUtranCellFDD=1</attr>
    <attr name="anrCreated">false</attr>
    <attr name="isHoAllowed">true</attr>
  </mo>
  <mo fdn="SubNetwork=ONRM_RootMo_R,MeContext=LTE02ERBS00033,ManagedElement=1,ENodeBFunction=1,EUtranCellFDD=LTE02ERBS00033-2,EUtranFreqRelation=2,EUtranCellRelation=21" lastModified="1287505113664" mimName="ERBS_NODE_MODEL" mimVersion="A.9.50.J.9.1">
    <attr name="isRemoveAllowed">false</attr>
    <attr name="neighborCellRef">SubNetwork=ONRM_RootMo_R,MeContext=LTE02ERBS00033,ManagedElement=1,ENodeBFunction=1,EUtraNetwork=1,ExternalENodeBFunction=202,ExternalEUtranCellFDD=2</attr>
    <attr name="anrCreated">false</attr>
    <attr name="isHoAllowed">true</attr>
  </mo>
  <mo fdn="SubNetwork=ONRM_RootMo_R,MeContext=LTE02ERBS00033,ManagedElement=1,ENodeBFunction=1,EUtranCellFDD=LTE02ERBS00033-2,EUtranFreqRelation=2,EUtranCellRelation=24" lastModified="1287505113663" mimName="ERBS_NODE_MODEL" mimVersion="A.9.50.J.9.1">
    <attr name="isRemoveAllowed">false</attr>
    <attr name="neighborCellRef">SubNetwork=ONRM_RootMo_R,MeContext=LTE02ERBS00033,ManagedElement=1,ENodeBFunction=1,EUtraNetwork=1,ExternalENodeBFunction=204,ExternalEUtranCellFDD=1</attr>
    <attr name="anrCreated">false</attr>
    <attr name="isHoAllowed">true</attr>
  </mo>
  <mo fdn="SubNetwork=ONRM_RootMo_R,MeContext=LTE02ERBS00033,ManagedElement=1,ENodeBFunction=1,EUtranCellFDD=LTE02ERBS00033-2,EUtranFreqRelation=2,EUtranCellRelation=25" lastModified="1287505113661" mimName="ERBS_NODE_MODEL" mimVersion="A.9.50.J.9.1">
    <attr name="isRemoveAllowed">false</attr>
    <attr name="neighborCellRef">SubNetwork=ONRM_RootMo_R,MeContext=LTE02ERBS00033,ManagedElement=1,ENodeBFunction=1,EUtraNetwork=1,ExternalENodeBFunction=204,ExternalEUtranCellFDD=2</attr>
    <attr name="anrCreated">false</attr>
    <attr name="isHoAllowed">true</attr>
  </mo>
  <mo fdn="SubNetwork=ONRM_RootMo_R,MeContext=LTE02ERBS00033,ManagedElement=1,ENodeBFunction=1,EUtranCellFDD=LTE02ERBS00033-2,EUtranFreqRelation=2,EUtranCellRelation=28" lastModified="1287505113675" mimName="ERBS_NODE_MODEL" mimVersion="A.9.50.J.9.1">
    <attr name="isRemoveAllowed">false</attr>
    <attr name="neighborCellRef">SubNetwork=ONRM_RootMo_R,MeContext=LTE02ERBS00033,ManagedElement=1,ENodeBFunction=1,EUtraNetwork=1,ExternalENodeBFunction=206,ExternalEUtranCellFDD=1</attr>
    <attr name="anrCreated">false</attr>
    <attr name="isHoAllowed">true</attr>
  </mo>
  <mo fdn="SubNetwork=ONRM_RootMo_R,MeContext=LTE02ERBS00033,ManagedElement=1,ENodeBFunction=1,EUtranCellFDD=LTE02ERBS00033-2,EUtranFreqRelation=2,EUtranCellRelation=29" lastModified="1287505113674" mimName="ERBS_NODE_MODEL" mimVersion="A.9.50.J.9.1">
    <attr name="isRemoveAllowed">false</attr>
    <attr name="neighborCellRef">SubNetwork=ONRM_RootMo_R,MeContext=LTE02ERBS00033,ManagedElement=1,ENodeBFunction=1,EUtraNetwork=1,ExternalENodeBFunction=206,ExternalEUtranCellFDD=2</attr>
    <attr name="anrCreated">false</attr>
    <attr name="isHoAllowed">true</attr>
  </mo>
  <mo fdn="SubNetwork=ONRM_RootMo_R,MeContext=LTE02ERBS00033,ManagedElement=1,ENodeBFunction=1,EUtranCellFDD=LTE02ERBS00033-2,EUtranFreqRelation=2,EUtranCellRelation=32" lastModified="1287505113652" mimName="ERBS_NODE_MODEL" mimVersion="A.9.50.J.9.1">
    <attr name="isRemoveAllowed">false</attr>
    <attr name="neighborCellRef">SubNetwork=ONRM_RootMo_R,MeContext=LTE02ERBS00033,ManagedElement=1,ENodeBFunction=1,EUtraNetwork=1,ExternalENodeBFunction=208,ExternalEUtranCellFDD=1</attr>
    <attr name="anrCreated">false</attr>
    <attr name="isHoAllowed">true</attr>
  </mo>
  <mo fdn="SubNetwork=ONRM_RootMo_R,MeContext=LTE02ERBS00033,ManagedElement=1,ENodeBFunction=1,EUtranCellFDD=LTE02ERBS00033-2,EUtranFreqRelation=2,EUtranCellRelation=33" lastModified="1287505113667" mimName="ERBS_NODE_MODEL" mimVersion="A.9.50.J.9.1">
    <attr name="isRemoveAllowed">false</attr>
    <attr name="neighborCellRef">SubNetwork=ONRM_RootMo_R,MeContext=LTE02ERBS00033,ManagedElement=1,ENodeBFunction=1,EUtraNetwork=1,ExternalENodeBFunction=208,ExternalEUtranCellFDD=2</attr>
    <attr name="anrCreated">false</attr>
    <attr name="isHoAllowed">true</attr>
  </mo>
  <mo fdn="SubNetwork=ONRM_RootMo_R,MeContext=LTE02ERBS00033,ManagedElement=1,ENodeBFunction=1,EUtranCellFDD=LTE02ERBS00033-2,EUtranFreqRelation=2,EUtranCellRelation=4" lastModified="1287505113672" mimName="ERBS_NODE_MODEL" mimVersion="A.9.50.J.9.1">
    <attr name="isRemoveAllowed">false</attr>
    <attr name="neighborCellRef">SubNetwork=ONRM_RootMo_R,MeContext=LTE02ERBS00033,ManagedElement=1,ENodeBFunction=1,EUtraNetwork=1,ExternalENodeBFunction=194,ExternalEUtranCellFDD=1</attr>
    <attr name="anrCreated">false</attr>
    <attr name="isHoAllowed">true</attr>
  </mo>
  <mo fdn="SubNetwork=ONRM_RootMo_R,MeContext=LTE02ERBS00033,ManagedElement=1,ENodeBFunction=1,EUtranCellFDD=LTE02ERBS00033-2,EUtranFreqRelation=2,EUtranCellRelation=5" lastModified="1287505113676" mimName="ERBS_NODE_MODEL" mimVersion="A.9.50.J.9.1">
    <attr name="isRemoveAllowed">false</attr>
    <attr name="neighborCellRef">SubNetwork=ONRM_RootMo_R,MeContext=LTE02ERBS00033,ManagedElement=1,ENodeBFunction=1,EUtraNetwork=1,ExternalENodeBFunction=194,ExternalEUtranCellFDD=2</attr>
    <attr name="anrCreated">false</attr>
    <attr name="isHoAllowed">true</attr>
  </mo>
  <mo fdn="SubNetwork=ONRM_RootMo_R,MeContext=LTE02ERBS00033,ManagedElement=1,ENodeBFunction=1,EUtranCellFDD=LTE02ERBS00033-2,EUtranFreqRelation=2,EUtranCellRelation=8" lastModified="1287505113668" mimName="ERBS_NODE_MODEL" mimVersion="A.9.50.J.9.1">
    <attr name="isRemoveAllowed">false</attr>
    <attr name="neighborCellRef">SubNetwork=ONRM_RootMo_R,MeContext=LTE02ERBS00033,ManagedElement=1,ENodeBFunction=1,EUtraNetwork=1,ExternalENodeBFunction=196,ExternalEUtranCellFDD=1</attr>
    <attr name="anrCreated">false</attr>
    <attr name="isHoAllowed">true</attr>
  </mo>
  <mo fdn="SubNetwork=ONRM_RootMo_R,MeContext=LTE02ERBS00033,ManagedElement=1,ENodeBFunction=1,EUtranCellFDD=LTE02ERBS00033-2,EUtranFreqRelation=2,EUtranCellRelation=9" lastModified="1287505113669" mimName="ERBS_NODE_MODEL" mimVersion="A.9.50.J.9.1">
    <attr name="isRemoveAllowed">false</attr>
    <attr name="neighborCellRef">SubNetwork=ONRM_RootMo_R,MeContext=LTE02ERBS00033,ManagedElement=1,ENodeBFunction=1,EUtraNetwork=1,ExternalENodeBFunction=196,ExternalEUtranCellFDD=2</attr>
    <attr name="anrCreated">false</attr>
    <attr name="isHoAllowed">true</attr>
  </mo>
  <mo fdn="SubNetwork=ONRM_RootMo_R,MeContext=LTE02ERBS00033,ManagedElement=1,ENodeBFunction=1,EUtranCellFDD=LTE02ERBS00033-3" lastModified="1287512152253" mimName="ERBS_NODE_MODEL" mimVersion="A.9.50.J.9.1">
    <attr name="EUtranCellFDDId">LTE02ERBS00033-3</attr>
    <attr name="earfcnul">18000</attr>
    <attr name="cellId">3</attr>
    <attr name="tac">48650</attr>
    <attr name="bPlmnList">
      <seq count="1">
        <item>
          <struct>
            <attr name="mcc">311</attr>
            <attr name="mnc">480</attr>
            <attr name="mncLength">2</attr>
          </struct>
        </item>
      </seq>
    </attr>
    <attr name="earfcndl">0</attr>
    <attr name="userLabel">LTE02ERBS00033-3</attr>
  </mo>
  <mo fdn="SubNetwork=ONRM_RootMo_R,MeContext=LTE02ERBS00033,ManagedElement=1,ENodeBFunction=1,EUtranCellFDD=LTE02ERBS00033-3,EUtranFreqRelation=1,EUtranCellRelation=1" lastModified="1287501547334" mimName="ERBS_NODE_MODEL" mimVersion="A.9.50.J.9.1">
    <attr name="isRemoveAllowed">false</attr>
    <attr name="neighborCellRef">SubNetwork=ONRM_RootMo_R,MeContext=LTE02ERBS00033,ManagedElement=1,ENodeBFunction=1,EUtranCellFDD=LTE02ERBS00033-1</attr>
    <attr name="anrCreated">false</attr>
    <attr name="isHoAllowed">true</attr>
  </mo>
  <mo fdn="SubNetwork=ONRM_RootMo_R,MeContext=LTE02ERBS00033,ManagedElement=1,ENodeBFunction=1,EUtranCellFDD=LTE02ERBS00033-3,EUtranFreqRelation=1,EUtranCellRelation=10" lastModified="1287505121476" mimName="ERBS_NODE_MODEL" mimVersion="A.9.50.J.9.1">
    <attr name="isRemoveAllowed">false</attr>
    <attr name="neighborCellRef">SubNetwork=ONRM_RootMo_R,MeContext=LTE02ERBS00033,ManagedElement=1,ENodeBFunction=1,EUtraNetwork=1,ExternalENodeBFunction=197,ExternalEUtranCellFDD=3</attr>
    <attr name="anrCreated">false</attr>
    <attr name="isHoAllowed">true</attr>
  </mo>
  <mo fdn="SubNetwork=ONRM_RootMo_R,MeContext=LTE02ERBS00033,ManagedElement=1,ENodeBFunction=1,EUtranCellFDD=LTE02ERBS00033-3,EUtranFreqRelation=1,EUtranCellRelation=11" lastModified="1287505121475" mimName="ERBS_NODE_MODEL" mimVersion="A.9.50.J.9.1">
    <attr name="isRemoveAllowed">false</attr>
    <attr name="neighborCellRef">SubNetwork=ONRM_RootMo_R,MeContext=LTE02ERBS00033,ManagedElement=1,ENodeBFunction=1,EUtraNetwork=1,ExternalENodeBFunction=197,ExternalEUtranCellFDD=4</attr>
    <attr name="anrCreated">false</attr>
    <attr name="isHoAllowed">true</attr>
  </mo>
  <mo fdn="SubNetwork=ONRM_RootMo_R,MeContext=LTE02ERBS00033,ManagedElement=1,ENodeBFunction=1,EUtranCellFDD=LTE02ERBS00033-3,EUtranFreqRelation=1,EUtranCellRelation=14" lastModified="1287505121471" mimName="ERBS_NODE_MODEL" mimVersion="A.9.50.J.9.1">
    <attr name="isRemoveAllowed">false</attr>
    <attr name="neighborCellRef">SubNetwork=ONRM_RootMo_R,MeContext=LTE02ERBS00033,ManagedElement=1,ENodeBFunction=1,EUtraNetwork=1,ExternalENodeBFunction=199,ExternalEUtranCellFDD=3</attr>
    <attr name="anrCreated">false</attr>
    <attr name="isHoAllowed">true</attr>
  </mo>
  <mo fdn="SubNetwork=ONRM_RootMo_R,MeContext=LTE02ERBS00033,ManagedElement=1,ENodeBFunction=1,EUtranCellFDD=LTE02ERBS00033-3,EUtranFreqRelation=1,EUtranCellRelation=15" lastModified="1287505121482" mimName="ERBS_NODE_MODEL" mimVersion="A.9.50.J.9.1">
    <attr name="isRemoveAllowed">false</attr>
    <attr name="neighborCellRef">SubNetwork=ONRM_RootMo_R,MeContext=LTE02ERBS00033,ManagedElement=1,ENodeBFunction=1,EUtraNetwork=1,ExternalENodeBFunction=199,ExternalEUtranCellFDD=4</attr>
    <attr name="anrCreated">false</attr>
    <attr name="isHoAllowed">true</attr>
  </mo>
  <mo fdn="SubNetwork=ONRM_RootMo_R,MeContext=LTE02ERBS00033,ManagedElement=1,ENodeBFunction=1,EUtranCellFDD=LTE02ERBS00033-3,EUtranFreqRelation=1,EUtranCellRelation=18" lastModified="1287505121479" mimName="ERBS_NODE_MODEL" mimVersion="A.9.50.J.9.1">
    <attr name="isRemoveAllowed">false</attr>
    <attr name="neighborCellRef">SubNetwork=ONRM_RootMo_R,MeContext=LTE02ERBS00033,ManagedElement=1,ENodeBFunction=1,EUtraNetwork=1,ExternalENodeBFunction=201,ExternalEUtranCellFDD=3</attr>
    <attr name="anrCreated">false</attr>
    <attr name="isHoAllowed">true</attr>
  </mo>
  <mo fdn="SubNetwork=ONRM_RootMo_R,MeContext=LTE02ERBS00033,ManagedElement=1,ENodeBFunction=1,EUtranCellFDD=LTE02ERBS00033-3,EUtranFreqRelation=1,EUtranCellRelation=19" lastModified="1287505121477" mimName="ERBS_NODE_MODEL" mimVersion="A.9.50.J.9.1">
    <attr name="isRemoveAllowed">false</attr>
    <attr name="neighborCellRef">SubNetwork=ONRM_RootMo_R,MeContext=LTE02ERBS00033,ManagedElement=1,ENodeBFunction=1,EUtraNetwork=1,ExternalENodeBFunction=201,ExternalEUtranCellFDD=4</attr>
    <attr name="anrCreated">false</attr>
    <attr name="isHoAllowed">true</attr>
  </mo>
  <mo fdn="SubNetwork=ONRM_RootMo_R,MeContext=LTE02ERBS00033,ManagedElement=1,ENodeBFunction=1,EUtranCellFDD=LTE02ERBS00033-3,EUtranFreqRelation=1,EUtranCellRelation=2" lastModified="1287501547331" mimName="ERBS_NODE_MODEL" mimVersion="A.9.50.J.9.1">
    <attr name="isRemoveAllowed">false</attr>
    <attr name="neighborCellRef">SubNetwork=ONRM_RootMo_R,MeContext=LTE02ERBS00033,ManagedElement=1,ENodeBFunction=1,EUtranCellFDD=LTE02ERBS00033-2</attr>
    <attr name="anrCreated">false</attr>
    <attr name="isHoAllowed">true</attr>
  </mo>
  <mo fdn="SubNetwork=ONRM_RootMo_R,MeContext=LTE02ERBS00033,ManagedElement=1,ENodeBFunction=1,EUtranCellFDD=LTE02ERBS00033-3,EUtranFreqRelation=1,EUtranCellRelation=22" lastModified="1287505121472" mimName="ERBS_NODE_MODEL" mimVersion="A.9.50.J.9.1">
    <attr name="isRemoveAllowed">false</attr>
    <attr name="neighborCellRef">SubNetwork=ONRM_RootMo_R,MeContext=LTE02ERBS00033,ManagedElement=1,ENodeBFunction=1,EUtraNetwork=1,ExternalENodeBFunction=203,ExternalEUtranCellFDD=3</attr>
    <attr name="anrCreated">false</attr>
    <attr name="isHoAllowed">true</attr>
  </mo>
  <mo fdn="SubNetwork=ONRM_RootMo_R,MeContext=LTE02ERBS00033,ManagedElement=1,ENodeBFunction=1,EUtranCellFDD=LTE02ERBS00033-3,EUtranFreqRelation=1,EUtranCellRelation=23" lastModified="1287505121470" mimName="ERBS_NODE_MODEL" mimVersion="A.9.50.J.9.1">
    <attr name="isRemoveAllowed">false</attr>
    <attr name="neighborCellRef">SubNetwork=ONRM_RootMo_R,MeContext=LTE02ERBS00033,ManagedElement=1,ENodeBFunction=1,EUtraNetwork=1,ExternalENodeBFunction=203,ExternalEUtranCellFDD=4</attr>
    <attr name="anrCreated">false</attr>
    <attr name="isHoAllowed">true</attr>
  </mo>
  <mo fdn="SubNetwork=ONRM_RootMo_R,MeContext=LTE02ERBS00033,ManagedElement=1,ENodeBFunction=1,EUtranCellFDD=LTE02ERBS00033-3,EUtranFreqRelation=1,EUtranCellRelation=26" lastModified="1287505121481" mimName="ERBS_NODE_MODEL" mimVersion="A.9.50.J.9.1">
    <attr name="isRemoveAllowed">false</attr>
    <attr name="neighborCellRef">SubNetwork=ONRM_RootMo_R,MeContext=LTE02ERBS00033,ManagedElement=1,ENodeBFunction=1,EUtraNetwork=1,ExternalENodeBFunction=205,ExternalEUtranCellFDD=3</attr>
    <attr name="anrCreated">false</attr>
    <attr name="isHoAllowed">true</attr>
  </mo>
  <mo fdn="SubNetwork=ONRM_RootMo_R,MeContext=LTE02ERBS00033,ManagedElement=1,ENodeBFunction=1,EUtranCellFDD=LTE02ERBS00033-3,EUtranFreqRelation=1,EUtranCellRelation=27" lastModified="1287505121478" mimName="ERBS_NODE_MODEL" mimVersion="A.9.50.J.9.1">
    <attr name="isRemoveAllowed">false</attr>
    <attr name="neighborCellRef">SubNetwork=ONRM_RootMo_R,MeContext=LTE02ERBS00033,ManagedElement=1,ENodeBFunction=1,EUtraNetwork=1,ExternalENodeBFunction=205,ExternalEUtranCellFDD=4</attr>
    <attr name="anrCreated">false</attr>
    <attr name="isHoAllowed">true</attr>
  </mo>
  <mo fdn="SubNetwork=ONRM_RootMo_R,MeContext=LTE02ERBS00033,ManagedElement=1,ENodeBFunction=1,EUtranCellFDD=LTE02ERBS00033-3,EUtranFreqRelation=1,EUtranCellRelation=3" lastModified="1287501543967" mimName="ERBS_NODE_MODEL" mimVersion="A.9.50.J.9.1">
    <attr name="isRemoveAllowed">false</attr>
    <attr name="neighborCellRef">SubNetwork=ONRM_RootMo_R,MeContext=LTE02ERBS00033,ManagedElement=1,ENodeBFunction=1,EUtranCellFDD=LTE02ERBS00033-4</attr>
    <attr name="anrCreated">false</attr>
    <attr name="isHoAllowed">true</attr>
  </mo>
  <mo fdn="SubNetwork=ONRM_RootMo_R,MeContext=LTE02ERBS00033,ManagedElement=1,ENodeBFunction=1,EUtranCellFDD=LTE02ERBS00033-3,EUtranFreqRelation=1,EUtranCellRelation=30" lastModified="1287505121474" mimName="ERBS_NODE_MODEL" mimVersion="A.9.50.J.9.1">
    <attr name="isRemoveAllowed">false</attr>
    <attr name="neighborCellRef">SubNetwork=ONRM_RootMo_R,MeContext=LTE02ERBS00033,ManagedElement=1,ENodeBFunction=1,EUtraNetwork=1,ExternalENodeBFunction=207,ExternalEUtranCellFDD=3</attr>
    <attr name="anrCreated">false</attr>
    <attr name="isHoAllowed">true</attr>
  </mo>
  <mo fdn="SubNetwork=ONRM_RootMo_R,MeContext=LTE02ERBS00033,ManagedElement=1,ENodeBFunction=1,EUtranCellFDD=LTE02ERBS00033-3,EUtranFreqRelation=1,EUtranCellRelation=31" lastModified="1287505121473" mimName="ERBS_NODE_MODEL" mimVersion="A.9.50.J.9.1">
    <attr name="isRemoveAllowed">false</attr>
    <attr name="neighborCellRef">SubNetwork=ONRM_RootMo_R,MeContext=LTE02ERBS00033,ManagedElement=1,ENodeBFunction=1,EUtraNetwork=1,ExternalENodeBFunction=207,ExternalEUtranCellFDD=4</attr>
    <attr name="anrCreated">false</attr>
    <attr name="isHoAllowed">true</attr>
  </mo>
  <mo fdn="SubNetwork=ONRM_RootMo_R,MeContext=LTE02ERBS00033,ManagedElement=1,ENodeBFunction=1,EUtranCellFDD=LTE02ERBS00033-3,EUtranFreqRelation=1,EUtranCellRelation=6" lastModified="1287505121480" mimName="ERBS_NODE_MODEL" mimVersion="A.9.50.J.9.1">
    <attr name="isRemoveAllowed">false</attr>
    <attr name="neighborCellRef">SubNetwork=ONRM_RootMo_R,MeContext=LTE02ERBS00033,ManagedElement=1,ENodeBFunction=1,EUtraNetwork=1,ExternalENodeBFunction=195,ExternalEUtranCellFDD=3</attr>
    <attr name="anrCreated">false</attr>
    <attr name="isHoAllowed">true</attr>
  </mo>
  <mo fdn="SubNetwork=ONRM_RootMo_R,MeContext=LTE02ERBS00033,ManagedElement=1,ENodeBFunction=1,EUtranCellFDD=LTE02ERBS00033-3,EUtranFreqRelation=1,EUtranCellRelation=7" lastModified="1287505121481" mimName="ERBS_NODE_MODEL" mimVersion="A.9.50.J.9.1">
    <attr name="isRemoveAllowed">false</attr>
    <attr name="neighborCellRef">SubNetwork=ONRM_RootMo_R,MeContext=LTE02ERBS00033,ManagedElement=1,ENodeBFunction=1,EUtraNetwork=1,ExternalENodeBFunction=195,ExternalEUtranCellFDD=4</attr>
    <attr name="anrCreated">false</attr>
    <attr name="isHoAllowed">true</attr>
  </mo>
  <mo fdn="SubNetwork=ONRM_RootMo_R,MeContext=LTE02ERBS00033,ManagedElement=1,ENodeBFunction=1,EUtranCellFDD=LTE02ERBS00033-3,EUtranFreqRelation=2,EUtranCellRelation=12" lastModified="1287505121456" mimName="ERBS_NODE_MODEL" mimVersion="A.9.50.J.9.1">
    <attr name="isRemoveAllowed">false</attr>
    <attr name="neighborCellRef">SubNetwork=ONRM_RootMo_R,MeContext=LTE02ERBS00033,ManagedElement=1,ENodeBFunction=1,EUtraNetwork=1,ExternalENodeBFunction=198,ExternalEUtranCellFDD=3</attr>
    <attr name="anrCreated">false</attr>
    <attr name="isHoAllowed">true</attr>
  </mo>
  <mo fdn="SubNetwork=ONRM_RootMo_R,MeContext=LTE02ERBS00033,ManagedElement=1,ENodeBFunction=1,EUtranCellFDD=LTE02ERBS00033-3,EUtranFreqRelation=2,EUtranCellRelation=13" lastModified="1287505121455" mimName="ERBS_NODE_MODEL" mimVersion="A.9.50.J.9.1">
    <attr name="isRemoveAllowed">false</attr>
    <attr name="neighborCellRef">SubNetwork=ONRM_RootMo_R,MeContext=LTE02ERBS00033,ManagedElement=1,ENodeBFunction=1,EUtraNetwork=1,ExternalENodeBFunction=198,ExternalEUtranCellFDD=4</attr>
    <attr name="anrCreated">false</attr>
    <attr name="isHoAllowed">true</attr>
  </mo>
  <mo fdn="SubNetwork=ONRM_RootMo_R,MeContext=LTE02ERBS00033,ManagedElement=1,ENodeBFunction=1,EUtranCellFDD=LTE02ERBS00033-3,EUtranFreqRelation=2,EUtranCellRelation=16" lastModified="1287505121464" mimName="ERBS_NODE_MODEL" mimVersion="A.9.50.J.9.1">
    <attr name="isRemoveAllowed">false</attr>
    <attr name="neighborCellRef">SubNetwork=ONRM_RootMo_R,MeContext=LTE02ERBS00033,ManagedElement=1,ENodeBFunction=1,EUtraNetwork=1,ExternalENodeBFunction=200,ExternalEUtranCellFDD=3</attr>
    <attr name="anrCreated">false</attr>
    <attr name="isHoAllowed">true</attr>
  </mo>
  <mo fdn="SubNetwork=ONRM_RootMo_R,MeContext=LTE02ERBS00033,ManagedElement=1,ENodeBFunction=1,EUtranCellFDD=LTE02ERBS00033-3,EUtranFreqRelation=2,EUtranCellRelation=17" lastModified="1287505121463" mimName="ERBS_NODE_MODEL" mimVersion="A.9.50.J.9.1">
    <attr name="isRemoveAllowed">false</attr>
    <attr name="neighborCellRef">SubNetwork=ONRM_RootMo_R,MeContext=LTE02ERBS00033,ManagedElement=1,ENodeBFunction=1,EUtraNetwork=1,ExternalENodeBFunction=200,ExternalEUtranCellFDD=4</attr>
    <attr name="anrCreated">false</attr>
    <attr name="isHoAllowed">true</attr>
  </mo>
  <mo fdn="SubNetwork=ONRM_RootMo_R,MeContext=LTE02ERBS00033,ManagedElement=1,ENodeBFunction=1,EUtranCellFDD=LTE02ERBS00033-3,EUtranFreqRelation=2,EUtranCellRelation=20" lastModified="1287505121460" mimName="ERBS_NODE_MODEL" mimVersion="A.9.50.J.9.1">
    <attr name="isRemoveAllowed">false</attr>
    <attr name="neighborCellRef">SubNetwork=ONRM_RootMo_R,MeContext=LTE02ERBS00033,ManagedElement=1,ENodeBFunction=1,EUtraNetwork=1,ExternalENodeBFunction=202,ExternalEUtranCellFDD=3</attr>
    <attr name="anrCreated">false</attr>
    <attr name="isHoAllowed">true</attr>
  </mo>
  <mo fdn="SubNetwork=ONRM_RootMo_R,MeContext=LTE02ERBS00033,ManagedElement=1,ENodeBFunction=1,EUtranCellFDD=LTE02ERBS00033-3,EUtranFreqRelation=2,EUtranCellRelation=21" lastModified="1287505121459" mimName="ERBS_NODE_MODEL" mimVersion="A.9.50.J.9.1">
    <attr name="isRemoveAllowed">false</attr>
    <attr name="neighborCellRef">SubNetwork=ONRM_RootMo_R,MeContext=LTE02ERBS00033,ManagedElement=1,ENodeBFunction=1,EUtraNetwork=1,ExternalENodeBFunction=202,ExternalEUtranCellFDD=4</attr>
    <attr name="anrCreated">false</attr>
    <attr name="isHoAllowed">true</attr>
  </mo>
  <mo fdn="SubNetwork=ONRM_RootMo_R,MeContext=LTE02ERBS00033,ManagedElement=1,ENodeBFunction=1,EUtranCellFDD=LTE02ERBS00033-3,EUtranFreqRelation=2,EUtranCellRelation=24" lastModified="1287505121458" mimName="ERBS_NODE_MODEL" mimVersion="A.9.50.J.9.1">
    <attr name="isRemoveAllowed">false</attr>
    <attr name="neighborCellRef">SubNetwork=ONRM_RootMo_R,MeContext=LTE02ERBS00033,ManagedElement=1,ENodeBFunction=1,EUtraNetwork=1,ExternalENodeBFunction=204,ExternalEUtranCellFDD=3</attr>
    <attr name="anrCreated">false</attr>
    <attr name="isHoAllowed">true</attr>
  </mo>
  <mo fdn="SubNetwork=ONRM_RootMo_R,MeContext=LTE02ERBS00033,ManagedElement=1,ENodeBFunction=1,EUtranCellFDD=LTE02ERBS00033-3,EUtranFreqRelation=2,EUtranCellRelation=25" lastModified="1287505121457" mimName="ERBS_NODE_MODEL" mimVersion="A.9.50.J.9.1">
    <attr name="isRemoveAllowed">false</attr>
    <attr name="neighborCellRef">SubNetwork=ONRM_RootMo_R,MeContext=LTE02ERBS00033,ManagedElement=1,ENodeBFunction=1,EUtraNetwork=1,ExternalENodeBFunction=204,ExternalEUtranCellFDD=4</attr>
    <attr name="anrCreated">false</attr>
    <attr name="isHoAllowed">true</attr>
  </mo>
  <mo fdn="SubNetwork=ONRM_RootMo_R,MeContext=LTE02ERBS00033,ManagedElement=1,ENodeBFunction=1,EUtranCellFDD=LTE02ERBS00033-3,EUtranFreqRelation=2,EUtranCellRelation=28" lastModified="1287505121466" mimName="ERBS_NODE_MODEL" mimVersion="A.9.50.J.9.1">
    <attr name="isRemoveAllowed">false</attr>
    <attr name="neighborCellRef">SubNetwork=ONRM_RootMo_R,MeContext=LTE02ERBS00033,ManagedElement=1,ENodeBFunction=1,EUtraNetwork=1,ExternalENodeBFunction=206,ExternalEUtranCellFDD=3</attr>
    <attr name="anrCreated">false</attr>
    <attr name="isHoAllowed">true</attr>
  </mo>
  <mo fdn="SubNetwork=ONRM_RootMo_R,MeContext=LTE02ERBS00033,ManagedElement=1,ENodeBFunction=1,EUtranCellFDD=LTE02ERBS00033-3,EUtranFreqRelation=2,EUtranCellRelation=29" lastModified="1287505121465" mimName="ERBS_NODE_MODEL" mimVersion="A.9.50.J.9.1">
    <attr name="isRemoveAllowed">false</attr>
    <attr name="neighborCellRef">SubNetwork=ONRM_RootMo_R,MeContext=LTE02ERBS00033,ManagedElement=1,ENodeBFunction=1,EUtraNetwork=1,ExternalENodeBFunction=206,ExternalEUtranCellFDD=4</attr>
    <attr name="anrCreated">false</attr>
    <attr name="isHoAllowed">true</attr>
  </mo>
  <mo fdn="SubNetwork=ONRM_RootMo_R,MeContext=LTE02ERBS00033,ManagedElement=1,ENodeBFunction=1,EUtranCellFDD=LTE02ERBS00033-3,EUtranFreqRelation=2,EUtranCellRelation=32" lastModified="1287505121454" mimName="ERBS_NODE_MODEL" mimVersion="A.9.50.J.9.1">
    <attr name="isRemoveAllowed">false</attr>
    <attr name="neighborCellRef">SubNetwork=ONRM_RootMo_R,MeContext=LTE02ERBS00033,ManagedElement=1,ENodeBFunction=1,EUtraNetwork=1,ExternalENodeBFunction=208,ExternalEUtranCellFDD=3</attr>
    <attr name="anrCreated">false</attr>
    <attr name="isHoAllowed">true</attr>
  </mo>
  <mo fdn="SubNetwork=ONRM_RootMo_R,MeContext=LTE02ERBS00033,ManagedElement=1,ENodeBFunction=1,EUtranCellFDD=LTE02ERBS00033-3,EUtranFreqRelation=2,EUtranCellRelation=33" lastModified="1287505121460" mimName="ERBS_NODE_MODEL" mimVersion="A.9.50.J.9.1">
    <attr name="isRemoveAllowed">false</attr>
    <attr name="neighborCellRef">SubNetwork=ONRM_RootMo_R,MeContext=LTE02ERBS00033,ManagedElement=1,ENodeBFunction=1,EUtraNetwork=1,ExternalENodeBFunction=208,ExternalEUtranCellFDD=4</attr>
    <attr name="anrCreated">false</attr>
    <attr name="isHoAllowed">true</attr>
  </mo>
  <mo fdn="SubNetwork=ONRM_RootMo_R,MeContext=LTE02ERBS00033,ManagedElement=1,ENodeBFunction=1,EUtranCellFDD=LTE02ERBS00033-3,EUtranFreqRelation=2,EUtranCellRelation=4" lastModified="1287505121464" mimName="ERBS_NODE_MODEL" mimVersion="A.9.50.J.9.1">
    <attr name="isRemoveAllowed">false</attr>
    <attr name="neighborCellRef">SubNetwork=ONRM_RootMo_R,MeContext=LTE02ERBS00033,ManagedElement=1,ENodeBFunction=1,EUtraNetwork=1,ExternalENodeBFunction=194,ExternalEUtranCellFDD=3</attr>
    <attr name="anrCreated">false</attr>
    <attr name="isHoAllowed">true</attr>
  </mo>
  <mo fdn="SubNetwork=ONRM_RootMo_R,MeContext=LTE02ERBS00033,ManagedElement=1,ENodeBFunction=1,EUtranCellFDD=LTE02ERBS00033-3,EUtranFreqRelation=2,EUtranCellRelation=5" lastModified="1287505121467" mimName="ERBS_NODE_MODEL" mimVersion="A.9.50.J.9.1">
    <attr name="isRemoveAllowed">false</attr>
    <attr name="neighborCellRef">SubNetwork=ONRM_RootMo_R,MeContext=LTE02ERBS00033,ManagedElement=1,ENodeBFunction=1,EUtraNetwork=1,ExternalENodeBFunction=194,ExternalEUtranCellFDD=4</attr>
    <attr name="anrCreated">false</attr>
    <attr name="isHoAllowed">true</attr>
  </mo>
  <mo fdn="SubNetwork=ONRM_RootMo_R,MeContext=LTE02ERBS00033,ManagedElement=1,ENodeBFunction=1,EUtranCellFDD=LTE02ERBS00033-3,EUtranFreqRelation=2,EUtranCellRelation=8" lastModified="1287505121461" mimName="ERBS_NODE_MODEL" mimVersion="A.9.50.J.9.1">
    <attr name="isRemoveAllowed">false</attr>
    <attr name="neighborCellRef">SubNetwork=ONRM_RootMo_R,MeContext=LTE02ERBS00033,ManagedElement=1,ENodeBFunction=1,EUtraNetwork=1,ExternalENodeBFunction=196,ExternalEUtranCellFDD=3</attr>
    <attr name="anrCreated">false</attr>
    <attr name="isHoAllowed">true</attr>
  </mo>
  <mo fdn="SubNetwork=ONRM_RootMo_R,MeContext=LTE02ERBS00033,ManagedElement=1,ENodeBFunction=1,EUtranCellFDD=LTE02ERBS00033-3,EUtranFreqRelation=2,EUtranCellRelation=9" lastModified="1287505121462" mimName="ERBS_NODE_MODEL" mimVersion="A.9.50.J.9.1">
    <attr name="isRemoveAllowed">false</attr>
    <attr name="neighborCellRef">SubNetwork=ONRM_RootMo_R,MeContext=LTE02ERBS00033,ManagedElement=1,ENodeBFunction=1,EUtraNetwork=1,ExternalENodeBFunction=196,ExternalEUtranCellFDD=4</attr>
    <attr name="anrCreated">false</attr>
    <attr name="isHoAllowed">true</attr>
  </mo>
  <mo fdn="SubNetwork=ONRM_RootMo_R,MeContext=LTE02ERBS00033,ManagedElement=1,ENodeBFunction=1,EUtranCellFDD=LTE02ERBS00033-4" lastModified="1287512151742" mimName="ERBS_NODE_MODEL" mimVersion="A.9.50.J.9.1">
    <attr name="EUtranCellFDDId">LTE02ERBS00033-4</attr>
    <attr name="earfcnul">18000</attr>
    <attr name="cellId">4</attr>
    <attr name="tac">1</attr>
    <attr name="bPlmnList">
      <seq count="1">
        <item>
          <struct>
            <attr name="mcc">311</attr>
            <attr name="mnc">480</attr>
            <attr name="mncLength">2</attr>
          </struct>
        </item>
      </seq>
    </attr>
    <attr name="earfcndl">0</attr>
    <attr name="userLabel">LTE02ERBS00033-4</attr>
  </mo>
  <mo fdn="SubNetwork=ONRM_RootMo_R,MeContext=LTE02ERBS00033,ManagedElement=1,ENodeBFunction=1,EUtranCellFDD=LTE02ERBS00033-4,EUtranFreqRelation=1,EUtranCellRelation=1" lastModified="1287501543930" mimName="ERBS_NODE_MODEL" mimVersion="A.9.50.J.9.1">
    <attr name="isRemoveAllowed">false</attr>
    <attr name="neighborCellRef">SubNetwork=ONRM_RootMo_R,MeContext=LTE02ERBS00033,ManagedElement=1,ENodeBFunction=1,EUtranCellFDD=LTE02ERBS00033-1</attr>
    <attr name="anrCreated">false</attr>
    <attr name="isHoAllowed">true</attr>
  </mo>
  <mo fdn="SubNetwork=ONRM_RootMo_R,MeContext=LTE02ERBS00033,ManagedElement=1,ENodeBFunction=1,EUtranCellFDD=LTE02ERBS00033-4,EUtranFreqRelation=1,EUtranCellRelation=10" lastModified="1287505118881" mimName="ERBS_NODE_MODEL" mimVersion="A.9.50.J.9.1">
    <attr name="isRemoveAllowed">false</attr>
    <attr name="neighborCellRef">SubNetwork=ONRM_RootMo_R,MeContext=LTE02ERBS00033,ManagedElement=1,ENodeBFunction=1,EUtraNetwork=1,ExternalENodeBFunction=197,ExternalEUtranCellFDD=3</attr>
    <attr name="anrCreated">false</attr>
    <attr name="isHoAllowed">true</attr>
  </mo>
  <mo fdn="SubNetwork=ONRM_RootMo_R,MeContext=LTE02ERBS00033,ManagedElement=1,ENodeBFunction=1,EUtranCellFDD=LTE02ERBS00033-4,EUtranFreqRelation=1,EUtranCellRelation=11" lastModified="1287505118880" mimName="ERBS_NODE_MODEL" mimVersion="A.9.50.J.9.1">
    <attr name="isRemoveAllowed">false</attr>
    <attr name="neighborCellRef">SubNetwork=ONRM_RootMo_R,MeContext=LTE02ERBS00033,ManagedElement=1,ENodeBFunction=1,EUtraNetwork=1,ExternalENodeBFunction=197,ExternalEUtranCellFDD=4</attr>
    <attr name="anrCreated">false</attr>
    <attr name="isHoAllowed">true</attr>
  </mo>
  <mo fdn="SubNetwork=ONRM_RootMo_R,MeContext=LTE02ERBS00033,ManagedElement=1,ENodeBFunction=1,EUtranCellFDD=LTE02ERBS00033-4,EUtranFreqRelation=1,EUtranCellRelation=14" lastModified="1287505118873" mimName="ERBS_NODE_MODEL" mimVersion="A.9.50.J.9.1">
    <attr name="isRemoveAllowed">false</attr>
    <attr name="neighborCellRef">SubNetwork=ONRM_RootMo_R,MeContext=LTE02ERBS00033,ManagedElement=1,ENodeBFunction=1,EUtraNetwork=1,ExternalENodeBFunction=199,ExternalEUtranCellFDD=3</attr>
    <attr name="anrCreated">false</attr>
    <attr name="isHoAllowed">true</attr>
  </mo>
  <mo fdn="SubNetwork=ONRM_RootMo_R,MeContext=LTE02ERBS00033,ManagedElement=1,ENodeBFunction=1,EUtranCellFDD=LTE02ERBS00033-4,EUtranFreqRelation=1,EUtranCellRelation=15" lastModified="1287505118889" mimName="ERBS_NODE_MODEL" mimVersion="A.9.50.J.9.1">
    <attr name="isRemoveAllowed">false</attr>
    <attr name="neighborCellRef">SubNetwork=ONRM_RootMo_R,MeContext=LTE02ERBS00033,ManagedElement=1,ENodeBFunction=1,EUtraNetwork=1,ExternalENodeBFunction=199,ExternalEUtranCellFDD=4</attr>
    <attr name="anrCreated">false</attr>
    <attr name="isHoAllowed">true</attr>
  </mo>
  <mo fdn="SubNetwork=ONRM_RootMo_R,MeContext=LTE02ERBS00033,ManagedElement=1,ENodeBFunction=1,EUtranCellFDD=LTE02ERBS00033-4,EUtranFreqRelation=1,EUtranCellRelation=18" lastModified="1287505118884" mimName="ERBS_NODE_MODEL" mimVersion="A.9.50.J.9.1">
    <attr name="isRemoveAllowed">false</attr>
    <attr name="neighborCellRef">SubNetwork=ONRM_RootMo_R,MeContext=LTE02ERBS00033,ManagedElement=1,ENodeBFunction=1,EUtraNetwork=1,ExternalENodeBFunction=201,ExternalEUtranCellFDD=3</attr>
    <attr name="anrCreated">false</attr>
    <attr name="isHoAllowed">true</attr>
  </mo>
  <mo fdn="SubNetwork=ONRM_RootMo_R,MeContext=LTE02ERBS00033,ManagedElement=1,ENodeBFunction=1,EUtranCellFDD=LTE02ERBS00033-4,EUtranFreqRelation=1,EUtranCellRelation=19" lastModified="1287505118882" mimName="ERBS_NODE_MODEL" mimVersion="A.9.50.J.9.1">
    <attr name="isRemoveAllowed">false</attr>
    <attr name="neighborCellRef">SubNetwork=ONRM_RootMo_R,MeContext=LTE02ERBS00033,ManagedElement=1,ENodeBFunction=1,EUtraNetwork=1,ExternalENodeBFunction=201,ExternalEUtranCellFDD=4</attr>
    <attr name="anrCreated">false</attr>
    <attr name="isHoAllowed">true</attr>
  </mo>
  <mo fdn="SubNetwork=ONRM_RootMo_R,MeContext=LTE02ERBS00033,ManagedElement=1,ENodeBFunction=1,EUtranCellFDD=LTE02ERBS00033-4,EUtranFreqRelation=1,EUtranCellRelation=2" lastModified="1287501543926" mimName="ERBS_NODE_MODEL" mimVersion="A.9.50.J.9.1">
    <attr name="isRemoveAllowed">false</attr>
    <attr name="neighborCellRef">SubNetwork=ONRM_RootMo_R,MeContext=LTE02ERBS00033,ManagedElement=1,ENodeBFunction=1,EUtranCellFDD=LTE02ERBS00033-2</attr>
    <attr name="anrCreated">false</attr>
    <attr name="isHoAllowed">true</attr>
  </mo>
  <mo fdn="SubNetwork=ONRM_RootMo_R,MeContext=LTE02ERBS00033,ManagedElement=1,ENodeBFunction=1,EUtranCellFDD=LTE02ERBS00033-4,EUtranFreqRelation=1,EUtranCellRelation=22" lastModified="1287505118876" mimName="ERBS_NODE_MODEL" mimVersion="A.9.50.J.9.1">
    <attr name="isRemoveAllowed">false</attr>
    <attr name="neighborCellRef">SubNetwork=ONRM_RootMo_R,MeContext=LTE02ERBS00033,ManagedElement=1,ENodeBFunction=1,EUtraNetwork=1,ExternalENodeBFunction=203,ExternalEUtranCellFDD=3</attr>
    <attr name="anrCreated">false</attr>
    <attr name="isHoAllowed">true</attr>
  </mo>
  <mo fdn="SubNetwork=ONRM_RootMo_R,MeContext=LTE02ERBS00033,ManagedElement=1,ENodeBFunction=1,EUtranCellFDD=LTE02ERBS00033-4,EUtranFreqRelation=1,EUtranCellRelation=23" lastModified="1287505118871" mimName="ERBS_NODE_MODEL" mimVersion="A.9.50.J.9.1">
    <attr name="isRemoveAllowed">false</attr>
    <attr name="neighborCellRef">SubNetwork=ONRM_RootMo_R,MeContext=LTE02ERBS00033,ManagedElement=1,ENodeBFunction=1,EUtraNetwork=1,ExternalENodeBFunction=203,ExternalEUtranCellFDD=4</attr>
    <attr name="anrCreated">false</attr>
    <attr name="isHoAllowed">true</attr>
  </mo>
  <mo fdn="SubNetwork=ONRM_RootMo_R,MeContext=LTE02ERBS00033,ManagedElement=1,ENodeBFunction=1,EUtranCellFDD=LTE02ERBS00033-4,EUtranFreqRelation=1,EUtranCellRelation=26" lastModified="1287505118886" mimName="ERBS_NODE_MODEL" mimVersion="A.9.50.J.9.1">
    <attr name="isRemoveAllowed">false</attr>
    <attr name="neighborCellRef">SubNetwork=ONRM_RootMo_R,MeContext=LTE02ERBS00033,ManagedElement=1,ENodeBFunction=1,EUtraNetwork=1,ExternalENodeBFunction=205,ExternalEUtranCellFDD=3</attr>
    <attr name="anrCreated">false</attr>
    <attr name="isHoAllowed">true</attr>
  </mo>
  <mo fdn="SubNetwork=ONRM_RootMo_R,MeContext=LTE02ERBS00033,ManagedElement=1,ENodeBFunction=1,EUtranCellFDD=LTE02ERBS00033-4,EUtranFreqRelation=1,EUtranCellRelation=27" lastModified="1287505118883" mimName="ERBS_NODE_MODEL" mimVersion="A.9.50.J.9.1">
    <attr name="isRemoveAllowed">false</attr>
    <attr name="neighborCellRef">SubNetwork=ONRM_RootMo_R,MeContext=LTE02ERBS00033,ManagedElement=1,ENodeBFunction=1,EUtraNetwork=1,ExternalENodeBFunction=205,ExternalEUtranCellFDD=4</attr>
    <attr name="anrCreated">false</attr>
    <attr name="isHoAllowed">true</attr>
  </mo>
  <mo fdn="SubNetwork=ONRM_RootMo_R,MeContext=LTE02ERBS00033,ManagedElement=1,ENodeBFunction=1,EUtranCellFDD=LTE02ERBS00033-4,EUtranFreqRelation=1,EUtranCellRelation=3" lastModified="1287501543923" mimName="ERBS_NODE_MODEL" mimVersion="A.9.50.J.9.1">
    <attr name="isRemoveAllowed">false</attr>
    <attr name="neighborCellRef">SubNetwork=ONRM_RootMo_R,MeContext=LTE02ERBS00033,ManagedElement=1,ENodeBFunction=1,EUtranCellFDD=LTE02ERBS00033-3</attr>
    <attr name="anrCreated">false</attr>
    <attr name="isHoAllowed">true</attr>
  </mo>
  <mo fdn="SubNetwork=ONRM_RootMo_R,MeContext=LTE02ERBS00033,ManagedElement=1,ENodeBFunction=1,EUtranCellFDD=LTE02ERBS00033-4,EUtranFreqRelation=1,EUtranCellRelation=30" lastModified="1287505118879" mimName="ERBS_NODE_MODEL" mimVersion="A.9.50.J.9.1">
    <attr name="isRemoveAllowed">false</attr>
    <attr name="neighborCellRef">SubNetwork=ONRM_RootMo_R,MeContext=LTE02ERBS00033,ManagedElement=1,ENodeBFunction=1,EUtraNetwork=1,ExternalENodeBFunction=207,ExternalEUtranCellFDD=3</attr>
    <attr name="anrCreated">false</attr>
    <attr name="isHoAllowed">true</attr>
  </mo>
  <mo fdn="SubNetwork=ONRM_RootMo_R,MeContext=LTE02ERBS00033,ManagedElement=1,ENodeBFunction=1,EUtranCellFDD=LTE02ERBS00033-4,EUtranFreqRelation=1,EUtranCellRelation=31" lastModified="1287505118878" mimName="ERBS_NODE_MODEL" mimVersion="A.9.50.J.9.1">
    <attr name="isRemoveAllowed">false</attr>
    <attr name="neighborCellRef">SubNetwork=ONRM_RootMo_R,MeContext=LTE02ERBS00033,ManagedElement=1,ENodeBFunction=1,EUtraNetwork=1,ExternalENodeBFunction=207,ExternalEUtranCellFDD=4</attr>
    <attr name="anrCreated">false</attr>
    <attr name="isHoAllowed">true</attr>
  </mo>
  <mo fdn="SubNetwork=ONRM_RootMo_R,MeContext=LTE02ERBS00033,ManagedElement=1,ENodeBFunction=1,EUtranCellFDD=LTE02ERBS00033-4,EUtranFreqRelation=1,EUtranCellRelation=6" lastModified="1287505118885" mimName="ERBS_NODE_MODEL" mimVersion="A.9.50.J.9.1">
    <attr name="isRemoveAllowed">false</attr>
    <attr name="neighborCellRef">SubNetwork=ONRM_RootMo_R,MeContext=LTE02ERBS00033,ManagedElement=1,ENodeBFunction=1,EUtraNetwork=1,ExternalENodeBFunction=195,ExternalEUtranCellFDD=3</attr>
    <attr name="anrCreated">false</attr>
    <attr name="isHoAllowed">true</attr>
  </mo>
  <mo fdn="SubNetwork=ONRM_RootMo_R,MeContext=LTE02ERBS00033,ManagedElement=1,ENodeBFunction=1,EUtranCellFDD=LTE02ERBS00033-4,EUtranFreqRelation=1,EUtranCellRelation=7" lastModified="1287505118888" mimName="ERBS_NODE_MODEL" mimVersion="A.9.50.J.9.1">
    <attr name="isRemoveAllowed">false</attr>
    <attr name="neighborCellRef">SubNetwork=ONRM_RootMo_R,MeContext=LTE02ERBS00033,ManagedElement=1,ENodeBFunction=1,EUtraNetwork=1,ExternalENodeBFunction=195,ExternalEUtranCellFDD=4</attr>
    <attr name="anrCreated">false</attr>
    <attr name="isHoAllowed">true</attr>
  </mo>
  <mo fdn="SubNetwork=ONRM_RootMo_R,MeContext=LTE02ERBS00033,ManagedElement=1,ENodeBFunction=1,EUtranCellFDD=LTE02ERBS00033-4,EUtranFreqRelation=2,EUtranCellRelation=12" lastModified="1287505118844" mimName="ERBS_NODE_MODEL" mimVersion="A.9.50.J.9.1">
    <attr name="isRemoveAllowed">false</attr>
    <attr name="neighborCellRef">SubNetwork=ONRM_RootMo_R,MeContext=LTE02ERBS00033,ManagedElement=1,ENodeBFunction=1,EUtraNetwork=1,ExternalENodeBFunction=198,ExternalEUtranCellFDD=3</attr>
    <attr name="anrCreated">false</attr>
    <attr name="isHoAllowed">true</attr>
  </mo>
  <mo fdn="SubNetwork=ONRM_RootMo_R,MeContext=LTE02ERBS00033,ManagedElement=1,ENodeBFunction=1,EUtranCellFDD=LTE02ERBS00033-4,EUtranFreqRelation=2,EUtranCellRelation=13" lastModified="1287505118842" mimName="ERBS_NODE_MODEL" mimVersion="A.9.50.J.9.1">
    <attr name="isRemoveAllowed">false</attr>
    <attr name="neighborCellRef">SubNetwork=ONRM_RootMo_R,MeContext=LTE02ERBS00033,ManagedElement=1,ENodeBFunction=1,EUtraNetwork=1,ExternalENodeBFunction=198,ExternalEUtranCellFDD=4</attr>
    <attr name="anrCreated">false</attr>
    <attr name="isHoAllowed">true</attr>
  </mo>
  <mo fdn="SubNetwork=ONRM_RootMo_R,MeContext=LTE02ERBS00033,ManagedElement=1,ENodeBFunction=1,EUtranCellFDD=LTE02ERBS00033-4,EUtranFreqRelation=2,EUtranCellRelation=16" lastModified="1287505118858" mimName="ERBS_NODE_MODEL" mimVersion="A.9.50.J.9.1">
    <attr name="isRemoveAllowed">false</attr>
    <attr name="neighborCellRef">SubNetwork=ONRM_RootMo_R,MeContext=LTE02ERBS00033,ManagedElement=1,ENodeBFunction=1,EUtraNetwork=1,ExternalENodeBFunction=200,ExternalEUtranCellFDD=3</attr>
    <attr name="anrCreated">false</attr>
    <attr name="isHoAllowed">true</attr>
  </mo>
  <mo fdn="SubNetwork=ONRM_RootMo_R,MeContext=LTE02ERBS00033,ManagedElement=1,ENodeBFunction=1,EUtranCellFDD=LTE02ERBS00033-4,EUtranFreqRelation=2,EUtranCellRelation=17" lastModified="1287505118855" mimName="ERBS_NODE_MODEL" mimVersion="A.9.50.J.9.1">
    <attr name="isRemoveAllowed">false</attr>
    <attr name="neighborCellRef">SubNetwork=ONRM_RootMo_R,MeContext=LTE02ERBS00033,ManagedElement=1,ENodeBFunction=1,EUtraNetwork=1,ExternalENodeBFunction=200,ExternalEUtranCellFDD=4</attr>
    <attr name="anrCreated">false</attr>
    <attr name="isHoAllowed">true</attr>
  </mo>
  <mo fdn="SubNetwork=ONRM_RootMo_R,MeContext=LTE02ERBS00033,ManagedElement=1,ENodeBFunction=1,EUtranCellFDD=LTE02ERBS00033-4,EUtranFreqRelation=2,EUtranCellRelation=20" lastModified="1287505118849" mimName="ERBS_NODE_MODEL" mimVersion="A.9.50.J.9.1">
    <attr name="isRemoveAllowed">false</attr>
    <attr name="neighborCellRef">SubNetwork=ONRM_RootMo_R,MeContext=LTE02ERBS00033,ManagedElement=1,ENodeBFunction=1,EUtraNetwork=1,ExternalENodeBFunction=202,ExternalEUtranCellFDD=3</attr>
    <attr name="anrCreated">false</attr>
    <attr name="isHoAllowed">true</attr>
  </mo>
  <mo fdn="SubNetwork=ONRM_RootMo_R,MeContext=LTE02ERBS00033,ManagedElement=1,ENodeBFunction=1,EUtranCellFDD=LTE02ERBS00033-4,EUtranFreqRelation=2,EUtranCellRelation=21" lastModified="1287505118848" mimName="ERBS_NODE_MODEL" mimVersion="A.9.50.J.9.1">
    <attr name="isRemoveAllowed">false</attr>
    <attr name="neighborCellRef">SubNetwork=ONRM_RootMo_R,MeContext=LTE02ERBS00033,ManagedElement=1,ENodeBFunction=1,EUtraNetwork=1,ExternalENodeBFunction=202,ExternalEUtranCellFDD=4</attr>
    <attr name="anrCreated">false</attr>
    <attr name="isHoAllowed">true</attr>
  </mo>
  <mo fdn="SubNetwork=ONRM_RootMo_R,MeContext=LTE02ERBS00033,ManagedElement=1,ENodeBFunction=1,EUtranCellFDD=LTE02ERBS00033-4,EUtranFreqRelation=2,EUtranCellRelation=24" lastModified="1287505118846" mimName="ERBS_NODE_MODEL" mimVersion="A.9.50.J.9.1">
    <attr name="isRemoveAllowed">false</attr>
    <attr name="neighborCellRef">SubNetwork=ONRM_RootMo_R,MeContext=LTE02ERBS00033,ManagedElement=1,ENodeBFunction=1,EUtraNetwork=1,ExternalENodeBFunction=204,ExternalEUtranCellFDD=3</attr>
    <attr name="anrCreated">false</attr>
    <attr name="isHoAllowed">true</attr>
  </mo>
  <mo fdn="SubNetwork=ONRM_RootMo_R,MeContext=LTE02ERBS00033,ManagedElement=1,ENodeBFunction=1,EUtranCellFDD=LTE02ERBS00033-4,EUtranFreqRelation=2,EUtranCellRelation=25" lastModified="1287505118845" mimName="ERBS_NODE_MODEL" mimVersion="A.9.50.J.9.1">
    <attr name="isRemoveAllowed">false</attr>
    <attr name="neighborCellRef">SubNetwork=ONRM_RootMo_R,MeContext=LTE02ERBS00033,ManagedElement=1,ENodeBFunction=1,EUtraNetwork=1,ExternalENodeBFunction=204,ExternalEUtranCellFDD=4</attr>
    <attr name="anrCreated">false</attr>
    <attr name="isHoAllowed">true</attr>
  </mo>
  <mo fdn="SubNetwork=ONRM_RootMo_R,MeContext=LTE02ERBS00033,ManagedElement=1,ENodeBFunction=1,EUtranCellFDD=LTE02ERBS00033-4,EUtranFreqRelation=2,EUtranCellRelation=28" lastModified="1287505118863" mimName="ERBS_NODE_MODEL" mimVersion="A.9.50.J.9.1">
    <attr name="isRemoveAllowed">false</attr>
    <attr name="neighborCellRef">SubNetwork=ONRM_RootMo_R,MeContext=LTE02ERBS00033,ManagedElement=1,ENodeBFunction=1,EUtraNetwork=1,ExternalENodeBFunction=206,ExternalEUtranCellFDD=3</attr>
    <attr name="anrCreated">false</attr>
    <attr name="isHoAllowed">true</attr>
  </mo>
  <mo fdn="SubNetwork=ONRM_RootMo_R,MeContext=LTE02ERBS00033,ManagedElement=1,ENodeBFunction=1,EUtranCellFDD=LTE02ERBS00033-4,EUtranFreqRelation=2,EUtranCellRelation=29" lastModified="1287505118860" mimName="ERBS_NODE_MODEL" mimVersion="A.9.50.J.9.1">
    <attr name="isRemoveAllowed">false</attr>
    <attr name="neighborCellRef">SubNetwork=ONRM_RootMo_R,MeContext=LTE02ERBS00033,ManagedElement=1,ENodeBFunction=1,EUtraNetwork=1,ExternalENodeBFunction=206,ExternalEUtranCellFDD=4</attr>
    <attr name="anrCreated">false</attr>
    <attr name="isHoAllowed">true</attr>
  </mo>
  <mo fdn="SubNetwork=ONRM_RootMo_R,MeContext=LTE02ERBS00033,ManagedElement=1,ENodeBFunction=1,EUtranCellFDD=LTE02ERBS00033-4,EUtranFreqRelation=2,EUtranCellRelation=32" lastModified="1287505118840" mimName="ERBS_NODE_MODEL" mimVersion="A.9.50.J.9.1">
    <attr name="isRemoveAllowed">false</attr>
    <attr name="neighborCellRef">SubNetwork=ONRM_RootMo_R,MeContext=LTE02ERBS00033,ManagedElement=1,ENodeBFunction=1,EUtraNetwork=1,ExternalENodeBFunction=208,ExternalEUtranCellFDD=3</attr>
    <attr name="anrCreated">false</attr>
    <attr name="isHoAllowed">true</attr>
  </mo>
  <mo fdn="SubNetwork=ONRM_RootMo_R,MeContext=LTE02ERBS00033,ManagedElement=1,ENodeBFunction=1,EUtranCellFDD=LTE02ERBS00033-4,EUtranFreqRelation=2,EUtranCellRelation=33" lastModified="1287505118850" mimName="ERBS_NODE_MODEL" mimVersion="A.9.50.J.9.1">
    <attr name="isRemoveAllowed">false</attr>
    <attr name="neighborCellRef">SubNetwork=ONRM_RootMo_R,MeContext=LTE02ERBS00033,ManagedElement=1,ENodeBFunction=1,EUtraNetwork=1,ExternalENodeBFunction=208,ExternalEUtranCellFDD=4</attr>
    <attr name="anrCreated">false</attr>
    <attr name="isHoAllowed">true</attr>
  </mo>
  <mo fdn="SubNetwork=ONRM_RootMo_R,MeContext=LTE02ERBS00033,ManagedElement=1,ENodeBFunction=1,EUtranCellFDD=LTE02ERBS00033-4,EUtranFreqRelation=2,EUtranCellRelation=4" lastModified="1287505118857" mimName="ERBS_NODE_MODEL" mimVersion="A.9.50.J.9.1">
    <attr name="isRemoveAllowed">false</attr>
    <attr name="neighborCellRef">SubNetwork=ONRM_RootMo_R,MeContext=LTE02ERBS00033,ManagedElement=1,ENodeBFunction=1,EUtraNetwork=1,ExternalENodeBFunction=194,ExternalEUtranCellFDD=3</attr>
    <attr name="anrCreated">false</attr>
    <attr name="isHoAllowed">true</attr>
  </mo>
  <mo fdn="SubNetwork=ONRM_RootMo_R,MeContext=LTE02ERBS00033,ManagedElement=1,ENodeBFunction=1,EUtranCellFDD=LTE02ERBS00033-4,EUtranFreqRelation=2,EUtranCellRelation=5" lastModified="1287505118866" mimName="ERBS_NODE_MODEL" mimVersion="A.9.50.J.9.1">
    <attr name="isRemoveAllowed">false</attr>
    <attr name="neighborCellRef">SubNetwork=ONRM_RootMo_R,MeContext=LTE02ERBS00033,ManagedElement=1,ENodeBFunction=1,EUtraNetwork=1,ExternalENodeBFunction=194,ExternalEUtranCellFDD=4</attr>
    <attr name="anrCreated">false</attr>
    <attr name="isHoAllowed">true</attr>
  </mo>
  <mo fdn="SubNetwork=ONRM_RootMo_R,MeContext=LTE02ERBS00033,ManagedElement=1,ENodeBFunction=1,EUtranCellFDD=LTE02ERBS00033-4,EUtranFreqRelation=2,EUtranCellRelation=8" lastModified="1287505118852" mimName="ERBS_NODE_MODEL" mimVersion="A.9.50.J.9.1">
    <attr name="isRemoveAllowed">false</attr>
    <attr name="neighborCellRef">SubNetwork=ONRM_RootMo_R,MeContext=LTE02ERBS00033,ManagedElement=1,ENodeBFunction=1,EUtraNetwork=1,ExternalENodeBFunction=196,ExternalEUtranCellFDD=3</attr>
    <attr name="anrCreated">false</attr>
    <attr name="isHoAllowed">true</attr>
  </mo>
  <mo fdn="SubNetwork=ONRM_RootMo_R,MeContext=LTE02ERBS00033,ManagedElement=1,ENodeBFunction=1,EUtranCellFDD=LTE02ERBS00033-4,EUtranFreqRelation=2,EUtranCellRelation=9" lastModified="1287505118854" mimName="ERBS_NODE_MODEL" mimVersion="A.9.50.J.9.1">
    <attr name="isRemoveAllowed">false</attr>
    <attr name="neighborCellRef">SubNetwork=ONRM_RootMo_R,MeContext=LTE02ERBS00033,ManagedElement=1,ENodeBFunction=1,EUtraNetwork=1,ExternalENodeBFunction=196,ExternalEUtranCellFDD=4</attr>
    <attr name="anrCreated">false</attr>
    <attr name="isHoAllowed">true</attr>
  </mo>
</model>
